mtllib leave-1.mtl
v 1.751698 7.180007 33.6536
v 2.208299 7.180007 35.9498
v 2.208299 12.18001 35.9498
v 1.751698 12.18001 33.6536
v 3.509101 7.180007 37.8962
v 3.509101 12.18001 37.8962
v 5.455505 7.180007 39.197
v 5.455505 12.18001 39.197
v 7.75171 7.180007 39.6536
v 7.75171 12.18001 39.6536
v 10.04791 7.180007 39.197
v 10.04791 12.18001 39.197
v 11.99432 7.180007 37.8962
v 11.99432 12.18001 37.8962
v 13.29512 7.180007 35.9498
v 13.29512 12.18001 35.9498
v 13.75172 7.180007 33.6536
v 13.75172 12.18001 33.6536
v 13.29512 7.180007 31.3574
v 13.29512 12.18001 31.3574
v 11.99432 7.180007 29.41099
v 11.99432 12.18001 29.41099
v 10.04791 7.180007 28.11019
v 10.04791 12.18001 28.11019
v 7.75171 7.180007 27.65359
v 7.75171 12.18001 27.65359
v 5.455505 7.180007 28.11019
v 5.455505 12.18001 28.11019
v 3.509101 7.180007 29.41099
v 3.509101 12.18001 29.41099
v 2.208299 7.180007 31.3574
v 2.208299 12.18001 31.3574
v -0.2483063 7.180007 33.6536
v 0.3604949 7.180007 36.7152
v 0.3604949 12.18001 36.7152
v -0.2483063 12.18001 33.6536
v 2.094899 7.180007 39.3104
v 2.094899 12.18001 39.3104
v 4.690104 7.180007 41.0448
v 4.690104 12.18001 41.04481
v 7.75171 7.180007 41.65361
v 7.75171 12.18001 41.65361
v 10.81332 7.180007 41.0448
v 10.81332 12.18001 41.04481
v 13.40852 7.180007 39.3104
v 13.40852 12.18001 39.3104
v 15.14293 7.180007 36.7152
v 15.14293 12.18001 36.7152
v 15.75173 7.180007 33.6536
v 15.75173 12.18001 33.6536
v 15.14293 7.180007 30.592
v 15.14293 12.18001 30.592
v 13.40852 7.180007 27.99679
v 13.40852 12.18001 27.99679
v 10.81332 7.180007 26.26239
v 10.81332 12.18001 26.26239
v 7.75171 7.180007 25.65359
v 7.75171 12.18001 25.65359
v 4.690104 7.180007 26.26239
v 4.690104 12.18001 26.26239
v 2.094899 7.180007 27.99679
v 2.094899 12.18001 27.99679
v 0.3604949 7.180007 30.592
v 0.3604949 12.18001 30.592
v 7.75171 7.180007 41.65361
v 7.75171 7.180007 39.6536
v 10.04791 7.180007 39.197
v 10.81332 7.180007 41.0448
v 11.99432 7.180007 37.8962
v 13.40852 7.180007 39.3104
v 13.29512 7.180007 35.9498
v 15.14293 7.180007 36.7152
v 13.75172 7.180007 33.6536
v 15.75173 7.180007 33.6536
v 13.29512 7.180007 31.3574
v 15.14293 7.180007 30.592
v 11.99432 7.180007 29.41099
v 13.40852 7.180007 27.99679
v 10.04791 7.180007 28.11019
v 10.81332 7.180007 26.26239
v 7.75171 7.180007 27.65359
v 7.75171 7.180007 25.65359
v 5.455505 7.180007 28.11019
v 4.690104 7.180007 26.26239
v 3.509101 7.180007 29.41099
v 2.094899 7.180007 27.99679
v 2.208299 7.180007 31.3574
v 0.3604949 7.180007 30.592
v 1.751698 7.180007 33.6536
v -0.2483063 7.180007 33.6536
v 2.208299 7.180007 35.9498
v 0.3604949 7.180007 36.7152
v 3.509101 7.180007 37.8962
v 2.094899 7.180007 39.3104
v 5.455505 7.180007 39.197
v 4.690104 7.180007 41.0448
v 1.751698 7.180012 -26.34646
v 2.208299 7.180012 -24.05026
v 2.208299 12.18001 -24.05026
v 1.751698 12.18001 -26.34646
v 3.509101 7.180012 -22.10386
v 3.509101 12.18001 -22.10386
v 5.455505 7.180012 -20.80305
v 5.455505 12.18001 -20.80305
v 7.75171 7.180012 -20.34645
v 7.75171 12.18001 -20.34645
v 10.04791 7.180012 -20.80305
v 10.04791 12.18001 -20.80305
v 11.99432 7.180012 -22.10386
v 11.99432 12.18001 -22.10386
v 13.29512 7.180012 -24.05026
v 13.29512 12.18001 -24.05026
v 13.75172 7.180012 -26.34646
v 13.75172 12.18001 -26.34646
v 13.29512 7.180012 -28.64266
v 13.29512 12.18001 -28.64266
v 11.99432 7.180013 -30.58906
v 11.99432 12.18001 -30.58906
v 10.04791 7.180013 -31.88986
v 10.04791 12.18001 -31.88986
v 7.75171 7.180013 -32.34647
v 7.75171 12.18001 -32.34647
v 5.455505 7.180013 -31.88986
v 5.455505 12.18001 -31.88986
v 3.509101 7.180013 -30.58906
v 3.509101 12.18001 -30.58906
v 2.208299 7.180012 -28.64266
v 2.208299 12.18001 -28.64266
v -0.2483063 7.180012 -26.34646
v 0.3604949 7.180012 -23.28486
v 0.3604949 12.18001 -23.28486
v -0.2483063 12.18001 -26.34646
v 2.094899 7.180012 -20.68966
v 2.094899 12.18001 -20.68965
v 4.690104 7.180012 -18.95525
v 4.690104 12.18001 -18.95525
v 7.75171 7.180012 -18.34645
v 7.75171 12.18001 -18.34645
v 10.81332 7.180012 -18.95525
v 10.81332 12.18001 -18.95525
v 13.40852 7.180012 -20.68966
v 13.40852 12.18001 -20.68965
v 15.14293 7.180012 -23.28486
v 15.14293 12.18001 -23.28486
v 15.75173 7.180012 -26.34646
v 15.75173 12.18001 -26.34646
v 15.14293 7.180013 -29.40806
v 15.14293 12.18001 -29.40806
v 13.40852 7.180013 -32.00327
v 13.40852 12.18001 -32.00326
v 10.81332 7.180013 -33.73766
v 10.81332 12.18001 -33.73766
v 7.75171 7.180013 -34.34647
v 7.75171 12.18001 -34.34647
v 4.690104 7.180013 -33.73766
v 4.690104 12.18001 -33.73766
v 2.094899 7.180013 -32.00327
v 2.094899 12.18001 -32.00326
v 0.3604949 7.180013 -29.40806
v 0.3604949 12.18001 -29.40806
v 7.75171 7.180012 -18.34645
v 7.75171 7.180012 -20.34645
v 10.04791 7.180012 -20.80305
v 10.81332 7.180012 -18.95525
v 11.99432 7.180012 -22.10386
v 13.40852 7.180012 -20.68966
v 13.29512 7.180012 -24.05026
v 15.14293 7.180012 -23.28486
v 13.75172 7.180012 -26.34646
v 15.75173 7.180012 -26.34646
v 13.29512 7.180012 -28.64266
v 15.14293 7.180013 -29.40806
v 11.99432 7.180013 -30.58906
v 13.40852 7.180013 -32.00327
v 10.04791 7.180013 -31.88986
v 10.81332 7.180013 -33.73766
v 7.75171 7.180013 -32.34647
v 7.75171 7.180013 -34.34647
v 5.455505 7.180013 -31.88986
v 4.690104 7.180013 -33.73766
v 3.509101 7.180013 -30.58906
v 2.094899 7.180013 -32.00327
v 2.208299 7.180012 -28.64266
v 0.3604949 7.180013 -29.40806
v 1.751698 7.180012 -26.34646
v -0.2483063 7.180012 -26.34646
v 2.208299 7.180012 -24.05026
v 0.3604949 7.180012 -23.28486
v 3.509101 7.180012 -22.10386
v 2.094899 7.180012 -20.68966
v 5.455505 7.180012 -20.80305
v 4.690104 7.180012 -18.95525
v 3.751702 15.18001 33.6536
v 4.056102 15.18001 35.1844
v 4.056102 12.18001 35.1844
v 3.751702 12.18001 33.6536
v 4.923304 15.18001 36.482
v 4.923304 12.18001 36.482
v 6.220907 15.18001 37.3492
v 6.220907 12.18001 37.3492
v 7.75171 15.18001 37.6536
v 7.75171 12.18001 37.6536
v 9.282513 15.18001 37.3492
v 9.282513 12.18001 37.3492
v 10.58012 15.18001 36.482
v 10.58012 12.18001 36.482
v 11.44732 15.18001 35.1844
v 11.44732 12.18001 35.1844
v 11.75172 15.18001 33.6536
v 11.75172 12.18001 33.6536
v 11.44732 15.18001 32.1228
v 11.44732 12.18001 32.1228
v 10.58012 15.18001 30.8252
v 10.58012 12.18001 30.8252
v 9.282513 15.18001 29.95799
v 9.282513 12.18001 29.95799
v 7.75171 15.18001 29.65359
v 7.75171 12.18001 29.65359
v 6.220907 15.18001 29.95799
v 6.220907 12.18001 29.95799
v 4.923304 15.18001 30.8252
v 4.923304 12.18001 30.8252
v 4.056102 15.18001 32.1228
v 4.056102 12.18001 32.1228
v -16.24834 15.18001 13.65358
v -15.94394 15.18001 15.18438
v -15.94394 12.18001 15.18438
v -16.24834 12.18001 13.65358
v -15.07674 15.18001 16.48198
v -15.07674 12.18001 16.48198
v -13.77913 15.18001 17.34918
v -13.77913 12.18001 17.34918
v -12.24833 15.18001 17.65358
v -12.24833 12.18001 17.65358
v -10.71753 15.18001 17.34918
v -10.71753 12.18001 17.34918
v -9.419925 15.18001 16.48198
v -9.419925 12.18001 16.48198
v -8.552723 15.18001 15.18438
v -8.552723 12.18001 15.18438
v -8.248322 15.18001 13.65358
v -8.248322 12.18001 13.65358
v -8.552723 15.18001 12.12278
v -8.552723 12.18001 12.12278
v -9.419925 15.18001 10.82518
v -9.419925 12.18001 10.82518
v -10.71753 15.18001 9.957975
v -10.71753 12.18001 9.957975
v -12.24833 15.18001 9.653576
v -12.24833 12.18001 9.653576
v -13.77913 15.18001 9.957975
v -13.77913 12.18001 9.957975
v -15.07674 15.18001 10.82518
v -15.07674 12.18001 10.82518
v -15.94394 15.18001 12.12278
v -15.94394 12.18001 12.12278
v 23.75174 15.18001 13.65358
v 24.05614 15.18001 15.18438
v 24.05614 12.18001 15.18438
v 23.75174 12.18001 13.65358
v 24.92335 15.18001 16.48198
v 24.92335 12.18001 16.48198
v 26.22095 15.18001 17.34918
v 26.22095 12.18001 17.34918
v 27.75175 15.18001 17.65358
v 27.75175 12.18001 17.65358
v 29.28255 15.18001 17.34918
v 29.28255 12.18001 17.34918
v 30.58016 15.18001 16.48198
v 30.58016 12.18001 16.48198
v 31.44736 15.18001 15.18438
v 31.44736 12.18001 15.18438
v 31.75176 15.18001 13.65358
v 31.75176 12.18001 13.65358
v 31.44736 15.18001 12.12278
v 31.44736 12.18001 12.12278
v 30.58016 15.18001 10.82518
v 30.58016 12.18001 10.82518
v 29.28255 15.18001 9.957975
v 29.28255 12.18001 9.957975
v 27.75175 15.18001 9.653576
v 27.75175 12.18001 9.653576
v 26.22095 15.18001 9.957975
v 26.22095 12.18001 9.957975
v 24.92335 15.18001 10.82518
v 24.92335 12.18001 10.82518
v 24.05614 15.18001 12.12278
v 24.05614 12.18001 12.12278
v -16.24834 15.18001 -6.346439
v -15.94394 15.18001 -4.815638
v -15.94394 12.18001 -4.815638
v -16.24834 12.18001 -6.34644
v -15.07674 15.18001 -3.518037
v -15.07674 12.18001 -3.518037
v -13.77913 15.18001 -2.650837
v -13.77913 12.18001 -2.650837
v -12.24833 15.18001 -2.346436
v -12.24833 12.18001 -2.346436
v -10.71753 15.18001 -2.650837
v -10.71753 12.18001 -2.650837
v -9.419925 15.18001 -3.518037
v -9.419925 12.18001 -3.518037
v -8.552723 15.18001 -4.815638
v -8.552723 12.18001 -4.815638
v -8.248322 15.18001 -6.346439
v -8.248322 12.18001 -6.34644
v -8.552723 15.18001 -7.877241
v -8.552723 12.18001 -7.877241
v -9.419925 15.18001 -9.174842
v -9.419925 12.18001 -9.174842
v -10.71753 15.18001 -10.04204
v -10.71753 12.18001 -10.04204
v -12.24833 15.18001 -10.34644
v -12.24833 12.18001 -10.34644
v -13.77913 15.18001 -10.04204
v -13.77913 12.18001 -10.04204
v -15.07674 15.18001 -9.174842
v -15.07674 12.18001 -9.174842
v -15.94394 15.18001 -7.877241
v -15.94394 12.18001 -7.877241
v 23.75174 15.18001 -6.346439
v 24.05614 15.18001 -4.815638
v 24.05614 12.18001 -4.815638
v 23.75174 12.18001 -6.34644
v 24.92335 15.18001 -3.518037
v 24.92335 12.18001 -3.518037
v 26.22095 15.18001 -2.650837
v 26.22095 12.18001 -2.650837
v 27.75175 15.18001 -2.346436
v 27.75175 12.18001 -2.346436
v 29.28255 15.18001 -2.650837
v 29.28255 12.18001 -2.650837
v 30.58016 15.18001 -3.518037
v 30.58016 12.18001 -3.518037
v 31.44736 15.18001 -4.815638
v 31.44736 12.18001 -4.815638
v 31.75176 15.18001 -6.346439
v 31.75176 12.18001 -6.34644
v 31.44736 15.18001 -7.877241
v 31.44736 12.18001 -7.877241
v 30.58016 15.18001 -9.174842
v 30.58016 12.18001 -9.174842
v 29.28255 15.18001 -10.04204
v 29.28255 12.18001 -10.04204
v 27.75175 15.18001 -10.34644
v 27.75175 12.18001 -10.34644
v 26.22095 15.18001 -10.04204
v 26.22095 12.18001 -10.04204
v 24.92335 15.18001 -9.174842
v 24.92335 12.18001 -9.174842
v 24.05614 15.18001 -7.877241
v 24.05614 12.18001 -7.877241
v 3.751702 15.18001 -26.34646
v 4.056102 15.18001 -24.81566
v 4.056102 12.18001 -24.81566
v 3.751702 12.18001 -26.34646
v 4.923304 15.18001 -23.51806
v 4.923304 12.18001 -23.51806
v 6.220907 15.18001 -22.65086
v 6.220907 12.18001 -22.65086
v 7.75171 15.18001 -22.34645
v 7.75171 12.18001 -22.34645
v 9.282513 15.18001 -22.65086
v 9.282513 12.18001 -22.65086
v 10.58012 15.18001 -23.51806
v 10.58012 12.18001 -23.51806
v 11.44732 15.18001 -24.81566
v 11.44732 12.18001 -24.81566
v 11.75172 15.18001 -26.34646
v 11.75172 12.18001 -26.34646
v 11.44732 15.18001 -27.87726
v 11.44732 12.18001 -27.87726
v 10.58012 15.18001 -29.17486
v 10.58012 12.18001 -29.17486
v 9.282513 15.18001 -30.04206
v 9.282513 12.18001 -30.04206
v 7.75171 15.18001 -30.34646
v 7.75171 12.18001 -30.34646
v 6.220907 15.18001 -30.04206
v 6.220907 12.18001 -30.04206
v 4.923304 15.18001 -29.17486
v 4.923304 12.18001 -29.17486
v 4.056102 15.18001 -27.87726
v 4.056102 12.18001 -27.87726
v -2.24831 12.18001 33.6536
v -2.24831 15.18001 33.6536
v -1.487309 15.18001 37.4806
v -1.487309 12.18001 37.4806
v 0.680696 15.18001 40.72461
v 0.680696 12.18001 40.72461
v 3.924702 15.18001 42.89261
v 3.924702 12.18001 42.89261
v 7.75171 15.18001 43.65361
v 7.75171 12.18001 43.65361
v 11.57872 15.18001 42.89261
v 11.57872 12.18001 42.89261
v 14.82272 15.18001 40.72461
v 14.82272 12.18001 40.72461
v 16.99073 15.18001 37.4806
v 16.99073 12.18001 37.4806
v 17.75173 15.18001 33.6536
v 17.75173 12.18001 33.6536
v 17.03173 15.18001 29.97359
v 17.03173 12.18001 29.97359
v 17.03173 12.18001 29.97359
v 17.03173 15.18001 29.97359
v 27.42175 15.18001 19.58359
v 27.42175 12.18001 19.58359
v 27.42175 12.18001 19.58359
v 27.42175 15.18001 19.58359
v 27.75175 15.18001 19.65359
v 27.75175 12.18001 19.65359
v 21.75174 12.18001 13.65358
v 21.75174 15.18001 13.65358
v 22.20834 15.18001 11.35738
v 22.20834 12.18001 11.35738
v 23.50914 15.18001 9.410976
v 23.50914 12.18001 9.410975
v 25.45555 15.18001 8.110174
v 25.45555 12.18001 8.110174
v 27.75175 15.18001 7.653574
v 27.75175 12.18001 7.653574
v 30.04795 15.18001 8.110174
v 30.04795 12.18001 8.110174
v 31.99436 15.18001 9.410976
v 31.99436 12.18001 9.410975
v 33.29516 15.18001 11.35738
v 33.29516 12.18001 11.35738
v 33.75176 15.18001 13.65358
v 33.75176 12.18001 13.65358
v 33.29516 15.18001 15.94978
v 33.29516 12.18001 15.94978
v 31.99436 15.18001 17.89618
v 31.99436 12.18001 17.89618
v 30.04795 15.18001 19.19699
v 30.04795 12.18001 19.19699
v 21.82174 15.18001 13.98358
v 21.82174 12.18001 13.98358
v 21.82174 12.18001 13.98358
v 21.82174 15.18001 13.98358
v 11.75172 15.18001 24.05359
v 11.75172 12.18001 24.05359
v 11.75172 12.18001 24.05359
v 11.75172 15.18001 24.05359
v 11.75172 15.18001 15.25358
v 11.75172 12.18001 15.25358
v 11.75172 12.18001 15.25358
v 11.75172 15.18001 15.25358
v 27.42175 15.18001 -0.4164334
v 27.42175 12.18001 -0.4164337
v 27.42175 12.18001 -0.4164337
v 27.42175 15.18001 -0.4164334
v 27.75175 15.18001 -0.3464336
v 27.75175 12.18001 -0.3464339
v 21.75174 12.18001 -6.34644
v 21.75174 15.18001 -6.346439
v 22.20834 15.18001 -8.642641
v 22.20834 12.18001 -8.642642
v 23.50914 15.18001 -10.58904
v 23.50914 12.18001 -10.58904
v 25.45555 15.18001 -11.88984
v 25.45555 12.18001 -11.88984
v 27.75175 15.18001 -12.34645
v 27.75175 12.18001 -12.34645
v 30.04795 15.18001 -11.88984
v 30.04795 12.18001 -11.88984
v 31.99436 15.18001 -10.58904
v 31.99436 12.18001 -10.58904
v 33.29516 15.18001 -8.642641
v 33.29516 12.18001 -8.642642
v 33.75176 15.18001 -6.346439
v 33.75176 12.18001 -6.34644
v 33.29516 15.18001 -4.050237
v 33.29516 12.18001 -4.050238
v 31.99436 15.18001 -2.103836
v 31.99436 12.18001 -2.103836
v 30.04795 15.18001 -0.8030342
v 30.04795 12.18001 -0.8030345
v 21.82174 15.18001 -6.016437
v 21.82174 12.18001 -6.016438
v 21.82174 12.18001 -6.016438
v 21.82174 15.18001 -6.016437
v 11.75172 15.18001 4.05357
v 11.75172 12.18001 4.05357
v 11.75172 12.18001 4.05357
v 11.75172 15.18001 4.05357
v 11.75172 15.18001 -19.64645
v 11.75172 12.18001 -19.64645
v 11.75172 12.18001 -19.64645
v 11.75172 15.18001 -19.64645
v 13.35172 15.18001 -20.74645
v 13.35172 12.18001 -20.74645
v 15.75173 15.18001 -26.34646
v 15.14293 15.18001 -23.28485
v 13.40852 15.18001 -20.68965
v -0.2483063 15.18001 -26.34646
v 0.3604949 15.18001 -29.40806
v 2.094899 15.18001 -32.00326
v 4.690104 15.18001 -33.73766
v 7.75171 15.18001 -34.34647
v 10.81332 15.18001 -33.73766
v 13.40852 15.18001 -32.00326
v 15.14293 15.18001 -29.40806
v 0.3604949 15.18001 -23.28485
v 2.094899 15.18001 -20.68965
v 2.151699 12.18001 -20.74645
v 2.151699 15.18001 -20.74645
v 3.751702 15.18001 -19.64645
v 3.751702 12.18001 -19.64645
v 3.751702 12.18001 -19.64645
v 3.751702 15.18001 -19.64645
v 3.751702 15.18001 4.05357
v 3.751702 12.18001 4.05357
v 3.751702 12.18001 4.05357
v 3.751702 15.18001 4.05357
v -6.318318 15.18001 -6.016437
v -6.318318 12.18001 -6.016438
v -6.318318 12.18001 -6.016438
v -6.318318 15.18001 -6.016437
v -6.248319 15.18001 -6.346439
v -6.248319 12.18001 -6.34644
v -6.704919 15.18001 -8.642641
v -6.704919 12.18001 -8.642642
v -8.005722 15.18001 -10.58904
v -8.005722 12.18001 -10.58904
v -9.952127 15.18001 -11.88984
v -9.952127 12.18001 -11.88984
v -12.24833 15.18001 -12.34645
v -12.24833 12.18001 -12.34645
v -14.54453 15.18001 -11.88984
v -14.54453 12.18001 -11.88984
v -16.49094 15.18001 -10.58904
v -16.49094 12.18001 -10.58904
v -17.79174 15.18001 -8.642641
v -17.79174 12.18001 -8.642642
v -18.24834 15.18001 -6.346439
v -18.24834 12.18001 -6.34644
v -17.79174 15.18001 -4.050237
v -17.79174 12.18001 -4.050238
v -16.49094 15.18001 -2.103836
v -16.49094 12.18001 -2.103836
v -14.54453 15.18001 -0.8030342
v -14.54453 12.18001 -0.8030345
v -12.24833 15.18001 -0.3464336
v -12.24833 12.18001 -0.3464339
v -11.91833 15.18001 -0.4164334
v -11.91833 12.18001 -0.4164337
v -11.91833 12.18001 -0.4164337
v -11.91833 15.18001 -0.4164334
v 3.751702 15.18001 15.25358
v 3.751702 12.18001 15.25358
v 3.751702 12.18001 15.25358
v 3.751702 15.18001 15.25358
v 3.751702 15.18001 24.05359
v 3.751702 12.18001 24.05359
v 3.751702 12.18001 24.05359
v 3.751702 15.18001 24.05359
v -6.318318 15.18001 13.98358
v -6.318318 12.18001 13.98358
v -6.318318 12.18001 13.98358
v -6.318318 15.18001 13.98358
v -6.248319 15.18001 13.65358
v -6.248319 12.18001 13.65358
v -6.704919 15.18001 11.35738
v -6.704919 12.18001 11.35738
v -8.005722 15.18001 9.410976
v -8.005722 12.18001 9.410975
v -9.952127 15.18001 8.110174
v -9.952127 12.18001 8.110174
v -12.24833 15.18001 7.653574
v -12.24833 12.18001 7.653574
v -14.54453 15.18001 8.110174
v -14.54453 12.18001 8.110174
v -16.49094 15.18001 9.410976
v -16.49094 12.18001 9.410975
v -17.79174 15.18001 11.35738
v -17.79174 12.18001 11.35738
v -18.24834 15.18001 13.65358
v -18.24834 12.18001 13.65358
v -17.79174 15.18001 15.94978
v -17.79174 12.18001 15.94978
v -16.49094 15.18001 17.89618
v -16.49094 12.18001 17.89618
v -14.54453 15.18001 19.19699
v -14.54453 12.18001 19.19699
v -12.24833 15.18001 19.65359
v -12.24833 12.18001 19.65359
v -11.91833 15.18001 19.58359
v -11.91833 12.18001 19.58359
v -11.91833 12.18001 19.58359
v -11.91833 15.18001 19.58359
v -1.528309 15.18001 29.97359
v -1.528309 12.18001 29.97359
v -1.528309 12.18001 29.97359
v -1.528309 15.18001 29.97359
v 21.82174 12.18001 13.98358
v 11.75172 12.18001 24.05359
v 17.35173 12.18001 29.65359
v 27.42175 12.18001 19.58359
v 21.82174 12.18001 -6.016438
v 11.75172 12.18001 4.05357
v 11.75172 12.18001 15.25358
v 27.42175 12.18001 -0.4164337
v 3.751702 12.18001 -19.64645
v 3.751702 12.18001 24.05359
v 11.75172 12.18001 -19.64645
v -6.318318 12.18001 -6.016438
v -11.91833 12.18001 -0.4164337
v 3.751702 12.18001 15.25358
v 3.751702 12.18001 4.05357
v -6.318318 12.18001 13.98358
v -11.91833 12.18001 19.58359
v -1.84831 12.18001 29.65359
v 7.75171 12.18001 39.6536
v 7.75171 12.18001 37.6536
v 6.220907 12.18001 37.3492
v 5.455505 12.18001 39.197
v 4.923304 12.18001 36.482
v 3.509101 12.18001 37.8962
v 4.056102 12.18001 35.1844
v 2.208299 12.18001 35.9498
v 3.751702 12.18001 33.6536
v 1.751698 12.18001 33.6536
v 4.056102 12.18001 32.1228
v 2.208299 12.18001 31.3574
v 4.923304 12.18001 30.8252
v 3.509101 12.18001 29.41099
v 6.220907 12.18001 29.95799
v 5.455505 12.18001 28.11019
v 7.75171 12.18001 29.65359
v 7.75171 12.18001 27.65359
v 9.282513 12.18001 29.95799
v 10.04791 12.18001 28.11019
v 10.58012 12.18001 30.8252
v 11.99432 12.18001 29.41099
v 11.44732 12.18001 32.1228
v 13.29512 12.18001 31.3574
v 11.75172 12.18001 33.6536
v 13.75172 12.18001 33.6536
v 11.44732 12.18001 35.1844
v 13.29512 12.18001 35.9498
v 10.58012 12.18001 36.482
v 11.99432 12.18001 37.8962
v 9.282513 12.18001 37.3492
v 10.04791 12.18001 39.197
v 7.75171 12.18001 43.65361
v 7.75171 12.18001 41.65361
v 4.690104 12.18001 41.04481
v 3.924702 12.18001 42.89261
v 2.094899 12.18001 39.3104
v 0.6806955 12.18001 40.72461
v 0.3604949 12.18001 36.7152
v -1.487309 12.18001 37.4806
v -0.2483063 12.18001 33.6536
v -2.24831 12.18001 33.6536
v 0.3604949 12.18001 30.592
v -1.487309 12.18001 29.8266
v 2.094899 12.18001 27.99679
v 0.6806955 12.18001 26.58259
v 4.690104 12.18001 26.26239
v 3.924702 12.18001 24.41459
v 7.75171 12.18001 25.65359
v 7.75171 12.18001 23.65359
v 10.81332 12.18001 26.26239
v 11.57872 12.18001 24.41459
v 13.40852 12.18001 27.99679
v 14.82272 12.18001 26.58259
v 15.14293 12.18001 30.592
v 16.99073 12.18001 29.8266
v 15.75173 12.18001 33.6536
v 17.75173 12.18001 33.6536
v 15.14293 12.18001 36.7152
v 16.99073 12.18001 37.4806
v 13.40852 12.18001 39.3104
v 14.82272 12.18001 40.72461
v 10.81332 12.18001 41.04481
v 11.57872 12.18001 42.89261
v 27.75175 12.18001 19.65359
v 27.75175 12.18001 17.65358
v 26.22095 12.18001 17.34918
v 25.45555 12.18001 19.19699
v 24.92335 12.18001 16.48198
v 23.50914 12.18001 17.89618
v 24.05614 12.18001 15.18438
v 22.20834 12.18001 15.94978
v 23.75174 12.18001 13.65358
v 21.75174 12.18001 13.65358
v 24.05614 12.18001 12.12278
v 22.20834 12.18001 11.35738
v 24.92335 12.18001 10.82518
v 23.50914 12.18001 9.410975
v 26.22095 12.18001 9.957975
v 25.45555 12.18001 8.110174
v 27.75175 12.18001 9.653576
v 27.75175 12.18001 7.653574
v 29.28255 12.18001 9.957975
v 30.04795 12.18001 8.110174
v 30.58016 12.18001 10.82518
v 31.99436 12.18001 9.410975
v 31.44736 12.18001 12.12278
v 33.29516 12.18001 11.35738
v 31.75176 12.18001 13.65358
v 33.75176 12.18001 13.65358
v 31.44736 12.18001 15.18438
v 33.29516 12.18001 15.94978
v 30.58016 12.18001 16.48198
v 31.99436 12.18001 17.89618
v 29.28255 12.18001 17.34918
v 30.04795 12.18001 19.19699
v -12.24833 12.18001 19.65359
v -12.24833 12.18001 17.65358
v -13.77913 12.18001 17.34918
v -14.54453 12.18001 19.19699
v -15.07674 12.18001 16.48198
v -16.49094 12.18001 17.89618
v -15.94394 12.18001 15.18438
v -17.79174 12.18001 15.94978
v -16.24834 12.18001 13.65358
v -18.24834 12.18001 13.65358
v -15.94394 12.18001 12.12278
v -17.79174 12.18001 11.35738
v -15.07674 12.18001 10.82518
v -16.49094 12.18001 9.410975
v -13.77913 12.18001 9.957975
v -14.54453 12.18001 8.110174
v -12.24833 12.18001 9.653576
v -12.24833 12.18001 7.653574
v -10.71753 12.18001 9.957975
v -9.952127 12.18001 8.110174
v -9.419925 12.18001 10.82518
v -8.005722 12.18001 9.410975
v -8.552723 12.18001 12.12278
v -6.704919 12.18001 11.35738
v -8.248322 12.18001 13.65358
v -6.248319 12.18001 13.65358
v -8.552723 12.18001 15.18438
v -6.704919 12.18001 15.94978
v -9.419925 12.18001 16.48198
v -8.005722 12.18001 17.89618
v -10.71753 12.18001 17.34918
v -9.952127 12.18001 19.19699
v 27.75175 12.18001 -0.3464339
v 27.75175 12.18001 -2.346436
v 26.22095 12.18001 -2.650837
v 25.45555 12.18001 -0.8030345
v 24.92335 12.18001 -3.518037
v 23.50914 12.18001 -2.103836
v 24.05614 12.18001 -4.815638
v 22.20834 12.18001 -4.050238
v 23.75174 12.18001 -6.34644
v 21.75174 12.18001 -6.34644
v 24.05614 12.18001 -7.877241
v 22.20834 12.18001 -8.642642
v 24.92335 12.18001 -9.174842
v 23.50914 12.18001 -10.58904
v 26.22095 12.18001 -10.04204
v 25.45555 12.18001 -11.88984
v 27.75175 12.18001 -10.34644
v 27.75175 12.18001 -12.34645
v 29.28255 12.18001 -10.04204
v 30.04795 12.18001 -11.88984
v 30.58016 12.18001 -9.174842
v 31.99436 12.18001 -10.58904
v 31.44736 12.18001 -7.877241
v 33.29516 12.18001 -8.642642
v 31.75176 12.18001 -6.34644
v 33.75176 12.18001 -6.34644
v 31.44736 12.18001 -4.815638
v 33.29516 12.18001 -4.050238
v 30.58016 12.18001 -3.518037
v 31.99436 12.18001 -2.103836
v 29.28255 12.18001 -2.650837
v 30.04795 12.18001 -0.8030345
v -12.24833 12.18001 -0.3464339
v -12.24833 12.18001 -2.346436
v -13.77913 12.18001 -2.650837
v -14.54453 12.18001 -0.8030345
v -15.07674 12.18001 -3.518037
v -16.49094 12.18001 -2.103836
v -15.94394 12.18001 -4.815638
v -17.79174 12.18001 -4.050238
v -16.24834 12.18001 -6.34644
v -18.24834 12.18001 -6.34644
v -15.94394 12.18001 -7.877241
v -17.79174 12.18001 -8.642642
v -15.07674 12.18001 -9.174842
v -16.49094 12.18001 -10.58904
v -13.77913 12.18001 -10.04204
v -14.54453 12.18001 -11.88984
v -12.24833 12.18001 -10.34644
v -12.24833 12.18001 -12.34645
v -10.71753 12.18001 -10.04204
v -9.952127 12.18001 -11.88984
v -9.419925 12.18001 -9.174842
v -8.005722 12.18001 -10.58904
v -8.552723 12.18001 -7.877241
v -6.704919 12.18001 -8.642642
v -8.248322 12.18001 -6.34644
v -6.248319 12.18001 -6.34644
v -8.552723 12.18001 -4.815638
v -6.704919 12.18001 -4.050238
v -9.419925 12.18001 -3.518037
v -8.005722 12.18001 -2.103836
v -10.71753 12.18001 -2.650837
v -9.952127 12.18001 -0.8030345
v 7.75171 12.18001 -20.34645
v 7.75171 12.18001 -22.34645
v 6.220907 12.18001 -22.65086
v 5.455505 12.18001 -20.80305
v 4.923304 12.18001 -23.51806
v 3.509101 12.18001 -22.10386
v 4.056102 12.18001 -24.81566
v 2.208299 12.18001 -24.05026
v 3.751702 12.18001 -26.34646
v 1.751698 12.18001 -26.34646
v 4.056102 12.18001 -27.87726
v 2.208299 12.18001 -28.64266
v 4.923304 12.18001 -29.17486
v 3.509101 12.18001 -30.58906
v 6.220907 12.18001 -30.04206
v 5.455505 12.18001 -31.88986
v 7.75171 12.18001 -30.34646
v 7.75171 12.18001 -32.34647
v 9.282513 12.18001 -30.04206
v 10.04791 12.18001 -31.88986
v 10.58012 12.18001 -29.17486
v 11.99432 12.18001 -30.58906
v 11.44732 12.18001 -27.87726
v 13.29512 12.18001 -28.64266
v 11.75172 12.18001 -26.34646
v 13.75172 12.18001 -26.34646
v 11.44732 12.18001 -24.81566
v 13.29512 12.18001 -24.05026
v 10.58012 12.18001 -23.51806
v 11.99432 12.18001 -22.10386
v 9.282513 12.18001 -22.65086
v 10.04791 12.18001 -20.80305
v 21.82174 15.18001 13.98358
v 27.42175 15.18001 19.58359
v 17.35173 15.18001 29.65359
v 11.75172 15.18001 24.05359
v 21.82174 15.18001 -6.016437
v 27.42175 15.18001 -0.4164334
v 11.75172 15.18001 15.25358
v 11.75172 15.18001 4.05357
v 3.751702 15.18001 -19.64645
v 11.75172 15.18001 -19.64645
v 3.751702 15.18001 24.05359
v -6.318318 15.18001 -6.016437
v 3.751702 15.18001 4.05357
v 3.751702 15.18001 15.25358
v -11.91833 15.18001 -0.4164334
v -6.318318 15.18001 13.98358
v -1.84831 15.18001 29.65359
v -11.91833 15.18001 19.58359
v 7.75171 15.18001 41.65361
v 7.75171 15.18001 39.6536
v 10.04791 15.18001 39.197
v 10.81332 15.18001 41.04481
v 11.99432 15.18001 37.8962
v 13.40852 15.18001 39.31041
v 13.29512 15.18001 35.9498
v 15.14293 15.18001 36.7152
v 13.75172 15.18001 33.6536
v 15.75173 15.18001 33.6536
v 13.29512 15.18001 31.3574
v 15.14293 15.18001 30.592
v 11.99432 15.18001 29.411
v 13.40852 15.18001 27.99679
v 10.04791 15.18001 28.11019
v 10.81332 15.18001 26.26239
v 7.75171 15.18001 27.65359
v 7.75171 15.18001 25.65359
v 5.455505 15.18001 28.11019
v 4.690104 15.18001 26.26239
v 3.509101 15.18001 29.411
v 2.094899 15.18001 27.99679
v 2.208299 15.18001 31.3574
v 0.3604949 15.18001 30.592
v 1.751698 15.18001 33.6536
v -0.2483063 15.18001 33.6536
v 2.208299 15.18001 35.9498
v 0.3604949 15.18001 36.7152
v 3.509101 15.18001 37.8962
v 2.094899 15.18001 39.31041
v 5.455505 15.18001 39.197
v 4.690104 15.18001 41.04481
v 7.75171 15.18001 43.65361
v 11.57872 15.18001 42.89261
v 14.82272 15.18001 40.72461
v 16.99073 15.18001 37.4806
v 17.75173 15.18001 33.6536
v 16.99073 15.18001 29.8266
v 14.82272 15.18001 26.58259
v 11.57872 15.18001 24.41459
v 7.75171 15.18001 23.65359
v 3.924702 15.18001 24.41459
v 0.6806955 15.18001 26.58259
v -1.487309 15.18001 29.8266
v -2.24831 15.18001 33.6536
v -1.487309 15.18001 37.4806
v 0.6806955 15.18001 40.72461
v 3.924702 15.18001 42.89261
v 7.75171 15.18001 -18.34645
v 7.75171 15.18001 -20.34645
v 10.04791 15.18001 -20.80305
v 10.81332 15.18001 -18.95525
v 11.99432 15.18001 -22.10386
v 13.40852 15.18001 -20.68965
v 13.29512 15.18001 -24.05026
v 15.14293 15.18001 -23.28485
v 13.75172 15.18001 -26.34646
v 15.75173 15.18001 -26.34646
v 13.29512 15.18001 -28.64266
v 15.14293 15.18001 -29.40806
v 11.99432 15.18001 -30.58906
v 13.40852 15.18001 -32.00326
v 10.04791 15.18001 -31.88986
v 10.81332 15.18001 -33.73766
v 7.75171 15.18001 -32.34647
v 7.75171 15.18001 -34.34647
v 5.455505 15.18001 -31.88986
v 4.690104 15.18001 -33.73766
v 3.509101 15.18001 -30.58906
v 2.094899 15.18001 -32.00326
v 2.208299 15.18001 -28.64266
v 0.3604949 15.18001 -29.40806
v 1.751698 15.18001 -26.34646
v -0.2483063 15.18001 -26.34646
v 2.208299 15.18001 -24.05026
v 0.3604949 15.18001 -23.28485
v 3.509101 15.18001 -22.10386
v 2.094899 15.18001 -20.68965
v 5.455505 15.18001 -20.80305
v 4.690104 15.18001 -18.95525
v 3.751702 19.18001 33.6536
v 4.056102 19.18001 35.1844
v 4.923304 19.18001 36.482
v 6.220907 19.18001 37.3492
v 7.75171 19.18001 37.6536
v 9.282513 19.18001 37.3492
v 10.58012 19.18001 36.482
v 11.44732 19.18001 35.1844
v 11.75172 19.18001 33.6536
v 11.44732 19.18001 32.1228
v 10.58012 19.18001 30.8252
v 9.282513 19.18001 29.958
v 7.75171 19.18001 29.65359
v 6.220907 19.18001 29.958
v 4.923304 19.18001 30.8252
v 4.056102 19.18001 32.1228
v 1.751698 19.18001 33.6536
v 2.208299 19.18001 35.9498
v 2.208299 15.18001 35.9498
v 1.751698 15.18001 33.6536
v 3.509101 19.18001 37.8962
v 3.509101 15.18001 37.8962
v 5.455505 19.18001 39.197
v 5.455505 15.18001 39.197
v 7.75171 19.18001 39.65361
v 7.75171 15.18001 39.6536
v 10.04791 19.18001 39.197
v 10.04791 15.18001 39.197
v 11.99432 19.18001 37.8962
v 11.99432 15.18001 37.8962
v 13.29512 19.18001 35.9498
v 13.29512 15.18001 35.9498
v 13.75172 19.18001 33.6536
v 13.75172 15.18001 33.6536
v 13.29512 19.18001 31.3574
v 13.29512 15.18001 31.3574
v 11.99432 19.18001 29.411
v 11.99432 15.18001 29.411
v 10.04791 19.18001 28.11019
v 10.04791 15.18001 28.11019
v 7.75171 19.18001 27.65359
v 7.75171 15.18001 27.65359
v 5.455505 19.18001 28.11019
v 5.455505 15.18001 28.11019
v 3.509101 19.18001 29.411
v 3.509101 15.18001 29.411
v 2.208299 19.18001 31.3574
v 2.208299 15.18001 31.3574
v 7.75171 19.18001 39.65361
v 7.75171 19.18001 37.6536
v 9.282513 19.18001 37.3492
v 10.04791 19.18001 39.197
v 10.58012 19.18001 36.482
v 11.99432 19.18001 37.8962
v 11.44732 19.18001 35.1844
v 13.29512 19.18001 35.9498
v 11.75172 19.18001 33.6536
v 13.75172 19.18001 33.6536
v 11.44732 19.18001 32.1228
v 13.29512 19.18001 31.3574
v 10.58012 19.18001 30.8252
v 11.99432 19.18001 29.411
v 9.282513 19.18001 29.958
v 10.04791 19.18001 28.11019
v 7.75171 19.18001 29.65359
v 7.75171 19.18001 27.65359
v 6.220907 19.18001 29.958
v 5.455505 19.18001 28.11019
v 4.923304 19.18001 30.8252
v 3.509101 19.18001 29.411
v 4.056102 19.18001 32.1228
v 2.208299 19.18001 31.3574
v 3.751702 19.18001 33.6536
v 1.751698 19.18001 33.6536
v 4.056102 19.18001 35.1844
v 2.208299 19.18001 35.9498
v 4.923304 19.18001 36.482
v 3.509101 19.18001 37.8962
v 6.220907 19.18001 37.3492
v 5.455505 19.18001 39.197
v -16.24834 19.18001 13.65358
v -15.94394 19.18001 15.18438
v -15.07674 19.18001 16.48198
v -13.77913 19.18001 17.34918
v -12.24833 19.18001 17.65358
v -10.71753 19.18001 17.34918
v -9.419925 19.18001 16.48198
v -8.552723 19.18001 15.18438
v -8.248322 19.18001 13.65358
v -8.552723 19.18001 12.12278
v -9.419925 19.18001 10.82518
v -10.71753 19.18001 9.957976
v -12.24833 19.18001 9.653576
v -13.77913 19.18001 9.957976
v -15.07674 19.18001 10.82518
v -15.94394 19.18001 12.12278
v -18.24834 19.18001 13.65358
v -17.79174 19.18001 15.94978
v -16.49094 19.18001 17.89618
v -14.54453 19.18001 19.19699
v -12.24833 19.18001 19.65359
v -9.952127 19.18001 19.19699
v -9.952127 15.18001 19.19699
v -8.005722 19.18001 17.89618
v -8.005722 15.18001 17.89618
v -6.704919 19.18001 15.94978
v -6.704919 15.18001 15.94978
v -6.248319 19.18001 13.65358
v -6.704919 19.18001 11.35738
v -8.005722 19.18001 9.410976
v -9.952127 19.18001 8.110175
v -12.24833 19.18001 7.653574
v -14.54453 19.18001 8.110175
v -16.49094 19.18001 9.410976
v -17.79174 19.18001 11.35738
v -12.24833 19.18001 19.65359
v -12.24833 19.18001 17.65358
v -10.71753 19.18001 17.34918
v -9.952127 19.18001 19.19699
v -9.419925 19.18001 16.48198
v -8.005722 19.18001 17.89618
v -8.552723 19.18001 15.18438
v -6.704919 19.18001 15.94978
v -8.248322 19.18001 13.65358
v -6.248319 19.18001 13.65358
v -8.552723 19.18001 12.12278
v -6.704919 19.18001 11.35738
v -9.419925 19.18001 10.82518
v -8.005722 19.18001 9.410976
v -10.71753 19.18001 9.957976
v -9.952127 19.18001 8.110175
v -12.24833 19.18001 9.653576
v -12.24833 19.18001 7.653574
v -13.77913 19.18001 9.957976
v -14.54453 19.18001 8.110175
v -15.07674 19.18001 10.82518
v -16.49094 19.18001 9.410976
v -15.94394 19.18001 12.12278
v -17.79174 19.18001 11.35738
v -16.24834 19.18001 13.65358
v -18.24834 19.18001 13.65358
v -15.94394 19.18001 15.18438
v -17.79174 19.18001 15.94978
v -15.07674 19.18001 16.48198
v -16.49094 19.18001 17.89618
v -13.77913 19.18001 17.34918
v -14.54453 19.18001 19.19699
v 23.75174 19.18001 13.65358
v 24.05614 19.18001 15.18438
v 24.92335 19.18001 16.48198
v 26.22095 19.18001 17.34918
v 27.75175 19.18001 17.65358
v 29.28255 19.18001 17.34918
v 30.58016 19.18001 16.48198
v 31.44736 19.18001 15.18438
v 31.75176 19.18001 13.65358
v 31.44736 19.18001 12.12278
v 30.58016 19.18001 10.82518
v 29.28255 19.18001 9.957976
v 27.75175 19.18001 9.653576
v 26.22095 19.18001 9.957976
v 24.92335 19.18001 10.82518
v 24.05614 19.18001 12.12278
v 21.75174 19.18001 13.65358
v 22.20834 19.18001 15.94978
v 22.20834 15.18001 15.94978
v 23.50914 19.18001 17.89618
v 23.50914 15.18001 17.89618
v 25.45555 19.18001 19.19699
v 25.45555 15.18001 19.19699
v 27.75175 19.18001 19.65359
v 30.04795 19.18001 19.19699
v 31.99436 19.18001 17.89618
v 33.29516 19.18001 15.94978
v 33.75176 19.18001 13.65358
v 33.29516 19.18001 11.35738
v 31.99436 19.18001 9.410976
v 30.04795 19.18001 8.110175
v 27.75175 19.18001 7.653574
v 25.45555 19.18001 8.110175
v 23.50914 19.18001 9.410976
v 22.20834 19.18001 11.35738
v 27.75175 19.18001 19.65359
v 27.75175 19.18001 17.65358
v 29.28255 19.18001 17.34918
v 30.04795 19.18001 19.19699
v 30.58016 19.18001 16.48198
v 31.99436 19.18001 17.89618
v 31.44736 19.18001 15.18438
v 33.29516 19.18001 15.94978
v 31.75176 19.18001 13.65358
v 33.75176 19.18001 13.65358
v 31.44736 19.18001 12.12278
v 33.29516 19.18001 11.35738
v 30.58016 19.18001 10.82518
v 31.99436 19.18001 9.410976
v 29.28255 19.18001 9.957976
v 30.04795 19.18001 8.110175
v 27.75175 19.18001 9.653576
v 27.75175 19.18001 7.653574
v 26.22095 19.18001 9.957976
v 25.45555 19.18001 8.110175
v 24.92335 19.18001 10.82518
v 23.50914 19.18001 9.410976
v 24.05614 19.18001 12.12278
v 22.20834 19.18001 11.35738
v 23.75174 19.18001 13.65358
v 21.75174 19.18001 13.65358
v 24.05614 19.18001 15.18438
v 22.20834 19.18001 15.94978
v 24.92335 19.18001 16.48198
v 23.50914 19.18001 17.89618
v 26.22095 19.18001 17.34918
v 25.45555 19.18001 19.19699
v -16.24834 19.18001 -6.346439
v -15.94394 19.18001 -4.815638
v -15.07674 19.18001 -3.518037
v -13.77913 19.18001 -2.650837
v -12.24833 19.18001 -2.346435
v -10.71753 19.18001 -2.650837
v -9.419925 19.18001 -3.518037
v -8.552723 19.18001 -4.815638
v -8.248322 19.18001 -6.346439
v -8.552723 19.18001 -7.87724
v -9.419925 19.18001 -9.174841
v -10.71753 19.18001 -10.04204
v -12.24833 19.18001 -10.34644
v -13.77913 19.18001 -10.04204
v -15.07674 19.18001 -9.174841
v -15.94394 19.18001 -7.87724
v -18.24834 19.18001 -6.346439
v -17.79174 19.18001 -4.050237
v -16.49094 19.18001 -2.103836
v -14.54453 19.18001 -0.8030339
v -12.24833 19.18001 -0.3464333
v -9.952127 19.18001 -0.8030339
v -9.952127 15.18001 -0.8030342
v -8.005722 19.18001 -2.103836
v -8.005722 15.18001 -2.103836
v -6.704919 19.18001 -4.050237
v -6.704919 15.18001 -4.050237
v -6.248319 19.18001 -6.346439
v -6.704919 19.18001 -8.642641
v -8.005722 19.18001 -10.58904
v -9.952127 19.18001 -11.88984
v -12.24833 19.18001 -12.34645
v -14.54453 19.18001 -11.88984
v -16.49094 19.18001 -10.58904
v -17.79174 19.18001 -8.642641
v -12.24833 19.18001 -0.3464333
v -12.24833 19.18001 -2.346435
v -10.71753 19.18001 -2.650837
v -9.952127 19.18001 -0.8030339
v -9.419925 19.18001 -3.518037
v -8.005722 19.18001 -2.103836
v -8.552723 19.18001 -4.815638
v -6.704919 19.18001 -4.050237
v -8.248322 19.18001 -6.346439
v -6.248319 19.18001 -6.346439
v -8.552723 19.18001 -7.87724
v -6.704919 19.18001 -8.642641
v -9.419925 19.18001 -9.174841
v -8.005722 19.18001 -10.58904
v -10.71753 19.18001 -10.04204
v -9.952127 19.18001 -11.88984
v -12.24833 19.18001 -10.34644
v -12.24833 19.18001 -12.34645
v -13.77913 19.18001 -10.04204
v -14.54453 19.18001 -11.88984
v -15.07674 19.18001 -9.174841
v -16.49094 19.18001 -10.58904
v -15.94394 19.18001 -7.87724
v -17.79174 19.18001 -8.642641
v -16.24834 19.18001 -6.346439
v -18.24834 19.18001 -6.346439
v -15.94394 19.18001 -4.815638
v -17.79174 19.18001 -4.050237
v -15.07674 19.18001 -3.518037
v -16.49094 19.18001 -2.103836
v -13.77913 19.18001 -2.650837
v -14.54453 19.18001 -0.8030339
v 23.75174 19.18001 -6.346439
v 24.05614 19.18001 -4.815638
v 24.92335 19.18001 -3.518037
v 26.22095 19.18001 -2.650837
v 27.75175 19.18001 -2.346435
v 29.28255 19.18001 -2.650837
v 30.58016 19.18001 -3.518037
v 31.44736 19.18001 -4.815638
v 31.75176 19.18001 -6.346439
v 31.44736 19.18001 -7.87724
v 30.58016 19.18001 -9.174841
v 29.28255 19.18001 -10.04204
v 27.75175 19.18001 -10.34644
v 26.22095 19.18001 -10.04204
v 24.92335 19.18001 -9.174841
v 24.05614 19.18001 -7.87724
v 21.75174 19.18001 -6.346439
v 22.20834 19.18001 -4.050237
v 22.20834 15.18001 -4.050237
v 23.50914 19.18001 -2.103836
v 23.50914 15.18001 -2.103836
v 25.45555 19.18001 -0.8030339
v 25.45555 15.18001 -0.8030342
v 27.75175 19.18001 -0.3464333
v 30.04795 19.18001 -0.8030339
v 31.99436 19.18001 -2.103836
v 33.29516 19.18001 -4.050237
v 33.75176 19.18001 -6.346439
v 33.29516 19.18001 -8.642641
v 31.99436 19.18001 -10.58904
v 30.04795 19.18001 -11.88984
v 27.75175 19.18001 -12.34645
v 25.45555 19.18001 -11.88984
v 23.50914 19.18001 -10.58904
v 22.20834 19.18001 -8.642641
v 27.75175 19.18001 -0.3464333
v 27.75175 19.18001 -2.346435
v 29.28255 19.18001 -2.650837
v 30.04795 19.18001 -0.8030339
v 30.58016 19.18001 -3.518037
v 31.99436 19.18001 -2.103836
v 31.44736 19.18001 -4.815638
v 33.29516 19.18001 -4.050237
v 31.75176 19.18001 -6.346439
v 33.75176 19.18001 -6.346439
v 31.44736 19.18001 -7.87724
v 33.29516 19.18001 -8.642641
v 30.58016 19.18001 -9.174841
v 31.99436 19.18001 -10.58904
v 29.28255 19.18001 -10.04204
v 30.04795 19.18001 -11.88984
v 27.75175 19.18001 -10.34644
v 27.75175 19.18001 -12.34645
v 26.22095 19.18001 -10.04204
v 25.45555 19.18001 -11.88984
v 24.92335 19.18001 -9.174841
v 23.50914 19.18001 -10.58904
v 24.05614 19.18001 -7.87724
v 22.20834 19.18001 -8.642641
v 23.75174 19.18001 -6.346439
v 21.75174 19.18001 -6.346439
v 24.05614 19.18001 -4.815638
v 22.20834 19.18001 -4.050237
v 24.92335 19.18001 -3.518037
v 23.50914 19.18001 -2.103836
v 26.22095 19.18001 -2.650837
v 25.45555 19.18001 -0.8030339
v 3.751702 19.18001 -26.34646
v 4.056102 19.18001 -24.81566
v 4.923304 19.18001 -23.51805
v 6.220907 19.18001 -22.65086
v 7.75171 19.18001 -22.34645
v 9.282513 19.18001 -22.65086
v 10.58012 19.18001 -23.51805
v 11.44732 19.18001 -24.81566
v 11.75172 19.18001 -26.34646
v 11.44732 19.18001 -27.87726
v 10.58012 19.18001 -29.17486
v 9.282513 19.18001 -30.04206
v 7.75171 19.18001 -30.34646
v 6.220907 19.18001 -30.04206
v 4.923304 19.18001 -29.17486
v 4.056102 19.18001 -27.87726
v 1.751698 19.18001 -26.34646
v 2.208299 19.18001 -24.05026
v 2.208299 15.18001 -24.05026
v 1.751698 15.18001 -26.34646
v 3.509101 19.18001 -22.10386
v 3.509101 15.18001 -22.10386
v 5.455505 19.18001 -20.80305
v 5.455505 15.18001 -20.80305
v 7.75171 19.18001 -20.34645
v 7.75171 15.18001 -20.34645
v 10.04791 19.18001 -20.80305
v 10.04791 15.18001 -20.80305
v 11.99432 19.18001 -22.10386
v 11.99432 15.18001 -22.10386
v 13.29512 19.18001 -24.05026
v 13.29512 15.18001 -24.05026
v 13.75172 19.18001 -26.34646
v 13.75172 15.18001 -26.34646
v 13.29512 19.18001 -28.64266
v 13.29512 15.18001 -28.64266
v 11.99432 19.18001 -30.58906
v 11.99432 15.18001 -30.58906
v 10.04791 19.18001 -31.88986
v 10.04791 15.18001 -31.88986
v 7.75171 19.18001 -32.34646
v 7.75171 15.18001 -32.34647
v 5.455505 19.18001 -31.88986
v 5.455505 15.18001 -31.88986
v 3.509101 19.18001 -30.58906
v 3.509101 15.18001 -30.58906
v 2.208299 19.18001 -28.64266
v 2.208299 15.18001 -28.64266
v 7.75171 19.18001 -20.34645
v 7.75171 19.18001 -22.34645
v 9.282513 19.18001 -22.65086
v 10.04791 19.18001 -20.80305
v 10.58012 19.18001 -23.51805
v 11.99432 19.18001 -22.10386
v 11.44732 19.18001 -24.81566
v 13.29512 19.18001 -24.05026
v 11.75172 19.18001 -26.34646
v 13.75172 19.18001 -26.34646
v 11.44732 19.18001 -27.87726
v 13.29512 19.18001 -28.64266
v 10.58012 19.18001 -29.17486
v 11.99432 19.18001 -30.58906
v 9.282513 19.18001 -30.04206
v 10.04791 19.18001 -31.88986
v 7.75171 19.18001 -30.34646
v 7.75171 19.18001 -32.34646
v 6.220907 19.18001 -30.04206
v 5.455505 19.18001 -31.88986
v 4.923304 19.18001 -29.17486
v 3.509101 19.18001 -30.58906
v 4.056102 19.18001 -27.87726
v 2.208299 19.18001 -28.64266
v 3.751702 19.18001 -26.34646
v 1.751698 19.18001 -26.34646
v 4.056102 19.18001 -24.81566
v 2.208299 19.18001 -24.05026
v 4.923304 19.18001 -23.51805
v 3.509101 19.18001 -22.10386
v 6.220907 19.18001 -22.65086
v 5.455505 19.18001 -20.80305
v -10.03723 29.88079 16.78865
v -9.705322 30.61859 17.54694
v -8.475797 30.52409 19.30122
v -9.549837 31.71849 18.23097
v -8.190359 31.94359 20.11889
v -9.933809 32.60279 17.50418
v -8.668793 32.73529 19.47441
v -8.668793 32.73529 19.47441
v -9.933809 32.60279 17.50418
v -8.686751 33.06569 17.27046
v -6.646451 32.81319 19.02866
v -6.01605 33.06609 12.18961
v -7.612387 33.20389 13.33718
v -7.997754 32.71379 11.11662
v -5.262048 32.57649 9.408751
v -7.997754 32.71379 11.11662
v -8.404591 31.46729 11.15233
v -6.737713 31.21499 10.21565
v -5.262048 32.57649 9.408751
v -6.653924 29.80379 10.77531
v -8.570589 33.14329 14.76983
v -10.21382 32.70959 14.86722
v -9.308275 32.18459 11.57919
v 2.377384 30.27649 15.59239
v 4.54526 28.47539 16.71785
v 2.129556 29.62319 16.4379
v -3.013345 31.68149 15.96529
v -0.8111719 31.38909 15.5663
v -5.120853 32.83879 15.22575
v -6.943014 33.01169 15.52591
v -7.268605 33.24399 14.87413
v -4.855786 33.17899 14.83612
v -6.910474 33.29179 16.07185
v -6.943014 33.01169 15.52591
v -3.013344 31.68149 15.96529
v -2.117244 31.69639 16.65189
v 2.129556 29.62319 16.4379
v 1.896464 30.04979 16.93758
v 3.847466 28.88509 17.17786
v 4.54526 28.47539 16.71785
v -5.885478 28.11909 16.61605
v -8.317169 27.54379 16.45654
v -8.176402 29.81279 16.98811
v -6.746468 26.81649 15.73885
v -4.784589 27.11949 15.71031
v -6.746468 26.81649 15.73885
v -4.784589 27.11949 15.71031
v -5.758445 26.83379 15.32688
v -6.511899 26.34799 14.98064
v -3.780446 27.30949 14.93139
v -5.996571 27.51129 13.8896
v -6.511899 26.34799 14.98064
v -5.758445 26.83379 15.32688
v -3.780446 27.30949 14.93139
v -5.996571 27.51129 13.8896
v -5.758445 26.83379 15.32688
v -7.391088 27.92879 12.74762
v -5.932699 29.16939 12.93219
v -6.425655 29.71729 12.60858
v -4.671598 29.38639 12.21494
v -7.046217 29.84429 11.622
v -8.592665 26.76779 12.43099
v -7.65345 26.13689 13.34241
v -8.783899 29.85699 11.99463
v -1.837015 27.34999 15.17461
v 0.06387001 27.16919 15.37615
v -2.934414 28.16929 14.15417
v -4.489629 28.92529 17.46243
v -2.918275 28.06009 17.27052
v -9.640688 26.87559 16.57801
v -10.03723 29.88079 16.78865
v -6.425655 29.71729 12.60858
v -8.405515 24.02259 14.04186
v -7.65345 26.13689 13.34241
v -8.405515 24.02259 14.04186
v -7.759099 24.92699 14.69093
v -7.759099 24.92699 14.69093
v -8.405515 24.02259 14.04186
v -8.839926 24.43869 15.585
v -8.057322 25.54449 15.57442
v -8.057322 25.54449 15.57442
v -8.839926 24.43869 15.585
v -10.03723 29.88079 16.78865
v -7.956882 29.67939 19.26031
v -8.285749 29.79769 17.72153
v -4.555014 28.90609 20.11683
v -8.783899 29.85699 11.99463
v -8.176402 29.81279 16.98811
v -2.172037 28.53439 14.08735
v -2.156008 28.86769 10.83474
v -0.08119319 28.17299 9.98259
v 0.788046 27.57729 12.48782
v 3.090094 26.01049 16.35159
v 2.843384 26.65949 12.03814
v 3.778231 25.73449 15.3035
v 3.579115 25.53029 17.6809
v -0.6423376 27.63579 17.94121
v 0.4373934 26.90739 20.10644
v -4.489629 28.92529 17.46243
v -2.149936 31.61689 20.45984
v -3.053189 32.63799 17.27935
v 1.243773 30.79729 17.43567
v 0.3294336 30.57959 20.32861
v 2.511895 29.46519 19.56485
v 3.847466 28.88509 17.17786
v 4.769532 27.88649 19.19439
v 3.974463 29.18229 14.32173
v 2.377384 30.27649 15.59239
v -0.9226086 32.15399 15.02942
v -0.2542448 31.65429 12.01018
v 1.828755 30.65909 12.87956
v -2.518891 32.36539 10.42148
v -4.204779 32.84919 11.91505
v -6.910474 33.29179 16.07185
v -4.812959 32.24529 21.02398
v 5.407628 24.26479 18.20939
v 2.090085 25.91649 21.259
v 2.866937 25.66449 17.40434
v 2.767926 25.79459 16.70221
v 3.579115 25.53029 17.6809
v 3.090094 26.01049 16.35159
v -0.6423376 27.63579 17.94121
v -0.1471453 27.08839 17.55046
v 3.579115 25.53029 17.6809
v 2.866937 25.66449 17.40434
v -3.006194 27.12729 16.0776
v 0.04535931 26.48229 16.6632
v 0.04535931 26.48229 16.6632
v 0.04535931 26.48229 16.6632
v -2.172037 28.53439 14.08735
v -3.006194 27.12729 16.0776
v -6.037315 29.11669 21.05731
v -3.910678 28.55399 22.16347
v -6.653924 29.80379 10.77531
v -2.267946 29.35249 8.981805
v -0.08119411 28.17299 9.98259
v 6.099633 24.18019 16.08253
v 5.948077 23.80099 19.0704
v 6.728456 23.47049 17.85304
v -3.053189 32.63799 17.27935
v -0.9226086 32.15399 15.02942
v -4.855786 33.17899 14.83612
v 1.243773 30.79729 17.43567
v -8.570589 33.14329 14.76983
v -2.309381 32.08499 8.365385
v -0.3472249 31.07249 9.064556
v 2.150416 29.96359 10.34685
v 4.647093 28.44759 12.68422
v 6.127397 27.25629 14.70262
v 6.500049 26.90309 15.96597
v 7.224732 25.56639 17.80547
v 6.300586 26.82079 18.0238
v 5.99769 26.66249 19.74675
v 2.945131 28.48499 21.83937
v 0.3463967 29.48249 22.76804
v -2.538276 30.65349 23.02654
v -5.428075 31.69949 22.78633
v -6.668474 32.27299 21.69218
v -10.29961 31.08609 17.10258
v -7.956882 29.67939 19.26031
v -10.41879 32.32329 16.3307
v -4.4006 30.93969 9.234682
v -2.267946 29.35249 8.981805
v -0.08119411 28.17299 9.98259
v 0.1853895 29.12079 9.670094
v -2.267946 29.35249 8.981805
v 2.843384 26.65949 12.03814
v 2.351124 28.12199 10.96947
v 4.170478 26.99659 12.7147
v 6.099633 24.18019 16.08253
v 5.744279 25.81209 14.62745
v 6.626347 24.70799 16.35034
v 6.728456 23.47049 17.85304
v 7.02365 24.13219 17.89235
v 7.02365 24.13219 17.89235
v 6.728456 23.47049 17.85304
v 5.948077 23.80099 19.0704
v 6.724551 24.73139 18.81335
v 5.37986 25.75169 20.10713
v 5.948077 23.80099 19.0704
v 2.090085 25.91649 21.259
v 2.559605 27.03139 21.66705
v 0.06909577 27.97609 22.44762
v -3.910678 28.55399 22.16347
v -2.634104 29.07899 22.68231
v -5.311648 30.06899 22.50019
v -6.037315 29.11669 21.05731
v -6.494054 29.92759 21.26293
v -6.668474 32.27299 21.69218
v -6.948797 31.36029 21.33075
v -5.428075 31.69949 22.78633
v 2.945131 28.48499 21.83937
v 0.3463957 29.48249 22.76804
v 5.99769 26.66249 19.74675
v 7.224732 25.56639 17.80547
v 6.500049 26.90309 15.96597
v 6.864003 25.99339 16.35537
v 6.127397 27.25629 14.70262
v -0.3472249 31.07249 9.064556
v -2.309381 32.08499 8.365385
v -2.295816 31.05429 8.467897
v -2.295816 31.05429 8.467897
v -2.309381 32.08499 8.365385
v -8.91816 31.07939 11.59482
v -8.783899 29.85699 11.99463
v -9.308275 32.18459 11.57919
v -5.428075 31.69949 22.78633
v -2.538276 30.65349 23.02654
v 7.224732 25.56639 17.80547
v 6.864003 25.99339 16.35537
v 6.127397 27.25629 14.70262
v 4.647093 28.44759 12.68422
v 2.150416 29.96359 10.34685
v -10.41879 32.32329 16.3307
v -13.78366 16.64999 14.92517
v -14.15299 16.64999 14.23772
v -12.24038 16.64999 13.65297
v -13.17931 16.64999 15.41885
v -12.43209 16.64999 15.64381
v -11.65564 16.64999 15.56558
v -10.96818 16.64999 15.19625
v -10.4745 16.64999 14.59191
v -10.24954 16.64999 13.84468
v -10.32777 16.64999 13.06823
v -10.6971 16.64999 12.38077
v -11.30145 16.64999 11.88709
v -12.04867 16.64999 11.66213
v -12.82512 16.64999 11.74036
v -13.51258 16.64999 12.10969
v -14.00626 16.64999 12.71404
v -14.23122 16.64999 13.46126
v -14.15299 16.64999 14.23772
v -13.78366 16.64999 14.92517
v -13.78366 1.649989 14.92517
v -14.15299 1.649989 14.23771
v -13.17931 16.64999 15.41885
v -13.17931 1.649989 15.41885
v -12.43209 16.64999 15.64381
v -12.43209 1.649989 15.64381
v -11.65564 16.64999 15.56558
v -11.65564 1.649989 15.56558
v -10.96818 16.64999 15.19625
v -10.96818 1.649989 15.19625
v -10.4745 16.64999 14.59191
v -10.4745 1.649989 14.5919
v -10.24954 16.64999 13.84468
v -10.24954 1.649989 13.84468
v -10.32777 16.64999 13.06823
v -10.32777 1.649989 13.06823
v -10.6971 16.64999 12.38077
v -10.6971 1.649989 12.38077
v -11.30145 16.64999 11.88709
v -11.30145 1.649989 11.88709
v -12.04867 16.64999 11.66213
v -12.04867 1.649989 11.66213
v -12.82512 16.64999 11.74036
v -12.82512 1.649989 11.74036
v -13.51258 16.64999 12.10969
v -13.51258 1.649989 12.10969
v -14.00626 16.64999 12.71404
v -14.00626 1.649989 12.71404
v -14.23122 16.64999 13.46126
v -14.23122 1.649989 13.46126
v -16.0656 1.649989 14.82246
v -15.32694 1.649989 16.19737
v -15.32694 32.14999 16.19737
v -16.0656 32.14999 14.82246
v -14.11825 1.649988 17.18473
v -14.11825 32.14999 17.18473
v -12.6238 1.649988 17.63465
v -12.6238 32.14999 17.63466
v -11.07089 1.649988 17.47819
v -11.07089 32.14999 17.47819
v -9.695978 1.649989 16.73953
v -9.695978 32.14999 16.73953
v -8.708622 1.649989 15.53084
v -8.708622 32.14999 15.53084
v -8.258697 1.649989 14.03639
v -8.258697 32.14999 14.0364
v -8.41516 1.649989 12.48348
v -8.41516 32.14999 12.48349
v -9.153823 1.649989 11.10857
v -9.153823 32.14999 11.10857
v -10.36251 1.649989 10.12121
v -10.36251 32.14999 10.12121
v -11.85696 1.649989 9.671287
v -11.85696 32.14999 9.671289
v -13.40987 1.649989 9.82775
v -13.40987 32.14999 9.827753
v -14.78478 1.649989 10.56641
v -14.78478 32.14999 10.56641
v -15.77214 1.649989 11.7751
v -15.77214 32.14999 11.7751
v -16.22206 1.649989 13.26955
v -16.22206 32.14999 13.26955
v -11.07089 1.649988 17.47819
v -11.65564 1.649989 15.56558
v -10.96818 1.649989 15.19625
v -9.695978 1.649989 16.73953
v -10.4745 1.649989 14.5919
v -8.708622 1.649989 15.53084
v -10.24954 1.649989 13.84468
v -8.258697 1.649989 14.03639
v -10.32777 1.649989 13.06823
v -8.41516 1.649989 12.48348
v -10.6971 1.649989 12.38077
v -9.153823 1.649989 11.10857
v -11.30145 1.649989 11.88709
v -10.36251 1.649989 10.12121
v -12.04867 1.649989 11.66213
v -11.85696 1.649989 9.671287
v -12.82512 1.649989 11.74036
v -13.40987 1.649989 9.82775
v -13.51258 1.649989 12.10969
v -14.78478 1.649989 10.56641
v -14.00626 1.649989 12.71404
v -15.77214 1.649989 11.7751
v -14.23122 1.649989 13.46126
v -16.22206 1.649989 13.26955
v -14.15299 1.649989 14.23771
v -16.0656 1.649989 14.82246
v -13.78366 1.649989 14.92517
v -15.32694 1.649989 16.19737
v -13.17931 1.649989 15.41885
v -14.11825 1.649988 17.18473
v -12.43209 1.649989 15.64381
v -12.6238 1.649988 17.63465
v -15.32694 32.14999 16.19737
v -13.78366 32.94999 14.92517
v -14.15299 32.94999 14.23772
v -16.0656 32.14999 14.82246
v -14.11825 32.14999 17.18473
v -13.17931 32.94999 15.41885
v -12.6238 32.14999 17.63466
v -12.43209 32.94999 15.64382
v -11.07089 32.14999 17.47819
v -11.65564 32.94999 15.56558
v -9.695978 32.14999 16.73953
v -10.96818 32.94999 15.19625
v -8.708622 32.14999 15.53084
v -10.4745 32.94999 14.59191
v -8.258697 32.14999 14.0364
v -10.24954 32.94999 13.84468
v -8.41516 32.14999 12.48349
v -10.32777 32.94999 13.06823
v -9.153823 32.14999 11.10857
v -10.6971 32.94999 12.38077
v -10.36251 32.14999 10.12121
v -11.30145 32.94999 11.88709
v -11.85696 32.14999 9.671289
v -12.04867 32.94999 11.66213
v -13.40987 32.14999 9.827753
v -12.82512 32.94999 11.74036
v -14.78478 32.14999 10.56641
v -13.51258 32.94999 12.10969
v -15.77214 32.14999 11.7751
v -14.00626 32.94999 12.71404
v -16.22206 32.14999 13.26955
v -14.23122 32.94999 13.46126
v -13.78366 25.64999 14.92517
v -14.15299 25.64999 14.23772
v -12.24038 25.64999 13.65297
v -13.17931 25.64999 15.41885
v -12.43209 25.64999 15.64381
v -11.65564 25.64999 15.56558
v -10.96818 25.64999 15.19625
v -10.4745 25.64999 14.59191
v -10.24954 25.64999 13.84468
v -10.32777 25.64999 13.06823
v -10.6971 25.64999 12.38077
v -11.30145 25.64999 11.88709
v -12.04867 25.64999 11.66213
v -12.82512 25.64999 11.74036
v -13.51258 25.64999 12.10969
v -14.00626 25.64999 12.71404
v -14.23122 25.64999 13.46126
v -14.15299 25.64999 14.23772
v -13.78366 25.64999 14.92517
v -13.78366 32.94999 14.92517
v -14.15299 32.94999 14.23772
v -13.17931 25.64999 15.41885
v -13.17931 32.94999 15.41885
v -12.43209 25.64999 15.64381
v -12.43209 32.94999 15.64382
v -11.65564 25.64999 15.56558
v -11.65564 32.94999 15.56558
v -10.96818 25.64999 15.19625
v -10.96818 32.94999 15.19625
v -10.4745 25.64999 14.59191
v -10.4745 32.94999 14.59191
v -10.24954 25.64999 13.84468
v -10.24954 32.94999 13.84468
v -10.32777 25.64999 13.06823
v -10.32777 32.94999 13.06823
v -10.6971 25.64999 12.38077
v -10.6971 32.94999 12.38077
v -11.30145 25.64999 11.88709
v -11.30145 32.94999 11.88709
v -12.04867 25.64999 11.66213
v -12.04867 32.94999 11.66213
v -12.82512 25.64999 11.74036
v -12.82512 32.94999 11.74036
v -13.51258 25.64999 12.10969
v -13.51258 32.94999 12.10969
v -14.00626 25.64999 12.71404
v -14.00626 32.94999 12.71404
v -14.23122 25.64999 13.46126
v -14.23122 32.94999 13.46126
v -16.05754 29.88079 13.99313
v -16.8802 30.61859 13.90142
v -19.01422 30.52409 14.08909
v -17.55034 31.71849 13.69406
v -19.86507 31.94359 13.92745
v -16.72892 32.60279 13.72493
v -19.06772 32.73529 13.83535
v -19.06772 32.73529 13.83535
v -16.72892 32.60279 13.72493
v -17.15005 33.06569 14.92178
v -19.69285 32.81319 15.80964
v -14.08523 33.06609 19.77511
v -14.28089 33.20389 17.81885
v -12.16514 32.71379 18.59539
v -12.05392 32.57649 21.81853
v -12.16514 32.71379 18.59539
v -11.99264 31.46729 18.2252
v -12.01489 31.21499 20.13711
v -12.05392 32.57649 21.81853
v -12.54147 29.80379 19.92984
v -15.04251 33.14329 16.27269
v -14.30524 32.70959 14.80091
v -11.91048 32.18459 17.22915
v -21.22886 30.27649 25.34268
v -23.28747 28.47539 26.6574
v -21.83718 29.62319 24.70531
v -18.85643 31.68149 20.48771
v -19.61198 31.38909 22.59435
v -17.16221 32.83879 19.03231
v -16.51109 33.01169 17.30418
v -15.78382 33.24399 17.3481
v -16.95732 33.17899 19.45668
v -17.00016 33.29179 17.05939
v -16.51109 33.01169 17.30418
v -18.85643 31.68149 20.48771
v -19.8991 31.69639 20.92045
v -21.83718 29.62319 24.70531
v -22.15337 30.04979 24.2536
v -23.33696 28.88509 25.82308
v -23.28747 28.47539 26.6574
v -17.98395 28.11909 17.67497
v -16.62996 27.54379 15.64881
v -17.1607 29.81279 15.50493
v -16.79377 26.81649 17.36793
v -17.74999 27.11949 19.08125
v -16.79377 26.81649 17.36793
v -17.74999 27.11949 19.08125
v -16.931 26.83379 18.42957
v -16.25442 26.34799 17.95018
v -17.57749 27.30949 20.34032
v -15.56721 27.51129 18.94199
v -16.25442 26.34799 17.95018
v -16.931 26.83379 18.42957
v -17.57749 27.30949 20.34032
v -15.56721 27.51129 18.94199
v -16.931 26.83379 18.42957
v -13.88096 27.92879 18.30528
v -14.77 29.16939 19.47601
v -14.24326 29.71729 19.2109
v -14.77939 29.38639 20.92678
v -13.07858 29.84429 19.16676
v -13.00596 26.76779 17.42299
v -14.26489 26.13689 17.78067
v -12.53245 29.85699 17.47556
v -18.75985 27.34999 21.90178
v -19.88483 27.16919 23.44723
v -17.32742 28.16929 21.46162
v -19.41486 28.92529 18.46063
v -20.03434 28.06009 19.91742
v -16.07339 26.87559 14.44187
v -16.05754 29.88079 13.99313
v -14.24326 29.71729 19.2109
v -14.4946 24.02259 16.77964
v -14.26489 26.13689 17.78067
v -14.4946 24.02259 16.77964
v -15.37992 24.92699 17.01492
v -15.37992 24.92699 17.01492
v -14.4946 24.02259 16.77964
v -15.6138 24.43869 15.63186
v -15.99594 25.54449 16.3149
v -15.99594 25.54449 16.3149
v -15.6138 24.43869 15.63186
v -16.05754 29.88079 13.99313
v -19.23826 29.67939 14.55894
v -17.74119 29.79769 15.04352
v -21.68096 28.90609 17.0768
v -12.53245 29.85699 17.47556
v -17.1607 29.81279 15.50493
v -17.65074 28.53439 22.15527
v -14.84189 28.86769 23.79546
v -15.14131 28.17299 26.01838
v -17.74553 27.57729 25.51856
v -22.2427 26.01049 25.58031
v -18.38377 26.65949 27.52338
v -21.67909 25.73449 26.70031
v -23.63843 25.53029 25.33916
v -21.75314 27.63579 21.55311
v -24.16816 26.90739 21.40557
v -19.41486 28.92529 18.46063
v -23.18056 31.61689 18.98817
v -19.97453 32.63799 19.79617
v -22.25839 30.79729 23.4393
v -24.30659 30.57959 21.20099
v -24.73638 29.46519 23.47295
v -23.33696 28.88509 25.82308
v -25.54437 27.88649 25.61336
v -20.92697 29.18229 27.36113
v -21.22886 30.27649 25.34268
v -19.09131 32.15399 22.76628
v -16.81074 31.65429 24.85472
v -18.60515 30.65909 26.22397
v -14.30256 32.36539 23.68782
v -14.75309 32.84919 21.48101
v -17.00016 33.29179 17.05939
v -22.33761 32.24529 16.39984
v -25.01038 24.26479 26.65847
v -25.99266 25.91649 22.26057
v -23.04283 25.66449 24.86068
v -22.38526 25.79459 25.126
v -23.63843 25.53029 25.33916
v -22.2427 26.01049 25.58031
v -21.75314 27.63579 21.55311
v -21.66233 27.08839 22.17734
v -23.63843 25.53029 25.33916
v -23.04283 25.66449 24.86068
v -18.95728 27.12729 20.43774
v -20.9902 26.48229 22.78768
v -20.9902 26.48229 22.78768
v -20.9902 26.48229 22.78768
v -17.65074 28.53439 22.15527
v -18.95728 27.12729 20.43774
v -21.75429 29.11669 15.32285
v -23.77558 28.55399 16.61149
v -12.54147 29.80379 19.92984
v -13.18123 29.35249 24.62498
v -23.51446 24.18019 28.32119
v -26.02626 23.80099 26.69601
v -25.36219 23.47049 27.98052
v -19.97453 32.63799 19.79617
v -19.09131 32.15399 22.76628
v -16.95732 33.17899 19.45668
v -22.25839 30.79729 23.4393
v -15.04251 33.14329 16.27269
v -12.62667 32.08499 24.89731
v -14.21325 31.07249 26.24701
v -16.57257 29.96359 27.7689
v -19.84515 28.44759 28.76241
v -22.33329 27.25629 29.0352
v -23.61372 26.90309 28.72625
v -25.56912 25.56639 28.4341
v -25.29613 26.82079 27.52459
v -26.63681 26.66249 26.4008
v -26.9228 28.48499 22.71088
v -26.42769 29.48249 19.99596
v -25.20922 30.65349 17.36851
v -23.5563 31.69949 14.98595
v -21.98853 32.27299 14.45881
v -16.19823 31.08609 13.60894
v -19.23826 29.67939 14.55894
v -15.47016 32.32329 13.89166
v -12.3339 30.93969 22.6516
v -13.18123 29.35249 24.62498
v -15.14131 28.17299 26.01838
v -15.00397 29.12079 26.4055
v -13.18123 29.35249 24.62498
v -18.38377 26.65949 27.52338
v -17.21214 28.12199 27.6314
v -19.63324 26.99659 28.3344
v -23.51446 24.18019 28.32119
v -22.07663 25.81209 28.74099
v -24.00974 24.70799 28.64344
v -25.36219 23.47049 27.98052
v -25.54383 24.13219 28.21651
v -25.54383 24.13219 28.21651
v -25.36219 23.47049 27.98052
v -26.02626 23.80099 26.69601
v -26.19189 24.73139 27.49698
v -26.64 25.75169 25.68555
v -26.02626 23.80099 26.69601
v -25.99266 25.91649 22.26057
v -26.58081 27.03139 22.46316
v -26.01154 27.97609 19.91603
v -23.77558 28.55399 16.61149
v -24.8632 29.07899 17.45763
v -23.3667 30.06899 15.22985
v -21.75429 29.11669 15.32285
v -21.70399 29.92759 14.82448
v -21.98853 32.27299 14.45881
v -21.53535 31.36029 14.39676
v -23.5563 31.69949 14.98595
v -26.9228 28.48499 22.71088
v -26.42769 29.48249 19.99596
v -26.63681 26.66249 26.4008
v -25.56912 25.56639 28.4341
v -23.61372 26.90309 28.72625
v -24.13293 25.99339 28.84674
v -22.33329 27.25629 29.0352
v -14.21325 31.07249 26.24701
v -12.62667 32.08499 24.89731
v -12.72223 31.05429 24.8578
v -12.72223 31.05429 24.8578
v -12.62667 32.08499 24.89731
v -12.11907 31.07939 17.55919
v -12.53245 29.85699 17.47556
v -11.91048 32.18459 17.22915
v -23.5563 31.69949 14.98595
v -25.20922 30.65349 17.36851
v -25.56912 25.56639 28.4341
v -24.13293 25.99339 28.84674
v -22.33329 27.25629 29.0352
v -19.84515 28.44759 28.76241
v -16.57257 29.96359 27.7689
v -15.47016 32.32329 13.89166
v -10.62637 29.88079 10.17714
v -10.13561 30.61859 9.510551
v -9.231122 30.52409 7.568608
v -9.620967 31.71849 9.033882
v -8.66571 31.94359 6.912573
v -10.05841 32.60279 9.729812
v -8.984632 32.73529 7.649151
v -8.984632 32.73529 7.649151
v -10.05841 32.60279 9.729812
v -10.88434 33.06569 8.76668
v -10.38184 32.81319 6.120619
v -16.61986 33.06609 8.994197
v -14.82786 33.20389 9.802889
v -16.55825 32.71379 11.24691
v -19.40517 32.57649 9.731639
v -16.55825 32.71379 11.24691
v -16.32391 31.46729 11.58139
v -17.96854 31.21499 10.60616
v -19.40517 32.57649 9.731639
v -17.52575 29.80379 10.25377
v -13.10804 33.14329 9.916394
v -12.20209 32.70959 11.29078
v -15.50239 32.18459 12.15057
v -17.86967 30.27649 0.02383987
v -17.97893 28.47539 -2.416331
v -17.01352 29.62319 -0.184285
v -14.85137 31.68149 4.505927
v -16.29799 31.38909 2.798273
v -14.43807 32.83879 6.700862
v -13.26704 33.01169 8.128825
v -13.66871 33.24399 8.736691
v -14.90803 33.17899 6.666118
v -12.81051 33.29179 7.827674
v -13.26704 33.01169 8.128825
v -14.85137 31.68149 4.505927
v -14.70479 31.69639 3.386573
v -17.01352 29.62319 -0.184285
v -16.46423 30.04979 -0.2322626
v -17.23164 28.88509 -2.04203
v -17.97893 28.47539 -2.416331
v -12.85172 28.11909 6.667897
v -11.77401 27.54379 8.853571
v -11.38404 29.81279 8.465877
v -13.1809 26.81649 7.85214
v -14.18656 27.11949 6.167367
v -13.1809 26.81649 7.85214
v -14.18656 27.11949 6.167367
v -14.03169 26.83379 7.202468
v -13.95482 26.34799 8.028102
v -15.3632 27.30949 5.687209
v -15.15736 27.51129 8.127334
v -13.95482 26.34799 8.028102
v -14.03169 26.83379 7.202468
v -15.3632 27.30949 5.687209
v -15.15736 27.51129 8.127334
v -14.03169 26.83379 7.202468
v -15.44909 27.92879 9.906018
v -16.01844 29.16939 8.550723
v -16.05222 29.71729 9.139445
v -17.27015 29.38639 7.817198
v -16.59634 29.84429 10.17016
v -15.12251 26.76779 11.10493
v -14.8028 26.13689 9.835833
v -15.40479 29.85699 11.48873
v -16.12428 27.34999 3.882527
v -16.90018 27.16919 2.135533
v -16.45931 28.16929 5.343128
v -12.81665 28.92529 5.035862
v -13.76853 28.06009 3.770975
v -11.00706 26.87559 9.939044
v -10.62637 29.88079 10.17714
v -16.05222 29.71729 9.139445
v -13.82103 24.02259 10.13742
v -14.8028 26.13689 9.835834
v -13.82103 24.02259 10.13742
v -13.58212 24.92699 9.253072
v -13.58212 24.92699 9.253072
v -13.82103 24.02259 10.13742
v -12.26742 24.43869 9.742065
v -12.66788 25.54449 9.069592
v -12.66788 25.54449 9.069592
v -12.26742 24.43869 9.742065
v -10.62637 29.88079 10.17714
v -9.526003 29.67939 7.139664
v -10.6942 29.79769 8.193866
v -10.48517 28.90609 3.765287
v -15.40479 29.85699 11.48873
v -11.38404 29.81279 8.465877
v -16.89837 28.53439 4.716295
v -19.72324 28.86769 6.32872
v -21.49864 28.17299 4.957943
v -19.76365 27.57729 2.952543
v -17.56853 26.01049 -0.972987
v -21.18075 26.65949 1.397395
v -18.82028 25.73449 -1.04489
v -16.66182 25.53029 -2.061148
v -14.32566 27.63579 1.464602
v -12.99037 26.90739 -0.5530914
v -12.81665 28.92529 5.035862
v -11.39065 31.61689 1.510911
v -13.69342 32.63799 3.883399
v -15.70652 30.79729 0.08394144
v -12.74399 30.57959 -0.5706816
v -14.49666 29.46519 -2.078876
v -17.23164 28.88509 -2.04203
v -15.9463 27.88649 -3.848831
v -19.76864 29.18229 -0.7239474
v -17.86967 30.27649 0.02383987
v -16.70722 32.15399 3.16322
v -19.65615 31.65429 4.094017
v -19.94475 30.65909 1.855386
v -19.89969 32.36539 6.849617
v -17.76327 32.84919 7.562863
v -12.81051 33.29179 7.827674
v -9.570573 32.24529 3.535097
v -17.11839 24.26479 -3.908939
v -12.81857 25.91649 -2.560652
v -16.54524 25.66449 -1.3061
v -17.10381 25.79459 -0.8692876
v -16.66182 25.53029 -2.061148
v -17.56853 26.01049 -0.972987
v -14.32566 27.63579 1.464602
v -14.91166 27.08839 1.231128
v -16.66182 25.53029 -2.061148
v -16.54524 25.66449 -1.3061
v -14.75767 27.12729 4.443575
v -15.7763 26.48229 1.508039
v -15.7763 26.48229 1.508039
v -15.7763 26.48229 1.508039
v -16.89837 28.53439 4.716295
v -14.75767 27.12729 4.443575
v -8.929537 29.11669 4.578764
v -9.034883 28.55399 2.183951
v -17.52575 29.80379 10.25377
v -21.27197 29.35249 7.35213
v -19.30632 24.18019 -3.444808
v -16.64296 23.80099 -4.80749
v -18.08741 23.47049 -4.874645
v -13.69342 32.63799 3.883399
v -16.70722 32.15399 3.16322
v -14.90803 33.17899 6.666118
v -15.70652 30.79729 0.08394144
v -13.10804 33.14329 9.916394
v -21.78509 32.08499 7.696225
v -22.16066 31.07249 5.647353
v -22.29898 29.96359 2.843176
v -21.52308 28.44759 -0.4877099
v -20.51524 27.25629 -2.778895
v -19.60747 26.90309 -3.733298
v -18.37675 25.56639 -5.280646
v -17.72559 26.82079 -4.589476
v -16.08203 26.66249 -5.188629
v -12.74347 28.48499 -3.591332
v -10.63984 29.48249 -1.805089
v -8.973647 30.65349 0.5638785
v -7.736767 31.69949 3.186631
v -8.064137 32.27299 4.80793
v -10.2233 31.08609 10.2474
v -9.526003 29.67939 7.139664
v -10.83218 32.32329 10.73656
v -19.98664 30.93969 9.072634
v -21.27197 29.35249 7.35213
v -21.49863 28.17299 4.957944
v -21.90256 29.12079 4.883323
v -21.27197 29.35249 7.35213
v -21.18075 26.65949 1.397395
v -21.86012 28.12199 2.358043
v -21.25838 26.99659 -0.09018792
v -19.30632 24.18019 -3.444808
v -20.38879 25.81209 -2.409518
v -19.33775 24.70799 -4.03486
v -18.08741 23.47049 -4.874645
v -18.20096 24.13219 -5.149947
v -18.20096 24.13219 -5.149947
v -18.08741 23.47049 -4.874645
v -16.64296 23.80099 -4.80749
v -17.25381 24.73139 -5.351415
v -15.46101 25.75169 -4.833762
v -16.64296 23.80099 -4.80749
v -12.81857 25.91649 -2.560652
v -12.69994 27.03139 -3.1713
v -10.77869 27.97609 -1.404724
v -9.034883 28.55399 2.183951
v -9.223841 29.07899 0.8189809
v -8.04279 30.06899 3.228873
v -8.929537 29.11669 4.578764
v -8.523092 29.92759 4.871503
v -8.064137 32.27299 4.80793
v -8.236989 31.36029 5.231415
v -7.736767 31.69949 3.186631
v -12.74347 28.48499 -3.591332
v -10.63984 29.48249 -1.805088
v -16.08203 26.66249 -5.188629
v -18.37675 25.56639 -5.280646
v -19.60747 26.90309 -3.733298
v -19.45221 25.99339 -4.243197
v -20.51524 27.25629 -2.778895
v -22.16066 31.07249 5.647353
v -21.78509 32.08499 7.696225
v -21.70309 31.05429 7.63322
v -21.70309 31.05429 7.63322
v -21.78509 32.08499 7.696225
v -15.68392 31.07939 11.80491
v -15.40479 29.85699 11.48873
v -15.50239 32.18459 12.15057
v -7.736767 31.69949 3.186631
v -8.973647 30.65349 0.5638785
v -18.37675 25.56639 -5.280646
v -19.45221 25.99339 -4.243197
v -20.51524 27.25629 -2.778895
v -21.52308 28.44759 -0.4877099
v -22.29898 29.96359 2.843176
v -10.83218 32.32329 10.73656
v 9.962721 28.2308 -23.21137
v 10.29463 28.9686 -22.45308
v 11.52415 28.8741 -20.6988
v 10.45011 30.0685 -21.76905
v 11.80959 30.2936 -19.88113
v 10.06614 30.9528 -22.49584
v 11.33116 31.0853 -20.52561
v 11.33116 31.0853 -20.52561
v 10.06614 30.9528 -22.49584
v 11.3132 31.4157 -22.72956
v 13.3535 31.1632 -20.97136
v 13.9839 31.4161 -27.81041
v 12.38756 31.5539 -26.66284
v 12.0022 31.0638 -28.8834
v 14.7379 30.9265 -30.59127
v 12.0022 31.0638 -28.8834
v 11.59536 29.8173 -28.84769
v 13.26224 29.565 -29.78437
v 14.7379 30.9265 -30.59127
v 13.34603 28.1538 -29.22471
v 11.42936 31.4933 -25.23019
v 9.786134 31.0596 -25.1328
v 10.69168 30.5346 -28.42083
v 22.37733 28.6265 -24.40763
v 24.54521 26.8254 -23.28217
v 22.12951 27.9732 -23.56212
v 16.98661 30.0315 -24.03473
v 19.18878 29.7391 -24.43372
v 14.8791 31.1888 -24.77427
v 13.05694 31.3617 -24.47411
v 12.73135 31.594 -25.12589
v 15.14416 31.529 -25.16389
v 13.08948 31.6418 -23.92817
v 13.05694 31.3617 -24.47411
v 16.98661 30.0315 -24.03473
v 17.88271 30.0464 -23.34813
v 22.12951 27.9732 -23.56212
v 21.89642 28.3998 -23.06244
v 23.84742 27.2351 -22.82216
v 24.54521 26.8254 -23.28217
v 14.11447 26.4691 -23.38397
v 11.68278 25.8938 -23.54348
v 11.82355 28.1628 -23.01191
v 13.25348 25.1665 -24.26117
v 15.21536 25.4695 -24.28971
v 13.25348 25.1665 -24.26117
v 15.21536 25.4695 -24.28971
v 14.24151 25.1838 -24.67314
v 13.48805 24.698 -25.01938
v 16.21951 25.6595 -25.06863
v 14.00338 25.8613 -26.11042
v 13.48805 24.698 -25.01938
v 14.24151 25.1838 -24.67314
v 16.21951 25.6595 -25.06863
v 14.00338 25.8613 -26.11042
v 14.24151 25.1838 -24.67314
v 12.60886 26.2788 -27.2524
v 14.06725 27.5194 -27.06783
v 13.5743 28.0673 -27.39145
v 15.32835 27.7364 -27.78508
v 12.95373 28.1943 -28.37802
v 11.40729 25.1178 -27.56903
v 12.3465 24.4869 -26.65761
v 11.21605 28.207 -28.00539
v 18.16294 25.7 -24.82541
v 20.06382 25.5192 -24.62387
v 17.06554 26.5193 -25.84585
v 15.51032 27.2753 -22.53759
v 17.08167 26.4101 -22.7295
v 10.35926 25.2256 -23.42201
v 9.962721 28.2308 -23.21137
v 13.5743 28.0673 -27.39145
v 11.59444 22.3726 -25.95816
v 12.3465 24.4869 -26.65761
v 11.59444 22.3726 -25.95816
v 12.24085 23.277 -25.30909
v 12.24085 23.277 -25.30909
v 11.59444 22.3726 -25.95816
v 11.16002 22.7887 -24.41502
v 11.94263 23.8945 -24.4256
v 11.94263 23.8945 -24.4256
v 11.16002 22.7887 -24.41502
v 9.962721 28.2308 -23.21137
v 12.04307 28.0294 -20.73971
v 11.7142 28.1477 -22.27849
v 15.44494 27.2561 -19.88319
v 11.21605 28.207 -28.00539
v 11.82355 28.1628 -23.01191
v 17.82791 26.8844 -25.91267
v 17.84394 27.2177 -29.16528
v 19.91876 26.523 -30.01743
v 20.788 25.9273 -27.5122
v 23.09004 24.3605 -23.64843
v 22.84333 25.0095 -27.96188
v 23.77818 24.0845 -24.69652
v 23.57907 23.8803 -22.31912
v 19.35761 25.9858 -22.05881
v 20.43734 25.2574 -19.89358
v 15.51032 27.2753 -22.53759
v 17.85002 29.9669 -19.54018
v 16.94676 30.988 -22.72066
v 21.24372 29.1473 -22.56435
v 20.32938 28.9296 -19.67141
v 22.51184 27.8152 -20.43517
v 23.84742 27.2351 -22.82216
v 24.76948 26.2365 -20.80563
v 23.97441 27.5323 -25.67829
v 22.37733 28.6265 -24.40763
v 19.07734 30.504 -24.9706
v 19.7457 30.0043 -27.98984
v 21.8287 29.0091 -27.12046
v 17.48106 30.7154 -29.57854
v 15.79517 31.1992 -28.08497
v 13.08948 31.6418 -23.92817
v 15.18699 30.5953 -18.97603
v 25.40758 22.6148 -21.79063
v 22.09004 24.2665 -18.74102
v 22.86689 24.0145 -22.59568
v 22.76788 24.1446 -23.29782
v 23.57907 23.8803 -22.31912
v 23.09004 24.3605 -23.64843
v 19.35761 25.9858 -22.05881
v 19.8528 25.4384 -22.44957
v 23.57907 23.8803 -22.31912
v 22.86689 24.0145 -22.59568
v 16.99376 25.4773 -23.92242
v 20.04531 24.8323 -23.33682
v 20.04531 24.8323 -23.33682
v 20.04531 24.8323 -23.33682
v 17.82791 26.8844 -25.91267
v 16.99376 25.4773 -23.92242
v 13.96264 27.4667 -18.94271
v 16.08927 26.904 -17.83655
v 13.34603 28.1538 -29.22471
v 17.732 27.7025 -31.01822
v 19.91876 26.523 -30.01743
v 26.09958 22.5302 -23.91749
v 25.94803 22.151 -20.92962
v 26.72841 21.8205 -22.14698
v 16.94676 30.988 -22.72066
v 19.07734 30.504 -24.9706
v 15.14416 31.529 -25.16389
v 21.24372 29.1473 -22.56435
v 11.42936 31.4933 -25.23019
v 17.69057 30.435 -31.63464
v 19.65273 29.4225 -30.93546
v 22.15037 28.3136 -29.65317
v 24.64704 26.7976 -27.3158
v 26.12735 25.6063 -25.2974
v 26.5 25.2531 -24.03405
v 27.22468 23.9164 -22.19455
v 26.30054 25.1708 -21.97622
v 25.99764 25.0125 -20.25327
v 22.94508 26.835 -18.16065
v 20.34635 27.8325 -17.23198
v 17.46168 29.0035 -16.97349
v 14.57188 30.0495 -17.21369
v 13.33148 30.623 -18.30784
v 9.70034 29.4361 -22.89744
v 12.04307 28.0294 -20.73971
v 9.581157 30.6733 -23.66932
v 15.59935 29.2897 -30.76534
v 17.732 27.7025 -31.01822
v 19.91876 26.523 -30.01743
v 20.18534 27.4708 -30.32993
v 17.732 27.7025 -31.01822
v 22.84333 25.0095 -27.96188
v 22.35107 26.472 -29.03055
v 24.17043 25.3466 -27.28532
v 26.09958 22.5302 -23.91749
v 25.74423 24.1621 -25.37258
v 26.6263 23.058 -23.64968
v 26.72841 21.8205 -22.14698
v 27.0236 22.4822 -22.10766
v 27.0236 22.4822 -22.10766
v 26.72841 21.8205 -22.14698
v 25.94803 22.151 -20.92962
v 26.7245 23.0814 -21.18667
v 25.37981 24.1017 -19.89289
v 25.94803 22.151 -20.92962
v 22.09004 24.2665 -18.74102
v 22.55956 25.3814 -18.33297
v 20.06905 26.3261 -17.5524
v 16.08927 26.904 -17.83655
v 17.36585 27.429 -17.31771
v 14.6883 28.419 -17.49983
v 13.96264 27.4667 -18.94271
v 13.5059 28.2776 -18.73709
v 13.33148 30.623 -18.30784
v 13.05115 29.7103 -18.66927
v 14.57188 30.0495 -17.21369
v 22.94508 26.835 -18.16065
v 20.34635 27.8325 -17.23198
v 25.99764 25.0125 -20.25327
v 27.22468 23.9164 -22.19455
v 26.5 25.2531 -24.03405
v 26.86395 24.3434 -23.64465
v 26.12735 25.6063 -25.2974
v 19.65273 29.4225 -30.93546
v 17.69057 30.435 -31.63464
v 17.70413 29.4043 -31.53212
v 17.70413 29.4043 -31.53212
v 17.69057 30.435 -31.63464
v 11.08179 29.4294 -28.4052
v 11.21605 28.207 -28.00539
v 10.69168 30.5346 -28.42083
v 14.57188 30.0495 -17.21369
v 17.46168 29.0035 -16.97349
v 27.22468 23.9164 -22.19455
v 26.86395 24.3434 -23.64465
v 26.12735 25.6063 -25.2974
v 24.64704 26.7976 -27.3158
v 22.15037 28.3136 -29.65317
v 9.581157 30.6733 -23.66932
v 6.216291 15 -25.07485
v 5.84696 15 -25.7623
v 7.75957 15 -26.34705
v 6.820636 15 -24.58117
v 7.567859 15 -24.35621
v 8.344315 15 -24.43444
v 9.031771 15 -24.80377
v 9.525449 15 -25.40811
v 9.750412 15 -26.15534
v 9.67218 15 -26.93179
v 9.302849 15 -27.61925
v 8.698504 15 -28.11293
v 7.951281 15 -28.33789
v 7.174826 15 -28.25966
v 6.48737 15 -27.89033
v 5.993691 15 -27.28598
v 5.768728 15 -26.53876
v 5.84696 15 -25.7623
v 6.216291 15 -25.07485
v 6.216291 2.192113E-06 -25.07485
v 5.84696 2.252212E-06 -25.76231
v 6.820636 15 -24.58117
v 6.820636 2.148954E-06 -24.58117
v 7.567859 15 -24.35621
v 7.567859 2.129287E-06 -24.35621
v 8.344315 15 -24.43444
v 8.344315 2.136127E-06 -24.43444
v 9.031771 15 -24.80377
v 9.031771 2.168415E-06 -24.80377
v 9.525449 15 -25.40811
v 9.525449 2.221248E-06 -25.40812
v 9.750412 15 -26.15534
v 9.750412 2.286572E-06 -26.15534
v 9.67218 15 -26.93179
v 9.67218 2.354452E-06 -26.93179
v 9.302849 15 -27.61925
v 9.302849 2.414552E-06 -27.61925
v 8.698504 15 -28.11293
v 8.698504 2.45771E-06 -28.11293
v 7.951281 15 -28.33789
v 7.951281 2.477377E-06 -28.33789
v 7.174826 15 -28.25966
v 7.174826 2.470538E-06 -28.25966
v 6.487369 15 -27.89033
v 6.487369 2.43825E-06 -27.89033
v 5.993691 15 -27.28598
v 5.993691 2.385416E-06 -27.28598
v 5.768728 15 -26.53876
v 5.768728 2.320092E-06 -26.53876
v 3.93435 2.201092E-06 -25.17756
v 4.673012 2.080893E-06 -23.80265
v 4.673012 30.5 -23.80264
v 3.93435 30.5 -25.17756
v 5.881702 1.994576E-06 -22.81529
v 5.881702 30.5 -22.81529
v 7.376148 1.955242E-06 -22.36537
v 7.376148 30.5 -22.36536
v 8.929058 1.968921E-06 -22.52183
v 8.929058 30.5 -22.52183
v 10.30397 2.033497E-06 -23.26049
v 10.30397 30.5 -23.26049
v 11.29133 2.139164E-06 -24.46918
v 11.29133 30.5 -24.46918
v 11.74125 2.269812E-06 -25.96363
v 11.74125 30.5 -25.96362
v 11.58479 2.405572E-06 -27.51654
v 11.58479 30.5 -27.51653
v 10.84613 2.525771E-06 -28.89145
v 10.84613 30.5 -28.89145
v 9.637438 2.612088E-06 -29.87881
v 9.637438 30.5 -29.87881
v 8.142992 2.651422E-06 -30.32873
v 8.142992 30.5 -30.32873
v 6.590082 2.637744E-06 -30.17227
v 6.590082 30.5 -30.17227
v 5.215168 2.573168E-06 -29.43361
v 5.215168 30.5 -29.43361
v 4.227812 2.467501E-06 -28.22492
v 4.227812 30.5 -28.22491
v 3.777886 2.336852E-06 -26.73047
v 3.777886 30.5 -26.73047
v 8.929058 1.968921E-06 -22.52183
v 8.344315 2.136127E-06 -24.43444
v 9.031771 2.168415E-06 -24.80377
v 10.30397 2.033497E-06 -23.26049
v 9.525449 2.221248E-06 -25.40812
v 11.29133 2.139164E-06 -24.46918
v 9.750412 2.286572E-06 -26.15534
v 11.74125 2.269812E-06 -25.96363
v 9.67218 2.354452E-06 -26.93179
v 11.58479 2.405572E-06 -27.51654
v 9.302849 2.414552E-06 -27.61925
v 10.84613 2.525771E-06 -28.89145
v 8.698504 2.45771E-06 -28.11293
v 9.637438 2.612088E-06 -29.87881
v 7.951281 2.477377E-06 -28.33789
v 8.142992 2.651422E-06 -30.32873
v 7.174826 2.470538E-06 -28.25966
v 6.590082 2.637744E-06 -30.17227
v 6.487369 2.43825E-06 -27.89033
v 5.215168 2.573168E-06 -29.43361
v 5.993691 2.385416E-06 -27.28598
v 4.227812 2.467501E-06 -28.22492
v 5.768728 2.320092E-06 -26.53876
v 3.777886 2.336852E-06 -26.73047
v 5.84696 2.252212E-06 -25.76231
v 3.93435 2.201092E-06 -25.17756
v 6.216291 2.192113E-06 -25.07485
v 4.673012 2.080893E-06 -23.80265
v 6.820636 2.148954E-06 -24.58117
v 5.881702 1.994576E-06 -22.81529
v 7.567859 2.129287E-06 -24.35621
v 7.376148 1.955242E-06 -22.36537
v 4.673012 30.5 -23.80264
v 6.216291 31.3 -25.07485
v 5.84696 31.3 -25.7623
v 3.93435 30.5 -25.17756
v 5.881702 30.5 -22.81529
v 6.820636 31.3 -24.58117
v 7.376148 30.5 -22.36536
v 7.567859 31.3 -24.3562
v 8.929058 30.5 -22.52183
v 8.344315 31.3 -24.43444
v 10.30397 30.5 -23.26049
v 9.031771 31.3 -24.80377
v 11.29133 30.5 -24.46918
v 9.525449 31.3 -25.40811
v 11.74125 30.5 -25.96362
v 9.750412 31.3 -26.15534
v 11.58479 30.5 -27.51653
v 9.67218 31.3 -26.93179
v 10.84613 30.5 -28.89145
v 9.302849 31.3 -27.61925
v 9.637438 30.5 -29.87881
v 8.698504 31.3 -28.11293
v 8.142992 30.5 -30.32873
v 7.951281 31.3 -28.33789
v 6.590082 30.5 -30.17227
v 7.174826 31.3 -28.25966
v 5.215168 30.5 -29.43361
v 6.487369 31.3 -27.89033
v 4.227812 30.5 -28.22491
v 5.993691 31.3 -27.28598
v 3.777886 30.5 -26.73047
v 5.768728 31.3 -26.53876
v 6.216291 24 -25.07485
v 5.84696 24 -25.7623
v 7.75957 24 -26.34705
v 6.820636 24 -24.58117
v 7.567859 24 -24.3562
v 8.344315 24 -24.43444
v 9.031771 24 -24.80377
v 9.525449 24 -25.40811
v 9.750412 24 -26.15534
v 9.67218 24 -26.93179
v 9.302849 24 -27.61925
v 8.698504 24 -28.11293
v 7.951281 24 -28.33789
v 7.174826 24 -28.25966
v 6.48737 24 -27.89033
v 5.993691 24 -27.28598
v 5.768728 24 -26.53876
v 5.84696 24 -25.7623
v 6.216291 24 -25.07485
v 6.216291 31.3 -25.07485
v 5.84696 31.3 -25.7623
v 6.820636 24 -24.58117
v 6.820636 31.3 -24.58117
v 7.567859 24 -24.3562
v 7.567859 31.3 -24.3562
v 8.344315 24 -24.43444
v 8.344315 31.3 -24.43444
v 9.031771 24 -24.80377
v 9.031771 31.3 -24.80377
v 9.525449 24 -25.40811
v 9.525449 31.3 -25.40811
v 9.750412 24 -26.15534
v 9.750412 31.3 -26.15534
v 9.67218 24 -26.93179
v 9.67218 31.3 -26.93179
v 9.302849 24 -27.61925
v 9.302849 31.3 -27.61925
v 8.698504 24 -28.11293
v 8.698504 31.3 -28.11293
v 7.951281 24 -28.33789
v 7.951281 31.3 -28.33789
v 7.174826 24 -28.25966
v 7.174826 31.3 -28.25966
v 6.487369 24 -27.89033
v 6.487369 31.3 -27.89033
v 5.993691 24 -27.28598
v 5.993691 31.3 -27.28598
v 5.768728 24 -26.53876
v 5.768728 31.3 -26.53876
v 3.942405 28.2308 -26.00689
v 3.119747 28.9686 -26.0986
v 0.9857284 28.8741 -25.91093
v 2.449614 30.0685 -26.30596
v 0.1348788 30.2936 -26.07257
v 3.271026 30.9528 -26.27509
v 0.9322347 31.0853 -26.16467
v 0.9322347 31.0853 -26.16467
v 3.271026 30.9528 -26.27509
v 2.849903 31.4157 -25.07824
v 0.3070998 31.1632 -24.19038
v 5.91472 31.4161 -20.22491
v 5.71906 31.5539 -22.18117
v 7.834814 31.0638 -21.40463
v 7.946027 30.9265 -18.18149
v 7.834814 31.0638 -21.40463
v 8.007308 29.8173 -21.77482
v 7.985059 29.565 -19.86291
v 7.946027 30.9265 -18.18149
v 7.458485 28.1538 -20.07018
v 4.957442 31.4933 -23.72733
v 5.694714 31.0596 -25.19911
v 8.089473 30.5346 -22.77087
v -1.22891 28.6265 -14.65734
v -3.287523 26.8254 -13.34262
v -1.837226 27.9732 -15.29471
v 1.14352 30.0315 -19.51231
v 0.3879689 29.7391 -17.40567
v 2.837737 31.1888 -20.96771
v 3.488866 31.3617 -22.69584
v 4.216128 31.594 -22.65192
v 3.042629 31.529 -20.54334
v 2.999794 31.6418 -22.94063
v 3.488866 31.3617 -22.69584
v 1.14352 30.0315 -19.51231
v 0.100847 30.0464 -19.07957
v -1.837226 27.9732 -15.29471
v -2.153422 28.3998 -15.74642
v -3.337013 27.2351 -14.17694
v -3.287523 26.8254 -13.34262
v 2.016003 26.4691 -22.32505
v 3.369991 25.8938 -24.35121
v 2.839251 28.1628 -24.49509
v 3.206181 25.1665 -22.63209
v 2.249962 25.4695 -20.91878
v 3.206181 25.1665 -22.63209
v 2.249962 25.4695 -20.91878
v 3.068949 25.1838 -21.57045
v 3.74553 24.698 -22.04984
v 2.422457 25.6595 -19.6597
v 4.43274 25.8613 -21.05803
v 3.74553 24.698 -22.04984
v 3.068949 25.1838 -21.57045
v 2.422457 25.6595 -19.6597
v 4.43274 25.8613 -21.05803
v 3.068949 25.1838 -21.57045
v 6.11899 26.2788 -21.69474
v 5.229949 27.5194 -20.52402
v 5.756687 28.0673 -20.78912
v 5.22056 27.7364 -19.07324
v 6.921371 28.1943 -20.83326
v 6.993988 25.1178 -22.57702
v 5.735058 24.4869 -22.21935
v 7.467502 28.207 -22.52446
v 1.240103 25.7 -18.09824
v 0.1151197 25.5192 -16.55279
v 2.672535 26.5193 -18.5384
v 0.5850922 27.2753 -21.53939
v -0.03438967 26.4101 -20.0826
v 3.926556 25.2256 -25.55815
v 3.942405 28.2308 -26.00689
v 5.756687 28.0673 -20.78912
v 5.505351 22.3726 -23.22038
v 5.735059 24.4869 -22.21935
v 5.505351 22.3726 -23.22038
v 4.62003 23.277 -22.9851
v 4.62003 23.277 -22.9851
v 5.505351 22.3726 -23.22038
v 4.386152 22.7887 -24.36816
v 4.004007 23.8945 -23.68512
v 4.004007 23.8945 -23.68512
v 4.386152 22.7887 -24.36816
v 3.942405 28.2308 -26.00689
v 0.7616945 28.0294 -25.44108
v 2.258763 28.1477 -24.9565
v -1.681008 27.2561 -22.92322
v 7.467502 28.207 -22.52446
v 2.839251 28.1628 -24.49509
v 2.349211 26.8844 -17.84475
v 5.158056 27.2177 -16.20456
v 4.858638 26.523 -13.98164
v 2.254417 25.9273 -14.48146
v -2.242752 24.3605 -14.41971
v 1.616177 25.0095 -12.47664
v -1.679144 24.0845 -13.29972
v -3.638484 23.8803 -14.66086
v -1.753193 25.9858 -18.44691
v -4.168211 25.2574 -18.59445
v 0.5850922 27.2753 -21.53939
v -3.180605 29.9669 -21.01185
v 0.02541972 30.988 -20.20386
v -2.258439 29.1473 -16.56072
v -4.306638 28.9296 -18.79903
v -4.736427 27.8152 -16.52707
v -3.337013 27.2351 -14.17694
v -5.54442 26.2365 -14.38666
v -0.9270176 27.5323 -12.63889
v -1.22891 28.6265 -14.65734
v 0.9086387 30.504 -17.23374
v 3.189209 30.0043 -15.1453
v 1.394801 29.0091 -13.77605
v 5.697394 30.7154 -16.3122
v 5.246862 31.1992 -18.51901
v 2.999794 31.6418 -22.94063
v -2.337659 30.5953 -23.60018
v -5.010425 22.6148 -13.34155
v -5.992709 24.2665 -17.73945
v -3.042883 24.0145 -15.13934
v -2.38531 24.1446 -14.87402
v -3.638484 23.8803 -14.66086
v -2.242752 24.3605 -14.41971
v -1.753193 25.9858 -18.44691
v -1.662384 25.4384 -17.82269
v -3.638484 23.8803 -14.66086
v -3.042883 24.0145 -15.13934
v 1.042675 25.4773 -19.56228
v -0.9902486 24.8323 -17.21234
v -0.9902486 24.8323 -17.21234
v -0.9902486 24.8323 -17.21234
v 2.349211 26.8844 -17.84475
v 1.042675 25.4773 -19.56228
v -1.754339 27.4667 -24.67717
v -3.77563 26.904 -23.38853
v 7.458485 28.1538 -20.07018
v 6.818724 27.7025 -15.37504
v -3.514507 22.5302 -11.67883
v -6.02631 22.151 -13.30401
v -5.362237 21.8205 -12.0195
v 0.02541972 30.988 -20.20386
v 0.9086387 30.504 -17.23374
v 3.042629 31.529 -20.54334
v -2.258439 29.1473 -16.56072
v 4.957442 31.4933 -23.72733
v 7.373281 30.435 -15.10271
v 5.786699 29.4225 -13.75301
v 3.427376 28.3136 -12.23112
v 0.1548008 26.7976 -11.23761
v -2.333343 25.6063 -10.96482
v -3.613767 25.2531 -11.27377
v -5.569171 23.9164 -11.56592
v -5.296183 25.1708 -12.47543
v -6.636856 25.0125 -13.59922
v -6.922848 26.835 -17.28914
v -6.427742 27.8325 -20.00406
v -5.209268 29.0035 -22.63152
v -3.556348 30.0495 -25.01407
v -1.98858 30.623 -25.54121
v 3.801722 29.4361 -26.39108
v 0.7616945 28.0294 -25.44108
v 4.529788 30.6733 -26.10836
v 7.666052 29.2897 -17.34842
v 6.818724 27.7025 -15.37504
v 4.858638 26.523 -13.98164
v 4.995978 27.4708 -13.59452
v 6.818724 27.7025 -15.37504
v 1.616177 25.0095 -12.47664
v 2.787811 26.472 -12.36862
v 0.3667106 25.3466 -11.66562
v -3.514507 22.5302 -11.67883
v -2.076683 24.1621 -11.25903
v -4.009791 23.058 -11.35658
v -5.362237 21.8205 -12.0195
v -5.543877 22.4822 -11.78351
v -5.543877 22.4822 -11.78351
v -5.362237 21.8205 -12.0195
v -6.02631 22.151 -13.30401
v -6.191936 23.0814 -12.50304
v -6.640044 24.1017 -14.31447
v -6.02631 22.151 -13.30401
v -5.992709 24.2665 -17.73945
v -6.580858 25.3814 -17.53686
v -6.011593 26.3261 -20.08399
v -3.77563 26.904 -23.38853
v -4.863245 27.429 -22.54239
v -3.366753 28.419 -24.77017
v -1.754339 27.4667 -24.67717
v -1.704044 28.2776 -25.17554
v -1.98858 30.623 -25.54121
v -1.535405 29.7103 -25.60326
v -3.556348 30.0495 -25.01407
v -6.922848 26.835 -17.28914
v -6.427742 27.8325 -20.00406
v -6.636856 25.0125 -13.59922
v -5.569171 23.9164 -11.56592
v -3.613767 25.2531 -11.27377
v -4.132982 24.3434 -11.15328
v -2.333343 25.6063 -10.96482
v 5.786699 29.4225 -13.75301
v 7.373281 30.435 -15.10271
v 7.277719 29.4043 -15.14222
v 7.277719 29.4043 -15.14222
v 7.373281 30.435 -15.10271
v 7.880885 29.4294 -22.44083
v 7.467502 28.207 -22.52446
v 8.089473 30.5346 -22.77087
v -3.556348 30.0495 -25.01407
v -5.209268 29.0035 -22.63152
v -5.569171 23.9164 -11.56592
v -4.132982 24.3434 -11.15328
v -2.333343 25.6063 -10.96482
v 0.1548008 26.7976 -11.23761
v 3.427376 28.3136 -12.23112
v 4.529788 30.6733 -26.10836
v 9.373584 28.2308 -29.82288
v 9.864336 28.9686 -30.48947
v 10.76883 28.8741 -32.43141
v 10.37898 30.0685 -30.96614
v 11.33424 30.2936 -33.08745
v 9.941544 30.9528 -30.27021
v 11.01532 31.0853 -32.35087
v 11.01532 31.0853 -32.35087
v 9.941544 30.9528 -30.27021
v 9.115608 31.4157 -31.23334
v 9.618112 31.1632 -33.8794
v 3.38009 31.4161 -31.00582
v 5.172087 31.5539 -30.19713
v 3.4417 31.0638 -28.75311
v 0.5947814 30.9265 -30.26838
v 3.4417 31.0638 -28.75311
v 3.676043 29.8173 -28.41863
v 2.031414 29.565 -29.39386
v 0.5947814 30.9265 -30.26838
v 2.4742 28.1538 -29.74625
v 6.891907 31.4933 -30.08363
v 7.797863 31.0596 -28.70924
v 4.497562 30.5346 -27.84945
v 2.130286 28.6265 -39.97618
v 2.021022 26.8254 -42.41635
v 2.986431 27.9732 -40.1843
v 5.148584 30.0315 -35.49409
v 3.701963 29.7391 -37.20175
v 5.561876 31.1888 -33.29916
v 6.732908 31.3617 -31.87119
v 6.331237 31.594 -31.26333
v 5.091918 31.529 -33.3339
v 7.18944 31.6418 -32.17234
v 6.732908 31.3617 -31.87119
v 5.148584 30.0315 -35.49409
v 5.295157 30.0464 -36.61345
v 2.986431 27.9732 -40.1843
v 3.535717 28.3998 -40.23228
v 2.768307 27.2351 -42.04205
v 2.021022 26.8254 -42.41635
v 7.148234 26.4691 -33.33212
v 8.225938 25.8938 -31.14645
v 8.615911 28.1628 -31.53414
v 6.819047 25.1665 -32.14788
v 5.813387 25.4695 -33.83265
v 6.819047 25.1665 -32.14788
v 5.813387 25.4695 -33.83265
v 5.968256 25.1838 -32.79755
v 6.045128 24.698 -31.97192
v 4.636749 25.6595 -34.31281
v 4.84259 25.8613 -31.87269
v 6.045128 24.698 -31.97192
v 5.968256 25.1838 -32.79755
v 4.636749 25.6595 -34.31281
v 4.84259 25.8613 -31.87269
v 5.968256 25.1838 -32.79755
v 4.550858 26.2788 -30.094
v 3.98151 27.5194 -31.4493
v 3.947728 28.0673 -30.86057
v 2.729799 27.7364 -32.18282
v 3.403606 28.1943 -29.82986
v 4.877437 25.1178 -28.89509
v 5.197152 24.4869 -30.16419
v 4.595158 28.207 -28.51129
v 3.875672 25.7 -36.11749
v 3.09977 25.5192 -37.86449
v 3.54064 26.5193 -34.65689
v 7.183298 27.2753 -34.96416
v 6.231425 26.4101 -36.22905
v 8.992891 25.2256 -30.06098
v 9.373584 28.2308 -29.82288
v 3.947728 28.0673 -30.86057
v 6.178924 22.3726 -29.8626
v 5.197152 24.4869 -30.16419
v 6.178924 22.3726 -29.8626
v 6.417829 23.277 -30.74695
v 6.417829 23.277 -30.74695
v 6.178924 22.3726 -29.8626
v 7.732533 22.7887 -30.25796
v 7.332074 23.8945 -30.93043
v 7.332074 23.8945 -30.93043
v 7.732533 22.7887 -30.25796
v 9.373584 28.2308 -29.82288
v 10.47395 28.0294 -32.86036
v 9.305746 28.1477 -31.80615
v 9.514782 27.2561 -36.23473
v 4.595158 28.207 -28.51129
v 8.615911 28.1628 -31.53414
v 3.101585 26.8844 -35.28373
v 0.2767126 27.2177 -33.6713
v -1.498685 26.523 -35.04208
v 0.2362964 25.9273 -37.04748
v 2.431419 24.3605 -40.97301
v -1.180801 25.0095 -38.60263
v 1.179674 24.0845 -41.04491
v 3.338129 23.8803 -42.06117
v 5.67429 25.9858 -38.53542
v 7.009577 25.2574 -40.55311
v 7.183298 27.2753 -34.96416
v 8.609301 29.9669 -38.48911
v 6.30653 30.988 -36.11662
v 4.293427 29.1473 -39.91608
v 7.255965 28.9296 -40.5707
v 5.503292 27.8152 -42.0789
v 2.768307 27.2351 -42.04205
v 4.053647 26.2365 -43.84885
v 0.2313137 27.5323 -40.72397
v 2.130286 28.6265 -39.97618
v 3.292729 30.504 -36.8368
v 0.3437965 30.0043 -35.906
v 0.0552033 29.0091 -38.14463
v 0.1002568 30.7154 -33.1504
v 2.236676 31.1992 -32.43716
v 7.18944 31.6418 -32.17234
v 10.42938 30.5953 -36.46492
v 2.881558 22.6148 -43.90896
v 7.181384 24.2665 -42.56067
v 3.454706 24.0145 -41.30612
v 2.896144 24.1446 -40.86931
v 3.338129 23.8803 -42.06117
v 2.431419 24.3605 -40.97301
v 5.67429 25.9858 -38.53542
v 5.088289 25.4384 -38.76889
v 3.338129 23.8803 -42.06117
v 3.454706 24.0145 -41.30612
v 5.242279 25.4773 -35.55645
v 4.22365 24.8323 -38.49198
v 4.22365 24.8323 -38.49198
v 4.22365 24.8323 -38.49198
v 3.101585 26.8844 -35.28373
v 5.242279 25.4773 -35.55645
v 11.07041 27.4667 -35.42126
v 10.96507 26.904 -37.81607
v 2.4742 28.1538 -29.74625
v -1.272018 27.7025 -32.64789
v 0.6936339 22.5302 -43.44483
v 3.356994 22.151 -44.80751
v 1.912541 21.8205 -44.87466
v 6.30653 30.988 -36.11662
v 3.292729 30.504 -36.8368
v 5.091918 31.529 -33.3339
v 4.293427 29.1473 -39.91608
v 6.891907 31.4933 -30.08363
v -1.785139 30.435 -32.30379
v -2.160714 29.4225 -34.35267
v -2.299032 28.3136 -37.15685
v -1.523134 26.7976 -40.48773
v -0.5152938 25.6063 -42.77892
v 0.3924779 25.2531 -43.73332
v 1.6232 23.9164 -45.28067
v 2.274356 25.1708 -44.5895
v 3.917925 25.0125 -45.18865
v 7.256477 26.835 -43.59135
v 9.360106 27.8325 -41.80511
v 11.0263 29.0035 -39.43614
v 12.26318 30.0495 -36.81339
v 11.93581 30.623 -35.19209
v 9.776647 29.4361 -29.75261
v 10.47395 28.0294 -32.86036
v 9.167767 30.6733 -29.26346
v 0.01330774 29.2897 -30.92739
v -1.272018 27.7025 -32.64789
v -1.498684 26.523 -35.04208
v -1.902607 27.4708 -35.1167
v -1.272018 27.7025 -32.64789
v -1.180801 25.0095 -38.60263
v -1.860175 26.472 -37.64198
v -1.258429 25.3466 -40.09021
v 0.6936339 22.5302 -43.44483
v -0.3888372 24.1621 -42.40954
v 0.6622056 23.058 -44.03488
v 1.912541 21.8205 -44.87466
v 1.798987 22.4822 -45.14997
v 1.798987 22.4822 -45.14997
v 1.912541 21.8205 -44.87466
v 3.356994 22.151 -44.80751
v 2.746144 23.0814 -45.35143
v 4.538944 24.1017 -44.83378
v 3.356994 22.151 -44.80751
v 7.181384 24.2665 -42.56067
v 7.300011 25.3814 -43.17132
v 9.221257 26.3261 -41.40474
v 10.96507 26.904 -37.81607
v 10.77611 27.429 -39.18104
v 11.95716 28.419 -36.77114
v 11.07041 27.4667 -35.42126
v 11.47686 28.2776 -35.12852
v 11.93581 30.623 -35.19209
v 11.76296 29.7103 -34.7686
v 12.26318 30.0495 -36.81339
v 7.256477 26.835 -43.59135
v 9.360106 27.8325 -41.80511
v 3.917925 25.0125 -45.18865
v 1.6232 23.9164 -45.28067
v 0.3924779 25.2531 -43.73332
v 0.5477381 24.3434 -44.24322
v -0.5152938 25.6063 -42.77892
v -2.160714 29.4225 -34.35267
v -1.785139 30.435 -32.30379
v -1.703142 29.4043 -32.3668
v -1.703142 29.4043 -32.3668
v -1.785139 30.435 -32.30379
v 4.316036 29.4294 -28.19511
v 4.595158 28.207 -28.51129
v 4.497562 30.5346 -27.84945
v 12.26318 30.0495 -36.81339
v 11.0263 29.0035 -39.43614
v 1.6232 23.9164 -45.28067
v 0.5477381 24.3434 -44.24322
v -0.5152938 25.6063 -42.77892
v -1.523134 26.7976 -40.48773
v -2.299032 28.3136 -37.15685
v 9.167767 30.6733 -29.26346
vn 1.000002 0 0
vn 0.9238753 3.345657E-08 -0.3826985
vn 0.9238753 3.345657E-08 -0.3826985
vn 1.000002 0 0
vn 0.7071083 6.18173E-08 -0.7071075
vn 0.7071083 6.18173E-08 -0.7071075
vn 0.3826989 8.076766E-08 -0.9238744
vn 0.3826989 8.076766E-08 -0.9238744
vn 0 8.742286E-08 -1.000001
vn 0 8.742286E-08 -1.000001
vn -0.3826989 8.076766E-08 -0.9238744
vn -0.3826989 8.076766E-08 -0.9238744
vn -0.7071083 6.18173E-08 -0.7071075
vn -0.7071083 6.18173E-08 -0.7071075
vn -0.9238753 3.345657E-08 -0.3826985
vn -0.9238753 3.345657E-08 -0.3826985
vn -1.000002 0 0
vn -1.000002 0 0
vn -0.9238753 -3.345657E-08 0.3826985
vn -0.9238753 -3.345657E-08 0.3826985
vn -0.7071083 -6.18173E-08 0.7071075
vn -0.7071083 -6.18173E-08 0.7071075
vn -0.3826989 -8.076766E-08 0.9238744
vn -0.3826989 -8.076766E-08 0.9238744
vn 0 -8.742286E-08 1.000001
vn 0 -8.742286E-08 1.000001
vn 0.3826989 -8.076766E-08 0.9238744
vn 0.3826989 -8.076766E-08 0.9238744
vn 0.7071083 -6.18173E-08 0.7071075
vn 0.7071083 -6.18173E-08 0.7071075
vn 0.9238753 -3.345657E-08 0.3826985
vn 0.9238753 -3.345657E-08 0.3826985
vn -1.000002 0 0
vn -0.9238753 -3.345656E-08 0.3826984
vn -0.9238753 -3.345656E-08 0.3826984
vn -1.000002 0 0
vn -0.7071083 -6.18173E-08 0.7071075
vn -0.7071083 -6.18173E-08 0.7071075
vn -0.3826989 -8.076766E-08 0.9238744
vn -0.3826989 -8.076766E-08 0.9238744
vn 0 -8.742286E-08 1.000001
vn 0 -8.742286E-08 1.000001
vn 0.3826989 -8.076766E-08 0.9238744
vn 0.3826989 -8.076766E-08 0.9238744
vn 0.7071083 -6.18173E-08 0.7071075
vn 0.7071083 -6.18173E-08 0.7071075
vn 0.9238753 -3.345656E-08 0.3826984
vn 0.9238753 -3.345656E-08 0.3826984
vn 1.000002 0 0
vn 1.000002 0 0
vn 0.9238753 3.345656E-08 -0.3826984
vn 0.9238753 3.345656E-08 -0.3826984
vn 0.7071083 6.18173E-08 -0.7071075
vn 0.7071083 6.18173E-08 -0.7071075
vn 0.3826989 8.076766E-08 -0.9238744
vn 0.3826989 8.076766E-08 -0.9238744
vn 0 8.742286E-08 -1.000001
vn 0 8.742286E-08 -1.000001
vn -0.3826989 8.076766E-08 -0.9238744
vn -0.3826989 8.076766E-08 -0.9238744
vn -0.7071083 6.18173E-08 -0.7071075
vn -0.7071083 6.18173E-08 -0.7071075
vn -0.9238753 3.345656E-08 -0.3826984
vn -0.9238753 3.345656E-08 -0.3826984
vn 0 -1 -8.742278E-08
vn 0 -1 -8.742278E-08
vn 0 -1 -8.742278E-08
vn 0 -1 -8.742278E-08
vn 0 -1 -8.742278E-08
vn 0 -1 -8.742278E-08
vn 0 -1 -8.742278E-08
vn 0 -1 -8.742278E-08
vn 0 -1 -8.742278E-08
vn 0 -1 -8.742278E-08
vn 0 -1 -8.742278E-08
vn 0 -1 -8.742278E-08
vn 0 -1 -8.742278E-08
vn 0 -1 -8.742278E-08
vn 0 -1 -8.742278E-08
vn 0 -1 -8.742278E-08
vn 0 -1 -8.742278E-08
vn 0 -1 -8.742278E-08
vn 0 -1 -8.742278E-08
vn 0 -1 -8.742278E-08
vn 0 -1 -8.742278E-08
vn 0 -1 -8.742278E-08
vn 0 -1 -8.742278E-08
vn 0 -1 -8.742278E-08
vn 0 -1 -8.742278E-08
vn 0 -1 -8.742278E-08
vn 0 -1 -8.742278E-08
vn 0 -1 -8.742278E-08
vn 0 -1 -8.742278E-08
vn 0 -1 -8.742278E-08
vn 0 -1 -8.742278E-08
vn 0 -1 -8.742278E-08
vn 1.000002 0 0
vn 0.9238753 3.345657E-08 -0.3826985
vn 0.9238753 3.345657E-08 -0.3826985
vn 1.000002 0 0
vn 0.7071083 6.18173E-08 -0.7071075
vn 0.7071083 6.18173E-08 -0.7071075
vn 0.3826989 8.076766E-08 -0.9238744
vn 0.3826989 8.076766E-08 -0.9238744
vn 0 8.742286E-08 -1.000001
vn 0 8.742286E-08 -1.000001
vn -0.3826989 8.076766E-08 -0.9238744
vn -0.3826989 8.076766E-08 -0.9238744
vn -0.7071083 6.18173E-08 -0.7071075
vn -0.7071083 6.18173E-08 -0.7071075
vn -0.9238753 3.345657E-08 -0.3826985
vn -0.9238753 3.345657E-08 -0.3826985
vn -1.000002 0 0
vn -1.000002 0 0
vn -0.9238753 -3.345657E-08 0.3826985
vn -0.9238753 -3.345657E-08 0.3826985
vn -0.7071083 -6.18173E-08 0.7071075
vn -0.7071083 -6.18173E-08 0.7071075
vn -0.3826989 -8.076766E-08 0.9238744
vn -0.3826989 -8.076766E-08 0.9238744
vn 0 -8.742286E-08 1.000001
vn 0 -8.742286E-08 1.000001
vn 0.3826989 -8.076766E-08 0.9238744
vn 0.3826989 -8.076766E-08 0.9238744
vn 0.7071083 -6.18173E-08 0.7071075
vn 0.7071083 -6.18173E-08 0.7071075
vn 0.9238753 -3.345657E-08 0.3826985
vn 0.9238753 -3.345657E-08 0.3826985
vn -1.000002 0 0
vn -0.9238753 -3.345656E-08 0.3826984
vn -0.9238754 -3.345657E-08 0.3826985
vn -1.000002 0 0
vn -0.7071083 -6.18173E-08 0.7071075
vn -0.772983 -5.546357E-08 0.6344292
vn -0.3826989 -8.076766E-08 0.9238744
vn -0.3826989 -8.076766E-08 0.9238744
vn 0 -8.742286E-08 1.000001
vn 0 -8.742286E-08 1.000001
vn 0.3826989 -8.076766E-08 0.9238744
vn 0.3826989 -8.076766E-08 0.9238744
vn 0.7071083 -6.18173E-08 0.7071075
vn 0.772983 -5.546357E-08 0.6344292
vn 0.9238753 -3.345656E-08 0.3826984
vn 0.9238754 -3.345657E-08 0.3826985
vn 1.000002 0 0
vn 1.000002 0 0
vn 0.9238753 3.345656E-08 -0.3826984
vn 0.9238754 3.345657E-08 -0.3826985
vn 0.7071083 6.18173E-08 -0.7071075
vn 0.7071083 6.18173E-08 -0.7071075
vn 0.3826989 8.076766E-08 -0.9238744
vn 0.3826989 8.076767E-08 -0.9238744
vn 0 8.742286E-08 -1.000001
vn 0 8.742286E-08 -1.000001
vn -0.3826989 8.076766E-08 -0.9238744
vn -0.3826989 8.076767E-08 -0.9238744
vn -0.7071083 6.18173E-08 -0.7071075
vn -0.7071083 6.18173E-08 -0.7071075
vn -0.9238753 3.345656E-08 -0.3826984
vn -0.9238754 3.345657E-08 -0.3826985
vn 0 -1 -8.742278E-08
vn 0 -1 -8.742278E-08
vn 0 -1 -8.742278E-08
vn 0 -1 -8.742278E-08
vn 0 -1 -8.742278E-08
vn 0 -1 -8.742278E-08
vn 0 -1 -8.742278E-08
vn 0 -1 -8.742278E-08
vn 0 -1 -8.742278E-08
vn 0 -1 -8.742278E-08
vn 0 -1 -8.742278E-08
vn 0 -1 -8.742278E-08
vn 0 -1 -8.742278E-08
vn 0 -1 -8.742278E-08
vn 0 -1 -8.742278E-08
vn 0 -1 -8.742278E-08
vn 0 -1 -8.742278E-08
vn 0 -1 -8.742278E-08
vn 0 -1 -8.742278E-08
vn 0 -1 -8.742278E-08
vn 0 -1 -8.742278E-08
vn 0 -1 -8.742278E-08
vn 0 -1 -8.742278E-08
vn 0 -1 -8.742278E-08
vn 0 -1 -8.742278E-08
vn 0 -1 -8.742278E-08
vn 0 -1 -8.742278E-08
vn 0 -1 -8.742278E-08
vn 0 -1 -8.742278E-08
vn 0 -1 -8.742278E-08
vn 0 -1 -8.742278E-08
vn 0 -1 -8.742278E-08
vn 1.000002 0 0
vn 0.9238753 3.345656E-08 -0.3826984
vn 0.9238753 3.345656E-08 -0.3826984
vn 1.000002 0 0
vn 0.7071083 6.18173E-08 -0.7071075
vn 0.7071083 6.18173E-08 -0.7071075
vn 0.3826989 8.076766E-08 -0.9238744
vn 0.3826989 8.076766E-08 -0.9238744
vn 0 8.742286E-08 -1.000001
vn 0 8.742286E-08 -1.000001
vn -0.3826989 8.076766E-08 -0.9238744
vn -0.3826989 8.076766E-08 -0.9238744
vn -0.7071083 6.18173E-08 -0.7071075
vn -0.7071083 6.18173E-08 -0.7071075
vn -0.9238753 3.345656E-08 -0.3826984
vn -0.9238753 3.345656E-08 -0.3826984
vn -1.000002 0 0
vn -1.000002 0 0
vn -0.9238753 -3.345656E-08 0.3826984
vn -0.9238753 -3.345656E-08 0.3826984
vn -0.7071083 -6.18173E-08 0.7071075
vn -0.7071083 -6.18173E-08 0.7071075
vn -0.3826989 -8.076766E-08 0.9238744
vn -0.3826989 -8.076766E-08 0.9238744
vn 0 -8.742286E-08 1.000001
vn 0 -8.742286E-08 1.000001
vn 0.3826989 -8.076766E-08 0.9238744
vn 0.3826989 -8.076766E-08 0.9238744
vn 0.7071083 -6.18173E-08 0.7071075
vn 0.7071083 -6.18173E-08 0.7071075
vn 0.9238753 -3.345656E-08 0.3826984
vn 0.9238753 -3.345656E-08 0.3826984
vn 1.000002 0 0
vn 0.9238753 3.345656E-08 -0.3826984
vn 0.9238753 3.345656E-08 -0.3826984
vn 1.000002 0 0
vn 0.7071083 6.18173E-08 -0.7071075
vn 0.7071083 6.18173E-08 -0.7071075
vn 0.3826989 8.076766E-08 -0.9238744
vn 0.3826989 8.076766E-08 -0.9238744
vn 0 8.742286E-08 -1.000001
vn 0 8.742286E-08 -1.000001
vn -0.3826989 8.076766E-08 -0.9238744
vn -0.3826989 8.076766E-08 -0.9238744
vn -0.7071083 6.18173E-08 -0.7071075
vn -0.7071083 6.18173E-08 -0.7071075
vn -0.9238753 3.345656E-08 -0.3826984
vn -0.9238753 3.345656E-08 -0.3826984
vn -1.000002 0 0
vn -1.000002 0 0
vn -0.9238753 -3.345656E-08 0.3826984
vn -0.9238753 -3.345656E-08 0.3826984
vn -0.7071083 -6.18173E-08 0.7071075
vn -0.7071083 -6.18173E-08 0.7071075
vn -0.3826989 -8.076766E-08 0.9238744
vn -0.3826989 -8.076766E-08 0.9238744
vn 0 -8.742286E-08 1.000001
vn 0 -8.742286E-08 1.000001
vn 0.3826989 -8.076766E-08 0.9238744
vn 0.3826989 -8.076766E-08 0.9238744
vn 0.7071083 -6.18173E-08 0.7071075
vn 0.7071083 -6.18173E-08 0.7071075
vn 0.9238753 -3.345656E-08 0.3826984
vn 0.9238753 -3.345656E-08 0.3826984
vn 1.000002 0 0
vn 0.9238753 3.345656E-08 -0.3826984
vn 0.9238753 3.345656E-08 -0.3826984
vn 1.000002 0 0
vn 0.7071083 6.18173E-08 -0.7071075
vn 0.7071083 6.18173E-08 -0.7071075
vn 0.3826989 8.076766E-08 -0.9238744
vn 0.3826989 8.076766E-08 -0.9238744
vn 0 8.742286E-08 -1.000001
vn 0 8.742286E-08 -1.000001
vn -0.3826989 8.076766E-08 -0.9238744
vn -0.3826989 8.076766E-08 -0.9238744
vn -0.7071083 6.18173E-08 -0.7071075
vn -0.7071083 6.18173E-08 -0.7071075
vn -0.9238753 3.345656E-08 -0.3826984
vn -0.9238753 3.345656E-08 -0.3826984
vn -1.000002 0 0
vn -1.000002 0 0
vn -0.9238753 -3.345656E-08 0.3826984
vn -0.9238753 -3.345656E-08 0.3826984
vn -0.7071083 -6.18173E-08 0.7071075
vn -0.7071083 -6.18173E-08 0.7071075
vn -0.3826989 -8.076766E-08 0.9238744
vn -0.3826989 -8.076766E-08 0.9238744
vn 0 -8.742286E-08 1.000001
vn 0 -8.742286E-08 1.000001
vn 0.3826989 -8.076766E-08 0.9238744
vn 0.3826989 -8.076766E-08 0.9238744
vn 0.7071083 -6.18173E-08 0.7071075
vn 0.7071083 -6.18173E-08 0.7071075
vn 0.9238753 -3.345656E-08 0.3826984
vn 0.9238753 -3.345656E-08 0.3826984
vn 1.000002 0 0
vn 0.9238753 3.345656E-08 -0.3826984
vn 0.9238753 3.345656E-08 -0.3826984
vn 1.000002 0 0
vn 0.7071083 6.18173E-08 -0.7071075
vn 0.7071083 6.18173E-08 -0.7071075
vn 0.3826989 8.076766E-08 -0.9238744
vn 0.3826989 8.076766E-08 -0.9238744
vn 0 8.742286E-08 -1.000001
vn 0 8.742286E-08 -1.000001
vn -0.3826989 8.076766E-08 -0.9238744
vn -0.3826989 8.076766E-08 -0.9238744
vn -0.7071083 6.18173E-08 -0.7071075
vn -0.7071083 6.18173E-08 -0.7071075
vn -0.9238753 3.345656E-08 -0.3826984
vn -0.9238753 3.345656E-08 -0.3826984
vn -1.000002 0 0
vn -1.000002 0 0
vn -0.9238753 -3.345656E-08 0.3826984
vn -0.9238753 -3.345656E-08 0.3826984
vn -0.7071083 -6.18173E-08 0.7071075
vn -0.7071083 -6.18173E-08 0.7071075
vn -0.3826989 -8.076766E-08 0.9238744
vn -0.3826989 -8.076766E-08 0.9238744
vn 0 -8.742286E-08 1.000001
vn 0 -8.742286E-08 1.000001
vn 0.3826989 -8.076766E-08 0.9238744
vn 0.3826989 -8.076766E-08 0.9238744
vn 0.7071083 -6.18173E-08 0.7071075
vn 0.7071083 -6.18173E-08 0.7071075
vn 0.9238753 -3.345656E-08 0.3826984
vn 0.9238753 -3.345656E-08 0.3826984
vn 1.000002 0 0
vn 0.9238753 3.345656E-08 -0.3826984
vn 0.9238753 3.345656E-08 -0.3826984
vn 1.000002 0 0
vn 0.7071083 6.18173E-08 -0.7071075
vn 0.7071083 6.18173E-08 -0.7071075
vn 0.3826989 8.076766E-08 -0.9238744
vn 0.3826989 8.076766E-08 -0.9238744
vn 0 8.742286E-08 -1.000001
vn 0 8.742286E-08 -1.000001
vn -0.3826989 8.076766E-08 -0.9238744
vn -0.3826989 8.076766E-08 -0.9238744
vn -0.7071083 6.18173E-08 -0.7071075
vn -0.7071083 6.18173E-08 -0.7071075
vn -0.9238753 3.345656E-08 -0.3826984
vn -0.9238753 3.345656E-08 -0.3826984
vn -1.000002 0 0
vn -1.000002 0 0
vn -0.9238753 -3.345656E-08 0.3826984
vn -0.9238753 -3.345656E-08 0.3826984
vn -0.7071083 -6.18173E-08 0.7071075
vn -0.7071083 -6.18173E-08 0.7071075
vn -0.3826989 -8.076766E-08 0.9238744
vn -0.3826989 -8.076766E-08 0.9238744
vn 0 -8.742286E-08 1.000001
vn 0 -8.742286E-08 1.000001
vn 0.3826989 -8.076766E-08 0.9238744
vn 0.3826989 -8.076766E-08 0.9238744
vn 0.7071083 -6.18173E-08 0.7071075
vn 0.7071083 -6.18173E-08 0.7071075
vn 0.9238753 -3.345656E-08 0.3826984
vn 0.9238753 -3.345656E-08 0.3826984
vn 1.000002 0 0
vn 0.9238753 3.345656E-08 -0.3826984
vn 0.9238753 3.345656E-08 -0.3826984
vn 1.000002 0 0
vn 0.7071083 6.18173E-08 -0.7071075
vn 0.7071083 6.18173E-08 -0.7071075
vn 0.3826989 8.076766E-08 -0.9238744
vn 0.3826989 8.076766E-08 -0.9238744
vn 0 8.742286E-08 -1.000001
vn 0 8.742286E-08 -1.000001
vn -0.3826989 8.076766E-08 -0.9238744
vn -0.3826989 8.076766E-08 -0.9238744
vn -0.7071083 6.18173E-08 -0.7071075
vn -0.7071083 6.18173E-08 -0.7071075
vn -0.9238753 3.345656E-08 -0.3826984
vn -0.9238753 3.345656E-08 -0.3826984
vn -1.000002 0 0
vn -1.000002 0 0
vn -0.9238753 -3.345656E-08 0.3826984
vn -0.9238753 -3.345656E-08 0.3826984
vn -0.7071083 -6.18173E-08 0.7071075
vn -0.7071083 -6.18173E-08 0.7071075
vn -0.3826989 -8.076766E-08 0.9238744
vn -0.3826989 -8.076766E-08 0.9238744
vn 0 -8.742286E-08 1.000001
vn 0 -8.742286E-08 1.000001
vn 0.3826989 -8.076766E-08 0.9238744
vn 0.3826989 -8.076766E-08 0.9238744
vn 0.7071083 -6.18173E-08 0.7071075
vn 0.7071083 -6.18173E-08 0.7071075
vn 0.9238753 -3.345656E-08 0.3826984
vn 0.9238753 -3.345656E-08 0.3826984
vn -1.000001 -1.345542E-10 0.001539121
vn -1.000001 -1.345542E-10 0.001539121
vn -0.9238753 -3.345656E-08 0.3826984
vn -0.9238753 -3.345656E-08 0.3826984
vn -0.7071083 -6.18173E-08 0.7071075
vn -0.7071083 -6.18173E-08 0.7071075
vn -0.3826989 -8.076766E-08 0.9238744
vn -0.3826989 -8.076766E-08 0.9238744
vn 0 -8.742286E-08 1.000001
vn 0 -8.742286E-08 1.000001
vn 0.3826989 -8.076766E-08 0.9238744
vn 0.3826989 -8.076766E-08 0.9238744
vn 0.7071083 -6.18173E-08 0.7071075
vn 0.7071083 -6.18173E-08 0.7071075
vn 0.9238753 -3.345656E-08 0.3826984
vn 0.9238753 -3.345656E-08 0.3826984
vn 1.000001 -1.345542E-10 0.001539121
vn 1.000001 -1.345542E-10 0.001539121
vn 0.9813946 1.678621E-08 -0.1920119
vn 0.9813946 1.678621E-08 -0.1920119
vn 0.7071082 -6.18173E-08 0.7071075
vn 0.7071082 -6.18173E-08 0.7071075
vn 0.7071082 -6.18173E-08 0.7071075
vn 0.7071082 -6.18173E-08 0.7071075
vn -0.2075038 -8.552004E-08 0.9782352
vn -0.2075038 -8.552004E-08 0.9782352
vn -0.004214739 -8.742209E-08 0.9999921
vn -0.006366108 -8.742109E-08 0.9999807
vn -0.9999818 -5.565422E-10 0.006366101
vn -0.9999931 -3.684638E-10 0.004214735
vn -0.9238753 3.345656E-08 -0.3826984
vn -0.9238753 3.345656E-08 -0.3826984
vn -0.7071083 6.18173E-08 -0.7071075
vn -0.7071083 6.18173E-08 -0.7071075
vn -0.3826989 8.076766E-08 -0.9238744
vn -0.3826988 8.076766E-08 -0.9238744
vn 0 8.742286E-08 -1.000001
vn 0 8.742286E-08 -1.000001
vn 0.3826989 8.076766E-08 -0.9238744
vn 0.3826988 8.076766E-08 -0.9238744
vn 0.7071083 6.18173E-08 -0.7071075
vn 0.7071083 6.18173E-08 -0.7071075
vn 0.9238753 3.345656E-08 -0.3826984
vn 0.9238753 3.345656E-08 -0.3826984
vn 1.000002 0 0
vn 1.000002 0 0
vn 0.9238753 -3.345656E-08 0.3826984
vn 0.9238753 -3.345656E-08 0.3826984
vn 0.7071083 -6.18173E-08 0.7071075
vn 0.7071083 -6.18173E-08 0.7071075
vn 0.3826989 -8.076766E-08 0.9238744
vn 0.3826988 -8.076766E-08 0.9238744
vn -0.9782363 -1.814054E-08 0.2075036
vn -0.9782363 -1.814054E-08 0.2075036
vn -0.7071083 6.18173E-08 -0.7071075
vn -0.7071083 6.18173E-08 -0.7071075
vn -0.7071083 6.18173E-08 -0.7071075
vn -0.7071083 6.18173E-08 -0.7071075
vn 1.000002 0 0
vn 1.000002 0 0
vn 1.000002 0 0
vn 1.000002 0 0
vn 0.7071083 -6.18173E-08 0.7071075
vn 0.7071083 -6.18173E-08 0.7071075
vn 0.7071083 -6.18173E-08 0.7071075
vn 0.7071083 -6.18173E-08 0.7071075
vn -0.2075038 -8.552004E-08 0.9782352
vn -0.2075038 -8.552004E-08 0.9782352
vn -0.004214739 -8.742209E-08 0.9999921
vn -0.006366108 -8.742109E-08 0.9999807
vn -0.9999818 -5.564909E-10 0.006365514
vn -0.9999931 -3.684299E-10 0.004214347
vn -0.9238753 3.345656E-08 -0.3826984
vn -0.9238753 3.345656E-08 -0.3826984
vn -0.7071083 6.18173E-08 -0.7071075
vn -0.7071083 6.18173E-08 -0.7071075
vn -0.3826989 8.076766E-08 -0.9238744
vn -0.3826988 8.076766E-08 -0.9238744
vn 0 8.742286E-08 -1.000001
vn 0 8.742286E-08 -1.000001
vn 0.3826989 8.076766E-08 -0.9238744
vn 0.3826988 8.076766E-08 -0.9238744
vn 0.7071083 6.18173E-08 -0.7071075
vn 0.7071083 6.18173E-08 -0.7071075
vn 0.9238753 3.345656E-08 -0.3826984
vn 0.9238753 3.345656E-08 -0.3826984
vn 1.000002 0 0
vn 1.000002 0 0
vn 0.9238753 -3.345656E-08 0.3826984
vn 0.9238753 -3.345656E-08 0.3826984
vn 0.7071083 -6.18173E-08 0.7071075
vn 0.7071083 -6.18173E-08 0.7071075
vn 0.3826989 -8.076766E-08 0.9238744
vn 0.3826988 -8.076766E-08 0.9238744
vn -0.9782365 -1.814044E-08 0.2075024
vn -0.9782365 -1.814044E-08 0.2075024
vn -0.7071082 6.181731E-08 -0.7071075
vn -0.7071081 6.18173E-08 -0.7071075
vn -0.7071082 6.181731E-08 -0.7071075
vn -0.7071081 6.18173E-08 -0.7071075
vn 1.000002 0 0
vn 1.000002 0 0
vn 1.000002 0 0
vn 1.000002 0 0
vn 0.5665308 -7.204005E-08 0.8240421
vn 0.5665308 -7.204005E-08 0.8240421
vn 0.5665308 -7.204005E-08 0.8240421
vn 0.5665308 -7.204005E-08 0.8240421
vn 1.000002 0 0
vn 0.9238754 -3.345657E-08 0.3826985
vn 0.8314204 -4.857618E-08 0.5556468
vn -1.000002 0 0
vn -0.9238754 3.345657E-08 -0.3826985
vn -0.7071083 6.18173E-08 -0.7071075
vn -0.3826989 8.076767E-08 -0.9238744
vn 0 8.742286E-08 -1.000001
vn 0.3826989 8.076767E-08 -0.9238744
vn 0.7071083 6.18173E-08 -0.7071075
vn 0.9238754 3.345657E-08 -0.3826985
vn -0.9238754 -3.345657E-08 0.3826985
vn -0.8314204 -4.857618E-08 0.5556468
vn -0.5665308 -7.204005E-08 0.8240421
vn -0.5665308 -7.204005E-08 0.8240421
vn -0.5665308 -7.204005E-08 0.8240421
vn -0.5665308 -7.204005E-08 0.8240421
vn -1.000002 0 0
vn -1.000002 0 0
vn -1.000002 0 0
vn -1.000002 0 0
vn 0.7071082 6.181731E-08 -0.7071075
vn 0.7071081 6.18173E-08 -0.7071075
vn 0.7071082 6.181731E-08 -0.7071075
vn 0.7071081 6.18173E-08 -0.7071075
vn 0.9782365 -1.814044E-08 0.2075024
vn 0.9782365 -1.814044E-08 0.2075024
vn 0.9999931 -3.684299E-10 0.004214347
vn 0.9999818 -5.564909E-10 0.006365514
vn 0.9238753 3.345656E-08 -0.3826984
vn 0.9238753 3.345656E-08 -0.3826984
vn 0.7071083 6.18173E-08 -0.7071075
vn 0.7071083 6.18173E-08 -0.7071075
vn 0.3826989 8.076766E-08 -0.9238744
vn 0.3826988 8.076766E-08 -0.9238744
vn 0 8.742286E-08 -1.000001
vn 0 8.742286E-08 -1.000001
vn -0.3826989 8.076766E-08 -0.9238744
vn -0.3826988 8.076766E-08 -0.9238744
vn -0.7071083 6.18173E-08 -0.7071075
vn -0.7071083 6.18173E-08 -0.7071075
vn -0.9238753 3.345656E-08 -0.3826984
vn -0.9238753 3.345656E-08 -0.3826984
vn -1.000002 0 0
vn -1.000002 0 0
vn -0.9238753 -3.345656E-08 0.3826984
vn -0.9238753 -3.345656E-08 0.3826984
vn -0.7071083 -6.18173E-08 0.7071075
vn -0.7071083 -6.18173E-08 0.7071075
vn -0.3826989 -8.076766E-08 0.9238744
vn -0.3826988 -8.076766E-08 0.9238744
vn 0.004214739 -8.742209E-08 0.9999921
vn 0.006366108 -8.742109E-08 0.9999807
vn 0.2075038 -8.552004E-08 0.9782352
vn 0.2075038 -8.552004E-08 0.9782352
vn -0.7071083 -6.18173E-08 0.7071075
vn -0.7071083 -6.18173E-08 0.7071075
vn -0.7071083 -6.18173E-08 0.7071075
vn -0.7071083 -6.18173E-08 0.7071075
vn -1.000002 0 0
vn -1.000002 0 0
vn -1.000002 0 0
vn -1.000002 0 0
vn 0.7071083 6.18173E-08 -0.7071075
vn 0.7071083 6.18173E-08 -0.7071075
vn 0.7071083 6.18173E-08 -0.7071075
vn 0.7071083 6.18173E-08 -0.7071075
vn 0.9782363 -1.814054E-08 0.2075036
vn 0.9782363 -1.814054E-08 0.2075036
vn 0.9999931 -3.684638E-10 0.004214735
vn 0.9999818 -5.565422E-10 0.006366101
vn 0.9238753 3.345656E-08 -0.3826984
vn 0.9238753 3.345656E-08 -0.3826984
vn 0.7071083 6.18173E-08 -0.7071075
vn 0.7071083 6.18173E-08 -0.7071075
vn 0.3826989 8.076766E-08 -0.9238744
vn 0.3826988 8.076766E-08 -0.9238744
vn 0 8.742286E-08 -1.000001
vn 0 8.742286E-08 -1.000001
vn -0.3826989 8.076766E-08 -0.9238744
vn -0.3826988 8.076766E-08 -0.9238744
vn -0.7071083 6.18173E-08 -0.7071075
vn -0.7071083 6.18173E-08 -0.7071075
vn -0.9238753 3.345656E-08 -0.3826984
vn -0.9238753 3.345656E-08 -0.3826984
vn -1.000002 0 0
vn -1.000002 0 0
vn -0.9238753 -3.345656E-08 0.3826984
vn -0.9238753 -3.345656E-08 0.3826984
vn -0.7071083 -6.18173E-08 0.7071075
vn -0.7071083 -6.18173E-08 0.7071075
vn -0.3826989 -8.076766E-08 0.9238744
vn -0.3826988 -8.076766E-08 0.9238744
vn 0.004214739 -8.742209E-08 0.9999921
vn 0.006366108 -8.742109E-08 0.9999807
vn 0.2075038 -8.552004E-08 0.9782352
vn 0.2075038 -8.552004E-08 0.9782352
vn -0.7071082 -6.18173E-08 0.7071075
vn -0.7071082 -6.18173E-08 0.7071075
vn -0.7071082 -6.18173E-08 0.7071075
vn -0.7071082 -6.18173E-08 0.7071075
vn -0.9813946 1.678621E-08 -0.1920119
vn -0.9813946 1.678621E-08 -0.1920119
vn 0 -1 -8.742278E-08
vn 0 -1 -8.742278E-08
vn 0 -1 -8.742278E-08
vn 0 -1 -8.742278E-08
vn 0 -1 -8.742278E-08
vn 0 -1 -8.742278E-08
vn 0 -1 -8.742278E-08
vn 0 -1 -8.742278E-08
vn 0 -1 -8.742278E-08
vn 0 -1 -8.742278E-08
vn 0 -1 -8.742278E-08
vn 0 -1 -8.742278E-08
vn 0 -1 -8.742278E-08
vn 0 -1 -8.742278E-08
vn 0 -1 -8.742278E-08
vn 0 -1 -8.742278E-08
vn 0 -1 -8.742278E-08
vn 0 -1 -8.742278E-08
vn 0 -1 -8.742278E-08
vn 0 -1 -8.742278E-08
vn 0 -1 -8.742278E-08
vn 0 -1 -8.742278E-08
vn 0 -1 -8.742278E-08
vn 0 -1 -8.742278E-08
vn 0 -1 -8.742278E-08
vn 0 -1 -8.742278E-08
vn 0 -1 -8.742278E-08
vn 0 -1 -8.742278E-08
vn 0 -1 -8.742278E-08
vn 0 -1 -8.742278E-08
vn 0 -1 -8.742278E-08
vn 0 -1 -8.742278E-08
vn 0 -1 -8.742278E-08
vn 0 -1 -8.742278E-08
vn 0 -1 -8.742278E-08
vn 0 -1 -8.742278E-08
vn 0 -1 -8.742278E-08
vn 0 -1 -8.742278E-08
vn 0 -1 -8.742278E-08
vn 0 -1 -8.742278E-08
vn 0 -1 -8.742278E-08
vn 0 -1 -8.742278E-08
vn 0 -1 -8.742278E-08
vn 0 -1 -8.742278E-08
vn 0 -1 -8.742278E-08
vn 0 -1 -8.742278E-08
vn 0 -1 -8.742278E-08
vn 0 -1 -8.742278E-08
vn 0 -1 -8.742278E-08
vn 0 -1 -8.742278E-08
vn 0 -1 -8.742278E-08
vn 0 -1 -8.742278E-08
vn 0 -1 -8.742278E-08
vn 0 -1 -8.742278E-08
vn 0 -1 -8.742278E-08
vn 0 -1 -8.742278E-08
vn 0 -1 -8.742278E-08
vn 0 -1 -8.742278E-08
vn 0 -1 -8.742278E-08
vn 0 -1 -8.742278E-08
vn 0 -1 -8.742278E-08
vn 0 -1 -8.742278E-08
vn 0 -1 -8.742278E-08
vn 0 -1 -8.742278E-08
vn 0 -1 -8.742278E-08
vn 0 -1 -8.742278E-08
vn 0 -1 -8.742278E-08
vn 0 -1 -8.742278E-08
vn 0 -1 -8.742278E-08
vn 0 -1 -8.742278E-08
vn 0 -1 -8.742278E-08
vn 0 -1 -8.742278E-08
vn 0 -1 -8.742278E-08
vn 0 -1 -8.742278E-08
vn 0 -1 -8.742278E-08
vn 0 -1 -8.742278E-08
vn 0 -1 -8.742278E-08
vn 0 -1 -8.742278E-08
vn 0 -1 -8.742278E-08
vn 0 -1 -8.742278E-08
vn 0 -1 -8.742278E-08
vn 0 -1 -8.742278E-08
vn 0 -1 -8.742278E-08
vn 0 -1 -8.742278E-08
vn 0 -1 -8.742278E-08
vn 0 -1 -8.742278E-08
vn 0 -1 -8.742278E-08
vn 0 -1 -8.742278E-08
vn 0 -1 -8.742278E-08
vn 0 -1 -8.742278E-08
vn 0 -1 -8.742278E-08
vn 0 -1 -8.742278E-08
vn 0 -1 -8.742278E-08
vn 0 -1 -8.742278E-08
vn 0 -1 -8.742278E-08
vn 0 -1 -8.742278E-08
vn 0 -1 -8.742278E-08
vn 0 -1 -8.742278E-08
vn 0 -1 -8.742278E-08
vn 0 -1 -8.742278E-08
vn 0 -1 -8.742278E-08
vn 0 -1 -8.742278E-08
vn 0 -1 -8.742278E-08
vn 0 -1 -8.742278E-08
vn 0 -1 -8.742278E-08
vn 0 -1 -8.742278E-08
vn 0 -1 -8.742278E-08
vn 0 -1 -8.742278E-08
vn 0 -1 -8.742278E-08
vn 0 -1 -8.742278E-08
vn 0 -1 -8.742278E-08
vn 0 -1 -8.742278E-08
vn 0 -1 -8.742278E-08
vn 0 -1 -8.742278E-08
vn 0 -1 -8.742278E-08
vn 0 -1 -8.742278E-08
vn 0 -1 -8.742278E-08
vn 0 -1 -8.742278E-08
vn 0 -1 -8.742278E-08
vn 0 -1 -8.742278E-08
vn 0 -1 -8.742278E-08
vn 0 -1 -8.742278E-08
vn 0 -1 -8.742278E-08
vn 0 -1 -8.742278E-08
vn 0 -1 -8.742278E-08
vn 0 -1 -8.742278E-08
vn 0 -1 -8.742278E-08
vn 0 -1 -8.742278E-08
vn 0 -1 -8.742278E-08
vn 0 -1 -8.742278E-08
vn 0 -1 -8.742278E-08
vn 0 -1 -8.742278E-08
vn 0 -1 -8.742278E-08
vn 0 -1 -8.742278E-08
vn 0 -1 -8.742278E-08
vn 0 -1 -8.742278E-08
vn 0 -1 -8.742278E-08
vn 0 -1 -8.742278E-08
vn 0 -1 -8.742278E-08
vn 0 -1 -8.742278E-08
vn 0 -1 -8.742278E-08
vn 0 -1 -8.742278E-08
vn 0 -1 -8.742278E-08
vn 0 -1 -8.742278E-08
vn 0 -1 -8.742278E-08
vn 0 -1 -8.742278E-08
vn 0 -1 -8.742278E-08
vn 0 -1 -8.742278E-08
vn 0 -1 -8.742278E-08
vn 0 -1 -8.742278E-08
vn 0 -1 -8.742278E-08
vn 0 -1 -8.742278E-08
vn 0 -1 -8.742278E-08
vn 0 -1 -8.742278E-08
vn 0 -1 -8.742278E-08
vn 0 -1 -8.742278E-08
vn 0 -1 -8.742278E-08
vn 0 -1 -8.742278E-08
vn 0 -1 -8.742278E-08
vn 0 -1 -8.742278E-08
vn 0 -1 -8.742278E-08
vn 0 -1 -8.742278E-08
vn 0 -1 -8.742278E-08
vn 0 -1 -8.742278E-08
vn 0 -1 -8.742278E-08
vn 0 -1 -8.742278E-08
vn 0 -1 -8.742278E-08
vn 0 -1 -8.742278E-08
vn 0 -1 -8.742278E-08
vn 0 -1 -8.742278E-08
vn 0 -1 -8.742278E-08
vn 0 -1 -8.742278E-08
vn 0 -1 -8.742278E-08
vn 0 -1 -8.742278E-08
vn 0 -1 -8.742278E-08
vn 0 -1 -8.742278E-08
vn 0 -1 -8.742278E-08
vn 0 -1 -8.742278E-08
vn 0 -1 -8.742278E-08
vn 0 -1 -8.742278E-08
vn 0 -1 -8.742278E-08
vn 0 -1 -8.742278E-08
vn 0 -1 -8.742278E-08
vn 0 -1 -8.742278E-08
vn 0 -1 -8.742278E-08
vn 0 -1 -8.742278E-08
vn 0 -1 -8.742278E-08
vn 0 -1 -8.742278E-08
vn 0 -1 -8.742278E-08
vn 0 -1 -8.742278E-08
vn 0 -1 -8.742278E-08
vn 0 -1 -8.742278E-08
vn 0 -1 -8.742278E-08
vn 0 -1 -8.742278E-08
vn 0 -1 -8.742278E-08
vn 0 -1 -8.742278E-08
vn 0 -1 -8.742278E-08
vn 0 -1 -8.742278E-08
vn 0 -1 -8.742278E-08
vn 0 -1 -8.742278E-08
vn 0 -1 -8.742278E-08
vn 0 -1 -8.742278E-08
vn 0 -1 -8.742278E-08
vn 0 -1 -8.742278E-08
vn 0 -1 -8.742278E-08
vn 0 -1 -8.742278E-08
vn 0 -1 -8.742278E-08
vn 0 -1 -8.742278E-08
vn 0 -1 -8.742278E-08
vn 0 -1 -8.742278E-08
vn 0 -1 -8.742278E-08
vn 0 -1 -8.742278E-08
vn 0 -1 -8.742278E-08
vn 0 -1 -8.742278E-08
vn 0 -1 -8.742278E-08
vn 0 -1 -8.742278E-08
vn 0 -1 -8.742278E-08
vn 0 -1 -8.742278E-08
vn 0 -1 -8.742278E-08
vn 0 -1 -8.742278E-08
vn 0 -1 -8.742278E-08
vn 0 -1 -8.742278E-08
vn 0 -1 -8.742278E-08
vn 0 -1 -8.742278E-08
vn 0 -1 -8.742278E-08
vn 0 -1 -8.742278E-08
vn 0 -1 -8.742278E-08
vn 0 -1 -8.742278E-08
vn 0 -1 -8.742278E-08
vn 0 -1 -8.742278E-08
vn 0 -1 -8.742278E-08
vn 0 -1 -8.742278E-08
vn 0 -1 -8.742278E-08
vn 0 -1 -8.742278E-08
vn 0 -1 -8.742278E-08
vn 0 -1 -8.742278E-08
vn 0 -1 -8.742278E-08
vn 0 -1 -8.742278E-08
vn 0 -1 -8.742278E-08
vn 0 -1 -8.742278E-08
vn 0 -1 -8.742278E-08
vn 0 -1 -8.742278E-08
vn 0 1 8.742278E-08
vn 0 1 8.742278E-08
vn 0 1 8.742278E-08
vn 0 1 8.742278E-08
vn 0 1 8.742278E-08
vn 0 1 8.742278E-08
vn 0 1 8.742278E-08
vn 0 1 8.742278E-08
vn 0 1 8.742278E-08
vn 0 1 8.742278E-08
vn 0 1 8.742278E-08
vn 0 1 8.742278E-08
vn 0 1 8.742278E-08
vn 0 1 8.742278E-08
vn 0 1 8.742278E-08
vn 0 1 8.742278E-08
vn 0 1 8.742278E-08
vn 0 1 8.742278E-08
vn 0 1 8.742278E-08
vn 0 1 8.742278E-08
vn 0 1 8.742278E-08
vn 0 1 8.742278E-08
vn 0 1 8.742278E-08
vn 0 1 8.742278E-08
vn 0 1 8.742278E-08
vn 0 1 8.742278E-08
vn 0 1 8.742278E-08
vn 0 1 8.742278E-08
vn 0 1 8.742278E-08
vn 0 1 8.742278E-08
vn 0 1 8.742278E-08
vn 0 1 8.742278E-08
vn 0 1 8.742278E-08
vn 0 1 8.742278E-08
vn 0 1 8.742278E-08
vn 0 1 8.742278E-08
vn 0 1 8.742278E-08
vn 0 1 8.742278E-08
vn 0 1 8.742278E-08
vn 0 1 8.742278E-08
vn 0 1 8.742278E-08
vn 0 1 8.742278E-08
vn 0 1 8.742278E-08
vn 0 1 8.742278E-08
vn 0 1 8.742278E-08
vn 0 1 8.742278E-08
vn 0 1 8.742278E-08
vn 0 1 8.742278E-08
vn 0 1 8.742278E-08
vn 0 1 8.742278E-08
vn 0 1 8.742278E-08
vn 0 1 8.742278E-08
vn 0 1 8.742278E-08
vn 0 1 8.742278E-08
vn 0 1 8.742278E-08
vn 0 1 8.742278E-08
vn 0 1 8.742278E-08
vn 0 1 8.742278E-08
vn 0 1 8.742278E-08
vn 0 1 8.742278E-08
vn 0 1 8.742278E-08
vn 0 1 8.742278E-08
vn 0 1 8.742278E-08
vn 0 1 8.742278E-08
vn 0 1 8.742278E-08
vn 0 1 8.742278E-08
vn 0 1 8.742278E-08
vn 0 1 8.742278E-08
vn 0 1 8.742278E-08
vn 0 1 8.742278E-08
vn 0 1 8.742278E-08
vn 0 1 8.742278E-08
vn 0 1 8.742278E-08
vn 0 1 8.742278E-08
vn 0 1 8.742278E-08
vn 0 1 8.742278E-08
vn 0 1 8.742278E-08
vn 0 1 8.742278E-08
vn 0 1 8.742278E-08
vn 0 1 8.742278E-08
vn 0 1 8.742278E-08
vn 0 1 8.742278E-08
vn 0 1 8.742278E-08
vn 0 1 8.742278E-08
vn 0 1 8.742278E-08
vn 0 1 8.742278E-08
vn 0 1 8.742278E-08
vn 0 1 8.742278E-08
vn 0 1 8.742278E-08
vn 0 1 8.742278E-08
vn 0 1 8.742278E-08
vn 0 1 8.742278E-08
vn 0 1 8.742278E-08
vn 0 1 8.742278E-08
vn 0 1 8.742278E-08
vn 0 1 8.742278E-08
vn 0 1 8.742278E-08
vn 0 1 8.742278E-08
vn 1.000002 0 0
vn 0.9238753 3.345656E-08 -0.3826984
vn 0.7071083 6.18173E-08 -0.7071075
vn 0.3826989 8.076766E-08 -0.9238744
vn 0 8.742286E-08 -1.000001
vn -0.3826989 8.076766E-08 -0.9238744
vn -0.7071083 6.18173E-08 -0.7071075
vn -0.9238753 3.345656E-08 -0.3826984
vn -1.000002 0 0
vn -0.9238753 -3.345656E-08 0.3826984
vn -0.7071083 -6.18173E-08 0.7071075
vn -0.3826989 -8.076766E-08 0.9238744
vn 0 -8.742286E-08 1.000001
vn 0.3826989 -8.076766E-08 0.9238744
vn 0.7071083 -6.18173E-08 0.7071075
vn 0.9238753 -3.345656E-08 0.3826984
vn -1.000002 0 0
vn -0.9238753 -3.345657E-08 0.3826985
vn -0.9238753 -3.345657E-08 0.3826985
vn -1.000002 0 0
vn -0.7071083 -6.18173E-08 0.7071075
vn -0.7071083 -6.18173E-08 0.7071075
vn -0.3826989 -8.076766E-08 0.9238744
vn -0.3826989 -8.076766E-08 0.9238744
vn 0 -8.742286E-08 1.000001
vn 0 -8.742286E-08 1.000001
vn 0.3826989 -8.076766E-08 0.9238744
vn 0.3826989 -8.076766E-08 0.9238744
vn 0.7071083 -6.18173E-08 0.7071075
vn 0.7071083 -6.18173E-08 0.7071075
vn 0.9238753 -3.345657E-08 0.3826985
vn 0.9238753 -3.345657E-08 0.3826985
vn 1.000002 0 0
vn 1.000002 0 0
vn 0.9238753 3.345657E-08 -0.3826985
vn 0.9238753 3.345657E-08 -0.3826985
vn 0.7071083 6.18173E-08 -0.7071075
vn 0.7071083 6.18173E-08 -0.7071075
vn 0.3826989 8.076766E-08 -0.9238744
vn 0.3826989 8.076766E-08 -0.9238744
vn 0 8.742286E-08 -1.000001
vn 0 8.742286E-08 -1.000001
vn -0.3826989 8.076766E-08 -0.9238744
vn -0.3826989 8.076766E-08 -0.9238744
vn -0.7071083 6.18173E-08 -0.7071075
vn -0.7071083 6.18173E-08 -0.7071075
vn -0.9238753 3.345657E-08 -0.3826985
vn -0.9238753 3.345657E-08 -0.3826985
vn 0 1 8.742278E-08
vn 0 1 8.742278E-08
vn 0 1 8.742278E-08
vn 0 1 8.742278E-08
vn 0 1 8.742278E-08
vn 0 1 8.742278E-08
vn 0 1 8.742278E-08
vn 0 1 8.742278E-08
vn 0 1 8.742278E-08
vn 0 1 8.742278E-08
vn 0 1 8.742278E-08
vn 0 1 8.742278E-08
vn 0 1 8.742278E-08
vn 0 1 8.742278E-08
vn 0 1 8.742278E-08
vn 0 1 8.742278E-08
vn 0 1 8.742278E-08
vn 0 1 8.742278E-08
vn 0 1 8.742278E-08
vn 0 1 8.742278E-08
vn 0 1 8.742278E-08
vn 0 1 8.742278E-08
vn 0 1 8.742278E-08
vn 0 1 8.742278E-08
vn 0 1 8.742278E-08
vn 0 1 8.742278E-08
vn 0 1 8.742278E-08
vn 0 1 8.742278E-08
vn 0 1 8.742278E-08
vn 0 1 8.742278E-08
vn 0 1 8.742278E-08
vn 0 1 8.742278E-08
vn 1.000002 0 0
vn 0.9238753 3.345656E-08 -0.3826984
vn 0.7071083 6.18173E-08 -0.7071075
vn 0.3826989 8.076766E-08 -0.9238744
vn 0 8.742286E-08 -1.000001
vn -0.3826989 8.076766E-08 -0.9238744
vn -0.7071083 6.18173E-08 -0.7071075
vn -0.9238753 3.345656E-08 -0.3826984
vn -1.000002 0 0
vn -0.9238753 -3.345656E-08 0.3826984
vn -0.7071083 -6.18173E-08 0.7071075
vn -0.3826989 -8.076766E-08 0.9238744
vn 0 -8.742286E-08 1.000001
vn 0.3826989 -8.076766E-08 0.9238744
vn 0.7071083 -6.18173E-08 0.7071075
vn 0.9238753 -3.345656E-08 0.3826984
vn -1.000002 0 0
vn -0.9238753 -3.345657E-08 0.3826985
vn -0.7071083 -6.18173E-08 0.7071075
vn -0.3826989 -8.076766E-08 0.9238744
vn 0 -8.742286E-08 1.000001
vn 0.3826989 -8.076766E-08 0.9238744
vn 0.3826989 -8.076766E-08 0.9238744
vn 0.7071083 -6.18173E-08 0.7071075
vn 0.7071083 -6.18173E-08 0.7071075
vn 0.9238753 -3.345657E-08 0.3826985
vn 0.9238753 -3.345657E-08 0.3826985
vn 1.000002 0 0
vn 0.9238753 3.345657E-08 -0.3826985
vn 0.7071083 6.18173E-08 -0.7071075
vn 0.3826989 8.076766E-08 -0.9238744
vn 0 8.742286E-08 -1.000001
vn -0.3826989 8.076766E-08 -0.9238744
vn -0.7071083 6.18173E-08 -0.7071075
vn -0.9238753 3.345657E-08 -0.3826985
vn 0 1 8.742278E-08
vn 0 1 8.742278E-08
vn 0 1 8.742278E-08
vn 0 1 8.742278E-08
vn 0 1 8.742278E-08
vn 0 1 8.742278E-08
vn 0 1 8.742278E-08
vn 0 1 8.742278E-08
vn 0 1 8.742278E-08
vn 0 1 8.742278E-08
vn 0 1 8.742278E-08
vn 0 1 8.742278E-08
vn 0 1 8.742278E-08
vn 0 1 8.742278E-08
vn 0 1 8.742278E-08
vn 0 1 8.742278E-08
vn 0 1 8.742278E-08
vn 0 1 8.742278E-08
vn 0 1 8.742278E-08
vn 0 1 8.742278E-08
vn 0 1 8.742278E-08
vn 0 1 8.742278E-08
vn 0 1 8.742278E-08
vn 0 1 8.742278E-08
vn 0 1 8.742278E-08
vn 0 1 8.742278E-08
vn 0 1 8.742278E-08
vn 0 1 8.742278E-08
vn 0 1 8.742278E-08
vn 0 1 8.742278E-08
vn 0 1 8.742278E-08
vn 0 1 8.742278E-08
vn 1.000002 0 0
vn 0.9238753 3.345656E-08 -0.3826984
vn 0.7071083 6.18173E-08 -0.7071075
vn 0.3826989 8.076766E-08 -0.9238744
vn 0 8.742286E-08 -1.000001
vn -0.3826989 8.076766E-08 -0.9238744
vn -0.7071083 6.18173E-08 -0.7071075
vn -0.9238753 3.345656E-08 -0.3826984
vn -1.000002 0 0
vn -0.9238753 -3.345656E-08 0.3826984
vn -0.7071083 -6.18173E-08 0.7071075
vn -0.3826989 -8.076766E-08 0.9238744
vn 0 -8.742286E-08 1.000001
vn 0.3826989 -8.076766E-08 0.9238744
vn 0.7071083 -6.18173E-08 0.7071075
vn 0.9238753 -3.345656E-08 0.3826984
vn -1.000002 0 0
vn -0.9238753 -3.345657E-08 0.3826985
vn -0.9238753 -3.345657E-08 0.3826985
vn -0.7071083 -6.18173E-08 0.7071075
vn -0.7071083 -6.18173E-08 0.7071075
vn -0.3826989 -8.076766E-08 0.9238744
vn -0.3826989 -8.076766E-08 0.9238744
vn 0 -8.742286E-08 1.000001
vn 0.3826989 -8.076766E-08 0.9238744
vn 0.7071083 -6.18173E-08 0.7071075
vn 0.9238753 -3.345657E-08 0.3826985
vn 1.000002 0 0
vn 0.9238753 3.345657E-08 -0.3826985
vn 0.7071083 6.18173E-08 -0.7071075
vn 0.3826989 8.076766E-08 -0.9238744
vn 0 8.742286E-08 -1.000001
vn -0.3826989 8.076766E-08 -0.9238744
vn -0.7071083 6.18173E-08 -0.7071075
vn -0.9238753 3.345657E-08 -0.3826985
vn 0 1 8.742278E-08
vn 0 1 8.742278E-08
vn 0 1 8.742278E-08
vn 0 1 8.742278E-08
vn 0 1 8.742278E-08
vn 0 1 8.742278E-08
vn 0 1 8.742278E-08
vn 0 1 8.742278E-08
vn 0 1 8.742278E-08
vn 0 1 8.742278E-08
vn 0 1 8.742278E-08
vn 0 1 8.742278E-08
vn 0 1 8.742278E-08
vn 0 1 8.742278E-08
vn 0 1 8.742278E-08
vn 0 1 8.742278E-08
vn 0 1 8.742278E-08
vn 0 1 8.742278E-08
vn 0 1 8.742278E-08
vn 0 1 8.742278E-08
vn 0 1 8.742278E-08
vn 0 1 8.742278E-08
vn 0 1 8.742278E-08
vn 0 1 8.742278E-08
vn 0 1 8.742278E-08
vn 0 1 8.742278E-08
vn 0 1 8.742278E-08
vn 0 1 8.742278E-08
vn 0 1 8.742278E-08
vn 0 1 8.742278E-08
vn 0 1 8.742278E-08
vn 0 1 8.742278E-08
vn 1.000002 0 0
vn 0.9238753 3.345656E-08 -0.3826984
vn 0.7071083 6.18173E-08 -0.7071075
vn 0.3826989 8.076766E-08 -0.9238744
vn 0 8.742286E-08 -1.000001
vn -0.3826989 8.076766E-08 -0.9238744
vn -0.7071083 6.18173E-08 -0.7071075
vn -0.9238753 3.345656E-08 -0.3826984
vn -1.000002 0 0
vn -0.9238753 -3.345656E-08 0.3826984
vn -0.7071083 -6.18173E-08 0.7071075
vn -0.3826989 -8.076766E-08 0.9238744
vn 0 -8.742286E-08 1.000001
vn 0.3826989 -8.076766E-08 0.9238744
vn 0.7071083 -6.18173E-08 0.7071075
vn 0.9238753 -3.345656E-08 0.3826984
vn -1.000002 0 0
vn -0.9238753 -3.345657E-08 0.3826985
vn -0.7071083 -6.18173E-08 0.7071075
vn -0.3826989 -8.076766E-08 0.9238744
vn 0 -8.742286E-08 1.000001
vn 0.3826989 -8.076766E-08 0.9238744
vn 0.3826989 -8.076766E-08 0.9238744
vn 0.7071083 -6.18173E-08 0.7071075
vn 0.7071083 -6.18173E-08 0.7071075
vn 0.9238753 -3.345657E-08 0.3826985
vn 0.9238753 -3.345657E-08 0.3826985
vn 1.000002 0 0
vn 0.9238753 3.345657E-08 -0.3826985
vn 0.7071083 6.18173E-08 -0.7071075
vn 0.3826989 8.076766E-08 -0.9238744
vn 0 8.742286E-08 -1.000001
vn -0.3826989 8.076766E-08 -0.9238744
vn -0.7071083 6.18173E-08 -0.7071075
vn -0.9238753 3.345657E-08 -0.3826985
vn 0 1 8.742278E-08
vn 0 1 8.742278E-08
vn 0 1 8.742278E-08
vn 0 1 8.742278E-08
vn 0 1 8.742278E-08
vn 0 1 8.742278E-08
vn 0 1 8.742278E-08
vn 0 1 8.742278E-08
vn 0 1 8.742278E-08
vn 0 1 8.742278E-08
vn 0 1 8.742278E-08
vn 0 1 8.742278E-08
vn 0 1 8.742278E-08
vn 0 1 8.742278E-08
vn 0 1 8.742278E-08
vn 0 1 8.742278E-08
vn 0 1 8.742278E-08
vn 0 1 8.742278E-08
vn 0 1 8.742278E-08
vn 0 1 8.742278E-08
vn 0 1 8.742278E-08
vn 0 1 8.742278E-08
vn 0 1 8.742278E-08
vn 0 1 8.742278E-08
vn 0 1 8.742278E-08
vn 0 1 8.742278E-08
vn 0 1 8.742278E-08
vn 0 1 8.742278E-08
vn 0 1 8.742278E-08
vn 0 1 8.742278E-08
vn 0 1 8.742278E-08
vn 0 1 8.742278E-08
vn 1.000002 0 0
vn 0.9238753 3.345656E-08 -0.3826984
vn 0.7071083 6.18173E-08 -0.7071075
vn 0.3826989 8.076766E-08 -0.9238744
vn 0 8.742286E-08 -1.000001
vn -0.3826989 8.076766E-08 -0.9238744
vn -0.7071083 6.18173E-08 -0.7071075
vn -0.9238753 3.345656E-08 -0.3826984
vn -1.000002 0 0
vn -0.9238753 -3.345656E-08 0.3826984
vn -0.7071083 -6.18173E-08 0.7071075
vn -0.3826989 -8.076766E-08 0.9238744
vn 0 -8.742286E-08 1.000001
vn 0.3826989 -8.076766E-08 0.9238744
vn 0.7071083 -6.18173E-08 0.7071075
vn 0.9238753 -3.345656E-08 0.3826984
vn -1.000002 0 0
vn -0.9238753 -3.345657E-08 0.3826985
vn -0.9238753 -3.345657E-08 0.3826985
vn -0.7071083 -6.18173E-08 0.7071075
vn -0.7071083 -6.18173E-08 0.7071075
vn -0.3826989 -8.076766E-08 0.9238744
vn -0.3826989 -8.076766E-08 0.9238744
vn 0 -8.742286E-08 1.000001
vn 0.3826989 -8.076766E-08 0.9238744
vn 0.7071083 -6.18173E-08 0.7071075
vn 0.9238753 -3.345657E-08 0.3826985
vn 1.000002 0 0
vn 0.9238753 3.345657E-08 -0.3826985
vn 0.7071083 6.18173E-08 -0.7071075
vn 0.3826989 8.076766E-08 -0.9238744
vn 0 8.742286E-08 -1.000001
vn -0.3826989 8.076766E-08 -0.9238744
vn -0.7071083 6.18173E-08 -0.7071075
vn -0.9238753 3.345657E-08 -0.3826985
vn 0 1 8.742278E-08
vn 0 1 8.742278E-08
vn 0 1 8.742278E-08
vn 0 1 8.742278E-08
vn 0 1 8.742278E-08
vn 0 1 8.742278E-08
vn 0 1 8.742278E-08
vn 0 1 8.742278E-08
vn 0 1 8.742278E-08
vn 0 1 8.742278E-08
vn 0 1 8.742278E-08
vn 0 1 8.742278E-08
vn 0 1 8.742278E-08
vn 0 1 8.742278E-08
vn 0 1 8.742278E-08
vn 0 1 8.742278E-08
vn 0 1 8.742278E-08
vn 0 1 8.742278E-08
vn 0 1 8.742278E-08
vn 0 1 8.742278E-08
vn 0 1 8.742278E-08
vn 0 1 8.742278E-08
vn 0 1 8.742278E-08
vn 0 1 8.742278E-08
vn 0 1 8.742278E-08
vn 0 1 8.742278E-08
vn 0 1 8.742278E-08
vn 0 1 8.742278E-08
vn 0 1 8.742278E-08
vn 0 1 8.742278E-08
vn 0 1 8.742278E-08
vn 0 1 8.742278E-08
vn 1.000002 0 0
vn 0.9238753 3.345656E-08 -0.3826984
vn 0.7071083 6.18173E-08 -0.7071075
vn 0.3826989 8.076766E-08 -0.9238744
vn 0 8.742286E-08 -1.000001
vn -0.3826989 8.076766E-08 -0.9238744
vn -0.7071083 6.18173E-08 -0.7071075
vn -0.9238753 3.345656E-08 -0.3826984
vn -1.000002 0 0
vn -0.9238753 -3.345656E-08 0.3826984
vn -0.7071083 -6.18173E-08 0.7071075
vn -0.3826989 -8.076766E-08 0.9238744
vn 0 -8.742286E-08 1.000001
vn 0.3826989 -8.076766E-08 0.9238744
vn 0.7071083 -6.18173E-08 0.7071075
vn 0.9238753 -3.345656E-08 0.3826984
vn -1.000002 0 0
vn -0.9238753 -3.345657E-08 0.3826985
vn -0.9238753 -3.345657E-08 0.3826985
vn -1.000002 0 0
vn -0.7071083 -6.18173E-08 0.7071075
vn -0.7071083 -6.18173E-08 0.7071075
vn -0.3826989 -8.076766E-08 0.9238744
vn -0.3826989 -8.076766E-08 0.9238744
vn 0 -8.742286E-08 1.000001
vn 0 -8.742286E-08 1.000001
vn 0.3826989 -8.076766E-08 0.9238744
vn 0.3826989 -8.076766E-08 0.9238744
vn 0.7071083 -6.18173E-08 0.7071075
vn 0.7071083 -6.18173E-08 0.7071075
vn 0.9238753 -3.345657E-08 0.3826985
vn 0.9238753 -3.345657E-08 0.3826985
vn 1.000002 0 0
vn 1.000002 0 0
vn 0.9238753 3.345657E-08 -0.3826985
vn 0.9238753 3.345657E-08 -0.3826985
vn 0.7071083 6.18173E-08 -0.7071075
vn 0.7071083 6.18173E-08 -0.7071075
vn 0.3826989 8.076766E-08 -0.9238744
vn 0.3826989 8.076766E-08 -0.9238744
vn 0 8.742286E-08 -1.000001
vn 0 8.742286E-08 -1.000001
vn -0.3826989 8.076766E-08 -0.9238744
vn -0.3826989 8.076766E-08 -0.9238744
vn -0.7071083 6.18173E-08 -0.7071075
vn -0.7071083 6.18173E-08 -0.7071075
vn -0.9238753 3.345657E-08 -0.3826985
vn -0.9238753 3.345657E-08 -0.3826985
vn 0 1 8.742278E-08
vn 0 1 8.742278E-08
vn 0 1 8.742278E-08
vn 0 1 8.742278E-08
vn 0 1 8.742278E-08
vn 0 1 8.742278E-08
vn 0 1 8.742278E-08
vn 0 1 8.742278E-08
vn 0 1 8.742278E-08
vn 0 1 8.742278E-08
vn 0 1 8.742278E-08
vn 0 1 8.742278E-08
vn 0 1 8.742278E-08
vn 0 1 8.742278E-08
vn 0 1 8.742278E-08
vn 0 1 8.742278E-08
vn 0 1 8.742278E-08
vn 0 1 8.742278E-08
vn 0 1 8.742278E-08
vn 0 1 8.742278E-08
vn 0 1 8.742278E-08
vn 0 1 8.742278E-08
vn 0 1 8.742278E-08
vn 0 1 8.742278E-08
vn 0 1 8.742278E-08
vn 0 1 8.742278E-08
vn 0 1 8.742278E-08
vn 0 1 8.742278E-08
vn 0 1 8.742278E-08
vn 0 1 8.742278E-08
vn 0 1 8.742278E-08
vn 0 1 8.742278E-08
vn -0.7453334 -0.3290965 0.5798054
vn -0.7609863 -0.2632071 0.5929778
vn -0.754214 -0.2888609 0.589679
vn -0.8101696 -0.0978764 0.5779673
vn -0.7605819 -0.07319346 0.6451036
vn -0.8761001 0.09036656 0.4735857
vn -0.7961336 0.05849981 0.6022871
vn -0.1080062 0.9803003 0.1653667
vn -0.4494945 0.8867617 0.1077438
vn -0.1755063 0.9797766 0.09610137
vn 0.05288049 0.9840403 0.1699072
vn 0.02539198 0.9922815 -0.1213787
vn -0.1246815 0.985994 -0.1107718
vn -0.2147667 0.9545048 -0.2068718
vn 0.07066103 0.9851175 -0.1566863
vn -0.4551606 0.09650629 -0.8851644
vn -0.4913132 -0.2122815 -0.844718
vn -0.4668523 -0.1650371 -0.8687994
vn -0.4247671 -0.04209414 -0.9043239
vn -0.4393397 -0.3507374 -0.8270215
vn -0.1418223 0.9732345 0.1808345
vn -0.505394 0.8628801 0.003870895
vn -0.4387203 0.8607138 -0.2582565
vn 0.2397638 0.6816907 0.6912391
vn 0.2693513 0.7222562 0.6370214
vn 0.2451718 0.7168555 0.6526939
vn 0.201883 0.7360902 0.6460764
vn 0.202667 0.6769854 0.7075431
vn 0.1705993 0.6953551 0.6981243
vn 0.07411067 0.8439721 0.5312427
vn -0.01291058 0.9924136 0.1222641
vn 0.1306378 0.9913075 0.01559357
vn 0.3095872 0.8042898 -0.5072218
vn 0.304919 0.8398574 -0.4490705
vn 0.3468247 0.8121192 -0.4692285
vn 0.3403264 0.7640005 -0.5481619
vn 0.4216977 0.818809 -0.3895168
vn 0.426124 0.7523881 -0.5023254
vn 0.4859452 0.8063422 -0.3371495
vn 0.5933665 0.8022568 0.06557906
vn -0.1038147 -0.6363829 0.7643557
vn 0.1606615 -0.362773 0.917924
vn -0.03584644 -0.2661806 0.9632568
vn 0.3666707 -0.6301595 0.6844356
vn -0.0593129 -0.7197028 0.6917442
vn 0.1492087 -0.9360943 0.3185348
vn 0.1244247 -0.9921808 0.009781378
vn 0.220905 -0.9176109 0.3304409
vn 0.4488476 -0.679634 0.5802017
vn -0.02815959 -0.9990001 -0.03472371
vn 0.5497939 -0.5113763 -0.6604706
vn 0.6875483 -0.6349661 -0.3522726
vn 0.6200644 -0.6650442 -0.4162173
vn 0.2209104 -0.6489409 -0.7280624
vn 0.1258646 -0.8891457 -0.4399753
vn 0.1258646 -0.8891457 -0.4399753
vn 0.4159448 -0.2744991 -0.8669722
vn 0.1759275 -0.556954 -0.8116972
vn -0.1453045 -0.9852981 -0.08985832
vn -0.2084957 -0.9761827 -0.05997475
vn -0.09926857 -0.9947131 -0.0262968
vn 0.4572048 -0.2938144 -0.8394269
vn 0.5602432 -0.4572313 -0.6907009
vn 0.2809949 -0.2110283 -0.9362209
vn 0.03726154 -0.8033789 -0.5943014
vn -0.04517679 -0.7807308 -0.6232325
vn 0.09977578 -0.6541578 -0.7497485
vn -0.2480265 -0.5856412 0.7716914
vn -0.2395888 -0.7126874 0.6592983
vn 0.1837148 -0.236339 0.9541454
vn -0.1092327 -0.08383822 0.9904748
vn 0.2204983 -0.3413006 -0.9137259
vn 0.468378 -0.4231813 -0.7755902
vn 0.8647697 -0.405565 -0.2961272
vn 0.8647697 -0.405565 -0.2961272
vn 0.7630699 -0.5382428 -0.3577983
vn 0.6178154 -0.5963987 0.5124581
vn 0.6156889 -0.6998927 0.3620465
vn 0.6547707 -0.5943441 0.4669377
vn 0.5887607 -0.5689312 0.5741765
vn 0.2899731 -0.3252793 0.900061
vn 0.3617286 -0.2474103 0.8988556
vn -0.02054678 -0.9985192 -0.05037056
vn -0.1406971 -0.9878259 -0.06636693
vn -0.1148412 -0.9923535 -0.04523502
vn -0.2643357 -0.9626083 -0.05926225
vn -0.01369333 -0.9994624 -0.02979194
vn -0.1565557 -0.9872245 -0.02963694
vn -0.3001514 -0.9457597 -0.1242901
vn -0.2801372 -0.9510184 -0.1307185
vn -0.3527692 -0.9305899 -0.09775722
vn -0.3938926 -0.9129479 -0.1066539
vn -0.4551889 -0.8823973 -0.1190727
vn -0.4703312 -0.8777001 -0.09182263
vn -0.5225629 -0.8453496 -0.110961
vn -0.4434215 -0.888409 -0.1187739
vn -0.3790121 -0.922565 -0.07227604
vn -0.4143983 -0.9043532 -0.1020761
vn -0.2745555 -0.9614734 -0.01371764
vn 0.3418493 0.8999079 0.2707492
vn 0.2257321 0.9573088 0.1805687
vn 0.4932265 0.8521808 0.1746874
vn 0.4463785 0.8487498 0.2834966
vn 0.5457075 0.8100613 0.214486
vn 0.5821683 0.8024188 0.1311651
vn 0.6057006 0.7766877 0.1728684
vn 0.629361 0.7771089 0.0026051
vn 0.5569789 0.8296756 0.03759246
vn 0.3872299 0.9212453 -0.03688211
vn 0.4293307 0.8954941 -0.1173269
vn 0.5361965 0.8407968 -0.07452806
vn 0.2413232 0.9659516 -0.0932784
vn 0.1410165 0.9833156 -0.1149117
vn -0.00198259 0.9936572 0.112435
vn 0.1820174 0.9480777 0.2608033
vn -0.533491 -0.8361636 -0.1273503
vn -0.4873227 -0.8634708 -0.1301342
vn -0.1808673 -0.9713012 -0.1544704
vn -0.1085818 -0.8851007 -0.4525558
vn 0.1785459 -0.9025883 -0.3917344
vn -0.001554226 -0.8282641 -0.5603359
vn -0.3192475 -0.7214373 0.6144996
vn -0.3231083 -0.7685384 0.552223
vn -0.3363598 -0.7575843 0.5594003
vn -0.3522438 -0.7961159 0.4920613
vn -0.08137964 -0.9913864 -0.1026181
vn -0.0521384 -0.858123 -0.5107902
vn -0.2224035 -0.9715622 -0.08126255
vn -0.3141592 -0.8142893 0.4880956
vn 0.1601352 -0.4747438 -0.8654338
vn -0.2386991 -0.782088 0.5756402
vn -0.2010124 -0.9746164 -0.09857405
vn -0.3330556 -0.9369925 -0.1054472
vn -0.1453569 -0.9877057 -0.0575239
vn -0.2926018 -0.9292755 -0.2254581
vn -0.404429 -0.9036478 -0.1409184
vn -0.5308192 -0.8388136 -0.1209263
vn -0.5317885 -0.8386245 -0.1179419
vn -0.5363412 -0.8341292 -0.1287124
vn 0.3246965 0.7263971 -0.6057391
vn 0.1588839 0.6211328 0.7674311
vn 0.1639941 0.6850922 0.709757
vn 0.3907481 0.7291287 -0.5618607
vn 0.2783018 0.8477433 -0.4515305
vn 0.3308998 0.9341307 -0.1338113
vn 0.4905533 0.8522651 -0.1816644
vn 0.5412995 0.8258448 -0.1580362
vn 0.6295539 0.7706286 -0.09896452
vn 0.668718 0.7431964 -0.02181256
vn 0.6946856 0.7158794 0.07020669
vn 0.8678348 0.4940875 0.05235404
vn 0.7143154 0.6856389 0.1401901
vn 0.6977637 0.6837729 0.2134969
vn 0.541513 0.7933688 0.2780827
vn 0.4110552 0.8324652 0.3715312
vn 0.3322701 0.8650895 0.3757885
vn 0.2119372 0.9101091 0.3560677
vn 0.07596367 0.9664536 0.245351
vn -0.8704607 -0.02884189 0.4913928
vn -0.6848785 -0.4737034 0.5536668
vn -0.9268734 0.1303348 0.3520216
vn -0.3652248 -0.2202219 -0.9044964
vn -0.3501053 -0.3307979 -0.8763559
vn 0.2947066 -0.4104154 -0.8629645
vn 0.3153235 -0.2775619 -0.9074861
vn 0.2278882 -0.3194087 -0.9198076
vn 0.4372393 -0.4673145 -0.7684005
vn 0.4416934 -0.3457865 -0.8278522
vn 0.562861 -0.3513078 -0.7481784
vn 0.6039701 -0.4890027 -0.6293626
vn 0.7091184 -0.286897 -0.6440821
vn 0.8307096 -0.2994536 -0.4693078
vn 0.8019567 -0.4332556 -0.4112853
vn 0.9205377 -0.2295488 -0.3160987
vn 0.8079427 -0.3135978 0.4988843
vn 0.7367522 -0.3625816 0.5707289
vn 0.6816143 -0.361076 0.6364171
vn 0.8135777 -0.08141239 0.5757291
vn 0.4611994 -0.2464929 0.8523714
vn 0.2881921 -0.3825863 0.8778233
vn 0.04731598 -0.5117586 0.8578256
vn 0.260004 -0.294071 0.9197396
vn 0.0135069 -0.3992385 0.916748
vn -0.2477094 -0.5328001 0.8091753
vn -0.122297 -0.3333752 0.9348289
vn -0.466939 -0.3413199 0.8157631
vn -0.5858799 -0.5365236 0.6073612
vn -0.6773322 -0.3973897 0.6191148
vn -0.7086495 -0.008420908 0.7055109
vn -0.7007031 -0.1749751 0.6916642
vn -0.6707862 -0.1277342 0.7305687
vn 0.408823 -0.1467705 0.9007347
vn 0.1601124 -0.2119386 0.9640782
vn 0.7462916 -0.0006749933 0.6656195
vn 0.899472 -0.0115332 0.4368269
vn 0.9379621 0.3034333 -0.167798
vn 0.9379621 0.3034333 -0.167798
vn 0.9365801 0.2913131 -0.194821
vn 0.3232369 -0.1595078 -0.9327787
vn 0.2923471 -0.09083671 -0.9519888
vn 0.2727403 -0.1938187 -0.9423629
vn -0.3270115 -0.1891454 -0.9258986
vn -0.3400561 -0.08961848 -0.9361256
vn -0.5117077 -0.2607062 -0.8186502
vn -0.4766766 -0.3201358 -0.8187144
vn -0.4629591 -0.05685837 -0.8845545
vn -0.1463941 -0.1811223 0.9725041
vn -0.09592795 -0.1989368 0.9753065
vn 0.9482167 -0.1499091 -0.2800232
vn 0.9177056 -0.1600996 -0.363573
vn 0.8086196 -0.1703133 -0.5631416
vn 0.6746478 -0.2049568 -0.7091148
vn 0.5059716 -0.2092789 -0.8367771
vn -0.6685858 0.7367672 0.1008343
vn 0 -1 -8.742278E-08
vn 0 -1 -8.742278E-08
vn 0 -1 -8.742278E-08
vn 0 -1 -8.742278E-08
vn 0 -1 -8.742278E-08
vn 0 -1 -8.742278E-08
vn 0 -1 -8.742278E-08
vn 0 -1 -8.742278E-08
vn 0 -1 -8.742278E-08
vn 0 -1 -8.742278E-08
vn 0 -1 -8.742278E-08
vn 0 -1 -8.742278E-08
vn 0 -1 -8.742278E-08
vn 0 -1 -8.742278E-08
vn 0 -1 -8.742278E-08
vn 0 -1 -8.742278E-08
vn 0 -1 -8.742278E-08
vn 0.956305 2.555997E-08 -0.292372
vn 0.7716147 5.560883E-08 -0.6360908
vn 0.7716147 5.560883E-08 -0.6360908
vn 0.956305 2.555997E-08 -0.292372
vn 0.4694716 7.718977E-08 -0.882948
vn 0.4694716 7.718977E-08 -0.882948
vn 0.09586138 8.70202E-08 -0.9953951
vn 0.09586138 8.70202E-08 -0.9953951
vn -0.292372 8.360284E-08 -0.956305
vn -0.292372 8.360284E-08 -0.956305
vn -0.6360908 6.74567E-08 -0.7716147
vn -0.6360908 6.74567E-08 -0.7716147
vn -0.882948 4.104251E-08 -0.4694716
vn -0.882948 4.104251E-08 -0.4694716
vn -0.9953951 8.380469E-09 -0.09586138
vn -0.9953951 8.380469E-09 -0.09586138
vn -0.956305 -2.555997E-08 0.292372
vn -0.956305 -2.555997E-08 0.292372
vn -0.7716147 -5.560883E-08 0.6360908
vn -0.7716147 -5.560883E-08 0.6360908
vn -0.4694716 -7.718977E-08 0.882948
vn -0.4694716 -7.718977E-08 0.882948
vn -0.09586138 -8.70202E-08 0.9953951
vn -0.09586138 -8.70202E-08 0.9953951
vn 0.292372 -8.360284E-08 0.956305
vn 0.292372 -8.360284E-08 0.956305
vn 0.6360908 -6.74567E-08 0.7716147
vn 0.6360908 -6.74567E-08 0.7716147
vn 0.882948 -4.104251E-08 0.4694716
vn 0.882948 -4.104251E-08 0.4694716
vn 0.9953951 -8.380469E-09 0.09586138
vn 0.9953951 -8.380469E-09 0.09586138
vn -0.956305 -2.555997E-08 0.292372
vn -0.7716147 -5.560883E-08 0.6360909
vn -0.7716147 -5.560883E-08 0.6360909
vn -0.956305 -2.555997E-08 0.292372
vn -0.4694716 -7.718977E-08 0.882948
vn -0.4694716 -7.718977E-08 0.882948
vn -0.09586139 -8.70202E-08 0.9953951
vn -0.09586139 -8.70202E-08 0.9953951
vn 0.292372 -8.360284E-08 0.956305
vn 0.292372 -8.360284E-08 0.956305
vn 0.6360909 -6.74567E-08 0.7716147
vn 0.6360909 -6.74567E-08 0.7716147
vn 0.882948 -4.104251E-08 0.4694716
vn 0.882948 -4.104251E-08 0.4694716
vn 0.9953951 -8.380471E-09 0.09586139
vn 0.9953951 -8.380471E-09 0.09586139
vn 0.956305 2.555997E-08 -0.292372
vn 0.956305 2.555997E-08 -0.292372
vn 0.7716147 5.560883E-08 -0.6360909
vn 0.7716147 5.560883E-08 -0.6360909
vn 0.4694716 7.718977E-08 -0.882948
vn 0.4694716 7.718977E-08 -0.882948
vn 0.09586139 8.70202E-08 -0.9953951
vn 0.09586139 8.70202E-08 -0.9953951
vn -0.292372 8.360284E-08 -0.956305
vn -0.292372 8.360284E-08 -0.956305
vn -0.6360909 6.74567E-08 -0.7716147
vn -0.6360909 6.74567E-08 -0.7716147
vn -0.882948 4.104251E-08 -0.4694716
vn -0.882948 4.104251E-08 -0.4694716
vn -0.9953951 8.380471E-09 -0.09586139
vn -0.9953951 8.380471E-09 -0.09586139
vn 0 -1 -8.742278E-08
vn 0 -1 -8.742278E-08
vn 0 -1 -8.742278E-08
vn 0 -1 -8.742278E-08
vn 0 -1 -8.742278E-08
vn 0 -1 -8.742278E-08
vn 0 -1 -8.742278E-08
vn 0 -1 -8.742278E-08
vn 0 -1 -8.742278E-08
vn 0 -1 -8.742278E-08
vn 0 -1 -8.742278E-08
vn 0 -1 -8.742278E-08
vn 0 -1 -8.742278E-08
vn 0 -1 -8.742278E-08
vn 0 -1 -8.742278E-08
vn 0 -1 -8.742278E-08
vn 0 -1 -8.742278E-08
vn 0 -1 -8.742278E-08
vn 0 -1 -8.742278E-08
vn 0 -1 -8.742278E-08
vn 0 -1 -8.742278E-08
vn 0 -1 -8.742278E-08
vn 0 -1 -8.742278E-08
vn 0 -1 -8.742278E-08
vn 0 -1 -8.742278E-08
vn 0 -1 -8.742278E-08
vn 0 -1 -8.742278E-08
vn 0 -1 -8.742278E-08
vn 0 -1 -8.742278E-08
vn 0 -1 -8.742278E-08
vn 0 -1 -8.742278E-08
vn 0 -1 -8.742278E-08
vn -0.2865642 0.92848 0.2362332
vn -0.2865642 0.92848 0.2362332
vn -0.3551627 0.9284768 0.1085843
vn -0.3551628 0.9284768 0.1085843
vn -0.1743588 0.9284755 0.3279214
vn -0.1743588 0.9284755 0.3279215
vn -0.03560129 0.9284799 0.3696725
vn -0.03560133 0.92848 0.3696725
vn 0.1085842 0.9284766 0.3551629
vn 0.1085842 0.9284767 0.3551628
vn 0.2362331 0.92848 0.2865643
vn 0.2362331 0.92848 0.2865643
vn 0.3279213 0.9284755 0.1743589
vn 0.3279214 0.9284755 0.1743589
vn 0.3696724 0.92848 0.03560137
vn 0.3696724 0.9284799 0.0356014
vn 0.3551628 0.9284768 -0.1085841
vn 0.3551627 0.9284768 -0.1085841
vn 0.2865642 0.92848 -0.236233
vn 0.2865642 0.92848 -0.236233
vn 0.1743588 0.9284755 -0.3279213
vn 0.1743588 0.9284755 -0.3279213
vn 0.03560129 0.92848 -0.3696723
vn 0.03560133 0.9284801 -0.3696723
vn -0.1085842 0.9284768 -0.3551627
vn -0.1085842 0.9284768 -0.3551627
vn -0.2362331 0.92848 -0.2865642
vn -0.2362331 0.92848 -0.2865642
vn -0.3279213 0.9284755 -0.1743587
vn -0.3279214 0.9284755 -0.1743587
vn -0.3696724 0.92848 -0.03560121
vn -0.3696724 0.9284799 -0.03560124
vn 0 1 8.742278E-08
vn 0 1 8.742278E-08
vn 0 1 8.742278E-08
vn 0 1 8.742278E-08
vn 0 1 8.742278E-08
vn 0 1 8.742278E-08
vn 0 1 8.742278E-08
vn 0 1 8.742278E-08
vn 0 1 8.742278E-08
vn 0 1 8.742278E-08
vn 0 1 8.742278E-08
vn 0 1 8.742278E-08
vn 0 1 8.742278E-08
vn 0 1 8.742278E-08
vn 0 1 8.742278E-08
vn 0 1 8.742278E-08
vn 0 1 8.742278E-08
vn 0.956305 2.555997E-08 -0.292372
vn 0.7716147 5.560883E-08 -0.6360908
vn 0.7716147 5.560883E-08 -0.6360908
vn 0.956305 2.555997E-08 -0.292372
vn 0.4694716 7.718977E-08 -0.882948
vn 0.4694716 7.718977E-08 -0.882948
vn 0.09586138 8.70202E-08 -0.9953951
vn 0.09586138 8.70202E-08 -0.9953951
vn -0.292372 8.360284E-08 -0.956305
vn -0.292372 8.360284E-08 -0.956305
vn -0.6360908 6.74567E-08 -0.7716147
vn -0.6360908 6.74567E-08 -0.7716147
vn -0.882948 4.104251E-08 -0.4694716
vn -0.882948 4.104251E-08 -0.4694716
vn -0.9953951 8.380469E-09 -0.09586138
vn -0.9953951 8.380469E-09 -0.09586138
vn -0.956305 -2.555997E-08 0.292372
vn -0.956305 -2.555997E-08 0.292372
vn -0.7716147 -5.560883E-08 0.6360908
vn -0.7716147 -5.560883E-08 0.6360908
vn -0.4694716 -7.718977E-08 0.882948
vn -0.4694716 -7.718977E-08 0.882948
vn -0.09586138 -8.70202E-08 0.9953951
vn -0.09586138 -8.70202E-08 0.9953951
vn 0.292372 -8.360284E-08 0.956305
vn 0.292372 -8.360284E-08 0.956305
vn 0.6360908 -6.74567E-08 0.7716147
vn 0.6360908 -6.74567E-08 0.7716147
vn 0.882948 -4.104251E-08 0.4694716
vn 0.882948 -4.104251E-08 0.4694716
vn 0.9953951 -8.380469E-09 0.09586138
vn 0.9953951 -8.380469E-09 0.09586138
vn -0.1294616 -0.3290974 -0.9353797
vn -0.1330429 -0.2632079 -0.9555218
vn -0.1335721 -0.2888618 -0.9480074
vn -0.09545187 -0.09787663 -0.9906108
vn -0.1783874 -0.07319359 -0.9812346
vn 0.02791055 0.09036704 -0.9955177
vn -0.1235314 0.05850018 -0.9906152
vn -0.0892087 0.9803004 -0.1762185
vn 0.131437 0.8867624 -0.4431444
vn 0.004526508 0.9797767 -0.2000427
vn -0.1735836 0.9840404 -0.03915709
vn 0.09242099 0.9922815 0.08267907
vn 0.1582713 0.9859942 -0.05259153
vn 0.2865384 0.9545052 -0.08255772
vn 0.1003638 0.9851176 0.1395368
vn 0.9941553 0.09650659 0.04839928
vn 0.9772038 -0.2122823 -0.003132937
vn 0.9858284 -0.1650378 0.03009142
vn 0.9955512 -0.04209439 0.08430056
vn 0.9358911 -0.3507387 0.03302919
vn -0.08569626 0.9732347 -0.2132379
vn 0.2493431 0.8628808 -0.4396189
vn 0.4430151 0.8607147 -0.2508149
vn -0.7185115 0.6816922 -0.137976
vn -0.6863511 0.7222576 -0.08524377
vn -0.6878343 0.716857 -0.11402
vn -0.6604591 0.7360916 -0.1482005
vn -0.714083 0.6769869 -0.1782548
vn -0.6898921 0.6953566 -0.2013168
vn -0.497124 0.8439731 -0.2014378
vn -0.09942824 0.9924138 -0.07231233
vn -0.07882273 0.9913076 0.1053388
vn 0.2844739 0.8042908 0.5217194
vn 0.2364475 0.8398582 0.4886011
vn 0.2329521 0.8121201 0.5349715
vn 0.3045596 0.7640017 0.5688105
vn 0.1264836 0.8188098 0.5599577
vn 0.2219656 0.7523893 0.6201951
vn 0.04900871 0.8063433 0.5894141
vn -0.3534743 0.8022578 0.4810806
vn -0.6100443 -0.6363842 -0.4720819
vn -0.8752765 -0.3627741 -0.319823
vn -0.8162826 -0.2661814 -0.5126703
vn -0.7760728 -0.6301609 -0.0246699
vn -0.5694115 -0.7197041 -0.3972366
vn -0.3504624 -0.9360947 -0.03004806
vn -0.07068288 -0.9921809 0.1028639
vn -0.3966215 -0.9176116 0.02608963
vn -0.7268918 -0.6796353 0.09861393
vn 0.04415116 -0.9990002 -0.00702528
vn 0.297089 -0.5113779 0.8063692
vn -0.03869536 -0.6349676 0.7715694
vn 0.05042406 -0.6650457 0.7450987
vn 0.5200657 -0.6489424 0.5553431
vn 0.3180972 -0.8891464 0.3289877
vn 0.3180972 -0.8891464 0.3289877
vn 0.5428492 -0.2745002 0.7937034
vn 0.6149871 -0.5569555 0.5582042
vn 0.150471 -0.9852981 -0.08090843
vn 0.1561865 -0.9761829 -0.1505751
vn 0.07240747 -0.9947132 -0.07282073
vn 0.4983643 -0.2938156 0.815663
vn 0.3180444 -0.4572328 0.8305339
vn 0.6702952 -0.2110292 0.7114574
vn 0.4960488 -0.8033801 0.3294181
vn 0.5623228 -0.7807321 0.27249
vn 0.5994134 -0.6541594 0.4612803
vn -0.5442919 -0.5856426 -0.600641
vn -0.4511751 -0.7126886 -0.5371372
vn -0.918172 -0.2363398 -0.3179688
vn -0.8031613 -0.0838384 -0.5898338
vn 0.6810619 -0.341302 0.6478182
vn 0.4374934 -0.4231828 0.7934207
vn -0.175929 -0.4055664 0.8969758
vn -0.175929 -0.4055664 0.8969758
vn -0.07167055 -0.5382444 0.8397363
vn -0.7527078 -0.5964001 0.2788161
vn -0.6213841 -0.6998941 0.3521797
vn -0.7317635 -0.5943456 0.3335804
vn -0.7916304 -0.5689327 0.2227949
vn -0.9244623 -0.3252803 -0.1989043
vn -0.9592961 -0.2474111 -0.1361594
vn 0.05389531 -0.9985192 0.007390964
vn 0.1278232 -0.9878259 -0.08866385
vn 0.09659465 -0.9923535 -0.07683794
vn 0.1834893 -0.9626086 -0.1992901
vn 0.03264704 -0.9994624 0.003036982
vn 0.1039434 -0.9872246 -0.1207626
vn 0.2577127 -0.94576 -0.1977937
vn 0.2532728 -0.9510188 -0.1772467
vn 0.29284 -0.9177228 -0.2683839
vn 0.2893096 -0.9129484 -0.2877939
vn 0.3307126 -0.882398 -0.3346686
vn 0.3146845 -0.8777009 -0.3614072
vn 0.3573745 -0.8453505 -0.3970721
vn 0.3245701 -0.8884096 -0.3246272
vn 0.2520974 -0.9225655 -0.2920958
vn 0.295598 -0.9043539 -0.3078412
vn 0.1491564 -0.9614738 -0.2309129
vn -0.4053986 0.8999085 0.1606761
vn -0.2692418 0.9573091 0.1052058
vn -0.3978949 0.8521817 0.339803
vn -0.4687025 0.8487507 0.2448273
vn -0.458602 0.8100624 0.3653538
vn -0.4046745 0.8024199 0.43859
vn -0.4525567 0.7766888 0.438118
vn -0.3169345 0.77711 0.5437396
vn -0.3110435 0.8296765 0.4635612
vn -0.1616727 0.9212458 0.3537913
vn -0.1130559 0.8954947 0.4304738
vn -0.2035533 0.8407977 0.501623
vn -0.0398793 0.9659517 0.2556304
vn 0.02900857 0.9833158 0.1795791
vn -0.09637994 0.9936572 -0.05793389
vn -0.3168698 0.9480782 0.02723074
vn 0.3770321 -0.8361645 -0.3983415
vn 0.356359 -0.8634717 -0.3569666
vn 0.2242078 -0.9713014 -0.07940083
vn 0.4462146 -0.8851016 0.1322418
vn 0.2499789 -0.9025891 0.3504907
vn 0.4860415 -0.8282652 0.27882
vn -0.3725491 -0.7214385 -0.5837242
vn -0.3166856 -0.7685394 -0.5559295
vn -0.3162756 -0.7575854 -0.5709944
vn -0.2500163 -0.7961168 -0.5510808
vn 0.1295591 -0.9913864 -0.01916814
vn 0.4684257 -0.858124 0.2102402
vn 0.1815761 -0.9715624 -0.1519758
vn -0.2656241 -0.8142902 -0.5161158
vn 0.6694207 -0.4747453 0.571396
vn -0.3791698 -0.7820889 -0.4945376
vn 0.1858728 -0.9746166 -0.1247949
vn 0.2578463 -0.9369929 -0.235711
vn 0.1224948 -0.9877057 -0.09712083
vn 0.3415518 -0.929276 -0.140672
vn 0.3701328 -0.8388144 -0.3992396
vn 0.368033 -0.8386254 -0.4015713
vn 0.3796369 -0.8341301 -0.4001288
vn 0.3622379 0.7263983 0.584063
vn -0.7440562 0.6211343 -0.2461159
vn -0.6966639 0.6850937 -0.2128534
vn 0.2912125 0.72913 0.6193264
vn 0.2518864 0.8477441 0.4667798
vn -0.04956485 0.934131 0.3534723
vn -0.08794922 0.8522659 0.5156627
vn -0.1337848 0.8258458 0.5477962
vn -0.2290692 0.7706297 0.5946912
vn -0.3154667 0.7431976 0.5900326
vn -0.4081414 0.7158808 0.566512
vn -0.4792551 0.4940889 0.7253904
vn -0.4785637 0.6856403 0.5485204
vn -0.5337734 0.6837742 0.497533
vn -0.5115811 0.7933699 0.3299231
vn -0.5272812 0.8324663 0.1702195
vn -0.4915757 0.8650904 0.09986108
vn -0.4143309 0.9101098 0.005510243
vn -0.2504612 0.9664539 -0.05688812
vn 0.009669415 -0.02884188 -0.9995375
vn -0.1370522 -0.4737047 -0.8699547
vn 0.1585748 0.1303354 -0.978707
vn 0.9659294 -0.2202228 0.135952
vn 0.933999 -0.3307991 0.1349756
vn 0.599997 -0.4104169 0.6867038
vn 0.6282458 -0.2775631 0.7268195
vn 0.6826338 -0.3194099 0.6572589
vn 0.4468361 -0.4673161 0.762859
vn 0.496096 -0.3457878 0.7964423
vn 0.3665128 -0.3513092 0.86154
vn 0.2430606 -0.4890042 0.8377333
vn 0.2032343 -0.2868982 0.9361548
vn -0.008920108 -0.2994547 0.9540692
vn -0.04479273 -0.4332571 0.900157
vn -0.1865171 -0.2295498 0.9552586
vn -0.8360166 -0.3135989 0.4502585
vn -0.8626407 -0.3625828 0.3526834
vn -0.8919595 -0.3610772 0.2720886
vn -0.9053839 -0.08141269 0.4167164
vn -0.9687749 -0.2464937 -0.02677312
vn -0.9043133 -0.3825875 -0.1893278
vn -0.766557 -0.5117599 -0.3879338
vn -0.92652 -0.2940719 -0.2346976
vn -0.800681 -0.3992397 -0.4466746
vn -0.5769124 -0.5328015 -0.6191084
vn -0.748438 -0.3333762 -0.5733249
vn -0.4730037 -0.3413209 -0.8122611
vn -0.233052 -0.5365251 -0.8110662
vn -0.197505 -0.3973909 -0.8961434
vn -0.2566678 -0.008420793 -0.9664633
vn -0.2486494 -0.1749756 -0.9526582
vn -0.2973002 -0.1277346 -0.9462015
vn -0.9844708 -0.146771 -0.09631403
vn -0.9149731 -0.2119393 -0.3433755
vn -0.9495884 -0.0006749664 0.3134998
vn -0.828038 -0.01153325 0.5605541
vn -0.3236614 0.3034343 0.8961984
vn -0.3236614 0.3034343 0.8961984
vn -0.2995679 0.291314 0.9085131
vn 0.6461931 -0.1595085 0.7463191
vn 0.6782745 -0.09083721 0.7291728
vn 0.6797416 -0.1938196 0.7073798
vn 0.9653578 -0.1891462 0.1797468
vn 0.9807369 -0.08961892 0.1735633
vn 0.9648255 -0.2607073 -0.03382906
vn 0.9473653 -0.320137 -0.003458999
vn 0.9975263 -0.05685867 0.04134059
vn -0.7690176 -0.1811228 -0.6130312
vn -0.7966774 -0.1989374 -0.5707273
vn -0.2315989 -0.1499098 0.9611918
vn -0.1439871 -0.1601003 0.9765431
vn 0.08338732 -0.1703141 0.9818556
vn 0.2767896 -0.2049577 0.9388187
vn 0.4716863 -0.2092799 0.8565715
vn 0.2469659 0.7367685 -0.6294286
vn 0.8747917 -0.3290976 0.3555767
vn 0.8940259 -0.263208 0.3625465
vn 0.8877829 -0.2888619 0.3583308
vn 0.9056182 -0.09787676 0.4126458
vn 0.9389663 -0.07319371 0.3361336
vn 0.848186 0.09036691 0.521934
vn 0.9196619 0.05850006 0.3883305
vn 0.197214 0.9803004 0.01085325
vn 0.3180543 0.8867624 0.3354016
vn 0.1709784 0.9797768 0.1039423
vn 0.1207035 0.9840404 -0.1307486
vn -0.1178128 0.9922815 0.03869897
vn -0.03359072 0.9859942 0.1633627
vn -0.07177339 0.9545052 0.2894282
vn -0.1710243 0.9851176 0.01714856
vn -0.5389965 0.09650652 0.8367616
vn -0.4858925 -0.2122824 0.8478473
vn -0.5189781 -0.1650379 0.8387044
vn -0.5707858 -0.04209445 0.8200198
vn -0.4965533 -0.3507387 0.7939885
vn 0.2275175 0.9732347 0.03240498
vn 0.2560476 0.8628807 0.4357482
vn -0.004297769 0.8607146 0.5090699
vn 0.478749 0.6816922 -0.5532589
vn 0.4170014 0.7222577 -0.5517736
vn 0.4426639 0.716857 -0.5386698
vn 0.4585773 0.7360916 -0.4978719
vn 0.5114172 0.676987 -0.5292841
vn 0.5192939 0.6953566 -0.4968032
vn 0.4230139 0.8439731 -0.3298011
vn 0.1123387 0.9924138 -0.04995058
vn -0.05181409 0.9913076 -0.120932
vn -0.5940591 0.8042909 -0.01450066
vn -0.5413645 0.8398583 -0.03953332
vn -0.5797746 0.8121202 -0.06574581
vn -0.6448839 0.7640017 -0.02065174
vn -0.5481786 0.8188099 -0.1704432
vn -0.6480869 0.7523893 -0.1178726
vn -0.5349507 0.8063433 -0.2522666
vn -0.2398883 0.802258 -0.5466591
vn 0.7138584 -0.6363842 -0.2922697
vn 0.7146157 -0.362774 -0.598097
vn 0.8521289 -0.2661815 -0.4505824
vn 0.4094042 -0.6301608 -0.659762
vn 0.628724 -0.7197042 -0.2945037
vn 0.2012549 -0.9360947 -0.2884846
vn -0.05374089 -0.9921809 -0.1126455
vn 0.175718 -0.9176115 -0.3565284
vn 0.2780468 -0.6796352 -0.6788124
vn -0.01599178 -0.9990002 0.04174846
vn -0.8468801 -0.5113778 -0.145902
vn -0.6488491 -0.6349676 -0.4192989
vn -0.670485 -0.6650457 -0.3288839
vn -0.740975 -0.6489423 0.1727151
vn -0.4439609 -0.8891464 0.1109843
vn -0.4439609 -0.8891464 0.1109843
vn -0.9587923 -0.2745002 0.07326509
vn -0.7909138 -0.5569554 0.2534887
vn -0.005167609 -0.9852982 0.1707658
vn 0.05230759 -0.9761829 0.2105492
vn 0.02686034 -0.9947132 0.09911706
vn -0.9555671 -0.2938155 0.02376021
vn -0.8782851 -0.4572327 -0.1398364
vn -0.9512889 -0.2110291 0.2247595
vn -0.5333101 -0.8033801 0.2648793
vn -0.5171463 -0.7807322 0.3507384
vn -0.6991886 -0.6541593 0.2884637
vn 0.7923171 -0.5856427 -0.1710465
vn 0.6907625 -0.7126887 -0.1221574
vn 0.734458 -0.2363397 -0.6361725
vn 0.9123935 -0.08383842 -0.4006369
vn -0.9015592 -0.3413019 0.2659036
vn -0.9058691 -0.4231827 -0.0178342
vn -0.6888366 -0.4055662 -0.6008501
vn -0.6888366 -0.4055662 -0.6008501
vn -0.6913955 -0.5382442 -0.4819399
vn 0.1348957 -0.5964001 -0.7912715
vn 0.005698719 -0.699894 -0.7142243
vn 0.07699627 -0.5943455 -0.8005158
vn 0.2028728 -0.5689326 -0.7969686
vn 0.6344905 -0.3252802 -0.7011528
vn 0.597569 -0.247411 -0.7626924
vn -0.03334869 -0.9985192 0.04297894
vn 0.01287276 -0.9878259 0.15503
vn 0.01824565 -0.9923535 0.1220723
vn 0.08084442 -0.9626086 0.2585517
vn -0.01895382 -0.9994624 0.02675446
vn 0.05261102 -0.9872246 0.1503991
vn 0.04243649 -0.94576 0.3220826
vn 0.02686234 -0.9510188 0.307964
vn 0.08600542 -0.9177228 0.3877991
vn 0.1045801 -0.9129485 0.3944468
vn 0.1244731 -0.8823982 0.4537403
vn 0.1556434 -0.8777009 0.4532289
vn 0.1651849 -0.8453506 0.5080321
vn 0.1188482 -0.8884096 0.4434
vn 0.126912 -0.9225656 0.3643711
vn 0.1187973 -0.9043539 0.4099164
vn 0.125397 -0.9614738 0.2446301
vn 0.06355172 0.8999086 -0.4314231
vn 0.04351145 0.9573092 -0.2857728
vn -0.09532815 0.8521818 -0.514489
vn 0.02232709 0.8487508 -0.5283217
vn -0.08710194 0.8100625 -0.5798382
vn -0.1774901 0.80242 -0.569754
vn -0.1531401 0.7766888 -0.6109851
vn -0.3124225 0.7771102 -0.5463445
vn -0.2459317 0.8296766 -0.5011532
vn -0.2255544 0.9212459 -0.3169092
vn -0.3162718 0.8954948 -0.3131475
vn -0.3326396 0.8407977 -0.4270952
vn -0.201442 0.9659519 -0.1623525
vn -0.170024 0.9833158 -0.06466807
vn 0.09836252 0.9936572 -0.05449995
vn 0.1348538 0.9480782 -0.2880319
vn 0.1564554 -0.8361647 0.5256907
vn 0.1309604 -0.8634718 0.4870998
vn -0.04334192 -0.9713014 0.2338697
vn -0.3376336 -0.8851016 0.3203107
vn -0.4285235 -0.902589 0.04124071
vn -0.4844873 -0.8282652 0.281512
vn 0.6917946 -0.7214386 -0.03077176
vn 0.6397918 -0.7685395 0.003709887
vn 0.6526333 -0.7575855 0.01159739
vn 0.6022578 -0.7961169 0.05902258
vn -0.04818008 -0.9913864 0.1217852
vn -0.4162876 -0.858124 0.3005464
vn 0.04082571 -0.9715624 0.2332375
vn 0.5797813 -0.8142903 0.02802319
vn -0.8295552 -0.4747453 0.2940335
vn 0.6178673 -0.782089 -0.08109911
vn 0.01513807 -0.9746166 0.223368
vn 0.0752069 -0.936993 0.3411571
vn 0.02286091 -0.9877057 0.154644
vn -0.0489522 -0.9292761 0.3661282
vn 0.1606828 -0.8388146 0.5201648
vn 0.163752 -0.8386254 0.5195122
vn 0.1567008 -0.8341302 0.5288402
vn -0.6869324 0.7263983 0.02167266
vn 0.5851731 0.6211344 -0.5213108
vn 0.5326707 0.6850938 -0.4968993
vn -0.6819583 0.72913 -0.0574688
vn -0.5301862 0.8477442 -0.01525224
vn -0.2813325 0.9341311 -0.2196618
vn -0.4026008 0.852266 -0.3339994
vn -0.4075112 0.825846 -0.3897608
vn -0.4004807 0.7706297 -0.4957271
vn -0.3532473 0.7431977 -0.56822
vn -0.28654 0.7158808 -0.636718
vn -0.3885753 0.494089 -0.7777441
vn -0.2357475 0.6856404 -0.6887095
vn -0.1639862 0.6837744 -0.7110285
vn -0.02992839 0.79337 -0.6080038
vn 0.1162288 0.8324664 -0.541748
vn 0.1593079 0.8650904 -0.4756467
vn 0.2023951 0.9101099 -0.3615751
vn 0.1744981 0.9664539 -0.1884607
vn 0.8607879 -0.02884202 0.5081466
vn 0.8219275 -0.4737048 0.3162903
vn 0.7682949 0.1303353 0.6266869
vn -0.6007061 -0.2202229 0.7685407
vn -0.5838952 -0.3307991 0.7413763
vn -0.8947023 -0.4104169 0.1762566
vn -0.9435679 -0.277563 0.1806627
vn -0.9105209 -0.3194099 0.2625445
vn -0.8840733 -0.4673161 0.005537803
vn -0.9377874 -0.3457877 0.03140622
vn -0.9293713 -0.3513091 -0.1133649
vn -0.8470277 -0.4890041 -0.2083739
vn -0.9123498 -0.2868981 -0.2920755
vn -0.8217859 -0.2994546 -0.4847634
vn -0.7571602 -0.433257 -0.4888737
vn -0.7340168 -0.2295496 -0.6391612
vn 0.02807732 -0.3135988 -0.9491407
vn 0.1258917 -0.3625827 -0.9234098
vn 0.2103482 -0.361077 -0.9085029
vn 0.09180948 -0.08141256 -0.9924433
vn 0.5075774 -0.2464937 -0.8255948
vn 0.6161225 -0.3825874 -0.6884915
vn 0.7192411 -0.5117599 -0.4698876
vn 0.6665172 -0.2940719 -0.6850381
vn 0.7871742 -0.3992397 -0.4700692
vn 0.8246206 -0.5328016 -0.1900629
vn 0.8707346 -0.3333763 -0.3615
vn 0.9399406 -0.341321 -0.003498344
vn 0.8189289 -0.5365251 0.2037078
vn 0.8748341 -0.397391 0.2770313
vn 0.9653146 -0.008420902 0.2609552
vn 0.9493498 -0.1749758 0.2609967
vn 0.9680836 -0.1277347 0.2156357
vn 0.5756494 -0.1467709 -0.8044171
vn 0.7548612 -0.2119392 -0.6206987
vn 0.2032999 -0.0006748533 -0.9791167
vn -0.0714305 -0.01153312 -0.9973793
vn -0.6142964 0.3034344 -0.728401
vn -0.6142964 0.3034344 -0.728401
vn -0.6370081 0.2913141 -0.7136928
vn -0.9694287 -0.1595084 0.1864556
vn -0.9706205 -0.09083717 0.2228121
vn -0.9524807 -0.1938195 0.2349791
vn -0.6383475 -0.1891462 0.746148
vn -0.6406822 -0.08961897 0.7625585
vn -0.4531198 -0.2607073 0.8524756
vn -0.4706908 -0.320137 0.8221697
vn -0.5345691 -0.05685874 0.8432104
vn 0.9154111 -0.1811228 -0.359469
vn 0.892605 -0.1989375 -0.4045751
vn -0.7166139 -0.1499097 -0.6811698
vn -0.7737148 -0.1601001 -0.6129715
vn -0.8920037 -0.170314 -0.4187164
vn -0.9514347 -0.2049576 -0.2297069
vn -0.9776557 -0.2092798 -0.01979796
vn 0.4216158 0.7367684 0.528595
vn -0.7453334 -0.3290965 0.5798054
vn -0.7609863 -0.2632071 0.5929778
vn -0.754214 -0.2888609 0.589679
vn -0.8101696 -0.0978764 0.5779673
vn -0.7605819 -0.07319346 0.6451036
vn -0.8761001 0.09036656 0.4735857
vn -0.7961336 0.05849981 0.6022871
vn -0.1080062 0.9803003 0.1653667
vn -0.4494945 0.8867617 0.1077438
vn -0.1755063 0.9797766 0.09610137
vn 0.05288049 0.9840403 0.1699072
vn 0.02539198 0.9922815 -0.1213787
vn -0.1246815 0.985994 -0.1107718
vn -0.2147667 0.9545048 -0.2068718
vn 0.07066103 0.9851175 -0.1566863
vn -0.4551606 0.09650629 -0.8851644
vn -0.4913132 -0.2122815 -0.844718
vn -0.4668523 -0.1650371 -0.8687994
vn -0.4247671 -0.04209414 -0.9043239
vn -0.4393397 -0.3507374 -0.8270215
vn -0.1418223 0.9732345 0.1808345
vn -0.505394 0.8628801 0.003870895
vn -0.4387203 0.8607138 -0.2582565
vn 0.2397638 0.6816907 0.6912391
vn 0.2693513 0.7222562 0.6370214
vn 0.2451718 0.7168555 0.6526939
vn 0.201883 0.7360902 0.6460764
vn 0.202667 0.6769854 0.7075431
vn 0.1705993 0.6953551 0.6981243
vn 0.07411067 0.8439721 0.5312427
vn -0.01291058 0.9924136 0.1222641
vn 0.1306378 0.9913075 0.01559357
vn 0.3095872 0.8042898 -0.5072218
vn 0.304919 0.8398574 -0.4490705
vn 0.3468247 0.8121192 -0.4692285
vn 0.3403264 0.7640005 -0.5481619
vn 0.4216977 0.818809 -0.3895168
vn 0.426124 0.7523881 -0.5023254
vn 0.4859452 0.8063422 -0.3371495
vn 0.5933665 0.8022568 0.06557906
vn -0.1038147 -0.6363829 0.7643557
vn 0.1606615 -0.362773 0.917924
vn -0.03584644 -0.2661806 0.9632568
vn 0.3666707 -0.6301595 0.6844356
vn -0.0593129 -0.7197028 0.6917442
vn 0.1492087 -0.9360943 0.3185348
vn 0.1244247 -0.9921808 0.009781378
vn 0.220905 -0.9176109 0.3304409
vn 0.4488476 -0.679634 0.5802017
vn -0.02815959 -0.9990001 -0.03472371
vn 0.5497939 -0.5113763 -0.6604706
vn 0.6875483 -0.6349661 -0.3522726
vn 0.6200644 -0.6650442 -0.4162173
vn 0.2209104 -0.6489409 -0.7280624
vn 0.1258646 -0.8891457 -0.4399753
vn 0.1258646 -0.8891457 -0.4399753
vn 0.4159448 -0.2744991 -0.8669722
vn 0.1759275 -0.556954 -0.8116972
vn -0.1453045 -0.9852981 -0.08985832
vn -0.2084957 -0.9761827 -0.05997475
vn -0.09926857 -0.9947131 -0.0262968
vn 0.4572048 -0.2938144 -0.8394269
vn 0.5602432 -0.4572313 -0.6907009
vn 0.2809949 -0.2110283 -0.9362209
vn 0.03726154 -0.8033789 -0.5943014
vn -0.04517679 -0.7807308 -0.6232325
vn 0.09977578 -0.6541578 -0.7497485
vn -0.2480265 -0.5856412 0.7716914
vn -0.2395888 -0.7126874 0.6592983
vn 0.1837148 -0.236339 0.9541454
vn -0.1092327 -0.08383822 0.9904748
vn 0.2204983 -0.3413006 -0.9137259
vn 0.468378 -0.4231813 -0.7755902
vn 0.8647697 -0.405565 -0.2961272
vn 0.8647697 -0.405565 -0.2961272
vn 0.7630699 -0.5382428 -0.3577983
vn 0.6178154 -0.5963987 0.5124581
vn 0.6156889 -0.6998927 0.3620465
vn 0.6547707 -0.5943441 0.4669377
vn 0.5887607 -0.5689312 0.5741765
vn 0.2899731 -0.3252793 0.900061
vn 0.3617286 -0.2474103 0.8988556
vn -0.02054678 -0.9985192 -0.05037056
vn -0.1406971 -0.9878259 -0.06636693
vn -0.1148412 -0.9923535 -0.04523502
vn -0.2643357 -0.9626083 -0.05926225
vn -0.01369333 -0.9994624 -0.02979194
vn -0.1565557 -0.9872245 -0.02963694
vn -0.3001514 -0.9457597 -0.1242901
vn -0.2801372 -0.9510184 -0.1307185
vn -0.3527692 -0.9305899 -0.09775722
vn -0.3938926 -0.9129479 -0.1066539
vn -0.4551889 -0.8823973 -0.1190727
vn -0.4703312 -0.8777001 -0.09182263
vn -0.5225629 -0.8453496 -0.110961
vn -0.4434215 -0.888409 -0.1187739
vn -0.3790121 -0.922565 -0.07227604
vn -0.4143983 -0.9043532 -0.1020761
vn -0.2745555 -0.9614734 -0.01371764
vn 0.3418493 0.8999079 0.2707492
vn 0.2257321 0.9573088 0.1805687
vn 0.4932265 0.8521808 0.1746874
vn 0.4463785 0.8487498 0.2834966
vn 0.5457075 0.8100613 0.214486
vn 0.5821683 0.8024188 0.1311651
vn 0.6057006 0.7766877 0.1728684
vn 0.629361 0.7771089 0.0026051
vn 0.5569789 0.8296756 0.03759246
vn 0.3872299 0.9212453 -0.03688211
vn 0.4293307 0.8954941 -0.1173269
vn 0.5361965 0.8407968 -0.07452806
vn 0.2413232 0.9659516 -0.0932784
vn 0.1410165 0.9833156 -0.1149117
vn -0.00198259 0.9936572 0.112435
vn 0.1820174 0.9480777 0.2608033
vn -0.533491 -0.8361636 -0.1273503
vn -0.4873227 -0.8634708 -0.1301342
vn -0.1808673 -0.9713012 -0.1544704
vn -0.1085818 -0.8851007 -0.4525558
vn 0.1785459 -0.9025883 -0.3917344
vn -0.001554226 -0.8282641 -0.5603359
vn -0.3192475 -0.7214373 0.6144996
vn -0.3231083 -0.7685384 0.552223
vn -0.3363598 -0.7575843 0.5594003
vn -0.3522438 -0.7961159 0.4920613
vn -0.08137964 -0.9913864 -0.1026181
vn -0.0521384 -0.858123 -0.5107902
vn -0.2224035 -0.9715622 -0.08126255
vn -0.3141592 -0.8142893 0.4880956
vn 0.1601352 -0.4747438 -0.8654338
vn -0.2386991 -0.782088 0.5756402
vn -0.2010124 -0.9746164 -0.09857405
vn -0.3330556 -0.9369925 -0.1054472
vn -0.1453569 -0.9877057 -0.0575239
vn -0.2926018 -0.9292755 -0.2254581
vn -0.404429 -0.9036478 -0.1409184
vn -0.5308192 -0.8388136 -0.1209263
vn -0.5317885 -0.8386245 -0.1179419
vn -0.5363412 -0.8341292 -0.1287124
vn 0.3246965 0.7263971 -0.6057391
vn 0.1588839 0.6211328 0.7674311
vn 0.1639941 0.6850922 0.709757
vn 0.3907481 0.7291287 -0.5618607
vn 0.2783018 0.8477433 -0.4515305
vn 0.3308998 0.9341307 -0.1338113
vn 0.4905533 0.8522651 -0.1816644
vn 0.5412995 0.8258448 -0.1580362
vn 0.6295539 0.7706286 -0.09896452
vn 0.668718 0.7431964 -0.02181256
vn 0.6946856 0.7158794 0.07020669
vn 0.8678348 0.4940875 0.05235404
vn 0.7143154 0.6856389 0.1401901
vn 0.6977637 0.6837729 0.2134969
vn 0.541513 0.7933688 0.2780827
vn 0.4110552 0.8324652 0.3715312
vn 0.3322701 0.8650895 0.3757885
vn 0.2119372 0.9101091 0.3560677
vn 0.07596367 0.9664536 0.245351
vn -0.8704607 -0.02884189 0.4913928
vn -0.6848785 -0.4737034 0.5536668
vn -0.9268734 0.1303348 0.3520216
vn -0.3652248 -0.2202219 -0.9044964
vn -0.3501053 -0.3307979 -0.8763559
vn 0.2947066 -0.4104154 -0.8629645
vn 0.3153235 -0.2775619 -0.9074861
vn 0.2278882 -0.3194087 -0.9198076
vn 0.4372393 -0.4673145 -0.7684005
vn 0.4416934 -0.3457865 -0.8278522
vn 0.562861 -0.3513078 -0.7481784
vn 0.6039701 -0.4890027 -0.6293626
vn 0.7091184 -0.286897 -0.6440821
vn 0.8307096 -0.2994536 -0.4693078
vn 0.8019567 -0.4332556 -0.4112853
vn 0.9205377 -0.2295488 -0.3160987
vn 0.8079427 -0.3135978 0.4988843
vn 0.7367522 -0.3625816 0.5707289
vn 0.6816143 -0.361076 0.6364171
vn 0.8135777 -0.08141239 0.5757291
vn 0.4611994 -0.2464929 0.8523714
vn 0.2881921 -0.3825863 0.8778233
vn 0.04731598 -0.5117586 0.8578256
vn 0.260004 -0.294071 0.9197396
vn 0.0135069 -0.3992385 0.916748
vn -0.2477094 -0.5328001 0.8091753
vn -0.122297 -0.3333752 0.9348289
vn -0.466939 -0.3413199 0.8157631
vn -0.5858799 -0.5365236 0.6073612
vn -0.6773322 -0.3973897 0.6191148
vn -0.7086495 -0.008420908 0.7055109
vn -0.7007031 -0.1749751 0.6916642
vn -0.6707862 -0.1277342 0.7305687
vn 0.408823 -0.1467705 0.9007347
vn 0.1601124 -0.2119386 0.9640782
vn 0.7462916 -0.0006749933 0.6656195
vn 0.899472 -0.0115332 0.4368269
vn 0.9379621 0.3034333 -0.167798
vn 0.9379621 0.3034333 -0.167798
vn 0.9365801 0.2913131 -0.194821
vn 0.3232369 -0.1595078 -0.9327787
vn 0.2923471 -0.09083671 -0.9519888
vn 0.2727403 -0.1938187 -0.9423629
vn -0.3270115 -0.1891454 -0.9258986
vn -0.3400561 -0.08961848 -0.9361256
vn -0.5117077 -0.2607062 -0.8186502
vn -0.4766766 -0.3201358 -0.8187144
vn -0.4629591 -0.05685837 -0.8845545
vn -0.1463941 -0.1811223 0.9725041
vn -0.09592795 -0.1989368 0.9753065
vn 0.9482167 -0.1499091 -0.2800232
vn 0.9177056 -0.1600996 -0.363573
vn 0.8086196 -0.1703133 -0.5631416
vn 0.6746478 -0.2049568 -0.7091148
vn 0.5059716 -0.2092789 -0.8367771
vn -0.6685858 0.7367672 0.1008343
vn 0 -1 -8.742278E-08
vn 0 -1 -8.742278E-08
vn 0 -1 -8.742278E-08
vn 0 -1 -8.742278E-08
vn 0 -1 -8.742278E-08
vn 0 -1 -8.742278E-08
vn 0 -1 -8.742278E-08
vn 0 -1 -8.742278E-08
vn 0 -1 -8.742278E-08
vn 0 -1 -8.742278E-08
vn 0 -1 -8.742278E-08
vn 0 -1 -8.742278E-08
vn 0 -1 -8.742278E-08
vn 0 -1 -8.742278E-08
vn 0 -1 -8.742278E-08
vn 0 -1 -8.742278E-08
vn 0 -1 -8.742278E-08
vn 0.956305 2.555997E-08 -0.292372
vn 0.7716147 5.560883E-08 -0.6360908
vn 0.7716147 5.560883E-08 -0.6360908
vn 0.956305 2.555997E-08 -0.292372
vn 0.4694716 7.718977E-08 -0.882948
vn 0.4694716 7.718977E-08 -0.882948
vn 0.09586138 8.70202E-08 -0.9953951
vn 0.09586138 8.70202E-08 -0.9953951
vn -0.292372 8.360284E-08 -0.956305
vn -0.292372 8.360284E-08 -0.956305
vn -0.6360908 6.74567E-08 -0.7716147
vn -0.6360908 6.74567E-08 -0.7716147
vn -0.882948 4.104251E-08 -0.4694716
vn -0.882948 4.104251E-08 -0.4694716
vn -0.9953951 8.380469E-09 -0.09586138
vn -0.9953951 8.380469E-09 -0.09586138
vn -0.956305 -2.555997E-08 0.292372
vn -0.956305 -2.555997E-08 0.292372
vn -0.7716147 -5.560883E-08 0.6360908
vn -0.7716147 -5.560883E-08 0.6360908
vn -0.4694716 -7.718977E-08 0.882948
vn -0.4694716 -7.718977E-08 0.882948
vn -0.09586138 -8.70202E-08 0.9953951
vn -0.09586138 -8.70202E-08 0.9953951
vn 0.292372 -8.360284E-08 0.956305
vn 0.292372 -8.360284E-08 0.956305
vn 0.6360908 -6.74567E-08 0.7716147
vn 0.6360908 -6.74567E-08 0.7716147
vn 0.882948 -4.104251E-08 0.4694716
vn 0.882948 -4.104251E-08 0.4694716
vn 0.9953951 -8.380469E-09 0.09586138
vn 0.9953951 -8.380469E-09 0.09586138
vn -0.956305 -2.555997E-08 0.292372
vn -0.7716147 -5.560883E-08 0.6360909
vn -0.7716147 -5.560883E-08 0.6360909
vn -0.956305 -2.555997E-08 0.292372
vn -0.4694716 -7.718977E-08 0.882948
vn -0.4694716 -7.718977E-08 0.882948
vn -0.09586139 -8.70202E-08 0.9953951
vn -0.09586139 -8.70202E-08 0.9953951
vn 0.292372 -8.360284E-08 0.956305
vn 0.292372 -8.360284E-08 0.956305
vn 0.6360909 -6.74567E-08 0.7716147
vn 0.6360909 -6.74567E-08 0.7716147
vn 0.882948 -4.104251E-08 0.4694716
vn 0.882948 -4.104251E-08 0.4694716
vn 0.9953951 -8.380471E-09 0.09586139
vn 0.9953951 -8.380471E-09 0.09586139
vn 0.956305 2.555997E-08 -0.292372
vn 0.956305 2.555997E-08 -0.292372
vn 0.7716147 5.560883E-08 -0.6360909
vn 0.7716147 5.560883E-08 -0.6360909
vn 0.4694716 7.718977E-08 -0.882948
vn 0.4694716 7.718977E-08 -0.882948
vn 0.09586139 8.70202E-08 -0.9953951
vn 0.09586139 8.70202E-08 -0.9953951
vn -0.292372 8.360284E-08 -0.956305
vn -0.292372 8.360284E-08 -0.956305
vn -0.6360909 6.74567E-08 -0.7716147
vn -0.6360909 6.74567E-08 -0.7716147
vn -0.882948 4.104251E-08 -0.4694716
vn -0.882948 4.104251E-08 -0.4694716
vn -0.9953951 8.380471E-09 -0.09586139
vn -0.9953951 8.380471E-09 -0.09586139
vn 0 -1 -8.742278E-08
vn 0 -1 -8.742278E-08
vn 0 -1 -8.742278E-08
vn 0 -1 -8.742278E-08
vn 0 -1 -8.742278E-08
vn 0 -1 -8.742278E-08
vn 0 -1 -8.742278E-08
vn 0 -1 -8.742278E-08
vn 0 -1 -8.742278E-08
vn 0 -1 -8.742278E-08
vn 0 -1 -8.742278E-08
vn 0 -1 -8.742278E-08
vn 0 -1 -8.742278E-08
vn 0 -1 -8.742278E-08
vn 0 -1 -8.742278E-08
vn 0 -1 -8.742278E-08
vn 0 -1 -8.742278E-08
vn 0 -1 -8.742278E-08
vn 0 -1 -8.742278E-08
vn 0 -1 -8.742278E-08
vn 0 -1 -8.742278E-08
vn 0 -1 -8.742278E-08
vn 0 -1 -8.742278E-08
vn 0 -1 -8.742278E-08
vn 0 -1 -8.742278E-08
vn 0 -1 -8.742278E-08
vn 0 -1 -8.742278E-08
vn 0 -1 -8.742278E-08
vn 0 -1 -8.742278E-08
vn 0 -1 -8.742278E-08
vn 0 -1 -8.742278E-08
vn 0 -1 -8.742278E-08
vn -0.2865642 0.92848 0.2362332
vn -0.2865642 0.92848 0.2362332
vn -0.3551627 0.9284768 0.1085843
vn -0.3551628 0.9284768 0.1085843
vn -0.1743588 0.9284755 0.3279214
vn -0.1743588 0.9284755 0.3279215
vn -0.03560129 0.9284799 0.3696725
vn -0.03560133 0.92848 0.3696725
vn 0.1085842 0.9284766 0.3551629
vn 0.1085842 0.9284767 0.3551628
vn 0.2362331 0.92848 0.2865643
vn 0.2362331 0.92848 0.2865643
vn 0.3279213 0.9284755 0.1743589
vn 0.3279214 0.9284755 0.1743589
vn 0.3696724 0.92848 0.03560137
vn 0.3696724 0.9284799 0.0356014
vn 0.3551628 0.9284768 -0.1085841
vn 0.3551627 0.9284768 -0.1085841
vn 0.2865642 0.92848 -0.236233
vn 0.2865642 0.92848 -0.236233
vn 0.1743588 0.9284755 -0.3279213
vn 0.1743588 0.9284755 -0.3279213
vn 0.03560129 0.92848 -0.3696723
vn 0.03560133 0.9284801 -0.3696723
vn -0.1085842 0.9284768 -0.3551627
vn -0.1085842 0.9284768 -0.3551627
vn -0.2362331 0.92848 -0.2865642
vn -0.2362331 0.92848 -0.2865642
vn -0.3279213 0.9284755 -0.1743587
vn -0.3279214 0.9284755 -0.1743587
vn -0.3696724 0.92848 -0.03560121
vn -0.3696724 0.9284799 -0.03560124
vn 0 1 8.742278E-08
vn 0 1 8.742278E-08
vn 0 1 8.742278E-08
vn 0 1 8.742278E-08
vn 0 1 8.742278E-08
vn 0 1 8.742278E-08
vn 0 1 8.742278E-08
vn 0 1 8.742278E-08
vn 0 1 8.742278E-08
vn 0 1 8.742278E-08
vn 0 1 8.742278E-08
vn 0 1 8.742278E-08
vn 0 1 8.742278E-08
vn 0 1 8.742278E-08
vn 0 1 8.742278E-08
vn 0 1 8.742278E-08
vn 0 1 8.742278E-08
vn 0.956305 2.555997E-08 -0.292372
vn 0.7716147 5.560883E-08 -0.6360908
vn 0.7716147 5.560883E-08 -0.6360908
vn 0.956305 2.555997E-08 -0.292372
vn 0.4694716 7.718977E-08 -0.882948
vn 0.4694716 7.718977E-08 -0.882948
vn 0.09586138 8.70202E-08 -0.9953951
vn 0.09586138 8.70202E-08 -0.9953951
vn -0.292372 8.360284E-08 -0.956305
vn -0.292372 8.360284E-08 -0.956305
vn -0.6360908 6.74567E-08 -0.7716147
vn -0.6360908 6.74567E-08 -0.7716147
vn -0.882948 4.104251E-08 -0.4694716
vn -0.882948 4.104251E-08 -0.4694716
vn -0.9953951 8.380469E-09 -0.09586138
vn -0.9953951 8.380469E-09 -0.09586138
vn -0.956305 -2.555997E-08 0.292372
vn -0.956305 -2.555997E-08 0.292372
vn -0.7716147 -5.560883E-08 0.6360908
vn -0.7716147 -5.560883E-08 0.6360908
vn -0.4694716 -7.718977E-08 0.882948
vn -0.4694716 -7.718977E-08 0.882948
vn -0.09586138 -8.70202E-08 0.9953951
vn -0.09586138 -8.70202E-08 0.9953951
vn 0.292372 -8.360284E-08 0.956305
vn 0.292372 -8.360284E-08 0.956305
vn 0.6360908 -6.74567E-08 0.7716147
vn 0.6360908 -6.74567E-08 0.7716147
vn 0.882948 -4.104251E-08 0.4694716
vn 0.882948 -4.104251E-08 0.4694716
vn 0.9953951 -8.380469E-09 0.09586138
vn 0.9953951 -8.380469E-09 0.09586138
vn -0.1294616 -0.3290974 -0.9353797
vn -0.1330429 -0.2632079 -0.9555218
vn -0.1335721 -0.2888618 -0.9480074
vn -0.09545187 -0.09787663 -0.9906108
vn -0.1783874 -0.07319359 -0.9812346
vn 0.02791055 0.09036704 -0.9955177
vn -0.1235314 0.05850018 -0.9906152
vn -0.0892087 0.9803004 -0.1762185
vn 0.131437 0.8867624 -0.4431444
vn 0.004526508 0.9797767 -0.2000427
vn -0.1735836 0.9840404 -0.03915709
vn 0.09242099 0.9922815 0.08267907
vn 0.1582713 0.9859942 -0.05259153
vn 0.2865384 0.9545052 -0.08255772
vn 0.1003638 0.9851176 0.1395368
vn 0.9941553 0.09650659 0.04839928
vn 0.9772038 -0.2122823 -0.003132937
vn 0.9858284 -0.1650378 0.03009142
vn 0.9955512 -0.04209439 0.08430056
vn 0.9358911 -0.3507387 0.03302919
vn -0.08569626 0.9732347 -0.2132379
vn 0.2493431 0.8628808 -0.4396189
vn 0.4430151 0.8607147 -0.2508149
vn -0.7185115 0.6816922 -0.137976
vn -0.6863511 0.7222576 -0.08524377
vn -0.6878343 0.716857 -0.11402
vn -0.6604591 0.7360916 -0.1482005
vn -0.714083 0.6769869 -0.1782548
vn -0.6898921 0.6953566 -0.2013168
vn -0.497124 0.8439731 -0.2014378
vn -0.09942824 0.9924138 -0.07231233
vn -0.07882273 0.9913076 0.1053388
vn 0.2844739 0.8042908 0.5217194
vn 0.2364475 0.8398582 0.4886011
vn 0.2329521 0.8121201 0.5349715
vn 0.3045596 0.7640017 0.5688105
vn 0.1264836 0.8188098 0.5599577
vn 0.2219656 0.7523893 0.6201951
vn 0.04900871 0.8063433 0.5894141
vn -0.3534743 0.8022578 0.4810806
vn -0.6100443 -0.6363842 -0.4720819
vn -0.8752765 -0.3627741 -0.319823
vn -0.8162826 -0.2661814 -0.5126703
vn -0.7760728 -0.6301609 -0.0246699
vn -0.5694115 -0.7197041 -0.3972366
vn -0.3504624 -0.9360947 -0.03004806
vn -0.07068288 -0.9921809 0.1028639
vn -0.3966215 -0.9176116 0.02608963
vn -0.7268918 -0.6796353 0.09861393
vn 0.04415116 -0.9990002 -0.00702528
vn 0.297089 -0.5113779 0.8063692
vn -0.03869536 -0.6349676 0.7715694
vn 0.05042406 -0.6650457 0.7450987
vn 0.5200657 -0.6489424 0.5553431
vn 0.3180972 -0.8891464 0.3289877
vn 0.3180972 -0.8891464 0.3289877
vn 0.5428492 -0.2745002 0.7937034
vn 0.6149871 -0.5569555 0.5582042
vn 0.150471 -0.9852981 -0.08090843
vn 0.1561865 -0.9761829 -0.1505751
vn 0.07240747 -0.9947132 -0.07282073
vn 0.4983643 -0.2938156 0.815663
vn 0.3180444 -0.4572328 0.8305339
vn 0.6702952 -0.2110292 0.7114574
vn 0.4960488 -0.8033801 0.3294181
vn 0.5623228 -0.7807321 0.27249
vn 0.5994134 -0.6541594 0.4612803
vn -0.5442919 -0.5856426 -0.600641
vn -0.4511751 -0.7126886 -0.5371372
vn -0.918172 -0.2363398 -0.3179688
vn -0.8031613 -0.0838384 -0.5898338
vn 0.6810619 -0.341302 0.6478182
vn 0.4374934 -0.4231828 0.7934207
vn -0.175929 -0.4055664 0.8969758
vn -0.175929 -0.4055664 0.8969758
vn -0.07167055 -0.5382444 0.8397363
vn -0.7527078 -0.5964001 0.2788161
vn -0.6213841 -0.6998941 0.3521797
vn -0.7317635 -0.5943456 0.3335804
vn -0.7916304 -0.5689327 0.2227949
vn -0.9244623 -0.3252803 -0.1989043
vn -0.9592961 -0.2474111 -0.1361594
vn 0.05389531 -0.9985192 0.007390964
vn 0.1278232 -0.9878259 -0.08866385
vn 0.09659465 -0.9923535 -0.07683794
vn 0.1834893 -0.9626086 -0.1992901
vn 0.03264704 -0.9994624 0.003036982
vn 0.1039434 -0.9872246 -0.1207626
vn 0.2577127 -0.94576 -0.1977937
vn 0.2532728 -0.9510188 -0.1772467
vn 0.29284 -0.9177228 -0.2683839
vn 0.2893096 -0.9129484 -0.2877939
vn 0.3307126 -0.882398 -0.3346686
vn 0.3146845 -0.8777009 -0.3614072
vn 0.3573745 -0.8453505 -0.3970721
vn 0.3245701 -0.8884096 -0.3246272
vn 0.2520974 -0.9225655 -0.2920958
vn 0.295598 -0.9043539 -0.3078412
vn 0.1491564 -0.9614738 -0.2309129
vn -0.4053986 0.8999085 0.1606761
vn -0.2692418 0.9573091 0.1052058
vn -0.3978949 0.8521817 0.339803
vn -0.4687025 0.8487507 0.2448273
vn -0.458602 0.8100624 0.3653538
vn -0.4046745 0.8024199 0.43859
vn -0.4525567 0.7766888 0.438118
vn -0.3169345 0.77711 0.5437396
vn -0.3110435 0.8296765 0.4635612
vn -0.1616727 0.9212458 0.3537913
vn -0.1130559 0.8954947 0.4304738
vn -0.2035533 0.8407977 0.501623
vn -0.0398793 0.9659517 0.2556304
vn 0.02900857 0.9833158 0.1795791
vn -0.09637994 0.9936572 -0.05793389
vn -0.3168698 0.9480782 0.02723074
vn 0.3770321 -0.8361645 -0.3983415
vn 0.356359 -0.8634717 -0.3569666
vn 0.2242078 -0.9713014 -0.07940083
vn 0.4462146 -0.8851016 0.1322418
vn 0.2499789 -0.9025891 0.3504907
vn 0.4860415 -0.8282652 0.27882
vn -0.3725491 -0.7214385 -0.5837242
vn -0.3166856 -0.7685394 -0.5559295
vn -0.3162756 -0.7575854 -0.5709944
vn -0.2500163 -0.7961168 -0.5510808
vn 0.1295591 -0.9913864 -0.01916814
vn 0.4684257 -0.858124 0.2102402
vn 0.1815761 -0.9715624 -0.1519758
vn -0.2656241 -0.8142902 -0.5161158
vn 0.6694207 -0.4747453 0.571396
vn -0.3791698 -0.7820889 -0.4945376
vn 0.1858728 -0.9746166 -0.1247949
vn 0.2578463 -0.9369929 -0.235711
vn 0.1224948 -0.9877057 -0.09712083
vn 0.3415518 -0.929276 -0.140672
vn 0.3701328 -0.8388144 -0.3992396
vn 0.368033 -0.8386254 -0.4015713
vn 0.3796369 -0.8341301 -0.4001288
vn 0.3622379 0.7263983 0.584063
vn -0.7440562 0.6211343 -0.2461159
vn -0.6966639 0.6850937 -0.2128534
vn 0.2912125 0.72913 0.6193264
vn 0.2518864 0.8477441 0.4667798
vn -0.04956485 0.934131 0.3534723
vn -0.08794922 0.8522659 0.5156627
vn -0.1337848 0.8258458 0.5477962
vn -0.2290692 0.7706297 0.5946912
vn -0.3154667 0.7431976 0.5900326
vn -0.4081414 0.7158808 0.566512
vn -0.4792551 0.4940889 0.7253904
vn -0.4785637 0.6856403 0.5485204
vn -0.5337734 0.6837742 0.497533
vn -0.5115811 0.7933699 0.3299231
vn -0.5272812 0.8324663 0.1702195
vn -0.4915757 0.8650904 0.09986108
vn -0.4143309 0.9101098 0.005510243
vn -0.2504612 0.9664539 -0.05688812
vn 0.009669415 -0.02884188 -0.9995375
vn -0.1370522 -0.4737047 -0.8699547
vn 0.1585748 0.1303354 -0.978707
vn 0.9659294 -0.2202228 0.135952
vn 0.933999 -0.3307991 0.1349756
vn 0.599997 -0.4104169 0.6867038
vn 0.6282458 -0.2775631 0.7268195
vn 0.6826338 -0.3194099 0.6572589
vn 0.4468361 -0.4673161 0.762859
vn 0.496096 -0.3457878 0.7964423
vn 0.3665128 -0.3513092 0.86154
vn 0.2430606 -0.4890042 0.8377333
vn 0.2032343 -0.2868982 0.9361548
vn -0.008920108 -0.2994547 0.9540692
vn -0.04479273 -0.4332571 0.900157
vn -0.1865171 -0.2295498 0.9552586
vn -0.8360166 -0.3135989 0.4502585
vn -0.8626407 -0.3625828 0.3526834
vn -0.8919595 -0.3610772 0.2720886
vn -0.9053839 -0.08141269 0.4167164
vn -0.9687749 -0.2464937 -0.02677312
vn -0.9043133 -0.3825875 -0.1893278
vn -0.766557 -0.5117599 -0.3879338
vn -0.92652 -0.2940719 -0.2346976
vn -0.800681 -0.3992397 -0.4466746
vn -0.5769124 -0.5328015 -0.6191084
vn -0.748438 -0.3333762 -0.5733249
vn -0.4730037 -0.3413209 -0.8122611
vn -0.233052 -0.5365251 -0.8110662
vn -0.197505 -0.3973909 -0.8961434
vn -0.2566678 -0.008420793 -0.9664633
vn -0.2486494 -0.1749756 -0.9526582
vn -0.2973002 -0.1277346 -0.9462015
vn -0.9844708 -0.146771 -0.09631403
vn -0.9149731 -0.2119393 -0.3433755
vn -0.9495884 -0.0006749664 0.3134998
vn -0.828038 -0.01153325 0.5605541
vn -0.3236614 0.3034343 0.8961984
vn -0.3236614 0.3034343 0.8961984
vn -0.2995679 0.291314 0.9085131
vn 0.6461931 -0.1595085 0.7463191
vn 0.6782745 -0.09083721 0.7291728
vn 0.6797416 -0.1938196 0.7073798
vn 0.9653578 -0.1891462 0.1797468
vn 0.9807369 -0.08961892 0.1735633
vn 0.9648255 -0.2607073 -0.03382906
vn 0.9473653 -0.320137 -0.003458999
vn 0.9975263 -0.05685867 0.04134059
vn -0.7690176 -0.1811228 -0.6130312
vn -0.7966774 -0.1989374 -0.5707273
vn -0.2315989 -0.1499098 0.9611918
vn -0.1439871 -0.1601003 0.9765431
vn 0.08338732 -0.1703141 0.9818556
vn 0.2767896 -0.2049577 0.9388187
vn 0.4716863 -0.2092799 0.8565715
vn 0.2469659 0.7367685 -0.6294286
vn 0.8747917 -0.3290976 0.3555767
vn 0.8940259 -0.263208 0.3625465
vn 0.8877829 -0.2888619 0.3583308
vn 0.9056182 -0.09787676 0.4126458
vn 0.9389663 -0.07319371 0.3361336
vn 0.848186 0.09036691 0.521934
vn 0.9196619 0.05850006 0.3883305
vn 0.197214 0.9803004 0.01085325
vn 0.3180543 0.8867624 0.3354016
vn 0.1709784 0.9797768 0.1039423
vn 0.1207035 0.9840404 -0.1307486
vn -0.1178128 0.9922815 0.03869897
vn -0.03359072 0.9859942 0.1633627
vn -0.07177339 0.9545052 0.2894282
vn -0.1710243 0.9851176 0.01714856
vn -0.5389965 0.09650652 0.8367616
vn -0.4858925 -0.2122824 0.8478473
vn -0.5189781 -0.1650379 0.8387044
vn -0.5707858 -0.04209445 0.8200198
vn -0.4965533 -0.3507387 0.7939885
vn 0.2275175 0.9732347 0.03240498
vn 0.2560476 0.8628807 0.4357482
vn -0.004297769 0.8607146 0.5090699
vn 0.478749 0.6816922 -0.5532589
vn 0.4170014 0.7222577 -0.5517736
vn 0.4426639 0.716857 -0.5386698
vn 0.4585773 0.7360916 -0.4978719
vn 0.5114172 0.676987 -0.5292841
vn 0.5192939 0.6953566 -0.4968032
vn 0.4230139 0.8439731 -0.3298011
vn 0.1123387 0.9924138 -0.04995058
vn -0.05181409 0.9913076 -0.120932
vn -0.5940591 0.8042909 -0.01450066
vn -0.5413645 0.8398583 -0.03953332
vn -0.5797746 0.8121202 -0.06574581
vn -0.6448839 0.7640017 -0.02065174
vn -0.5481786 0.8188099 -0.1704432
vn -0.6480869 0.7523893 -0.1178726
vn -0.5349507 0.8063433 -0.2522666
vn -0.2398883 0.802258 -0.5466591
vn 0.7138584 -0.6363842 -0.2922697
vn 0.7146157 -0.362774 -0.598097
vn 0.8521289 -0.2661815 -0.4505824
vn 0.4094042 -0.6301608 -0.659762
vn 0.628724 -0.7197042 -0.2945037
vn 0.2012549 -0.9360947 -0.2884846
vn -0.05374089 -0.9921809 -0.1126455
vn 0.175718 -0.9176115 -0.3565284
vn 0.2780468 -0.6796352 -0.6788124
vn -0.01599178 -0.9990002 0.04174846
vn -0.8468801 -0.5113778 -0.145902
vn -0.6488491 -0.6349676 -0.4192989
vn -0.670485 -0.6650457 -0.3288839
vn -0.740975 -0.6489423 0.1727151
vn -0.4439609 -0.8891464 0.1109843
vn -0.4439609 -0.8891464 0.1109843
vn -0.9587923 -0.2745002 0.07326509
vn -0.7909138 -0.5569554 0.2534887
vn -0.005167609 -0.9852982 0.1707658
vn 0.05230759 -0.9761829 0.2105492
vn 0.02686034 -0.9947132 0.09911706
vn -0.9555671 -0.2938155 0.02376021
vn -0.8782851 -0.4572327 -0.1398364
vn -0.9512889 -0.2110291 0.2247595
vn -0.5333101 -0.8033801 0.2648793
vn -0.5171463 -0.7807322 0.3507384
vn -0.6991886 -0.6541593 0.2884637
vn 0.7923171 -0.5856427 -0.1710465
vn 0.6907625 -0.7126887 -0.1221574
vn 0.734458 -0.2363397 -0.6361725
vn 0.9123935 -0.08383842 -0.4006369
vn -0.9015592 -0.3413019 0.2659036
vn -0.9058691 -0.4231827 -0.0178342
vn -0.6888366 -0.4055662 -0.6008501
vn -0.6888366 -0.4055662 -0.6008501
vn -0.6913955 -0.5382442 -0.4819399
vn 0.1348957 -0.5964001 -0.7912715
vn 0.005698719 -0.699894 -0.7142243
vn 0.07699627 -0.5943455 -0.8005158
vn 0.2028728 -0.5689326 -0.7969686
vn 0.6344905 -0.3252802 -0.7011528
vn 0.597569 -0.247411 -0.7626924
vn -0.03334869 -0.9985192 0.04297894
vn 0.01287276 -0.9878259 0.15503
vn 0.01824565 -0.9923535 0.1220723
vn 0.08084442 -0.9626086 0.2585517
vn -0.01895382 -0.9994624 0.02675446
vn 0.05261102 -0.9872246 0.1503991
vn 0.04243649 -0.94576 0.3220826
vn 0.02686234 -0.9510188 0.307964
vn 0.08600542 -0.9177228 0.3877991
vn 0.1045801 -0.9129485 0.3944468
vn 0.1244731 -0.8823982 0.4537403
vn 0.1556434 -0.8777009 0.4532289
vn 0.1651849 -0.8453506 0.5080321
vn 0.1188482 -0.8884096 0.4434
vn 0.126912 -0.9225656 0.3643711
vn 0.1187973 -0.9043539 0.4099164
vn 0.125397 -0.9614738 0.2446301
vn 0.06355172 0.8999086 -0.4314231
vn 0.04351145 0.9573092 -0.2857728
vn -0.09532815 0.8521818 -0.514489
vn 0.02232709 0.8487508 -0.5283217
vn -0.08710194 0.8100625 -0.5798382
vn -0.1774901 0.80242 -0.569754
vn -0.1531401 0.7766888 -0.6109851
vn -0.3124225 0.7771102 -0.5463445
vn -0.2459317 0.8296766 -0.5011532
vn -0.2255544 0.9212459 -0.3169092
vn -0.3162718 0.8954948 -0.3131475
vn -0.3326396 0.8407977 -0.4270952
vn -0.201442 0.9659519 -0.1623525
vn -0.170024 0.9833158 -0.06466807
vn 0.09836252 0.9936572 -0.05449995
vn 0.1348538 0.9480782 -0.2880319
vn 0.1564554 -0.8361647 0.5256907
vn 0.1309604 -0.8634718 0.4870998
vn -0.04334192 -0.9713014 0.2338697
vn -0.3376336 -0.8851016 0.3203107
vn -0.4285235 -0.902589 0.04124071
vn -0.4844873 -0.8282652 0.281512
vn 0.6917946 -0.7214386 -0.03077176
vn 0.6397918 -0.7685395 0.003709887
vn 0.6526333 -0.7575855 0.01159739
vn 0.6022578 -0.7961169 0.05902258
vn -0.04818008 -0.9913864 0.1217852
vn -0.4162876 -0.858124 0.3005464
vn 0.04082571 -0.9715624 0.2332375
vn 0.5797813 -0.8142903 0.02802319
vn -0.8295552 -0.4747453 0.2940335
vn 0.6178673 -0.782089 -0.08109911
vn 0.01513807 -0.9746166 0.223368
vn 0.0752069 -0.936993 0.3411571
vn 0.02286091 -0.9877057 0.154644
vn -0.0489522 -0.9292761 0.3661282
vn 0.1606828 -0.8388146 0.5201648
vn 0.163752 -0.8386254 0.5195122
vn 0.1567008 -0.8341302 0.5288402
vn -0.6869324 0.7263983 0.02167266
vn 0.5851731 0.6211344 -0.5213108
vn 0.5326707 0.6850938 -0.4968993
vn -0.6819583 0.72913 -0.0574688
vn -0.5301862 0.8477442 -0.01525224
vn -0.2813325 0.9341311 -0.2196618
vn -0.4026008 0.852266 -0.3339994
vn -0.4075112 0.825846 -0.3897608
vn -0.4004807 0.7706297 -0.4957271
vn -0.3532473 0.7431977 -0.56822
vn -0.28654 0.7158808 -0.636718
vn -0.3885753 0.494089 -0.7777441
vn -0.2357475 0.6856404 -0.6887095
vn -0.1639862 0.6837744 -0.7110285
vn -0.02992839 0.79337 -0.6080038
vn 0.1162288 0.8324664 -0.541748
vn 0.1593079 0.8650904 -0.4756467
vn 0.2023951 0.9101099 -0.3615751
vn 0.1744981 0.9664539 -0.1884607
vn 0.8607879 -0.02884202 0.5081466
vn 0.8219275 -0.4737048 0.3162903
vn 0.7682949 0.1303353 0.6266869
vn -0.6007061 -0.2202229 0.7685407
vn -0.5838952 -0.3307991 0.7413763
vn -0.8947023 -0.4104169 0.1762566
vn -0.9435679 -0.277563 0.1806627
vn -0.9105209 -0.3194099 0.2625445
vn -0.8840733 -0.4673161 0.005537803
vn -0.9377874 -0.3457877 0.03140622
vn -0.9293713 -0.3513091 -0.1133649
vn -0.8470277 -0.4890041 -0.2083739
vn -0.9123498 -0.2868981 -0.2920755
vn -0.8217859 -0.2994546 -0.4847634
vn -0.7571602 -0.433257 -0.4888737
vn -0.7340168 -0.2295496 -0.6391612
vn 0.02807732 -0.3135988 -0.9491407
vn 0.1258917 -0.3625827 -0.9234098
vn 0.2103482 -0.361077 -0.9085029
vn 0.09180948 -0.08141256 -0.9924433
vn 0.5075774 -0.2464937 -0.8255948
vn 0.6161225 -0.3825874 -0.6884915
vn 0.7192411 -0.5117599 -0.4698876
vn 0.6665172 -0.2940719 -0.6850381
vn 0.7871742 -0.3992397 -0.4700692
vn 0.8246206 -0.5328016 -0.1900629
vn 0.8707346 -0.3333763 -0.3615
vn 0.9399406 -0.341321 -0.003498344
vn 0.8189289 -0.5365251 0.2037078
vn 0.8748341 -0.397391 0.2770313
vn 0.9653146 -0.008420902 0.2609552
vn 0.9493498 -0.1749758 0.2609967
vn 0.9680836 -0.1277347 0.2156357
vn 0.5756494 -0.1467709 -0.8044171
vn 0.7548612 -0.2119392 -0.6206987
vn 0.2032999 -0.0006748533 -0.9791167
vn -0.0714305 -0.01153312 -0.9973793
vn -0.6142964 0.3034344 -0.728401
vn -0.6142964 0.3034344 -0.728401
vn -0.6370081 0.2913141 -0.7136928
vn -0.9694287 -0.1595084 0.1864556
vn -0.9706205 -0.09083717 0.2228121
vn -0.9524807 -0.1938195 0.2349791
vn -0.6383475 -0.1891462 0.746148
vn -0.6406822 -0.08961897 0.7625585
vn -0.4531198 -0.2607073 0.8524756
vn -0.4706908 -0.320137 0.8221697
vn -0.5345691 -0.05685874 0.8432104
vn 0.9154111 -0.1811228 -0.359469
vn 0.892605 -0.1989375 -0.4045751
vn -0.7166139 -0.1499097 -0.6811698
vn -0.7737148 -0.1601001 -0.6129715
vn -0.8920037 -0.170314 -0.4187164
vn -0.9514347 -0.2049576 -0.2297069
vn -0.9776557 -0.2092798 -0.01979796
vn 0.4216158 0.7367684 0.528595
vt 8 0
vt 8 -2.2962
vt 3 -2.2962
vt 3 0
vt 8 -4.2426
vt 3 -4.2426
vt 2.2962 8
vt 2.2962 3
vt 0 8
vt 0 3
vt -2.2962 8
vt -2.2962 3
vt 8 -4.2426
vt 3 -4.2426
vt 8 -2.2962
vt 3 -2.2962
vt 8 0
vt 3 0
vt 8 2.2962
vt 3 2.2962
vt 8 4.2426
vt 3 4.2426
vt -2.2962 8
vt -2.2962 3
vt 0 8
vt 0 3
vt 2.2962 8
vt 2.2962 3
vt 8 4.2426
vt 3 4.2426
vt 8 2.2962
vt 3 2.2962
vt 8 0
vt 8 -3.0616
vt 3 -3.0616
vt 3 0
vt 8 -5.6568
vt 3 -5.6568
vt 3.0616 8
vt 3.0616 3
vt 0 8
vt 0 3
vt -3.0616 8
vt -3.0616 3
vt 8 -5.6568
vt 3 -5.6568
vt 8 -3.0616
vt 3 -3.0616
vt 8 0
vt 3 0
vt 8 3.0616
vt 3 3.0616
vt 8 5.6568
vt 3 5.6568
vt -3.0616 8
vt -3.0616 3
vt 0 8
vt 0 3
vt 3.0616 8
vt 3.0616 3
vt 8 5.6568
vt 3 5.6568
vt 8 3.0616
vt 3 3.0616
vt -8 0
vt -6 0
vt -5.5434 -2.2962
vt -7.3912 -3.0616
vt -4.2426 -4.2426
vt -5.6568 -5.6568
vt -2.2962 -5.5434
vt -3.0616 -7.3912
vt 0 -6
vt 0 -8
vt 2.2962 -5.5434
vt 3.0616 -7.3912
vt 4.2426 -4.2426
vt 5.6568 -5.6568
vt 5.5434 -2.2962
vt 7.3912 -3.0616
vt 6 0
vt 8 0
vt 5.5434 2.2962
vt 7.3912 3.0616
vt 4.2426 4.2426
vt 5.6568 5.6568
vt 2.2962 5.5434
vt 3.0616 7.3912
vt 0 6
vt 0 8
vt -2.2962 5.5434
vt -3.0616 7.3912
vt -4.2426 4.2426
vt -5.6568 5.6568
vt -5.5434 2.2962
vt -7.3912 3.0616
vt 8 60
vt 8 57.7038
vt 3 57.7038
vt 3 60
vt 8 55.7574
vt 3 55.7574
vt 2.2962 8
vt 2.2962 3
vt 0 8
vt 0 3
vt -2.2962 8
vt -2.2962 3
vt 8 55.7574
vt 3 55.7574
vt 8 57.7038
vt 3 57.7038
vt 8 60
vt 3 60
vt 8 62.2962
vt 3 62.2962
vt 8 64.2426
vt 3 64.2426
vt -2.2962 8
vt -2.2962 3
vt 0 8
vt 0 3
vt 2.2962 8
vt 2.2962 3
vt 8 64.2426
vt 3 64.2426
vt 8 62.2962
vt 3 62.2962
vt 8 60
vt 8 56.9384
vt 3 56.9384
vt 3 60
vt 8 54.3432
vt 3 54.3432
vt 3.0616 8
vt 3.0616 3
vt 0 8
vt 0 3
vt -3.0616 8
vt -3.0616 3
vt 8 54.3432
vt 3 54.3432
vt 8 56.9384
vt 3 56.9384
vt 8 60
vt 3 60
vt 8 63.0616
vt 3 63.0616
vt 8 65.6568
vt 3 65.6568
vt -3.0616 8
vt -3.0616 3
vt 0 8
vt 0 3
vt 3.0616 8
vt 3.0616 3
vt 8 65.6568
vt 3 65.6568
vt 8 63.0616
vt 3 63.0616
vt 52 0
vt 54 0
vt 54.4566 -2.2962
vt 52.6088 -3.0616
vt 55.7574 -4.2426
vt 54.3432 -5.6568
vt 57.7038 -5.5434
vt 56.9384 -7.3912
vt 60 -6
vt 60 -8
vt 62.2962 -5.5434
vt 63.0616 -7.3912
vt 64.2426 -4.2426
vt 65.6568 -5.6568
vt 65.5434 -2.2962
vt 67.3912 -3.0616
vt 66 0
vt 68 0
vt 65.5434 2.2962
vt 67.3912 3.0616
vt 64.2426 4.2426
vt 65.6568 5.6568
vt 62.2962 5.5434
vt 63.0616 7.3912
vt 60 6
vt 60 8
vt 57.7038 5.5434
vt 56.9384 7.3912
vt 55.7574 4.2426
vt 54.3432 5.6568
vt 54.4566 2.2962
vt 52.6088 3.0616
vt 0 0
vt 0 -1.5308
vt 3 -1.5308
vt 3 0
vt 0 -2.8284
vt 3 -2.8284
vt 1.5308 0
vt 1.5308 3
vt 0 0
vt 0 3
vt -1.5308 0
vt -1.5308 3
vt 0 -2.8284
vt 3 -2.8284
vt 0 -1.5308
vt 3 -1.5308
vt 0 0
vt 3 0
vt 0 1.5308
vt 3 1.5308
vt 0 2.8284
vt 3 2.8284
vt -1.5308 0
vt -1.5308 3
vt 0 0
vt 0 3
vt 1.5308 0
vt 1.5308 3
vt 0 2.8284
vt 3 2.8284
vt 0 1.5308
vt 3 1.5308
vt 0 20
vt 0 18.4692
vt 3 18.4692
vt 3 20
vt 0 17.1716
vt 3 17.1716
vt 21.5308 0
vt 21.5308 3
vt 20 0
vt 20 3
vt 18.4692 0
vt 18.4692 3
vt 0 17.1716
vt 3 17.1716
vt 0 18.4692
vt 3 18.4692
vt 0 20
vt 3 20
vt 0 21.5308
vt 3 21.5308
vt 0 22.8284
vt 3 22.8284
vt 18.4692 0
vt 18.4692 3
vt 20 0
vt 20 3
vt 21.5308 0
vt 21.5308 3
vt 0 22.8284
vt 3 22.8284
vt 0 21.5308
vt 3 21.5308
vt 0 20
vt 0 18.4692
vt 3 18.4692
vt 3 20
vt 0 17.1716
vt 3 17.1716
vt -18.4692 0
vt -18.4692 3
vt -20 0
vt -20 3
vt -21.5308 0
vt -21.5308 3
vt 0 17.1716
vt 3 17.1716
vt 0 18.4692
vt 3 18.4692
vt 0 20
vt 3 20
vt 0 21.5308
vt 3 21.5308
vt 0 22.8284
vt 3 22.8284
vt -21.5308 0
vt -21.5308 3
vt -20 0
vt -20 3
vt -18.4692 0
vt -18.4692 3
vt 0 22.8284
vt 3 22.8284
vt 0 21.5308
vt 3 21.5308
vt 0 40
vt 0 38.4692
vt 3 38.4692
vt 3 40
vt 0 37.1716
vt 3 37.1716
vt 21.5308 0
vt 21.5308 3
vt 20 0
vt 20 3
vt 18.4692 0
vt 18.4692 3
vt 0 37.1716
vt 3 37.1716
vt 0 38.4692
vt 3 38.4692
vt 0 40
vt 3 40
vt 0 41.5308
vt 3 41.5308
vt 0 42.8284
vt 3 42.8284
vt 18.4692 0
vt 18.4692 3
vt 20 0
vt 20 3
vt 21.5308 0
vt 21.5308 3
vt 0 42.8284
vt 3 42.8284
vt 0 41.5308
vt 3 41.5308
vt 0 40
vt 0 38.4692
vt 3 38.4692
vt 3 40
vt 0 37.1716
vt 3 37.1716
vt -18.4692 0
vt -18.4692 3
vt -20 0
vt -20 3
vt -21.5308 0
vt -21.5308 3
vt 0 37.1716
vt 3 37.1716
vt 0 38.4692
vt 3 38.4692
vt 0 40
vt 3 40
vt 0 41.5308
vt 3 41.5308
vt 0 42.8284
vt 3 42.8284
vt -21.5308 0
vt -21.5308 3
vt -20 0
vt -20 3
vt -18.4692 0
vt -18.4692 3
vt 0 42.8284
vt 3 42.8284
vt 0 41.5308
vt 3 41.5308
vt 0 60
vt 0 58.4692
vt 3 58.4692
vt 3 60
vt 0 57.1716
vt 3 57.1716
vt 1.5308 0
vt 1.5308 3
vt 0 0
vt 0 3
vt -1.5308 0
vt -1.5308 3
vt 0 57.1716
vt 3 57.1716
vt 0 58.4692
vt 3 58.4692
vt 0 60
vt 3 60
vt 0 61.5308
vt 3 61.5308
vt 0 62.8284
vt 3 62.8284
vt -1.5308 0
vt -1.5308 3
vt 0 0
vt 0 3
vt 1.5308 0
vt 1.5308 3
vt 0 62.8284
vt 3 62.8284
vt 0 61.5308
vt 3 61.5308
vt 3 0
vt 0 0
vt 0 -3.827
vt 3 -3.827
vt 0 -7.071
vt 3 -7.071
vt 3.827 0
vt 3.827 3
vt 0 0
vt 0 3
vt -3.827 0
vt -3.827 3
vt 0 -7.071
vt 3 -7.071
vt 0 -3.827
vt 3 -3.827
vt 0 0
vt 3 0
vt 0 3.68
vt 3 3.68
vt -9.28 3
vt -9.28 0
vt -19.67 0
vt -19.67 3
vt -19.67 3
vt -19.67 0
vt -20 0
vt -20 3
vt 3 20
vt 0 20
vt 0 22.2962
vt 3 22.2962
vt 0 24.2426
vt 3 24.2426
vt -17.7038 0
vt -17.7038 3
vt -20 0
vt -20 3
vt -22.2962 0
vt -22.2962 3
vt 0 24.2426
vt 3 24.2426
vt 0 22.2962
vt 3 22.2962
vt 0 20
vt 3 20
vt 0 17.7038
vt 3 17.7038
vt 0 15.7574
vt 3 15.7574
vt -22.2962 0
vt -22.2962 3
vt 0 19.67
vt 3 19.67
vt 3 19.67
vt 0 19.67
vt 0 9.6
vt 3 9.6
vt 3 9.6
vt 0 9.6
vt 0 18.4
vt 3 18.4
vt 3 18.4
vt 0 18.4
vt 0 34.07
vt 3 34.07
vt -19.67 3
vt -19.67 0
vt -20 0
vt -20 3
vt 3 40
vt 0 40
vt 0 42.2962
vt 3 42.2962
vt 0 44.2426
vt 3 44.2426
vt -17.7038 0
vt -17.7038 3
vt -20 0
vt -20 3
vt -22.2962 0
vt -22.2962 3
vt 0 44.2426
vt 3 44.2426
vt 0 42.2962
vt 3 42.2962
vt 0 40
vt 3 40
vt 0 37.7038
vt 3 37.7038
vt 0 35.7574
vt 3 35.7574
vt -22.2962 0
vt -22.2962 3
vt 0 39.67
vt 3 39.67
vt -14.07 3
vt -14.07 0
vt -4 0
vt -4 3
vt 3 29.6
vt 0 29.6
vt 0 53.3
vt 3 53.3
vt -4 3
vt -4 0
vt -5.6 0
vt -5.6 3
vt 0 60
vt 0 56.9384
vt 0 54.3432
vt 0 60
vt 0 63.0616
vt 0 65.6568
vt 3.0616 0
vt 0 0
vt -3.0616 0
vt 0 65.6568
vt 0 63.0616
vt 0 56.9384
vt 0 54.3432
vt 5.6 3
vt 5.6 0
vt 4 0
vt 4 3
vt 3 53.3
vt 0 53.3
vt 0 29.6
vt 3 29.6
vt 4 3
vt 4 0
vt 14.07 0
vt 14.07 3
vt 3 39.67
vt 0 39.67
vt 0 40
vt 3 40
vt 0 42.2962
vt 3 42.2962
vt 0 44.2426
vt 3 44.2426
vt 17.7038 0
vt 17.7038 3
vt 20 0
vt 20 3
vt 22.2962 0
vt 22.2962 3
vt 0 44.2426
vt 3 44.2426
vt 0 42.2962
vt 3 42.2962
vt 0 40
vt 3 40
vt 0 37.7038
vt 3 37.7038
vt 0 35.7574
vt 3 35.7574
vt 22.2962 0
vt 22.2962 3
vt 20 0
vt 20 3
vt 19.67 0
vt 19.67 3
vt 3 34.07
vt 0 34.07
vt 0 18.4
vt 3 18.4
vt 3 18.4
vt 0 18.4
vt 0 9.6
vt 3 9.6
vt 3 9.6
vt 0 9.6
vt 0 19.67
vt 3 19.67
vt 3 19.67
vt 0 19.67
vt 0 20
vt 3 20
vt 0 22.2962
vt 3 22.2962
vt 0 24.2426
vt 3 24.2426
vt 17.7038 0
vt 17.7038 3
vt 20 0
vt 20 3
vt 22.2962 0
vt 22.2962 3
vt 0 24.2426
vt 3 24.2426
vt 0 22.2962
vt 3 22.2962
vt 0 20
vt 3 20
vt 0 17.7038
vt 3 17.7038
vt 0 15.7574
vt 3 15.7574
vt 22.2962 0
vt 22.2962 3
vt 20 0
vt 20 3
vt 19.67 0
vt 19.67 3
vt 19.67 3
vt 19.67 0
vt 9.28 0
vt 9.28 3
vt 3 3.68
vt 0 3.68
vt 19.67 -14.07
vt 9.6 -4
vt 4 -9.6
vt 14.07 -19.67
vt 39.67 -14.07
vt 29.6 -4
vt 18.4 -4
vt 34.07 -19.67
vt 53.3 4
vt 9.6 4
vt 53.3 -4
vt 39.67 14.07
vt 34.07 19.67
vt 18.4 4
vt 29.6 4
vt 19.67 14.07
vt 14.07 19.67
vt 4 9.6
vt -6 0
vt -4 0
vt -3.6956 1.5308
vt -5.5434 2.2962
vt -2.8284 2.8284
vt -4.2426 4.2426
vt -1.5308 3.6956
vt -2.2962 5.5434
vt 0 4
vt 0 6
vt 1.5308 3.6956
vt 2.2962 5.5434
vt 2.8284 2.8284
vt 4.2426 4.2426
vt 3.6956 1.5308
vt 5.5434 2.2962
vt 4 0
vt 6 0
vt 3.6956 -1.5308
vt 5.5434 -2.2962
vt 2.8284 -2.8284
vt 4.2426 -4.2426
vt 1.5308 -3.6956
vt 2.2962 -5.5434
vt 0 -4
vt 0 -6
vt -1.5308 -3.6956
vt -2.2962 -5.5434
vt -2.8284 -2.8284
vt -4.2426 -4.2426
vt -3.6956 -1.5308
vt -5.5434 -2.2962
vt -10 0
vt -8 0
vt -7.3912 3.0616
vt -9.239 3.827
vt -5.6568 5.6568
vt -7.071 7.071
vt -3.0616 7.3912
vt -3.827 9.239
vt 0 8
vt 0 10
vt 3.0616 7.3912
vt 3.827 9.239
vt 5.6568 5.6568
vt 7.071 7.071
vt 7.3912 3.0616
vt 9.239 3.827
vt 8 0
vt 10 0
vt 7.3912 -3.0616
vt 9.239 -3.827
vt 5.6568 -5.6568
vt 7.071 -7.071
vt 3.0616 -7.3912
vt 3.827 -9.239
vt 0 -8
vt 0 -10
vt -3.0616 -7.3912
vt -3.827 -9.239
vt -5.6568 -5.6568
vt -7.071 -7.071
vt -7.3912 -3.0616
vt -9.239 -3.827
vt 14 -20
vt 16 -20
vt 16.3044 -18.4692
vt 14.4566 -17.7038
vt 17.1716 -17.1716
vt 15.7574 -15.7574
vt 18.4692 -16.3044
vt 17.7038 -14.4566
vt 20 -16
vt 20 -14
vt 21.5308 -16.3044
vt 22.2962 -14.4566
vt 22.8284 -17.1716
vt 24.2426 -15.7574
vt 23.6956 -18.4692
vt 25.5434 -17.7038
vt 24 -20
vt 26 -20
vt 23.6956 -21.5308
vt 25.5434 -22.2962
vt 22.8284 -22.8284
vt 24.2426 -24.2426
vt 21.5308 -23.6956
vt 22.2962 -25.5434
vt 20 -24
vt 20 -26
vt 18.4692 -23.6956
vt 17.7038 -25.5434
vt 17.1716 -22.8284
vt 15.7574 -24.2426
vt 16.3044 -21.5308
vt 14.4566 -22.2962
vt 14 20
vt 16 20
vt 16.3044 21.5308
vt 14.4566 22.2962
vt 17.1716 22.8284
vt 15.7574 24.2426
vt 18.4692 23.6956
vt 17.7038 25.5434
vt 20 24
vt 20 26
vt 21.5308 23.6956
vt 22.2962 25.5434
vt 22.8284 22.8284
vt 24.2426 24.2426
vt 23.6956 21.5308
vt 25.5434 22.2962
vt 24 20
vt 26 20
vt 23.6956 18.4692
vt 25.5434 17.7038
vt 22.8284 17.1716
vt 24.2426 15.7574
vt 21.5308 16.3044
vt 22.2962 14.4566
vt 20 16
vt 20 14
vt 18.4692 16.3044
vt 17.7038 14.4566
vt 17.1716 17.1716
vt 15.7574 15.7574
vt 16.3044 18.4692
vt 14.4566 17.7038
vt 34 -20
vt 36 -20
vt 36.3044 -18.4692
vt 34.4566 -17.7038
vt 37.1716 -17.1716
vt 35.7574 -15.7574
vt 38.4692 -16.3044
vt 37.7038 -14.4566
vt 40 -16
vt 40 -14
vt 41.5308 -16.3044
vt 42.2962 -14.4566
vt 42.8284 -17.1716
vt 44.2426 -15.7574
vt 43.6956 -18.4692
vt 45.5434 -17.7038
vt 44 -20
vt 46 -20
vt 43.6956 -21.5308
vt 45.5434 -22.2962
vt 42.8284 -22.8284
vt 44.2426 -24.2426
vt 41.5308 -23.6956
vt 42.2962 -25.5434
vt 40 -24
vt 40 -26
vt 38.4692 -23.6956
vt 37.7038 -25.5434
vt 37.1716 -22.8284
vt 35.7574 -24.2426
vt 36.3044 -21.5308
vt 34.4566 -22.2962
vt 34 20
vt 36 20
vt 36.3044 21.5308
vt 34.4566 22.2962
vt 37.1716 22.8284
vt 35.7574 24.2426
vt 38.4692 23.6956
vt 37.7038 25.5434
vt 40 24
vt 40 26
vt 41.5308 23.6956
vt 42.2962 25.5434
vt 42.8284 22.8284
vt 44.2426 24.2426
vt 43.6956 21.5308
vt 45.5434 22.2962
vt 44 20
vt 46 20
vt 43.6956 18.4692
vt 45.5434 17.7038
vt 42.8284 17.1716
vt 44.2426 15.7574
vt 41.5308 16.3044
vt 42.2962 14.4566
vt 40 16
vt 40 14
vt 38.4692 16.3044
vt 37.7038 14.4566
vt 37.1716 17.1716
vt 35.7574 15.7574
vt 36.3044 18.4692
vt 34.4566 17.7038
vt 54 0
vt 56 0
vt 56.3044 1.5308
vt 54.4566 2.2962
vt 57.1716 2.8284
vt 55.7574 4.2426
vt 58.4692 3.6956
vt 57.7038 5.5434
vt 60 4
vt 60 6
vt 61.5308 3.6956
vt 62.2962 5.5434
vt 62.8284 2.8284
vt 64.2426 4.2426
vt 63.6956 1.5308
vt 65.5434 2.2962
vt 64 0
vt 66 0
vt 63.6956 -1.5308
vt 65.5434 -2.2962
vt 62.8284 -2.8284
vt 64.2426 -4.2426
vt 61.5308 -3.6956
vt 62.2962 -5.5434
vt 60 -4
vt 60 -6
vt 58.4692 -3.6956
vt 57.7038 -5.5434
vt 57.1716 -2.8284
vt 55.7574 -4.2426
vt 56.3044 -1.5308
vt 54.4566 -2.2962
vt 19.67 -14.07
vt 14.07 -19.67
vt 4 -9.6
vt 9.6 -4
vt 39.67 -14.07
vt 34.07 -19.67
vt 18.4 -4
vt 29.6 -4
vt 53.3 4
vt 53.3 -4
vt 9.6 4
vt 39.67 14.07
vt 29.6 4
vt 18.4 4
vt 34.07 19.67
vt 19.67 14.07
vt 4 9.6
vt 14.07 19.67
vt -8 0
vt -6 0
vt -5.5434 -2.2962
vt -7.3912 -3.0616
vt -4.2426 -4.2426
vt -5.6568 -5.6568
vt -2.2962 -5.5434
vt -3.0616 -7.3912
vt 0 -6
vt 0 -8
vt 2.2962 -5.5434
vt 3.0616 -7.3912
vt 4.2426 -4.2426
vt 5.6568 -5.6568
vt 5.5434 -2.2962
vt 7.3912 -3.0616
vt 6 0
vt 8 0
vt 5.5434 2.2962
vt 7.3912 3.0616
vt 4.2426 4.2426
vt 5.6568 5.6568
vt 2.2962 5.5434
vt 3.0616 7.3912
vt 0 6
vt 0 8
vt -2.2962 5.5434
vt -3.0616 7.3912
vt -4.2426 4.2426
vt -5.6568 5.6568
vt -5.5434 2.2962
vt -7.3912 3.0616
vt -10 0
vt -9.239 -3.827
vt -7.071 -7.071
vt -3.827 -9.239
vt 0 -10
vt 3.827 -9.239
vt 7.071 -7.071
vt 9.239 -3.827
vt 10 0
vt 9.239 3.827
vt 7.071 7.071
vt 3.827 9.239
vt 0 10
vt -3.827 9.239
vt -7.071 7.071
vt -9.239 3.827
vt 52 0
vt 54 0
vt 54.4566 -2.2962
vt 52.6088 -3.0616
vt 55.7574 -4.2426
vt 54.3432 -5.6568
vt 57.7038 -5.5434
vt 56.9384 -7.3912
vt 60 -6
vt 60 -8
vt 62.2962 -5.5434
vt 63.0616 -7.3912
vt 64.2426 -4.2426
vt 65.6568 -5.6568
vt 65.5434 -2.2962
vt 67.3912 -3.0616
vt 66 0
vt 68 0
vt 65.5434 2.2962
vt 67.3912 3.0616
vt 64.2426 4.2426
vt 65.6568 5.6568
vt 62.2962 5.5434
vt 63.0616 7.3912
vt 60 6
vt 60 8
vt 57.7038 5.5434
vt 56.9384 7.3912
vt 55.7574 4.2426
vt 54.3432 5.6568
vt 54.4566 2.2962
vt 52.6088 3.0616
vt -4 0
vt -4 -1.5308
vt -4 -2.8284
vt 1.5308 -4
vt 0 -4
vt -1.5308 -4
vt -4 -2.8284
vt -4 -1.5308
vt -4 0
vt -4 1.5308
vt -4 2.8284
vt -1.5308 -4
vt 0 -4
vt 1.5308 -4
vt -4 2.8284
vt -4 1.5308
vt -4 0
vt -4 -2.2962
vt 0 -2.2962
vt 0 0
vt -4 -4.2426
vt 0 -4.2426
vt 2.2962 -4
vt 2.2962 0
vt 0 -4
vt 0 0
vt -2.2962 -4
vt -2.2962 0
vt -4 -4.2426
vt 0 -4.2426
vt -4 -2.2962
vt 0 -2.2962
vt -4 0
vt 0 0
vt -4 2.2962
vt 0 2.2962
vt -4 4.2426
vt 0 4.2426
vt -2.2962 -4
vt -2.2962 0
vt 0 -4
vt 0 0
vt 2.2962 -4
vt 2.2962 0
vt -4 4.2426
vt 0 4.2426
vt -4 2.2962
vt 0 2.2962
vt -6 0
vt -4 0
vt -3.6956 -1.5308
vt -5.5434 -2.2962
vt -2.8284 -2.8284
vt -4.2426 -4.2426
vt -1.5308 -3.6956
vt -2.2962 -5.5434
vt 0 -4
vt 0 -6
vt 1.5308 -3.6956
vt 2.2962 -5.5434
vt 2.8284 -2.8284
vt 4.2426 -4.2426
vt 3.6956 -1.5308
vt 5.5434 -2.2962
vt 4 0
vt 6 0
vt 3.6956 1.5308
vt 5.5434 2.2962
vt 2.8284 2.8284
vt 4.2426 4.2426
vt 1.5308 3.6956
vt 2.2962 5.5434
vt 0 4
vt 0 6
vt -1.5308 3.6956
vt -2.2962 5.5434
vt -2.8284 2.8284
vt -4.2426 4.2426
vt -3.6956 1.5308
vt -5.5434 2.2962
vt -4 20
vt -4 18.4692
vt -4 17.1716
vt 21.5308 -4
vt 20 -4
vt 18.4692 -4
vt -4 17.1716
vt -4 18.4692
vt -4 20
vt -4 21.5308
vt -4 22.8284
vt 18.4692 -4
vt 20 -4
vt 21.5308 -4
vt -4 22.8284
vt -4 21.5308
vt -4 20
vt -4 17.7038
vt -4 15.7574
vt 22.2962 -4
vt 20 -4
vt 17.7038 -4
vt 17.7038 0
vt -4 15.7574
vt 0 15.7574
vt -4 17.7038
vt 0 17.7038
vt -4 20
vt -4 22.2962
vt -4 24.2426
vt 17.7038 -4
vt 20 -4
vt 22.2962 -4
vt -4 24.2426
vt -4 22.2962
vt 14 20
vt 16 20
vt 16.3044 18.4692
vt 14.4566 17.7038
vt 17.1716 17.1716
vt 15.7574 15.7574
vt 18.4692 16.3044
vt 17.7038 14.4566
vt 20 16
vt 20 14
vt 21.5308 16.3044
vt 22.2962 14.4566
vt 22.8284 17.1716
vt 24.2426 15.7574
vt 23.6956 18.4692
vt 25.5434 17.7038
vt 24 20
vt 26 20
vt 23.6956 21.5308
vt 25.5434 22.2962
vt 22.8284 22.8284
vt 24.2426 24.2426
vt 21.5308 23.6956
vt 22.2962 25.5434
vt 20 24
vt 20 26
vt 18.4692 23.6956
vt 17.7038 25.5434
vt 17.1716 22.8284
vt 15.7574 24.2426
vt 16.3044 21.5308
vt 14.4566 22.2962
vt -4 20
vt -4 18.4692
vt -4 17.1716
vt -18.4692 -4
vt -20 -4
vt -21.5308 -4
vt -4 17.1716
vt -4 18.4692
vt -4 20
vt -4 21.5308
vt -4 22.8284
vt -21.5308 -4
vt -20 -4
vt -18.4692 -4
vt -4 22.8284
vt -4 21.5308
vt -4 20
vt -4 17.7038
vt 0 17.7038
vt -4 15.7574
vt 0 15.7574
vt -17.7038 -4
vt -17.7038 0
vt -20 -4
vt -22.2962 -4
vt -4 15.7574
vt -4 17.7038
vt -4 20
vt -4 22.2962
vt -4 24.2426
vt -22.2962 -4
vt -20 -4
vt -17.7038 -4
vt -4 24.2426
vt -4 22.2962
vt 14 -20
vt 16 -20
vt 16.3044 -21.5308
vt 14.4566 -22.2962
vt 17.1716 -22.8284
vt 15.7574 -24.2426
vt 18.4692 -23.6956
vt 17.7038 -25.5434
vt 20 -24
vt 20 -26
vt 21.5308 -23.6956
vt 22.2962 -25.5434
vt 22.8284 -22.8284
vt 24.2426 -24.2426
vt 23.6956 -21.5308
vt 25.5434 -22.2962
vt 24 -20
vt 26 -20
vt 23.6956 -18.4692
vt 25.5434 -17.7038
vt 22.8284 -17.1716
vt 24.2426 -15.7574
vt 21.5308 -16.3044
vt 22.2962 -14.4566
vt 20 -16
vt 20 -14
vt 18.4692 -16.3044
vt 17.7038 -14.4566
vt 17.1716 -17.1716
vt 15.7574 -15.7574
vt 16.3044 -18.4692
vt 14.4566 -17.7038
vt -4 40
vt -4 38.4692
vt -4 37.1716
vt 21.5308 -4
vt 20 -4
vt 18.4692 -4
vt -4 37.1716
vt -4 38.4692
vt -4 40
vt -4 41.5308
vt -4 42.8284
vt 18.4692 -4
vt 20 -4
vt 21.5308 -4
vt -4 42.8284
vt -4 41.5308
vt -4 40
vt -4 37.7038
vt -4 35.7574
vt 22.2962 -4
vt 20 -4
vt 17.7038 -4
vt 17.7038 0
vt -4 35.7574
vt 0 35.7574
vt -4 37.7038
vt 0 37.7038
vt -4 40
vt -4 42.2962
vt -4 44.2426
vt 17.7038 -4
vt 20 -4
vt 22.2962 -4
vt -4 44.2426
vt -4 42.2962
vt 34 20
vt 36 20
vt 36.3044 18.4692
vt 34.4566 17.7038
vt 37.1716 17.1716
vt 35.7574 15.7574
vt 38.4692 16.3044
vt 37.7038 14.4566
vt 40 16
vt 40 14
vt 41.5308 16.3044
vt 42.2962 14.4566
vt 42.8284 17.1716
vt 44.2426 15.7574
vt 43.6956 18.4692
vt 45.5434 17.7038
vt 44 20
vt 46 20
vt 43.6956 21.5308
vt 45.5434 22.2962
vt 42.8284 22.8284
vt 44.2426 24.2426
vt 41.5308 23.6956
vt 42.2962 25.5434
vt 40 24
vt 40 26
vt 38.4692 23.6956
vt 37.7038 25.5434
vt 37.1716 22.8284
vt 35.7574 24.2426
vt 36.3044 21.5308
vt 34.4566 22.2962
vt -4 40
vt -4 38.4692
vt -4 37.1716
vt -18.4692 -4
vt -20 -4
vt -21.5308 -4
vt -4 37.1716
vt -4 38.4692
vt -4 40
vt -4 41.5308
vt -4 42.8284
vt -21.5308 -4
vt -20 -4
vt -18.4692 -4
vt -4 42.8284
vt -4 41.5308
vt -4 40
vt -4 37.7038
vt 0 37.7038
vt -4 35.7574
vt 0 35.7574
vt -17.7038 -4
vt -17.7038 0
vt -20 -4
vt -22.2962 -4
vt -4 35.7574
vt -4 37.7038
vt -4 40
vt -4 42.2962
vt -4 44.2426
vt -22.2962 -4
vt -20 -4
vt -17.7038 -4
vt -4 44.2426
vt -4 42.2962
vt 34 -20
vt 36 -20
vt 36.3044 -21.5308
vt 34.4566 -22.2962
vt 37.1716 -22.8284
vt 35.7574 -24.2426
vt 38.4692 -23.6956
vt 37.7038 -25.5434
vt 40 -24
vt 40 -26
vt 41.5308 -23.6956
vt 42.2962 -25.5434
vt 42.8284 -22.8284
vt 44.2426 -24.2426
vt 43.6956 -21.5308
vt 45.5434 -22.2962
vt 44 -20
vt 46 -20
vt 43.6956 -18.4692
vt 45.5434 -17.7038
vt 42.8284 -17.1716
vt 44.2426 -15.7574
vt 41.5308 -16.3044
vt 42.2962 -14.4566
vt 40 -16
vt 40 -14
vt 38.4692 -16.3044
vt 37.7038 -14.4566
vt 37.1716 -17.1716
vt 35.7574 -15.7574
vt 36.3044 -18.4692
vt 34.4566 -17.7038
vt -4 60
vt -4 58.4692
vt -4 57.1716
vt 1.5308 -4
vt 0 -4
vt -1.5308 -4
vt -4 57.1716
vt -4 58.4692
vt -4 60
vt -4 61.5308
vt -4 62.8284
vt -1.5308 -4
vt 0 -4
vt 1.5308 -4
vt -4 62.8284
vt -4 61.5308
vt -4 60
vt -4 57.7038
vt 0 57.7038
vt 0 60
vt -4 55.7574
vt 0 55.7574
vt 2.2962 -4
vt 2.2962 0
vt 0 -4
vt 0 0
vt -2.2962 -4
vt -2.2962 0
vt -4 55.7574
vt 0 55.7574
vt -4 57.7038
vt 0 57.7038
vt -4 60
vt 0 60
vt -4 62.2962
vt 0 62.2962
vt -4 64.2426
vt 0 64.2426
vt -2.2962 -4
vt -2.2962 0
vt 0 -4
vt 0 0
vt 2.2962 -4
vt 2.2962 0
vt -4 64.2426
vt 0 64.2426
vt -4 62.2962
vt 0 62.2962
vt 54 0
vt 56 0
vt 56.3044 -1.5308
vt 54.4566 -2.2962
vt 57.1716 -2.8284
vt 55.7574 -4.2426
vt 58.4692 -3.6956
vt 57.7038 -5.5434
vt 60 -4
vt 60 -6
vt 61.5308 -3.6956
vt 62.2962 -5.5434
vt 62.8284 -2.8284
vt 64.2426 -4.2426
vt 63.6956 -1.5308
vt 65.5434 -2.2962
vt 64 0
vt 66 0
vt 63.6956 1.5308
vt 65.5434 2.2962
vt 62.8284 2.8284
vt 64.2426 4.2426
vt 61.5308 3.6956
vt 62.2962 5.5434
vt 60 4
vt 60 6
vt 58.4692 3.6956
vt 57.7038 5.5434
vt 57.1716 2.8284
vt 55.7574 4.2426
vt 56.3044 1.5308
vt 54.4566 2.2962
vt -28.2308 -3.6428
vt -28.9686 -4.465
vt -28.8741 -6.5021
vt -30.0685 -5.1646
vt -30.2936 -7.3675
vt -30.9528 -4.3573
vt -31.0853 -6.6113
vt -6.6113 -1.7135
vt -4.3573 -1.0798
vt -4.4984 -2.3407
vt -6.7763 -3.7778
vt -0.4204 -6.3802
vt -1.0511 -4.5181
vt 1.1851 -4.7988
vt 2.0185 -7.9143
vt -4.7988 -31.0638
vt -4.3993 -29.8173
vt -6.2672 -29.565
vt -7.9143 -30.9265
vt -6.1837 -28.1538
vt -2.141 -3.1829
vt -1.7537 -1.583
vt 1.1259 -3.4103
vt -13.412 -28.6265
vt -7.8386 -15.1561
vt -6.8646 -12.9278
vt -4.909 -8.147799
vt -10.3704 -29.7391
vt -6.3486 -31.1888
vt -3.3399 -4.5183
vt -2.6214 -4.3975
vt -3.2905 -6.716
vt -3.8715 -4.3898
vt -3.3399 -4.5183
vt -4.909 -8.1478
vt -5.8276 -8.804
vt -6.8646 -12.9278
vt -7.2743 -12.5588
vt -8.0745 -14.3543
vt -7.8386 -15.1561
vt -5.2109 -26.4691
vt -2.9321 -25.8938
vt -2.9113 -28.1628
vt -4.644 -25.1665
vt -4.1473 -6.5285
vt -3.601 -4.644
vt -4.1473 -6.5285
vt -3.4959 -5.7093
vt -5.09 -24.698
vt -3.696 -7.7165
vt -25.8613 -2.0518
vt -24.698 -2.9445
vt -25.1838 -3.4959
vt -3.696 -7.7165
vt -2.0518 -5.9018
vt -3.4959 -5.7093
vt -4.9021 -26.2788
vt -6.2428 -27.5194
vt -0.7013 -5.866
vt -0.8376999 -7.6585
vt 0.4236 -5.561
vt -25.1178 0.1021
vt -24.4869 -1.0441
vt -3.7903 -28.207
vt -4.4968 -9.5039
vt -5.2453 -11.2628
vt -8.7528 -26.5193
vt -6.2983 -27.2753
vt -6.185 -7.8571
vt -1.6309 -25.2256
vt -1.1901 -28.2308
vt -5.866 -28.0673
vt -22.3726 -1.4931
vt -24.4869 -1.0441
vt -22.3726 -1.4931
vt -23.277 -2.3028
vt -3.982 -23.277
vt -1.4931 -3.5536
vt -2.687 -22.7887
vt -3.4385 -23.8945
vt -3.4385 -23.8945
vt -2.687 -22.7887
vt -3.6428 -1.1901
vt -6.6147 -2.4569
vt -5.047 -2.5923
vt -8.4284 -5.4597
vt 0.5753 -3.7903
vt -4.3776 -2.9113
vt -3.3591 -9.5014
vt -0.2533 -10.4677
vt -0.045 -12.701
vt -2.6949 -12.7998
vt -7.0629 -13.8716
vt -2.8658 -14.8968
vt -6.2618 -14.8361
vt -8.477099 -13.9506
vt -7.4918 -9.8375
vt -9.878099 -10.237
vt -5.9091 -6.2983
vt -9.459599 -7.6594
vt -6.154 -7.7255
vt -7.5598 -11.789
vt -10.059 -10.0688
vt -9.9667 -12.3792
vt -8.0745 -14.3543
vt -10.2725 -14.6465
vt -5.3803 -15.3108
vt -6.1285 -13.412
vt -4.6253 -10.4208
vt -1.9334 -11.9427
vt -3.3738 -13.6805
vt 0.248 -10.2415
vt -0.6874 -8.1926
vt -3.8715 -4.3898
vt -9.2205 -4.9478
vt -9.517099 -15.5447
vt -11.4635 -11.4805
vt -8.0044 -13.3504
vt -7.304 -13.461
vt -8.477099 -13.9506
vt -7.0629 -13.8716
vt -7.4918 -9.8375
vt -7.2629 -10.4253
vt -8.477099 -13.9506
vt -8.0044 -13.3504
vt -5.0185 -8.121799
vt -6.4707 -10.8688
vt -6.4707 -10.8688
vt -6.4707 -10.8688
vt -9.5014 -26.8844
vt -5.0185 -8.121799
vt -8.8944 -3.7672
vt -10.574 -5.4775
vt 1.1186 -6.1837
vt 1.5514 -10.9024
vt -0.045 -12.701
vt -7.6855 -16.8283
vt -10.4985 -15.8098
vt -9.5625 -16.912
vt -6.154 -7.7255
vt -10.4208 -30.504
vt -6.716 -31.529
vt -7.5598 -11.789
vt -2.141 -3.1829
vt 2.153 -11.043
vt 0.9107 -12.715
vt -1.0458 -14.7286
vt -4.011 -16.4328
vt -6.374 -17.2583
vt -7.6911 -17.2453
vt -23.9164 -9.6621
vt -9.600699 -16.4529
vt -11.1598 -15.6595
vt -12.2685 -12.1285
vt -12.3968 -9.3718
vt -11.8006 -6.5376
vt -10.726 -3.8443
vt -9.316999 -2.978
vt -29.4361 -3.8663
vt -28.0294 -6.6147
vt -30.6733 -3.0933
vt -8.789 -29.2897
vt -10.9024 -27.7025
vt -12.701 -26.523
vt -13.0473 -27.4708
vt -10.9024 -27.7025
vt -25.0095 -2.8658
vt -26.472 -1.6999
vt -25.3466 -3.9008
vt -22.5302 -7.6855
vt -24.1621 -6.1901
vt -23.058 -8.0956
vt -21.8205 -9.5625
vt -22.4822 -9.686399
vt -17.1828 -22.4822
vt -16.912 -21.8205
vt -15.8098 -22.151
vt -16.6275 -23.0814
vt -14.9633 -24.1017
vt -15.8098 -22.151
vt -11.4805 -24.2665
vt -11.8102 -25.3814
vt -9.2003 -26.3261
vt -5.4775 -26.904
vt -6.5466 -27.429
vt -28.419 -10.4864
vt -27.4667 -8.8944
vt -28.2776 -8.9575
vt -30.623 -9.316999
vt -29.7103 -8.8894
vt -30.0495 -10.726
vt -12.1285 -26.835
vt -9.371799 -27.8325
vt -15.6595 -25.0125
vt -23.9164 -9.6621
vt -25.2531 -7.6911
vt -24.3434 -8.1699
vt -25.6063 -6.374
vt -12.715 -29.4225
vt -11.043 -30.435
vt -11.026 -29.4043
vt -11.026 -29.4043
vt -11.043 -30.435
vt -3.7788 -29.4294
vt -3.7903 -28.207
vt -3.4103 -30.5346
vt -3.8443 -30.0495
vt -6.5376 -29.0035
vt -23.9164 -9.6621
vt -24.3434 -8.1699
vt -25.6063 -6.374
vt -26.7976 -4.011
vt -28.3136 -1.0458
vt -3.0933 -0.9590999
vt -0.7654 1.8478
vt 0 2
vt 0 0
vt -1.4142 1.4142
vt -1.8478 0.7654
vt -2 0
vt -1.8478 -0.7654
vt -1.4142 -1.4142
vt -0.7654 -1.8478
vt 0 -2
vt 0.7654 -1.8478
vt 1.4142 -1.4142
vt 1.8478 -0.7654
vt 2 0
vt 1.8478 0.7654
vt 1.4142 1.4142
vt 0.7654 1.8478
vt -15 0
vt -15 -0.7654
vt 0 -0.7654
vt 0 0
vt -15 -1.4142
vt 0 -1.4142
vt 0.7654 -15
vt 0.7654 0
vt 0 -15
vt 0 0
vt -0.7654 -15
vt -0.7654 0
vt -15 -1.4142
vt 0 -1.4142
vt -15 -0.7654
vt 0 -0.7654
vt -15 0
vt 0 0
vt -15 0.7654
vt 0 0.7654
vt -15 1.4142
vt 0 1.4142
vt -0.7654 -15
vt -0.7654 0
vt 0 -15
vt 0 0
vt 0.7654 -15
vt 0.7654 0
vt -15 1.4142
vt 0 1.4142
vt -15 0.7654
vt 0 0.7654
vt 0 0
vt 0 -1.5308
vt -30.5 -1.5308
vt -30.5 0
vt 0 -2.8284
vt -30.5 -2.8284
vt 1.5308 0
vt 1.5308 -30.5
vt 0 0
vt 0 -30.5
vt -1.5308 0
vt -1.5308 -30.5
vt 0 -2.8284
vt -30.5 -2.8284
vt 0 -1.5308
vt -30.5 -1.5308
vt 0 0
vt -30.5 0
vt 0 1.5308
vt -30.5 1.5308
vt 0 2.8284
vt -30.5 2.8284
vt -1.5308 0
vt -1.5308 -30.5
vt 0 0
vt 0 -30.5
vt 1.5308 0
vt 1.5308 -30.5
vt 0 2.8284
vt -30.5 2.8284
vt 0 1.5308
vt -30.5 1.5308
vt -4 0
vt -2 0
vt -1.8478 -0.7654
vt -3.6956 -1.5308
vt -1.4142 -1.4142
vt -2.8284 -2.8284
vt -0.7654 -1.8478
vt -1.5308 -3.6956
vt 0 -2
vt 0 -4
vt 0.7654 -1.8478
vt 1.5308 -3.6956
vt 1.4142 -1.4142
vt 2.8284 -2.8284
vt 1.8478 -0.7654
vt 3.6956 -1.5308
vt 2 0
vt 4 0
vt 1.8478 0.7654
vt 3.6956 1.5308
vt 1.4142 1.4142
vt 2.8284 2.8284
vt 0.7654 1.8478
vt 1.5308 3.6956
vt 0 2
vt 0 4
vt -0.7654 1.8478
vt -1.5308 3.6956
vt -1.4142 1.4142
vt -2.8284 2.8284
vt -1.8478 0.7654
vt -3.6956 1.5308
vt -1.5308 3.6956
vt -0.7654 1.8478
vt 0 2
vt 0 4
vt -2.8284 2.8284
vt -1.4142 1.4142
vt -3.6956 1.5308
vt -1.8478 0.7654
vt -4 0
vt -2 0
vt -3.6956 -1.5308
vt -1.8478 -0.7654
vt -2.8284 -2.8284
vt -1.4142 -1.4142
vt -1.5308 -3.6956
vt -0.7654 -1.8478
vt 0 -4
vt 0 -2
vt 1.5308 -3.6956
vt 0.7654 -1.8478
vt 2.8284 -2.8284
vt 1.4142 -1.4142
vt 3.6956 -1.5308
vt 1.8478 -0.7654
vt 4 0
vt 2 0
vt 3.6956 1.5308
vt 1.8478 0.7654
vt 2.8284 2.8284
vt 1.4142 1.4142
vt 1.5308 3.6956
vt 0.7654 1.8478
vt -0.7654 1.8478
vt 0 2
vt 0 0
vt -1.4142 1.4142
vt -1.8478 0.7654
vt -2 0
vt -1.8478 -0.7654
vt -1.4142 -1.4142
vt -0.7654 -1.8478
vt 0 -2
vt 0.7654 -1.8478
vt 1.4142 -1.4142
vt 1.8478 -0.7654
vt 2 0
vt 1.8478 0.7654
vt 1.4142 1.4142
vt 0.7654 1.8478
vt -24 0
vt -24 -0.7654
vt -31.3 -0.7654
vt -31.3 0
vt -24 -1.4142
vt -31.3 -1.4142
vt 0.7654 -24
vt 0.7654 -31.3
vt 0 -24
vt 0 -31.3
vt -0.7654 -24
vt -0.7654 -31.3
vt -24 -1.4142
vt -31.3 -1.4142
vt -24 -0.7654
vt -31.3 -0.7654
vt -24 0
vt -31.3 0
vt -24 0.7654
vt -31.3 0.7654
vt -24 1.4142
vt -31.3 1.4142
vt -0.7654 -24
vt -0.7654 -31.3
vt 0 -24
vt 0 -31.3
vt 0.7654 -24
vt 0.7654 -31.3
vt -24 1.4142
vt -31.3 1.4142
vt -24 0.7654
vt -31.3 0.7654
vt 3.749824 -28.2308
vt 4.509724 -28.9686
vt 6.605363 -28.8741
vt 5.089948 -30.0685
vt 7.371776 -30.2936
vt 4.313452 -30.9528
vt 6.582334 -31.0853
vt 1.821708 6.582334
vt 1.243511 4.313452
vt 0.2220836 5.066099
vt 0.116462 7.757379
vt -5.315245 3.554179
vt -3.38726 3.169334
vt -4.748455 1.373068
vt -7.863271 2.209069
vt -31.0638 -4.748455
vt -29.8173 -4.444876
vt -29.565 -6.266733
vt -30.9265 -7.863271
vt -28.1538 -5.914569
vt -1.685987 3.44562
vt -0.4940755 2.310256
vt -3.516372 0.7300868
vt -8.550943 12.01346
vt -9.206336 14.36651
vt -7.763562 12.40885
vt -4.601739 8.325241
vt -6.395427 9.6637
vt -3.705278 6.279537
vt -2.243033 5.151604
vt -2.497667 4.468961
vt -4.171007 6.207671
vt -1.865948 5.547735
vt -2.243033 5.151604
vt -4.60174 8.325241
vt -4.710728 9.448876
vt -7.763562 12.40885
vt -7.239147 12.57916
vt -8.394003 14.16991
vt -9.206336 14.36651
vt -2.166996 6.668516
vt -25.8938 -0.6252364
vt 5.246783 -28.1628
vt -25.1665 -2.221344
vt -3.580226 6.855936
vt -2.221344 5.440574
vt -3.580226 6.855936
vt -3.196475 5.882204
vt -24.698 -2.935843
vt -4.83472 7.059096
vt 4.72782 -25.8613
vt 5.095025 -24.698
vt 5.882204 -25.1838
vt 7.059096 -25.6595
vt -4.085236 4.72782
vt -3.196475 5.882204
vt 2.929099 -26.2788
vt 4.121578 -27.5194
vt -4.729482 3.540347
vt -6.21364 4.554723
vt -5.027793 2.41365
vt 1.834378 -25.1178
vt 3.142872 -24.4869
vt 1.396923 -28.207
vt -5.982263 8.646314
vt -7.131271 10.17399
vt -5.980137 7.147782
vt 8.266607 -27.2753
vt -3.711984 9.284945
vt -25.2256 0.3662417
vt 3.749824 -28.2308
vt 3.540347 -28.0673
vt 3.069869 -22.3726
vt 3.142872 -24.4869
vt 3.069869 -22.3726
vt 3.985294 -23.277
vt -23.277 -2.297131
vt -2.330974 3.069869
vt -22.7887 -0.9061226
vt -23.8945 -1.447594
vt -23.8945 -1.447594
vt -22.7887 -0.9061226
vt 0.7907377 3.749824
vt 1.179601 6.956978
vt 0.2784905 5.667004
vt -0.5140634 10.0291
vt -3.570163 1.396923
vt -0.3324733 5.246783
vt -6.548947 7.659781
vt -8.938692 5.453216
vt -10.97695 6.389472
vt -9.73756 8.733765
vt -8.481771 13.05248
vt -11.46818 9.930269
vt -9.717607 12.84096
vt -7.843088 14.31672
vt -4.773669 11.40687
vt -3.926498 13.67323
vt -2.499966 8.266607
vt -1.90347 12.022
vt -3.613514 9.192298
vt -6.429728 12.44151
vt -3.690383 13.7458
vt -5.737409 14.82106
vt -8.394003 14.16991
vt -7.548058 16.21954
vt -10.56946 12.3149
vt -8.550943 12.01346
vt -6.712075 9.216049
vt -9.376036 7.645732
vt -10.16082 9.762062
vt -8.993445 4.905974
vt -6.751338 4.691609
vt -1.865948 5.547735
vt 0.3253074 10.45913
vt -8.703627 16.01444
vt -4.210706 15.66798
vt -7.559647 13.60725
vt -8.005629 13.05598
vt -7.843088 14.31672
vt -8.481771 13.05248
vt -4.773669 11.40687
vt -5.397172 11.50254
vt -7.843088 14.31672
vt -7.559647 13.60725
vt -4.524472 8.407071
vt -6.177357 11.03822
vt -6.177357 11.03822
vt -6.177357 11.03822
vt 7.659781 -26.8844
vt -4.524472 8.407071
vt 1.184692 9.586417
vt 0.5433207 11.89615
vt -5.914569 2.123109
vt -10.2175 4.107641
vt -10.73106 15.07002
vt -8.442511 16.99691
vt -9.865047 16.73741
vt -3.613514 9.192298
vt -30.504 -6.712075
vt -4.171007 6.207671
vt -6.429728 12.44151
vt -1.685987 3.44562
vt -10.64007 3.656937
vt -11.46692 5.568807
vt -12.23251 8.269994
vt -12.2258 11.69005
vt -11.7592 14.14923
vt -11.0894 15.28337
vt -23.9164 -10.2383
vt -9.448355 16.54094
vt -7.981696 17.49447
vt -4.369395 16.68914
vt -1.917861 15.4219
vt 0.2385426 13.48847
vt 2.033721 11.21119
vt 2.079463 9.557801
vt 3.772032 -29.4361
vt 6.956978 -28.0294
vt 3.15844 -30.6733
vt -29.2897 -8.578087
vt -27.7025 -10.2175
vt 6.389471 -26.523
vt 6.371315 -27.4708
vt 4.107641 -27.7025
vt 9.930269 -25.0095
vt 8.841414 -26.472
vt 11.36226 -25.3466
vt 15.07002 -22.5302
vt 13.81776 -24.1621
vt 15.63788 -23.058
vt 16.73741 -21.8205
vt 16.98011 -22.4822
vt -22.4822 -10.03762
vt -21.8205 -9.865047
vt -22.151 -8.442511
vt -23.0814 -9.160062
vt -24.1017 -7.296766
vt -22.151 -8.442511
vt -24.2665 -4.210706
vt -25.3814 -4.232488
vt 15.00056 -26.3261
vt 11.89615 -26.904
vt 13.18363 -27.429
vt 11.10119 -28.419
vt 9.586417 -27.4667
vt 9.392612 -28.2776
vt 9.557801 -30.623
vt 9.106286 -29.7103
vt 11.21119 -30.0495
vt -26.835 -4.369395
vt -27.8325 -1.91786
vt -25.0125 -7.981696
vt -23.9164 -10.2383
vt 15.28337 -25.2531
vt 15.81513 -24.3434
vt 14.14923 -25.6063
vt 5.568807 -29.4225
vt 3.656937 -30.435
vt 3.736773 -29.4043
vt -29.4043 -10.57435
vt -30.435 -10.64007
vt -29.4294 -3.771004
vt -28.207 -3.570163
vt -30.5346 -3.516372
vt 11.21119 -30.0495
vt 13.48847 -29.0035
vt 17.06792 -23.9164
vt 15.81513 -24.3434
vt 14.14923 -25.6063
vt 11.69005 -26.7976
vt 8.269994 -28.3136
vt 0.7160406 3.15844
vt -28.2308 2.852062
vt -28.9686 3.346041
vt -28.8741 4.938683
vt -30.0685 3.651414
vt -30.2936 5.400741
vt -3.233652 -30.9528
vt -31.0853 4.789592
vt 4.789592 -4.868834
vt 3.113789 -3.233652
vt 4.276316 -2.725399
vt 6.659838 -3.979579
vt 5.735644 2.826021
vt 4.43836 1.348766
vt 3.563355 3.425732
vt 5.844771 5.705231
vt -31.0638 3.563355
vt -29.8173 3.174976
vt -29.565 4.588433
vt -30.9265 5.844771
vt -28.1538 4.795969
vt 3.826987 -0.2627202
vt 2.247775 -0.7272567
vt 2.390472 2.680213
vt 14.67944 1.398535
vt 17.04494 0.7895875
vt 14.62816 0.5189505
vt 9.510738 -0.1774411
vt 11.56673 0.7066989
vt 7.290878 0.06906295
vt 5.582933 -0.6333034
vt 5.119067 -0.07146096
vt 7.461507 0.5083282
vt 5.737449 -1.157935
vt 5.582933 -0.6333034
vt 9.510739 -0.1774406
vt 10.53833 -0.6448765
vt 14.62816 0.5189505
vt 14.51345 -0.0203619
vt 16.4685 0.1843905
vt 17.04494 0.7895875
vt -26.4691 6.858595
vt -25.8938 4.453336
vt -28.1628 4.710073
vt 5.822343 -0.7965739
vt 7.727526 -0.3274362
vt 5.822343 -0.7965739
vt 7.727526 -0.3274362
vt 6.692375 -0.172904
vt 5.880342 -0.005025387
vt 8.53072 0.6574032
vt -25.8613 6.137035
vt 5.880342 -0.005025387
vt 6.692375 -0.172904
vt -25.6595 8.53072
vt 6.137035 1.17398
vt 6.692375 -0.172904
vt -26.2788 4.521366
vt -27.5194 5.983902
vt 5.430781 2.325653
vt 7.05134 3.103776
vt 4.604193 3.14735
vt -25.1178 3.279355
vt -24.4869 4.399526
vt -28.207 2.994864
vt 10.47906 0.8575861
vt 12.37657 1.088813
vt -26.5193 9.180237
vt -27.2753 8.409066
vt 9.896984 -1.427845
vt -25.2256 3.191058
vt -28.2308 2.852062
vt -28.0673 5.430781
vt -22.3726 3.824074
vt 1.334428 -24.4869
vt 0.4837307 -22.3726
vt -0.003293872 -23.277
vt -0.003293872 -23.277
vt 3.824074 0.4837307
vt -1.117584 -22.7887
vt -0.9312346 -23.8945
vt -23.8945 4.508094
vt -22.7887 3.747922
vt 2.852062 -2.559724
vt 5.435099 -4.500079
vt 4.768509 -3.074703
vt 8.942463 -4.569397
vt 2.994864 2.393377
vt 4.710073 -2.335483
vt 9.908048 1.841619
vt 9.191992 5.014484
vt 11.02195 6.311529
vt 12.43246 4.066036
vt 15.54467 0.8191166
vt 14.33397 4.966531
vt 15.97941 1.995143
vt 16.32019 -0.3661222
vt 12.26547 -1.569374
vt 13.8046 -3.436231
vt 8.409066 -1.968308
vt 11.36307 -4.362597
vt 9.767514 -1.466799
vt 13.98953 -0.6525135
vt 13.74938 -3.676995
vt 15.70411 -2.44186
vt 16.4685 0.1843905
vt 17.82056 -1.573043
vt 15.94976 2.995899
vt 14.67944 1.398535
vt 11.33737 1.204751
vt 11.30943 4.296968
vt 13.53462 3.918438
vt 8.745446 5.335526
vt 7.438737 3.500991
vt 5.737449 -1.157935
vt 8.895193 -5.51133
vt 18.22073 -0.4697433
vt 15.67421 -4.187485
vt 15.56405 -0.2568507
vt 15.30963 0.4050169
vt 16.32019 -0.3661222
vt 15.54467 0.8191166
vt 12.26547 -1.569374
vt 12.66007 -1.077239
vt 16.32019 -0.3661222
vt 15.56405 -0.2568507
vt 9.542972 -0.2852716
vt 12.64806 -0.1694198
vt 12.64806 -0.1694198
vt 12.64806 -0.1694198
vt -26.8844 9.908048
vt 9.542972 -0.2852716
vt 7.709708 -5.819217
vt 10.03068 -6.41865
vt 4.795969 4.060591
vt 8.666105 6.794759
vt 18.41656 1.758277
vt 18.94101 -1.187116
vt 19.42755 0.1745872
vt 9.767514 -1.466799
vt -30.504 11.33737
vt 7.461507 0.5083282
vt 13.98953 -0.6525135
vt 3.826987 -0.2627202
vt 8.487068 7.386062
vt 10.55622 7.146194
vt 13.27831 6.458606
vt 16.2368 4.742754
vt 18.1332 3.109074
vt 18.7805 1.961927
vt 0.3325815 -23.9164
vt -0.08804321 -25.1708
vt -1.834971 -25.0125
vt 16.63789 -4.560638
vt 14.31466 -6.0501
vt 11.56206 -6.950873
vt 8.692279 -7.366888
vt 7.237537 -6.579801
vt -2.924632 -29.4361
vt -28.0294 5.435099
vt -2.199341 -30.6733
vt -29.2897 6.644987
vt -27.7025 8.666105
vt -26.523 11.02195
vt -27.4708 11.2114
vt -27.7025 8.666105
vt -25.0095 14.33397
vt -26.472 13.61393
vt -25.3466 15.77925
vt -22.5302 18.41656
vt -24.1621 17.74299
vt 1.615818 -23.058
vt 0.1745872 -21.8205
vt 0.2026882 -22.4822
vt 0.2026882 -22.4822
vt 0.1745872 -21.8205
vt -1.187116 -22.151
vt -0.7619848 -23.0814
vt -24.1017 18.62057
vt -22.151 18.94101
vt -24.2665 15.67421
vt -25.3814 16.22349
vt -26.3261 13.97239
vt -26.904 10.03068
vt -27.429 11.39125
vt -28.419 8.741355
vt -27.4667 7.709708
vt -28.2776 7.310927
vt -30.623 7.237537
vt -29.7103 6.883094
vt -30.0495 8.692279
vt -26.835 16.63789
vt -27.8325 14.31466
vt -1.834971 -25.0125
vt 0.3325815 -23.9164
vt 1.961927 -25.2531
vt 1.664371 -24.3434
vt 3.109074 -25.6063
vt -29.4225 10.55622
vt -30.435 8.487068
vt -29.4043 8.523346
vt -29.4043 8.523346
vt -30.435 8.487068
vt 2.752745 -29.4294
vt -28.207 2.994864
vt -30.5346 2.390472
vt -30.0495 8.692279
vt -29.0035 11.56206
vt 0.3325815 -23.9164
vt 1.664371 -24.3434
vt -25.6063 18.1332
vt -26.7976 16.2368
vt -28.3136 13.27831
vt 2.377259 -2.199341
vt -28.2308 -3.6428
vt -28.9686 -4.465
vt -28.8741 -6.5021
vt -30.0685 -5.1646
vt -30.2936 -7.3675
vt -30.9528 -4.3573
vt -31.0853 -6.6113
vt -6.6113 -1.7135
vt -4.3573 -1.0798
vt -4.4984 -2.3407
vt -6.7763 -3.7778
vt -0.4204 -6.3802
vt -1.0511 -4.5181
vt 1.1851 -4.7988
vt 2.0185 -7.9143
vt -4.7988 -31.0638
vt -4.3993 -29.8173
vt -6.2672 -29.565
vt -7.9143 -30.9265
vt -6.1837 -28.1538
vt -2.141 -3.1829
vt -1.7537 -1.583
vt 1.1259 -3.4103
vt -13.412 -28.6265
vt -7.8386 -15.1561
vt -6.8646 -12.9278
vt -4.909 -8.147799
vt -10.3704 -29.7391
vt -6.3486 -31.1888
vt -3.3399 -4.5183
vt -2.6214 -4.3975
vt -3.2905 -6.716
vt -3.8715 -4.3898
vt -3.3399 -4.5183
vt -4.909 -8.1478
vt -5.8276 -8.804
vt -6.8646 -12.9278
vt -7.2743 -12.5588
vt -8.0745 -14.3543
vt -7.8386 -15.1561
vt -5.2109 -26.4691
vt -2.9321 -25.8938
vt -2.9113 -28.1628
vt -4.644 -25.1665
vt -4.1473 -6.5285
vt -3.601 -4.644
vt -4.1473 -6.5285
vt -3.4959 -5.7093
vt -5.09 -24.698
vt -3.696 -7.7165
vt -25.8613 -2.0518
vt -24.698 -2.9445
vt -25.1838 -3.4959
vt -3.696 -7.7165
vt -2.0518 -5.9018
vt -3.4959 -5.7093
vt -4.9021 -26.2788
vt -6.2428 -27.5194
vt -0.7013 -5.866
vt -0.8376999 -7.6585
vt 0.4236 -5.561
vt -25.1178 0.1021
vt -24.4869 -1.0441
vt -3.7903 -28.207
vt -4.4968 -9.5039
vt -5.2453 -11.2628
vt -8.7528 -26.5193
vt -6.2983 -27.2753
vt -6.185 -7.8571
vt -1.6309 -25.2256
vt -1.1901 -28.2308
vt -5.866 -28.0673
vt -22.3726 -1.4931
vt -24.4869 -1.0441
vt -22.3726 -1.4931
vt -23.277 -2.3028
vt -3.982 -23.277
vt -1.4931 -3.5536
vt -2.687 -22.7887
vt -3.4385 -23.8945
vt -3.4385 -23.8945
vt -2.687 -22.7887
vt -3.6428 -1.1901
vt -6.6147 -2.4569
vt -5.047 -2.5923
vt -8.4284 -5.4597
vt 0.5753 -3.7903
vt -4.3776 -2.9113
vt -3.3591 -9.5014
vt -0.2533 -10.4677
vt -0.045 -12.701
vt -2.6949 -12.7998
vt -7.0629 -13.8716
vt -2.8658 -14.8968
vt -6.2618 -14.8361
vt -8.477099 -13.9506
vt -7.4918 -9.8375
vt -9.878099 -10.237
vt -5.9091 -6.2983
vt -9.459599 -7.6594
vt -6.154 -7.7255
vt -7.5598 -11.789
vt -10.059 -10.0688
vt -9.9667 -12.3792
vt -8.0745 -14.3543
vt -10.2725 -14.6465
vt -5.3803 -15.3108
vt -6.1285 -13.412
vt -4.6253 -10.4208
vt -1.9334 -11.9427
vt -3.3738 -13.6805
vt 0.248 -10.2415
vt -0.6874 -8.1926
vt -3.8715 -4.3898
vt -9.2205 -4.9478
vt -9.517099 -15.5447
vt -11.4635 -11.4805
vt -8.0044 -13.3504
vt -7.304 -13.461
vt -8.477099 -13.9506
vt -7.0629 -13.8716
vt -7.4918 -9.8375
vt -7.2629 -10.4253
vt -8.477099 -13.9506
vt -8.0044 -13.3504
vt -5.0185 -8.121799
vt -6.4707 -10.8688
vt -6.4707 -10.8688
vt -6.4707 -10.8688
vt -9.5014 -26.8844
vt -5.0185 -8.121799
vt -8.8944 -3.7672
vt -10.574 -5.4775
vt 1.1186 -6.1837
vt 1.5514 -10.9024
vt -0.045 -12.701
vt -7.6855 -16.8283
vt -10.4985 -15.8098
vt -9.5625 -16.912
vt -6.154 -7.7255
vt -10.4208 -30.504
vt -6.716 -31.529
vt -7.5598 -11.789
vt -2.141 -3.1829
vt 2.153 -11.043
vt 0.9107 -12.715
vt -1.0458 -14.7286
vt -4.011 -16.4328
vt -6.374 -17.2583
vt -7.6911 -17.2453
vt -23.9164 -9.6621
vt -9.600699 -16.4529
vt -11.1598 -15.6595
vt -12.2685 -12.1285
vt -12.3968 -9.3718
vt -11.8006 -6.5376
vt -10.726 -3.8443
vt -9.316999 -2.978
vt -29.4361 -3.8663
vt -28.0294 -6.6147
vt -30.6733 -3.0933
vt -8.789 -29.2897
vt -10.9024 -27.7025
vt -12.701 -26.523
vt -13.0473 -27.4708
vt -10.9024 -27.7025
vt -25.0095 -2.8658
vt -26.472 -1.6999
vt -25.3466 -3.9008
vt -22.5302 -7.6855
vt -24.1621 -6.1901
vt -23.058 -8.0956
vt -21.8205 -9.5625
vt -22.4822 -9.686399
vt -17.1828 -22.4822
vt -16.912 -21.8205
vt -15.8098 -22.151
vt -16.6275 -23.0814
vt -14.9633 -24.1017
vt -15.8098 -22.151
vt -11.4805 -24.2665
vt -11.8102 -25.3814
vt -9.2003 -26.3261
vt -5.4775 -26.904
vt -6.5466 -27.429
vt -28.419 -10.4864
vt -27.4667 -8.8944
vt -28.2776 -8.9575
vt -30.623 -9.316999
vt -29.7103 -8.8894
vt -30.0495 -10.726
vt -12.1285 -26.835
vt -9.371799 -27.8325
vt -15.6595 -25.0125
vt -23.9164 -9.6621
vt -25.2531 -7.6911
vt -24.3434 -8.1699
vt -25.6063 -6.374
vt -12.715 -29.4225
vt -11.043 -30.435
vt -11.026 -29.4043
vt -11.026 -29.4043
vt -11.043 -30.435
vt -3.7788 -29.4294
vt -3.7903 -28.207
vt -3.4103 -30.5346
vt -3.8443 -30.0495
vt -6.5376 -29.0035
vt -23.9164 -9.6621
vt -24.3434 -8.1699
vt -25.6063 -6.374
vt -26.7976 -4.011
vt -28.3136 -1.0458
vt -3.0933 -0.9590999
vt -0.7654 1.8478
vt 0 2
vt 0 0
vt -1.4142 1.4142
vt -1.8478 0.7654
vt -2 0
vt -1.8478 -0.7654
vt -1.4142 -1.4142
vt -0.7654 -1.8478
vt 0 -2
vt 0.7654 -1.8478
vt 1.4142 -1.4142
vt 1.8478 -0.7654
vt 2 0
vt 1.8478 0.7654
vt 1.4142 1.4142
vt 0.7654 1.8478
vt -15 0
vt -15 -0.7654
vt 0 -0.7654
vt 0 0
vt -15 -1.4142
vt 0 -1.4142
vt 0.7654 -15
vt 0.7654 0
vt 0 -15
vt 0 0
vt -0.7654 -15
vt -0.7654 0
vt -15 -1.4142
vt 0 -1.4142
vt -15 -0.7654
vt 0 -0.7654
vt -15 0
vt 0 0
vt -15 0.7654
vt 0 0.7654
vt -15 1.4142
vt 0 1.4142
vt -0.7654 -15
vt -0.7654 0
vt 0 -15
vt 0 0
vt 0.7654 -15
vt 0.7654 0
vt -15 1.4142
vt 0 1.4142
vt -15 0.7654
vt 0 0.7654
vt 0 0
vt 0 -1.5308
vt -30.5 -1.5308
vt -30.5 0
vt 0 -2.8284
vt -30.5 -2.8284
vt 1.5308 0
vt 1.5308 -30.5
vt 0 0
vt 0 -30.5
vt -1.5308 0
vt -1.5308 -30.5
vt 0 -2.8284
vt -30.5 -2.8284
vt 0 -1.5308
vt -30.5 -1.5308
vt 0 0
vt -30.5 0
vt 0 1.5308
vt -30.5 1.5308
vt 0 2.8284
vt -30.5 2.8284
vt -1.5308 0
vt -1.5308 -30.5
vt 0 0
vt 0 -30.5
vt 1.5308 0
vt 1.5308 -30.5
vt 0 2.8284
vt -30.5 2.8284
vt 0 1.5308
vt -30.5 1.5308
vt -4 0
vt -2 0
vt -1.8478 -0.7654
vt -3.6956 -1.5308
vt -1.4142 -1.4142
vt -2.8284 -2.8284
vt -0.7654 -1.8478
vt -1.5308 -3.6956
vt 0 -2
vt 0 -4
vt 0.7654 -1.8478
vt 1.5308 -3.6956
vt 1.4142 -1.4142
vt 2.8284 -2.8284
vt 1.8478 -0.7654
vt 3.6956 -1.5308
vt 2 0
vt 4 0
vt 1.8478 0.7654
vt 3.6956 1.5308
vt 1.4142 1.4142
vt 2.8284 2.8284
vt 0.7654 1.8478
vt 1.5308 3.6956
vt 0 2
vt 0 4
vt -0.7654 1.8478
vt -1.5308 3.6956
vt -1.4142 1.4142
vt -2.8284 2.8284
vt -1.8478 0.7654
vt -3.6956 1.5308
vt -1.5308 3.6956
vt -0.7654 1.8478
vt 0 2
vt 0 4
vt -2.8284 2.8284
vt -1.4142 1.4142
vt -3.6956 1.5308
vt -1.8478 0.7654
vt -4 0
vt -2 0
vt -3.6956 -1.5308
vt -1.8478 -0.7654
vt -2.8284 -2.8284
vt -1.4142 -1.4142
vt -1.5308 -3.6956
vt -0.7654 -1.8478
vt 0 -4
vt 0 -2
vt 1.5308 -3.6956
vt 0.7654 -1.8478
vt 2.8284 -2.8284
vt 1.4142 -1.4142
vt 3.6956 -1.5308
vt 1.8478 -0.7654
vt 4 0
vt 2 0
vt 3.6956 1.5308
vt 1.8478 0.7654
vt 2.8284 2.8284
vt 1.4142 1.4142
vt 1.5308 3.6956
vt 0.7654 1.8478
vt -0.7654 1.8478
vt 0 2
vt 0 0
vt -1.4142 1.4142
vt -1.8478 0.7654
vt -2 0
vt -1.8478 -0.7654
vt -1.4142 -1.4142
vt -0.7654 -1.8478
vt 0 -2
vt 0.7654 -1.8478
vt 1.4142 -1.4142
vt 1.8478 -0.7654
vt 2 0
vt 1.8478 0.7654
vt 1.4142 1.4142
vt 0.7654 1.8478
vt -24 0
vt -24 -0.7654
vt -31.3 -0.7654
vt -31.3 0
vt -24 -1.4142
vt -31.3 -1.4142
vt 0.7654 -24
vt 0.7654 -31.3
vt 0 -24
vt 0 -31.3
vt -0.7654 -24
vt -0.7654 -31.3
vt -24 -1.4142
vt -31.3 -1.4142
vt -24 -0.7654
vt -31.3 -0.7654
vt -24 0
vt -31.3 0
vt -24 0.7654
vt -31.3 0.7654
vt -24 1.4142
vt -31.3 1.4142
vt -0.7654 -24
vt -0.7654 -31.3
vt 0 -24
vt 0 -31.3
vt 0.7654 -24
vt 0.7654 -31.3
vt -24 1.4142
vt -31.3 1.4142
vt -24 0.7654
vt -31.3 0.7654
vt 3.749824 -28.2308
vt 4.509724 -28.9686
vt 6.605363 -28.8741
vt 5.089948 -30.0685
vt 7.371776 -30.2936
vt 4.313452 -30.9528
vt 6.582334 -31.0853
vt 1.821708 6.582334
vt 1.243511 4.313452
vt 0.2220836 5.066099
vt 0.116462 7.757379
vt -5.315245 3.554179
vt -3.38726 3.169334
vt -4.748455 1.373068
vt -7.863271 2.209069
vt -31.0638 -4.748455
vt -29.8173 -4.444876
vt -29.565 -6.266733
vt -30.9265 -7.863271
vt -28.1538 -5.914569
vt -1.685987 3.44562
vt -0.4940755 2.310256
vt -3.516372 0.7300868
vt -8.550943 12.01346
vt -9.206336 14.36651
vt -7.763562 12.40885
vt -4.601739 8.325241
vt -6.395427 9.6637
vt -3.705278 6.279537
vt -2.243033 5.151604
vt -2.497667 4.468961
vt -4.171007 6.207671
vt -1.865948 5.547735
vt -2.243033 5.151604
vt -4.60174 8.325241
vt -4.710728 9.448876
vt -7.763562 12.40885
vt -7.239147 12.57916
vt -8.394003 14.16991
vt -9.206336 14.36651
vt -2.166996 6.668516
vt -25.8938 -0.6252364
vt 5.246783 -28.1628
vt -25.1665 -2.221344
vt -3.580226 6.855936
vt -2.221344 5.440574
vt -3.580226 6.855936
vt -3.196475 5.882204
vt -24.698 -2.935843
vt -4.83472 7.059096
vt 4.72782 -25.8613
vt 5.095025 -24.698
vt 5.882204 -25.1838
vt 7.059096 -25.6595
vt -4.085236 4.72782
vt -3.196475 5.882204
vt 2.929099 -26.2788
vt 4.121578 -27.5194
vt -4.729482 3.540347
vt -6.21364 4.554723
vt -5.027793 2.41365
vt 1.834378 -25.1178
vt 3.142872 -24.4869
vt 1.396923 -28.207
vt -5.982263 8.646314
vt -7.131271 10.17399
vt -5.980137 7.147782
vt 8.266607 -27.2753
vt -3.711984 9.284945
vt -25.2256 0.3662417
vt 3.749824 -28.2308
vt 3.540347 -28.0673
vt 3.069869 -22.3726
vt 3.142872 -24.4869
vt 3.069869 -22.3726
vt 3.985294 -23.277
vt -23.277 -2.297131
vt -2.330974 3.069869
vt -22.7887 -0.9061226
vt -23.8945 -1.447594
vt -23.8945 -1.447594
vt -22.7887 -0.9061226
vt 0.7907377 3.749824
vt 1.179601 6.956978
vt 0.2784905 5.667004
vt -0.5140634 10.0291
vt -3.570163 1.396923
vt -0.3324733 5.246783
vt -6.548947 7.659781
vt -8.938692 5.453216
vt -10.97695 6.389472
vt -9.73756 8.733765
vt -8.481771 13.05248
vt -11.46818 9.930269
vt -9.717607 12.84096
vt -7.843088 14.31672
vt -4.773669 11.40687
vt -3.926498 13.67323
vt -2.499966 8.266607
vt -1.90347 12.022
vt -3.613514 9.192298
vt -6.429728 12.44151
vt -3.690383 13.7458
vt -5.737409 14.82106
vt -8.394003 14.16991
vt -7.548058 16.21954
vt -10.56946 12.3149
vt -8.550943 12.01346
vt -6.712075 9.216049
vt -9.376036 7.645732
vt -10.16082 9.762062
vt -8.993445 4.905974
vt -6.751338 4.691609
vt -1.865948 5.547735
vt 0.3253074 10.45913
vt -8.703627 16.01444
vt -4.210706 15.66798
vt -7.559647 13.60725
vt -8.005629 13.05598
vt -7.843088 14.31672
vt -8.481771 13.05248
vt -4.773669 11.40687
vt -5.397172 11.50254
vt -7.843088 14.31672
vt -7.559647 13.60725
vt -4.524472 8.407071
vt -6.177357 11.03822
vt -6.177357 11.03822
vt -6.177357 11.03822
vt 7.659781 -26.8844
vt -4.524472 8.407071
vt 1.184692 9.586417
vt 0.5433207 11.89615
vt -5.914569 2.123109
vt -10.2175 4.107641
vt -10.73106 15.07002
vt -8.442511 16.99691
vt -9.865047 16.73741
vt -3.613514 9.192298
vt -30.504 -6.712075
vt -4.171007 6.207671
vt -6.429728 12.44151
vt -1.685987 3.44562
vt -10.64007 3.656937
vt -11.46692 5.568807
vt -12.23251 8.269994
vt -12.2258 11.69005
vt -11.7592 14.14923
vt -11.0894 15.28337
vt -23.9164 -10.2383
vt -9.448355 16.54094
vt -7.981696 17.49447
vt -4.369395 16.68914
vt -1.917861 15.4219
vt 0.2385426 13.48847
vt 2.033721 11.21119
vt 2.079463 9.557801
vt 3.772032 -29.4361
vt 6.956978 -28.0294
vt 3.15844 -30.6733
vt -29.2897 -8.578087
vt -27.7025 -10.2175
vt 6.389471 -26.523
vt 6.371315 -27.4708
vt 4.107641 -27.7025
vt 9.930269 -25.0095
vt 8.841414 -26.472
vt 11.36226 -25.3466
vt 15.07002 -22.5302
vt 13.81776 -24.1621
vt 15.63788 -23.058
vt 16.73741 -21.8205
vt 16.98011 -22.4822
vt -22.4822 -10.03762
vt -21.8205 -9.865047
vt -22.151 -8.442511
vt -23.0814 -9.160062
vt -24.1017 -7.296766
vt -22.151 -8.442511
vt -24.2665 -4.210706
vt -25.3814 -4.232488
vt 15.00056 -26.3261
vt 11.89615 -26.904
vt 13.18363 -27.429
vt 11.10119 -28.419
vt 9.586417 -27.4667
vt 9.392612 -28.2776
vt 9.557801 -30.623
vt 9.106286 -29.7103
vt 11.21119 -30.0495
vt -26.835 -4.369395
vt -27.8325 -1.91786
vt -25.0125 -7.981696
vt -23.9164 -10.2383
vt 15.28337 -25.2531
vt 15.81513 -24.3434
vt 14.14923 -25.6063
vt 5.568807 -29.4225
vt 3.656937 -30.435
vt 3.736773 -29.4043
vt -29.4043 -10.57435
vt -30.435 -10.64007
vt -29.4294 -3.771004
vt -28.207 -3.570163
vt -30.5346 -3.516372
vt 11.21119 -30.0495
vt 13.48847 -29.0035
vt 17.06792 -23.9164
vt 15.81513 -24.3434
vt 14.14923 -25.6063
vt 11.69005 -26.7976
vt 8.269994 -28.3136
vt 0.7160406 3.15844
vt -28.2308 2.852062
vt -28.9686 3.346041
vt -28.8741 4.938683
vt -30.0685 3.651414
vt -30.2936 5.400741
vt -3.233652 -30.9528
vt -31.0853 4.789592
vt 4.789592 -4.868834
vt 3.113789 -3.233652
vt 4.276316 -2.725399
vt 6.659838 -3.979579
vt 5.735644 2.826021
vt 4.43836 1.348766
vt 3.563355 3.425732
vt 5.844771 5.705231
vt -31.0638 3.563355
vt -29.8173 3.174976
vt -29.565 4.588433
vt -30.9265 5.844771
vt -28.1538 4.795969
vt 3.826987 -0.2627202
vt 2.247775 -0.7272567
vt 2.390472 2.680213
vt 14.67944 1.398535
vt 17.04494 0.7895875
vt 14.62816 0.5189505
vt 9.510738 -0.1774411
vt 11.56673 0.7066989
vt 7.290878 0.06906295
vt 5.582933 -0.6333034
vt 5.119067 -0.07146096
vt 7.461507 0.5083282
vt 5.737449 -1.157935
vt 5.582933 -0.6333034
vt 9.510739 -0.1774406
vt 10.53833 -0.6448765
vt 14.62816 0.5189505
vt 14.51345 -0.0203619
vt 16.4685 0.1843905
vt 17.04494 0.7895875
vt -26.4691 6.858595
vt -25.8938 4.453336
vt -28.1628 4.710073
vt 5.822343 -0.7965739
vt 7.727526 -0.3274362
vt 5.822343 -0.7965739
vt 7.727526 -0.3274362
vt 6.692375 -0.172904
vt 5.880342 -0.005025387
vt 8.53072 0.6574032
vt -25.8613 6.137035
vt 5.880342 -0.005025387
vt 6.692375 -0.172904
vt -25.6595 8.53072
vt 6.137035 1.17398
vt 6.692375 -0.172904
vt -26.2788 4.521366
vt -27.5194 5.983902
vt 5.430781 2.325653
vt 7.05134 3.103776
vt 4.604193 3.14735
vt -25.1178 3.279355
vt -24.4869 4.399526
vt -28.207 2.994864
vt 10.47906 0.8575861
vt 12.37657 1.088813
vt -26.5193 9.180237
vt -27.2753 8.409066
vt 9.896984 -1.427845
vt -25.2256 3.191058
vt -28.2308 2.852062
vt -28.0673 5.430781
vt -22.3726 3.824074
vt 1.334428 -24.4869
vt 0.4837307 -22.3726
vt -0.003293872 -23.277
vt -0.003293872 -23.277
vt 3.824074 0.4837307
vt -1.117584 -22.7887
vt -0.9312346 -23.8945
vt -23.8945 4.508094
vt -22.7887 3.747922
vt 2.852062 -2.559724
vt 5.435099 -4.500079
vt 4.768509 -3.074703
vt 8.942463 -4.569397
vt 2.994864 2.393377
vt 4.710073 -2.335483
vt 9.908048 1.841619
vt 9.191992 5.014484
vt 11.02195 6.311529
vt 12.43246 4.066036
vt 15.54467 0.8191166
vt 14.33397 4.966531
vt 15.97941 1.995143
vt 16.32019 -0.3661222
vt 12.26547 -1.569374
vt 13.8046 -3.436231
vt 8.409066 -1.968308
vt 11.36307 -4.362597
vt 9.767514 -1.466799
vt 13.98953 -0.6525135
vt 13.74938 -3.676995
vt 15.70411 -2.44186
vt 16.4685 0.1843905
vt 17.82056 -1.573043
vt 15.94976 2.995899
vt 14.67944 1.398535
vt 11.33737 1.204751
vt 11.30943 4.296968
vt 13.53462 3.918438
vt 8.745446 5.335526
vt 7.438737 3.500991
vt 5.737449 -1.157935
vt 8.895193 -5.51133
vt 18.22073 -0.4697433
vt 15.67421 -4.187485
vt 15.56405 -0.2568507
vt 15.30963 0.4050169
vt 16.32019 -0.3661222
vt 15.54467 0.8191166
vt 12.26547 -1.569374
vt 12.66007 -1.077239
vt 16.32019 -0.3661222
vt 15.56405 -0.2568507
vt 9.542972 -0.2852716
vt 12.64806 -0.1694198
vt 12.64806 -0.1694198
vt 12.64806 -0.1694198
vt -26.8844 9.908048
vt 9.542972 -0.2852716
vt 7.709708 -5.819217
vt 10.03068 -6.41865
vt 4.795969 4.060591
vt 8.666105 6.794759
vt 18.41656 1.758277
vt 18.94101 -1.187116
vt 19.42755 0.1745872
vt 9.767514 -1.466799
vt -30.504 11.33737
vt 7.461507 0.5083282
vt 13.98953 -0.6525135
vt 3.826987 -0.2627202
vt 8.487068 7.386062
vt 10.55622 7.146194
vt 13.27831 6.458606
vt 16.2368 4.742754
vt 18.1332 3.109074
vt 18.7805 1.961927
vt 0.3325815 -23.9164
vt -0.08804321 -25.1708
vt -1.834971 -25.0125
vt 16.63789 -4.560638
vt 14.31466 -6.0501
vt 11.56206 -6.950873
vt 8.692279 -7.366888
vt 7.237537 -6.579801
vt -2.924632 -29.4361
vt -28.0294 5.435099
vt -2.199341 -30.6733
vt -29.2897 6.644987
vt -27.7025 8.666105
vt -26.523 11.02195
vt -27.4708 11.2114
vt -27.7025 8.666105
vt -25.0095 14.33397
vt -26.472 13.61393
vt -25.3466 15.77925
vt -22.5302 18.41656
vt -24.1621 17.74299
vt 1.615818 -23.058
vt 0.1745872 -21.8205
vt 0.2026882 -22.4822
vt 0.2026882 -22.4822
vt 0.1745872 -21.8205
vt -1.187116 -22.151
vt -0.7619848 -23.0814
vt -24.1017 18.62057
vt -22.151 18.94101
vt -24.2665 15.67421
vt -25.3814 16.22349
vt -26.3261 13.97239
vt -26.904 10.03068
vt -27.429 11.39125
vt -28.419 8.741355
vt -27.4667 7.709708
vt -28.2776 7.310927
vt -30.623 7.237537
vt -29.7103 6.883094
vt -30.0495 8.692279
vt -26.835 16.63789
vt -27.8325 14.31466
vt -1.834971 -25.0125
vt 0.3325815 -23.9164
vt 1.961927 -25.2531
vt 1.664371 -24.3434
vt 3.109074 -25.6063
vt -29.4225 10.55622
vt -30.435 8.487068
vt -29.4043 8.523346
vt -29.4043 8.523346
vt -30.435 8.487068
vt 2.752745 -29.4294
vt -28.207 2.994864
vt -30.5346 2.390472
vt -30.0495 8.692279
vt -29.0035 11.56206
vt 0.3325815 -23.9164
vt 1.664371 -24.3434
vt -25.6063 18.1332
vt -26.7976 16.2368
vt -28.3136 13.27831
vt 2.377259 -2.199341
usemtl 2
f 3/3/3 2/2/2 1/1/1
f 4/4/4 3/3/3 1/1/1
f 6/6/6 5/5/5 2/2/2
f 3/3/3 6/6/6 2/2/2
f 8/8/8 7/7/7 5/5/5
f 6/6/6 8/8/8 5/5/5
f 10/10/10 9/9/9 7/7/7
f 8/8/8 10/10/10 7/7/7
f 12/12/12 11/11/11 9/9/9
f 10/10/10 12/12/12 9/9/9
f 14/14/14 13/13/13 11/11/11
f 12/12/12 14/14/14 11/11/11
f 16/16/16 15/15/15 13/13/13
f 14/14/14 16/16/16 13/13/13
f 18/18/18 17/17/17 15/15/15
f 16/16/16 18/18/18 15/15/15
f 20/20/20 19/19/19 17/17/17
f 18/18/18 20/20/20 17/17/17
f 22/22/22 21/21/21 19/19/19
f 20/20/20 22/22/22 19/19/19
f 24/24/24 23/23/23 21/21/21
f 22/22/22 24/24/24 21/21/21
f 26/26/26 25/25/25 23/23/23
f 24/24/24 26/26/26 23/23/23
f 28/28/28 27/27/27 25/25/25
f 26/26/26 28/28/28 25/25/25
f 30/30/30 29/29/29 27/27/27
f 28/28/28 30/30/30 27/27/27
f 32/32/32 31/31/31 29/29/29
f 30/30/30 32/32/32 29/29/29
f 4/4/4 1/1/1 31/31/31
f 32/32/32 4/4/4 31/31/31
f 33/33/33 34/34/34 35/35/35
f 33/33/33 35/35/35 36/36/36
f 34/34/34 37/37/37 38/38/38
f 34/34/34 38/38/38 35/35/35
f 37/37/37 39/39/39 40/40/40
f 37/37/37 40/40/40 38/38/38
f 39/39/39 41/41/41 42/42/42
f 39/39/39 42/42/42 40/40/40
f 41/41/41 43/43/43 44/44/44
f 41/41/41 44/44/44 42/42/42
f 43/43/43 45/45/45 46/46/46
f 43/43/43 46/46/46 44/44/44
f 45/45/45 47/47/47 48/48/48
f 45/45/45 48/48/48 46/46/46
f 47/47/47 49/49/49 50/50/50
f 47/47/47 50/50/50 48/48/48
f 49/49/49 51/51/51 52/52/52
f 49/49/49 52/52/52 50/50/50
f 51/51/51 53/53/53 54/54/54
f 51/51/51 54/54/54 52/52/52
f 53/53/53 55/55/55 56/56/56
f 53/53/53 56/56/56 54/54/54
f 55/55/55 57/57/57 58/58/58
f 55/55/55 58/58/58 56/56/56
f 57/57/57 59/59/59 60/60/60
f 57/57/57 60/60/60 58/58/58
f 59/59/59 61/61/61 62/62/62
f 59/59/59 62/62/62 60/60/60
f 61/61/61 63/63/63 64/64/64
f 61/61/61 64/64/64 62/62/62
f 63/63/63 33/33/33 36/36/36
f 63/63/63 36/36/36 64/64/64
f 65/65/65 66/66/66 67/67/67
f 65/65/65 67/67/67 68/68/68
f 68/68/68 67/67/67 69/69/69
f 68/68/68 69/69/69 70/70/70
f 70/70/70 69/69/69 71/71/71
f 70/70/70 71/71/71 72/72/72
f 72/72/72 71/71/71 73/73/73
f 72/72/72 73/73/73 74/74/74
f 74/74/74 73/73/73 75/75/75
f 74/74/74 75/75/75 76/76/76
f 76/76/76 75/75/75 77/77/77
f 76/76/76 77/77/77 78/78/78
f 78/78/78 77/77/77 79/79/79
f 78/78/78 79/79/79 80/80/80
f 80/80/80 79/79/79 81/81/81
f 80/80/80 81/81/81 82/82/82
f 82/82/82 81/81/81 83/83/83
f 82/82/82 83/83/83 84/84/84
f 84/84/84 83/83/83 85/85/85
f 84/84/84 85/85/85 86/86/86
f 86/86/86 85/85/85 87/87/87
f 86/86/86 87/87/87 88/88/88
f 88/88/88 87/87/87 89/89/89
f 88/88/88 89/89/89 90/90/90
f 90/90/90 89/89/89 91/91/91
f 90/90/90 91/91/91 92/92/92
f 92/92/92 91/91/91 93/93/93
f 92/92/92 93/93/93 94/94/94
f 94/94/94 93/93/93 95/95/95
f 94/94/94 95/95/95 96/96/96
f 96/96/96 95/95/95 66/66/66
f 96/96/96 66/66/66 65/65/65
f 99/99/99 98/98/98 97/97/97
f 100/100/100 99/99/99 97/97/97
f 102/102/102 101/101/101 98/98/98
f 99/99/99 102/102/102 98/98/98
f 104/104/104 103/103/103 101/101/101
f 102/102/102 104/104/104 101/101/101
f 106/106/106 105/105/105 103/103/103
f 104/104/104 106/106/106 103/103/103
f 108/108/108 107/107/107 105/105/105
f 106/106/106 108/108/108 105/105/105
f 110/110/110 109/109/109 107/107/107
f 108/108/108 110/110/110 107/107/107
f 112/112/112 111/111/111 109/109/109
f 110/110/110 112/112/112 109/109/109
f 114/114/114 113/113/113 111/111/111
f 112/112/112 114/114/114 111/111/111
f 116/116/116 115/115/115 113/113/113
f 114/114/114 116/116/116 113/113/113
f 118/118/118 117/117/117 115/115/115
f 116/116/116 118/118/118 115/115/115
f 120/120/120 119/119/119 117/117/117
f 118/118/118 120/120/120 117/117/117
f 122/122/122 121/121/121 119/119/119
f 120/120/120 122/122/122 119/119/119
f 124/124/124 123/123/123 121/121/121
f 122/122/122 124/124/124 121/121/121
f 126/126/126 125/125/125 123/123/123
f 124/124/124 126/126/126 123/123/123
f 128/128/128 127/127/127 125/125/125
f 126/126/126 128/128/128 125/125/125
f 100/100/100 97/97/97 127/127/127
f 128/128/128 100/100/100 127/127/127
f 129/129/129 130/130/130 131/131/131
f 129/129/129 131/131/131 132/132/132
f 130/130/130 133/133/133 134/134/134
f 130/130/130 134/134/134 131/131/131
f 133/133/133 135/135/135 136/136/136
f 133/133/133 136/136/136 134/134/134
f 135/135/135 137/137/137 138/138/138
f 135/135/135 138/138/138 136/136/136
f 137/137/137 139/139/139 140/140/140
f 137/137/137 140/140/140 138/138/138
f 139/139/139 141/141/141 142/142/142
f 139/139/139 142/142/142 140/140/140
f 141/141/141 143/143/143 144/144/144
f 141/141/141 144/144/144 142/142/142
f 143/143/143 145/145/145 146/146/146
f 143/143/143 146/146/146 144/144/144
f 145/145/145 147/147/147 148/148/148
f 145/145/145 148/148/148 146/146/146
f 147/147/147 149/149/149 150/150/150
f 147/147/147 150/150/150 148/148/148
f 149/149/149 151/151/151 152/152/152
f 149/149/149 152/152/152 150/150/150
f 151/151/151 153/153/153 154/154/154
f 151/151/151 154/154/154 152/152/152
f 153/153/153 155/155/155 156/156/156
f 153/153/153 156/156/156 154/154/154
f 155/155/155 157/157/157 158/158/158
f 155/155/155 158/158/158 156/156/156
f 157/157/157 159/159/159 160/160/160
f 157/157/157 160/160/160 158/158/158
f 159/159/159 129/129/129 132/132/132
f 159/159/159 132/132/132 160/160/160
f 161/161/161 162/162/162 163/163/163
f 161/161/161 163/163/163 164/164/164
f 164/164/164 163/163/163 165/165/165
f 164/164/164 165/165/165 166/166/166
f 166/166/166 165/165/165 167/167/167
f 166/166/166 167/167/167 168/168/168
f 168/168/168 167/167/167 169/169/169
f 168/168/168 169/169/169 170/170/170
f 170/170/170 169/169/169 171/171/171
f 170/170/170 171/171/171 172/172/172
f 172/172/172 171/171/171 173/173/173
f 172/172/172 173/173/173 174/174/174
f 174/174/174 173/173/173 175/175/175
f 174/174/174 175/175/175 176/176/176
f 176/176/176 175/175/175 177/177/177
f 176/176/176 177/177/177 178/178/178
f 178/178/178 177/177/177 179/179/179
f 178/178/178 179/179/179 180/180/180
f 180/180/180 179/179/179 181/181/181
f 180/180/180 181/181/181 182/182/182
f 182/182/182 181/181/181 183/183/183
f 182/182/182 183/183/183 184/184/184
f 184/184/184 183/183/183 185/185/185
f 184/184/184 185/185/185 186/186/186
f 186/186/186 185/185/185 187/187/187
f 186/186/186 187/187/187 188/188/188
f 188/188/188 187/187/187 189/189/189
f 188/188/188 189/189/189 190/190/190
f 190/190/190 189/189/189 191/191/191
f 190/190/190 191/191/191 192/192/192
f 192/192/192 191/191/191 162/162/162
f 192/192/192 162/162/162 161/161/161
f 193/193/193 194/194/194 195/195/195
f 193/193/193 195/195/195 196/196/196
f 194/194/194 197/197/197 198/198/198
f 194/194/194 198/198/198 195/195/195
f 197/197/197 199/199/199 200/200/200
f 197/197/197 200/200/200 198/198/198
f 199/199/199 201/201/201 202/202/202
f 199/199/199 202/202/202 200/200/200
f 201/201/201 203/203/203 204/204/204
f 201/201/201 204/204/204 202/202/202
f 203/203/203 205/205/205 206/206/206
f 203/203/203 206/206/206 204/204/204
f 205/205/205 207/207/207 208/208/208
f 205/205/205 208/208/208 206/206/206
f 207/207/207 209/209/209 210/210/210
f 207/207/207 210/210/210 208/208/208
f 209/209/209 211/211/211 212/212/212
f 209/209/209 212/212/212 210/210/210
f 211/211/211 213/213/213 214/214/214
f 211/211/211 214/214/214 212/212/212
f 213/213/213 215/215/215 216/216/216
f 213/213/213 216/216/216 214/214/214
f 215/215/215 217/217/217 218/218/218
f 215/215/215 218/218/218 216/216/216
f 217/217/217 219/219/219 220/220/220
f 217/217/217 220/220/220 218/218/218
f 219/219/219 221/221/221 222/222/222
f 219/219/219 222/222/222 220/220/220
f 221/221/221 223/223/223 224/224/224
f 221/221/221 224/224/224 222/222/222
f 223/223/223 193/193/193 196/196/196
f 223/223/223 196/196/196 224/224/224
f 225/225/225 226/226/226 227/227/227
f 225/225/225 227/227/227 228/228/228
f 226/226/226 229/229/229 230/230/230
f 226/226/226 230/230/230 227/227/227
f 229/229/229 231/231/231 232/232/232
f 229/229/229 232/232/232 230/230/230
f 231/231/231 233/233/233 234/234/234
f 231/231/231 234/234/234 232/232/232
f 233/233/233 235/235/235 236/236/236
f 233/233/233 236/236/236 234/234/234
f 235/235/235 237/237/237 238/238/238
f 235/235/235 238/238/238 236/236/236
f 237/237/237 239/239/239 240/240/240
f 237/237/237 240/240/240 238/238/238
f 239/239/239 241/241/241 242/242/242
f 239/239/239 242/242/242 240/240/240
f 241/241/241 243/243/243 244/244/244
f 241/241/241 244/244/244 242/242/242
f 243/243/243 245/245/245 246/246/246
f 243/243/243 246/246/246 244/244/244
f 245/245/245 247/247/247 248/248/248
f 245/245/245 248/248/248 246/246/246
f 247/247/247 249/249/249 250/250/250
f 247/247/247 250/250/250 248/248/248
f 249/249/249 251/251/251 252/252/252
f 249/249/249 252/252/252 250/250/250
f 251/251/251 253/253/253 254/254/254
f 251/251/251 254/254/254 252/252/252
f 253/253/253 255/255/255 256/256/256
f 253/253/253 256/256/256 254/254/254
f 255/255/255 225/225/225 228/228/228
f 255/255/255 228/228/228 256/256/256
f 257/257/257 258/258/258 259/259/259
f 257/257/257 259/259/259 260/260/260
f 258/258/258 261/261/261 262/262/262
f 258/258/258 262/262/262 259/259/259
f 261/261/261 263/263/263 264/264/264
f 261/261/261 264/264/264 262/262/262
f 263/263/263 265/265/265 266/266/266
f 263/263/263 266/266/266 264/264/264
f 265/265/265 267/267/267 268/268/268
f 265/265/265 268/268/268 266/266/266
f 267/267/267 269/269/269 270/270/270
f 267/267/267 270/270/270 268/268/268
f 269/269/269 271/271/271 272/272/272
f 269/269/269 272/272/272 270/270/270
f 271/271/271 273/273/273 274/274/274
f 271/271/271 274/274/274 272/272/272
f 273/273/273 275/275/275 276/276/276
f 273/273/273 276/276/276 274/274/274
f 275/275/275 277/277/277 278/278/278
f 275/275/275 278/278/278 276/276/276
f 277/277/277 279/279/279 280/280/280
f 277/277/277 280/280/280 278/278/278
f 279/279/279 281/281/281 282/282/282
f 279/279/279 282/282/282 280/280/280
f 281/281/281 283/283/283 284/284/284
f 281/281/281 284/284/284 282/282/282
f 283/283/283 285/285/285 286/286/286
f 283/283/283 286/286/286 284/284/284
f 285/285/285 287/287/287 288/288/288
f 285/285/285 288/288/288 286/286/286
f 287/287/287 257/257/257 260/260/260
f 287/287/287 260/260/260 288/288/288
f 289/289/289 290/290/290 291/291/291
f 289/289/289 291/291/291 292/292/292
f 290/290/290 293/293/293 294/294/294
f 290/290/290 294/294/294 291/291/291
f 293/293/293 295/295/295 296/296/296
f 293/293/293 296/296/296 294/294/294
f 295/295/295 297/297/297 298/298/298
f 295/295/295 298/298/298 296/296/296
f 297/297/297 299/299/299 300/300/300
f 297/297/297 300/300/300 298/298/298
f 299/299/299 301/301/301 302/302/302
f 299/299/299 302/302/302 300/300/300
f 301/301/301 303/303/303 304/304/304
f 301/301/301 304/304/304 302/302/302
f 303/303/303 305/305/305 306/306/306
f 303/303/303 306/306/306 304/304/304
f 305/305/305 307/307/307 308/308/308
f 305/305/305 308/308/308 306/306/306
f 307/307/307 309/309/309 310/310/310
f 307/307/307 310/310/310 308/308/308
f 309/309/309 311/311/311 312/312/312
f 309/309/309 312/312/312 310/310/310
f 311/311/311 313/313/313 314/314/314
f 311/311/311 314/314/314 312/312/312
f 313/313/313 315/315/315 316/316/316
f 313/313/313 316/316/316 314/314/314
f 315/315/315 317/317/317 318/318/318
f 315/315/315 318/318/318 316/316/316
f 317/317/317 319/319/319 320/320/320
f 317/317/317 320/320/320 318/318/318
f 319/319/319 289/289/289 292/292/292
f 319/319/319 292/292/292 320/320/320
f 321/321/321 322/322/322 323/323/323
f 321/321/321 323/323/323 324/324/324
f 322/322/322 325/325/325 326/326/326
f 322/322/322 326/326/326 323/323/323
f 325/325/325 327/327/327 328/328/328
f 325/325/325 328/328/328 326/326/326
f 327/327/327 329/329/329 330/330/330
f 327/327/327 330/330/330 328/328/328
f 329/329/329 331/331/331 332/332/332
f 329/329/329 332/332/332 330/330/330
f 331/331/331 333/333/333 334/334/334
f 331/331/331 334/334/334 332/332/332
f 333/333/333 335/335/335 336/336/336
f 333/333/333 336/336/336 334/334/334
f 335/335/335 337/337/337 338/338/338
f 335/335/335 338/338/338 336/336/336
f 337/337/337 339/339/339 340/340/340
f 337/337/337 340/340/340 338/338/338
f 339/339/339 341/341/341 342/342/342
f 339/339/339 342/342/342 340/340/340
f 341/341/341 343/343/343 344/344/344
f 341/341/341 344/344/344 342/342/342
f 343/343/343 345/345/345 346/346/346
f 343/343/343 346/346/346 344/344/344
f 345/345/345 347/347/347 348/348/348
f 345/345/345 348/348/348 346/346/346
f 347/347/347 349/349/349 350/350/350
f 347/347/347 350/350/350 348/348/348
f 349/349/349 351/351/351 352/352/352
f 349/349/349 352/352/352 350/350/350
f 351/351/351 321/321/321 324/324/324
f 351/351/351 324/324/324 352/352/352
f 353/353/353 354/354/354 355/355/355
f 353/353/353 355/355/355 356/356/356
f 354/354/354 357/357/357 358/358/358
f 354/354/354 358/358/358 355/355/355
f 357/357/357 359/359/359 360/360/360
f 357/357/357 360/360/360 358/358/358
f 359/359/359 361/361/361 362/362/362
f 359/359/359 362/362/362 360/360/360
f 361/361/361 363/363/363 364/364/364
f 361/361/361 364/364/364 362/362/362
f 363/363/363 365/365/365 366/366/366
f 363/363/363 366/366/366 364/364/364
f 365/365/365 367/367/367 368/368/368
f 365/365/365 368/368/368 366/366/366
f 367/367/367 369/369/369 370/370/370
f 367/367/367 370/370/370 368/368/368
f 369/369/369 371/371/371 372/372/372
f 369/369/369 372/372/372 370/370/370
f 371/371/371 373/373/373 374/374/374
f 371/371/371 374/374/374 372/372/372
f 373/373/373 375/375/375 376/376/376
f 373/373/373 376/376/376 374/374/374
f 375/375/375 377/377/377 378/378/378
f 375/375/375 378/378/378 376/376/376
f 377/377/377 379/379/379 380/380/380
f 377/377/377 380/380/380 378/378/378
f 379/379/379 381/381/381 382/382/382
f 379/379/379 382/382/382 380/380/380
f 381/381/381 383/383/383 384/384/384
f 381/381/381 384/384/384 382/382/382
f 383/383/383 353/353/353 356/356/356
f 383/383/383 356/356/356 384/384/384
f 387/387/387 386/386/386 385/385/385
f 388/388/388 387/387/387 385/385/385
f 389/389/389 387/387/387 388/388/388
f 390/390/390 389/389/389 388/388/388
f 391/391/391 389/389/389 390/390/390
f 392/392/392 391/391/391 390/390/390
f 393/393/393 391/391/391 392/392/392
f 394/394/394 393/393/393 392/392/392
f 395/395/395 393/393/393 394/394/394
f 396/396/396 395/395/395 394/394/394
f 397/397/397 395/395/395 396/396/396
f 398/398/398 397/397/397 396/396/396
f 399/399/399 397/397/397 398/398/398
f 400/400/400 399/399/399 398/398/398
f 401/401/401 399/399/399 400/400/400
f 402/402/402 401/401/401 400/400/400
f 403/403/403 401/401/401 402/402/402
f 404/404/404 403/403/403 402/402/402
f 407/407/407 406/406/406 405/405/405
f 408/408/408 407/407/407 405/405/405
f 411/411/411 410/410/410 409/409/409
f 412/412/412 411/411/411 409/409/409
f 413/413/413 414/414/414 415/415/415
f 413/413/413 415/415/415 416/416/416
f 416/416/416 415/415/415 417/417/417
f 416/416/416 417/417/417 418/418/418
f 418/418/418 417/417/417 419/419/419
f 418/418/418 419/419/419 420/420/420
f 420/420/420 419/419/419 421/421/421
f 420/420/420 421/421/421 422/422/422
f 422/422/422 421/421/421 423/423/423
f 422/422/422 423/423/423 424/424/424
f 424/424/424 423/423/423 425/425/425
f 424/424/424 425/425/425 426/426/426
f 426/426/426 425/425/425 427/427/427
f 426/426/426 427/427/427 428/428/428
f 428/428/428 427/427/427 429/429/429
f 428/428/428 429/429/429 430/430/430
f 430/430/430 429/429/429 431/431/431
f 430/430/430 431/431/431 432/432/432
f 432/432/432 431/431/431 433/433/433
f 432/432/432 433/433/433 434/434/434
f 434/434/434 433/433/433 435/435/435
f 434/434/434 435/435/435 436/436/436
f 436/436/436 435/435/435 411/411/411
f 436/436/436 411/411/411 412/412/412
f 437/437/437 414/414/414 413/413/413
f 438/438/438 437/437/437 413/413/413
f 441/441/441 440/440/440 439/439/439
f 442/442/442 441/441/441 439/439/439
f 445/445/445 444/444/444 443/443/443
f 446/446/446 445/445/445 443/443/443
f 449/449/449 448/448/448 447/447/447
f 450/450/450 449/449/449 447/447/447
f 453/453/453 452/452/452 451/451/451
f 454/454/454 453/453/453 451/451/451
f 455/455/455 456/456/456 457/457/457
f 455/455/455 457/457/457 458/458/458
f 458/458/458 457/457/457 459/459/459
f 458/458/458 459/459/459 460/460/460
f 460/460/460 459/459/459 461/461/461
f 460/460/460 461/461/461 462/462/462
f 462/462/462 461/461/461 463/463/463
f 462/462/462 463/463/463 464/464/464
f 464/464/464 463/463/463 465/465/465
f 464/464/464 465/465/465 466/466/466
f 466/466/466 465/465/465 467/467/467
f 466/466/466 467/467/467 468/468/468
f 468/468/468 467/467/467 469/469/469
f 468/468/468 469/469/469 470/470/470
f 470/470/470 469/469/469 471/471/471
f 470/470/470 471/471/471 472/472/472
f 472/472/472 471/471/471 473/473/473
f 472/472/472 473/473/473 474/474/474
f 474/474/474 473/473/473 475/475/475
f 474/474/474 475/475/475 476/476/476
f 476/476/476 475/475/475 477/477/477
f 476/476/476 477/477/477 478/478/478
f 478/478/478 477/477/477 453/453/453
f 478/478/478 453/453/453 454/454/454
f 479/479/479 456/456/456 455/455/455
f 480/480/480 479/479/479 455/455/455
f 483/483/483 482/482/482 481/481/481
f 484/484/484 483/483/483 481/481/481
f 487/487/487 486/486/486 485/485/485
f 488/488/488 487/487/487 485/485/485
f 491/491/491 490/490/490 489/489/489
f 492/492/492 491/491/491 489/489/489
f 146/146/146 493/493/493 494/494/494
f 146/146/146 494/494/494 144/144/144
f 144/144/144 494/494/494 495/495/495
f 144/144/144 495/495/495 142/142/142
f 132/132/132 496/496/496 497/497/497
f 132/132/132 497/497/497 160/160/160
f 160/160/160 497/497/497 498/498/498
f 160/160/160 498/498/498 158/158/158
f 158/158/158 498/498/498 499/499/499
f 158/158/158 499/499/499 156/156/156
f 156/156/156 499/499/499 500/500/500
f 156/156/156 500/500/500 154/154/154
f 154/154/154 500/500/500 501/501/501
f 154/154/154 501/501/501 152/152/152
f 152/152/152 501/501/501 502/502/502
f 152/152/152 502/502/502 150/150/150
f 150/150/150 502/502/502 503/503/503
f 150/150/150 503/503/503 148/148/148
f 148/148/148 503/503/503 493/493/493
f 148/148/148 493/493/493 146/146/146
f 504/504/504 496/496/496 132/132/132
f 131/131/131 504/504/504 132/132/132
f 505/505/505 504/504/504 131/131/131
f 134/134/134 505/505/505 131/131/131
f 508/508/508 507/507/507 506/506/506
f 509/509/509 508/508/508 506/506/506
f 512/512/512 511/511/511 510/510/510
f 513/513/513 512/512/512 510/510/510
f 516/516/516 515/515/515 514/514/514
f 517/517/517 516/516/516 514/514/514
f 520/520/520 519/519/519 518/518/518
f 521/521/521 520/520/520 518/518/518
f 522/522/522 520/520/520 521/521/521
f 523/523/523 522/522/522 521/521/521
f 524/524/524 522/522/522 523/523/523
f 525/525/525 524/524/524 523/523/523
f 526/526/526 524/524/524 525/525/525
f 527/527/527 526/526/526 525/525/525
f 528/528/528 526/526/526 527/527/527
f 529/529/529 528/528/528 527/527/527
f 530/530/530 528/528/528 529/529/529
f 531/531/531 530/530/530 529/529/529
f 532/532/532 530/530/530 531/531/531
f 533/533/533 532/532/532 531/531/531
f 534/534/534 532/532/532 533/533/533
f 535/535/535 534/534/534 533/533/533
f 536/536/536 534/534/534 535/535/535
f 537/537/537 536/536/536 535/535/535
f 538/538/538 536/536/536 537/537/537
f 539/539/539 538/538/538 537/537/537
f 540/540/540 538/538/538 539/539/539
f 541/541/541 540/540/540 539/539/539
f 542/542/542 540/540/540 541/541/541
f 543/543/543 542/542/542 541/541/541
f 544/544/544 542/542/542 543/543/543
f 545/545/545 544/544/544 543/543/543
f 546/546/546 544/544/544 545/545/545
f 547/547/547 546/546/546 545/545/545
f 550/550/550 549/549/549 548/548/548
f 551/551/551 550/550/550 548/548/548
f 554/554/554 553/553/553 552/552/552
f 555/555/555 554/554/554 552/552/552
f 558/558/558 557/557/557 556/556/556
f 559/559/559 558/558/558 556/556/556
f 562/562/562 561/561/561 560/560/560
f 563/563/563 562/562/562 560/560/560
f 564/564/564 562/562/562 563/563/563
f 565/565/565 564/564/564 563/563/563
f 566/566/566 564/564/564 565/565/565
f 567/567/567 566/566/566 565/565/565
f 568/568/568 566/566/566 567/567/567
f 569/569/569 568/568/568 567/567/567
f 570/570/570 568/568/568 569/569/569
f 571/571/571 570/570/570 569/569/569
f 572/572/572 570/570/570 571/571/571
f 573/573/573 572/572/572 571/571/571
f 574/574/574 572/572/572 573/573/573
f 575/575/575 574/574/574 573/573/573
f 576/576/576 574/574/574 575/575/575
f 577/577/577 576/576/576 575/575/575
f 578/578/578 576/576/576 577/577/577
f 579/579/579 578/578/578 577/577/577
f 580/580/580 578/578/578 579/579/579
f 581/581/581 580/580/580 579/579/579
f 582/582/582 580/580/580 581/581/581
f 583/583/583 582/582/582 581/581/581
f 584/584/584 582/582/582 583/583/583
f 585/585/585 584/584/584 583/583/583
f 586/586/586 584/584/584 585/585/585
f 587/587/587 586/586/586 585/585/585
f 588/588/588 586/586/586 587/587/587
f 589/589/589 588/588/588 587/587/587
f 592/592/592 591/591/591 590/590/590
f 593/593/593 592/592/592 590/590/590
f 386/386/386 595/595/595 594/594/594
f 385/385/385 386/386/386 594/594/594
f 598/598/598 597/597/597 596/596/596
f 599/599/599 598/598/598 596/596/596
f 602/602/602 601/601/601 600/600/600
f 603/603/603 602/602/602 600/600/600
f 597/597/597 605/605/605 604/604/604
f 606/606/606 597/597/597 604/604/604
f 609/609/609 608/608/608 607/607/607
f 610/610/610 609/609/609 607/607/607
f 613/613/613 612/612/612 611/611/611
f 605/605/605 613/613/613 611/611/611
f 605/605/605 597/597/597 598/598/598
f 613/613/613 605/605/605 598/598/598
f 616/616/616 615/615/615 614/614/614
f 617/617/617 616/616/616 614/614/614
f 618/618/618 616/616/616 617/617/617
f 619/619/619 618/618/618 617/617/617
f 620/620/620 618/618/618 619/619/619
f 621/621/621 620/620/620 619/619/619
f 622/622/622 620/620/620 621/621/621
f 623/623/623 622/622/622 621/621/621
f 624/624/624 622/622/622 623/623/623
f 625/625/625 624/624/624 623/623/623
f 626/626/626 624/624/624 625/625/625
f 627/627/627 626/626/626 625/625/625
f 628/628/628 626/626/626 627/627/627
f 629/629/629 628/628/628 627/627/627
f 630/630/630 628/628/628 629/629/629
f 631/631/631 630/630/630 629/629/629
f 632/632/632 630/630/630 631/631/631
f 633/633/633 632/632/632 631/631/631
f 634/634/634 632/632/632 633/633/633
f 635/635/635 634/634/634 633/633/633
f 636/636/636 634/634/634 635/635/635
f 637/637/637 636/636/636 635/635/635
f 638/638/638 636/636/636 637/637/637
f 639/639/639 638/638/638 637/637/637
f 640/640/640 638/638/638 639/639/639
f 641/641/641 640/640/640 639/639/639
f 642/642/642 640/640/640 641/641/641
f 643/643/643 642/642/642 641/641/641
f 644/644/644 642/642/642 643/643/643
f 645/645/645 644/644/644 643/643/643
f 615/615/615 644/644/644 645/645/645
f 614/614/614 615/615/615 645/645/645
f 648/648/648 647/647/647 646/646/646
f 649/649/649 648/648/648 646/646/646
f 650/650/650 648/648/648 649/649/649
f 651/651/651 650/650/650 649/649/649
f 652/652/652 650/650/650 651/651/651
f 653/653/653 652/652/652 651/651/651
f 654/654/654 652/652/652 653/653/653
f 655/655/655 654/654/654 653/653/653
f 656/656/656 654/654/654 655/655/655
f 657/657/657 656/656/656 655/655/655
f 658/658/658 656/656/656 657/657/657
f 659/659/659 658/658/658 657/657/657
f 660/660/660 658/658/658 659/659/659
f 661/661/661 660/660/660 659/659/659
f 662/662/662 660/660/660 661/661/661
f 663/663/663 662/662/662 661/661/661
f 664/664/664 662/662/662 663/663/663
f 665/665/665 664/664/664 663/663/663
f 666/666/666 664/664/664 665/665/665
f 667/667/667 666/666/666 665/665/665
f 668/668/668 666/666/666 667/667/667
f 669/669/669 668/668/668 667/667/667
f 670/670/670 668/668/668 669/669/669
f 671/671/671 670/670/670 669/669/669
f 672/672/672 670/670/670 671/671/671
f 673/673/673 672/672/672 671/671/671
f 674/674/674 672/672/672 673/673/673
f 675/675/675 674/674/674 673/673/673
f 676/676/676 674/674/674 675/675/675
f 677/677/677 676/676/676 675/675/675
f 647/647/647 676/676/676 677/677/677
f 646/646/646 647/647/647 677/677/677
f 680/680/680 679/679/679 678/678/678
f 681/681/681 680/680/680 678/678/678
f 682/682/682 680/680/680 681/681/681
f 683/683/683 682/682/682 681/681/681
f 684/684/684 682/682/682 683/683/683
f 685/685/685 684/684/684 683/683/683
f 686/686/686 684/684/684 685/685/685
f 687/687/687 686/686/686 685/685/685
f 688/688/688 686/686/686 687/687/687
f 689/689/689 688/688/688 687/687/687
f 690/690/690 688/688/688 689/689/689
f 691/691/691 690/690/690 689/689/689
f 692/692/692 690/690/690 691/691/691
f 693/693/693 692/692/692 691/691/691
f 694/694/694 692/692/692 693/693/693
f 695/695/695 694/694/694 693/693/693
f 696/696/696 694/694/694 695/695/695
f 697/697/697 696/696/696 695/695/695
f 698/698/698 696/696/696 697/697/697
f 699/699/699 698/698/698 697/697/697
f 700/700/700 698/698/698 699/699/699
f 701/701/701 700/700/700 699/699/699
f 702/702/702 700/700/700 701/701/701
f 703/703/703 702/702/702 701/701/701
f 704/704/704 702/702/702 703/703/703
f 705/705/705 704/704/704 703/703/703
f 706/706/706 704/704/704 705/705/705
f 707/707/707 706/706/706 705/705/705
f 708/708/708 706/706/706 707/707/707
f 709/709/709 708/708/708 707/707/707
f 679/679/679 708/708/708 709/709/709
f 678/678/678 679/679/679 709/709/709
f 712/712/712 711/711/711 710/710/710
f 713/713/713 712/712/712 710/710/710
f 714/714/714 712/712/712 713/713/713
f 715/715/715 714/714/714 713/713/713
f 716/716/716 714/714/714 715/715/715
f 717/717/717 716/716/716 715/715/715
f 718/718/718 716/716/716 717/717/717
f 719/719/719 718/718/718 717/717/717
f 720/720/720 718/718/718 719/719/719
f 721/721/721 720/720/720 719/719/719
f 722/722/722 720/720/720 721/721/721
f 723/723/723 722/722/722 721/721/721
f 724/724/724 722/722/722 723/723/723
f 725/725/725 724/724/724 723/723/723
f 726/726/726 724/724/724 725/725/725
f 727/727/727 726/726/726 725/725/725
f 728/728/728 726/726/726 727/727/727
f 729/729/729 728/728/728 727/727/727
f 730/730/730 728/728/728 729/729/729
f 731/731/731 730/730/730 729/729/729
f 732/732/732 730/730/730 731/731/731
f 733/733/733 732/732/732 731/731/731
f 734/734/734 732/732/732 733/733/733
f 735/735/735 734/734/734 733/733/733
f 736/736/736 734/734/734 735/735/735
f 737/737/737 736/736/736 735/735/735
f 738/738/738 736/736/736 737/737/737
f 739/739/739 738/738/738 737/737/737
f 740/740/740 738/738/738 739/739/739
f 741/741/741 740/740/740 739/739/739
f 711/711/711 740/740/740 741/741/741
f 710/710/710 711/711/711 741/741/741
f 744/744/744 743/743/743 742/742/742
f 745/745/745 744/744/744 742/742/742
f 746/746/746 744/744/744 745/745/745
f 747/747/747 746/746/746 745/745/745
f 748/748/748 746/746/746 747/747/747
f 749/749/749 748/748/748 747/747/747
f 750/750/750 748/748/748 749/749/749
f 751/751/751 750/750/750 749/749/749
f 752/752/752 750/750/750 751/751/751
f 753/753/753 752/752/752 751/751/751
f 754/754/754 752/752/752 753/753/753
f 755/755/755 754/754/754 753/753/753
f 756/756/756 754/754/754 755/755/755
f 757/757/757 756/756/756 755/755/755
f 758/758/758 756/756/756 757/757/757
f 759/759/759 758/758/758 757/757/757
f 760/760/760 758/758/758 759/759/759
f 761/761/761 760/760/760 759/759/759
f 762/762/762 760/760/760 761/761/761
f 763/763/763 762/762/762 761/761/761
f 764/764/764 762/762/762 763/763/763
f 765/765/765 764/764/764 763/763/763
f 766/766/766 764/764/764 765/765/765
f 767/767/767 766/766/766 765/765/765
f 768/768/768 766/766/766 767/767/767
f 769/769/769 768/768/768 767/767/767
f 770/770/770 768/768/768 769/769/769
f 771/771/771 770/770/770 769/769/769
f 772/772/772 770/770/770 771/771/771
f 773/773/773 772/772/772 771/771/771
f 743/743/743 772/772/772 773/773/773
f 742/742/742 743/743/743 773/773/773
f 776/776/776 775/775/775 774/774/774
f 777/777/777 776/776/776 774/774/774
f 778/778/778 776/776/776 777/777/777
f 779/779/779 778/778/778 777/777/777
f 780/780/780 778/778/778 779/779/779
f 781/781/781 780/780/780 779/779/779
f 782/782/782 780/780/780 781/781/781
f 783/783/783 782/782/782 781/781/781
f 784/784/784 782/782/782 783/783/783
f 785/785/785 784/784/784 783/783/783
f 786/786/786 784/784/784 785/785/785
f 787/787/787 786/786/786 785/785/785
f 788/788/788 786/786/786 787/787/787
f 789/789/789 788/788/788 787/787/787
f 790/790/790 788/788/788 789/789/789
f 791/791/791 790/790/790 789/789/789
f 792/792/792 790/790/790 791/791/791
f 793/793/793 792/792/792 791/791/791
f 794/794/794 792/792/792 793/793/793
f 795/795/795 794/794/794 793/793/793
f 796/796/796 794/794/794 795/795/795
f 797/797/797 796/796/796 795/795/795
f 798/798/798 796/796/796 797/797/797
f 799/799/799 798/798/798 797/797/797
f 800/800/800 798/798/798 799/799/799
f 801/801/801 800/800/800 799/799/799
f 802/802/802 800/800/800 801/801/801
f 803/803/803 802/802/802 801/801/801
f 804/804/804 802/802/802 803/803/803
f 805/805/805 804/804/804 803/803/803
f 775/775/775 804/804/804 805/805/805
f 774/774/774 775/775/775 805/805/805
f 808/808/808 807/807/807 806/806/806
f 809/809/809 808/808/808 806/806/806
f 810/810/810 808/808/808 809/809/809
f 811/811/811 810/810/810 809/809/809
f 812/812/812 810/810/810 811/811/811
f 813/813/813 812/812/812 811/811/811
f 814/814/814 812/812/812 813/813/813
f 815/815/815 814/814/814 813/813/813
f 816/816/816 814/814/814 815/815/815
f 817/817/817 816/816/816 815/815/815
f 818/818/818 816/816/816 817/817/817
f 819/819/819 818/818/818 817/817/817
f 820/820/820 818/818/818 819/819/819
f 821/821/821 820/820/820 819/819/819
f 822/822/822 820/820/820 821/821/821
f 823/823/823 822/822/822 821/821/821
f 824/824/824 822/822/822 823/823/823
f 825/825/825 824/824/824 823/823/823
f 826/826/826 824/824/824 825/825/825
f 827/827/827 826/826/826 825/825/825
f 828/828/828 826/826/826 827/827/827
f 829/829/829 828/828/828 827/827/827
f 830/830/830 828/828/828 829/829/829
f 831/831/831 830/830/830 829/829/829
f 832/832/832 830/830/830 831/831/831
f 833/833/833 832/832/832 831/831/831
f 834/834/834 832/832/832 833/833/833
f 835/835/835 834/834/834 833/833/833
f 836/836/836 834/834/834 835/835/835
f 837/837/837 836/836/836 835/835/835
f 807/807/807 836/836/836 837/837/837
f 806/806/806 807/807/807 837/837/837
f 840/840/840 839/839/839 838/838/838
f 841/841/841 840/840/840 838/838/838
f 844/844/844 843/843/843 842/842/842
f 845/845/845 844/844/844 842/842/842
f 841/841/841 847/847/847 846/846/846
f 848/848/848 841/841/841 846/846/846
f 851/851/851 850/850/850 849/849/849
f 852/852/852 851/851/851 849/849/849
f 854/854/854 848/848/848 853/853/853
f 855/855/855 854/854/854 853/853/853
f 848/848/848 854/854/854 840/840/840
f 841/841/841 848/848/848 840/840/840
f 858/858/858 857/857/857 856/856/856
f 859/859/859 858/858/858 856/856/856
f 860/860/860 858/858/858 859/859/859
f 861/861/861 860/860/860 859/859/859
f 862/862/862 860/860/860 861/861/861
f 863/863/863 862/862/862 861/861/861
f 864/864/864 862/862/862 863/863/863
f 865/865/865 864/864/864 863/863/863
f 866/866/866 864/864/864 865/865/865
f 867/867/867 866/866/866 865/865/865
f 868/868/868 866/866/866 867/867/867
f 869/869/869 868/868/868 867/867/867
f 870/870/870 868/868/868 869/869/869
f 871/871/871 870/870/870 869/869/869
f 872/872/872 870/870/870 871/871/871
f 873/873/873 872/872/872 871/871/871
f 874/874/874 872/872/872 873/873/873
f 875/875/875 874/874/874 873/873/873
f 876/876/876 874/874/874 875/875/875
f 877/877/877 876/876/876 875/875/875
f 878/878/878 876/876/876 877/877/877
f 879/879/879 878/878/878 877/877/877
f 880/880/880 878/878/878 879/879/879
f 881/881/881 880/880/880 879/879/879
f 882/882/882 880/880/880 881/881/881
f 883/883/883 882/882/882 881/881/881
f 884/884/884 882/882/882 883/883/883
f 885/885/885 884/884/884 883/883/883
f 886/886/886 884/884/884 885/885/885
f 887/887/887 886/886/886 885/885/885
f 857/857/857 886/886/886 887/887/887
f 856/856/856 857/857/857 887/887/887
f 859/859/859 856/856/856 888/888/888
f 889/889/889 859/859/859 888/888/888
f 861/861/861 859/859/859 889/889/889
f 890/890/890 861/861/861 889/889/889
f 863/863/863 861/861/861 890/890/890
f 891/891/891 863/863/863 890/890/890
f 865/865/865 863/863/863 891/891/891
f 892/892/892 865/865/865 891/891/891
f 867/867/867 865/865/865 892/892/892
f 893/893/893 867/867/867 892/892/892
f 869/869/869 867/867/867 893/893/893
f 894/894/894 869/869/869 893/893/893
f 871/871/871 869/869/869 894/894/894
f 895/895/895 871/871/871 894/894/894
f 873/873/873 871/871/871 895/895/895
f 896/896/896 873/873/873 895/895/895
f 875/875/875 873/873/873 896/896/896
f 897/897/897 875/875/875 896/896/896
f 877/877/877 875/875/875 897/897/897
f 898/898/898 877/877/877 897/897/897
f 879/879/879 877/877/877 898/898/898
f 899/899/899 879/879/879 898/898/898
f 881/881/881 879/879/879 899/899/899
f 900/900/900 881/881/881 899/899/899
f 883/883/883 881/881/881 900/900/900
f 901/901/901 883/883/883 900/900/900
f 885/885/885 883/883/883 901/901/901
f 902/902/902 885/885/885 901/901/901
f 887/887/887 885/885/885 902/902/902
f 903/903/903 887/887/887 902/902/902
f 856/856/856 887/887/887 903/903/903
f 888/888/888 856/856/856 903/903/903
f 906/906/906 905/905/905 904/904/904
f 907/907/907 906/906/906 904/904/904
f 908/908/908 906/906/906 907/907/907
f 909/909/909 908/908/908 907/907/907
f 910/910/910 908/908/908 909/909/909
f 911/911/911 910/910/910 909/909/909
f 912/912/912 910/910/910 911/911/911
f 913/913/913 912/912/912 911/911/911
f 914/914/914 912/912/912 913/913/913
f 915/915/915 914/914/914 913/913/913
f 916/916/916 914/914/914 915/915/915
f 917/917/917 916/916/916 915/915/915
f 918/918/918 916/916/916 917/917/917
f 919/919/919 918/918/918 917/917/917
f 920/920/920 918/918/918 919/919/919
f 921/921/921 920/920/920 919/919/919
f 922/922/922 920/920/920 921/921/921
f 923/923/923 922/922/922 921/921/921
f 924/924/924 922/922/922 923/923/923
f 925/925/925 924/924/924 923/923/923
f 926/926/926 924/924/924 925/925/925
f 927/927/927 926/926/926 925/925/925
f 928/928/928 926/926/926 927/927/927
f 929/929/929 928/928/928 927/927/927
f 930/930/930 928/928/928 929/929/929
f 931/931/931 930/930/930 929/929/929
f 932/932/932 930/930/930 931/931/931
f 933/933/933 932/932/932 931/931/931
f 934/934/934 932/932/932 933/933/933
f 935/935/935 934/934/934 933/933/933
f 905/905/905 934/934/934 935/935/935
f 904/904/904 905/905/905 935/935/935
f 936/936/936 937/937/937 194/194/194
f 936/936/936 194/194/194 193/193/193
f 937/937/937 938/938/938 197/197/197
f 937/937/937 197/197/197 194/194/194
f 938/938/938 939/939/939 199/199/199
f 938/938/938 199/199/199 197/197/197
f 939/939/939 940/940/940 201/201/201
f 939/939/939 201/201/201 199/199/199
f 940/940/940 941/941/941 203/203/203
f 940/940/940 203/203/203 201/201/201
f 941/941/941 942/942/942 205/205/205
f 941/941/941 205/205/205 203/203/203
f 942/942/942 943/943/943 207/207/207
f 942/942/942 207/207/207 205/205/205
f 943/943/943 944/944/944 209/209/209
f 943/943/943 209/209/209 207/207/207
f 944/944/944 945/945/945 211/211/211
f 944/944/944 211/211/211 209/209/209
f 945/945/945 946/946/946 213/213/213
f 945/945/945 213/213/213 211/211/211
f 946/946/946 947/947/947 215/215/215
f 946/946/946 215/215/215 213/213/213
f 947/947/947 948/948/948 217/217/217
f 947/947/947 217/217/217 215/215/215
f 948/948/948 949/949/949 219/219/219
f 948/948/948 219/219/219 217/217/217
f 949/949/949 950/950/950 221/221/221
f 949/949/949 221/221/221 219/219/219
f 950/950/950 951/951/951 223/223/223
f 950/950/950 223/223/223 221/221/221
f 951/951/951 936/936/936 193/193/193
f 951/951/951 193/193/193 223/223/223
f 954/954/954 953/953/953 952/952/952
f 955/955/955 954/954/954 952/952/952
f 957/957/957 956/956/956 953/953/953
f 954/954/954 957/957/957 953/953/953
f 959/959/959 958/958/958 956/956/956
f 957/957/957 959/959/959 956/956/956
f 961/961/961 960/960/960 958/958/958
f 959/959/959 961/961/961 958/958/958
f 963/963/963 962/962/962 960/960/960
f 961/961/961 963/963/963 960/960/960
f 965/965/965 964/964/964 962/962/962
f 963/963/963 965/965/965 962/962/962
f 967/967/967 966/966/966 964/964/964
f 965/965/965 967/967/967 964/964/964
f 969/969/969 968/968/968 966/966/966
f 967/967/967 969/969/969 966/966/966
f 971/971/971 970/970/970 968/968/968
f 969/969/969 971/971/971 968/968/968
f 973/973/973 972/972/972 970/970/970
f 971/971/971 973/973/973 970/970/970
f 975/975/975 974/974/974 972/972/972
f 973/973/973 975/975/975 972/972/972
f 977/977/977 976/976/976 974/974/974
f 975/975/975 977/977/977 974/974/974
f 979/979/979 978/978/978 976/976/976
f 977/977/977 979/979/979 976/976/976
f 981/981/981 980/980/980 978/978/978
f 979/979/979 981/981/981 978/978/978
f 983/983/983 982/982/982 980/980/980
f 981/981/981 983/983/983 980/980/980
f 955/955/955 952/952/952 982/982/982
f 983/983/983 955/955/955 982/982/982
f 986/986/986 985/985/985 984/984/984
f 987/987/987 986/986/986 984/984/984
f 988/988/988 986/986/986 987/987/987
f 989/989/989 988/988/988 987/987/987
f 990/990/990 988/988/988 989/989/989
f 991/991/991 990/990/990 989/989/989
f 992/992/992 990/990/990 991/991/991
f 993/993/993 992/992/992 991/991/991
f 994/994/994 992/992/992 993/993/993
f 995/995/995 994/994/994 993/993/993
f 996/996/996 994/994/994 995/995/995
f 997/997/997 996/996/996 995/995/995
f 998/998/998 996/996/996 997/997/997
f 999/999/999 998/998/998 997/997/997
f 1000/1000/1000 998/998/998 999/999/999
f 1001/1001/1001 1000/1000/1000 999/999/999
f 1002/1002/1002 1000/1000/1000 1001/1001/1001
f 1003/1003/1003 1002/1002/1002 1001/1001/1001
f 1004/1004/1004 1002/1002/1002 1003/1003/1003
f 1005/1005/1005 1004/1004/1004 1003/1003/1003
f 1006/1006/1006 1004/1004/1004 1005/1005/1005
f 1007/1007/1007 1006/1006/1006 1005/1005/1005
f 1008/1008/1008 1006/1006/1006 1007/1007/1007
f 1009/1009/1009 1008/1008/1008 1007/1007/1007
f 1010/1010/1010 1008/1008/1008 1009/1009/1009
f 1011/1011/1011 1010/1010/1010 1009/1009/1009
f 1012/1012/1012 1010/1010/1010 1011/1011/1011
f 1013/1013/1013 1012/1012/1012 1011/1011/1011
f 1014/1014/1014 1012/1012/1012 1013/1013/1013
f 1015/1015/1015 1014/1014/1014 1013/1013/1013
f 985/985/985 1014/1014/1014 1015/1015/1015
f 984/984/984 985/985/985 1015/1015/1015
f 1016/1016/1016 1017/1017/1017 226/226/226
f 1016/1016/1016 226/226/226 225/225/225
f 1017/1017/1017 1018/1018/1018 229/229/229
f 1017/1017/1017 229/229/229 226/226/226
f 1018/1018/1018 1019/1019/1019 231/231/231
f 1018/1018/1018 231/231/231 229/229/229
f 1019/1019/1019 1020/1020/1020 233/233/233
f 1019/1019/1019 233/233/233 231/231/231
f 1020/1020/1020 1021/1021/1021 235/235/235
f 1020/1020/1020 235/235/235 233/233/233
f 1021/1021/1021 1022/1022/1022 237/237/237
f 1021/1021/1021 237/237/237 235/235/235
f 1022/1022/1022 1023/1023/1023 239/239/239
f 1022/1022/1022 239/239/239 237/237/237
f 1023/1023/1023 1024/1024/1024 241/241/241
f 1023/1023/1023 241/241/241 239/239/239
f 1024/1024/1024 1025/1025/1025 243/243/243
f 1024/1024/1024 243/243/243 241/241/241
f 1025/1025/1025 1026/1026/1026 245/245/245
f 1025/1025/1025 245/245/245 243/243/243
f 1026/1026/1026 1027/1027/1027 247/247/247
f 1026/1026/1026 247/247/247 245/245/245
f 1027/1027/1027 1028/1028/1028 249/249/249
f 1027/1027/1027 249/249/249 247/247/247
f 1028/1028/1028 1029/1029/1029 251/251/251
f 1028/1028/1028 251/251/251 249/249/249
f 1029/1029/1029 1030/1030/1030 253/253/253
f 1029/1029/1029 253/253/253 251/251/251
f 1030/1030/1030 1031/1031/1031 255/255/255
f 1030/1030/1030 255/255/255 253/253/253
f 1031/1031/1031 1016/1016/1016 225/225/225
f 1031/1031/1031 225/225/225 255/255/255
f 580/580/580 1033/1033/1033 1032/1032/1032
f 578/578/578 580/580/580 1032/1032/1032
f 582/582/582 1034/1034/1034 1033/1033/1033
f 580/580/580 582/582/582 1033/1033/1033
f 584/584/584 1035/1035/1035 1034/1034/1034
f 582/582/582 584/584/584 1034/1034/1034
f 586/586/586 1036/1036/1036 1035/1035/1035
f 584/584/584 586/586/586 1035/1035/1035
f 1038/1038/1038 1037/1037/1037 1036/1036/1036
f 586/586/586 1038/1038/1038 1036/1036/1036
f 1040/1040/1040 1039/1039/1039 1037/1037/1037
f 1038/1038/1038 1040/1040/1040 1037/1037/1037
f 1042/1042/1042 1041/1041/1041 1039/1039/1039
f 1040/1040/1040 1042/1042/1042 1039/1039/1039
f 562/562/562 1043/1043/1043 1041/1041/1041
f 1042/1042/1042 562/562/562 1041/1041/1041
f 564/564/564 1044/1044/1044 1043/1043/1043
f 562/562/562 564/564/564 1043/1043/1043
f 566/566/566 1045/1045/1045 1044/1044/1044
f 564/564/564 566/566/566 1044/1044/1044
f 568/568/568 1046/1046/1046 1045/1045/1045
f 566/566/566 568/568/568 1045/1045/1045
f 570/570/570 1047/1047/1047 1046/1046/1046
f 568/568/568 570/570/570 1046/1046/1046
f 572/572/572 1048/1048/1048 1047/1047/1047
f 570/570/570 572/572/572 1047/1047/1047
f 574/574/574 1049/1049/1049 1048/1048/1048
f 572/572/572 574/574/574 1048/1048/1048
f 576/576/576 1050/1050/1050 1049/1049/1049
f 574/574/574 576/576/576 1049/1049/1049
f 578/578/578 1032/1032/1032 1050/1050/1050
f 576/576/576 578/578/578 1050/1050/1050
f 1053/1053/1053 1052/1052/1052 1051/1051/1051
f 1054/1054/1054 1053/1053/1053 1051/1051/1051
f 1055/1055/1055 1053/1053/1053 1054/1054/1054
f 1056/1056/1056 1055/1055/1055 1054/1054/1054
f 1057/1057/1057 1055/1055/1055 1056/1056/1056
f 1058/1058/1058 1057/1057/1057 1056/1056/1056
f 1059/1059/1059 1057/1057/1057 1058/1058/1058
f 1060/1060/1060 1059/1059/1059 1058/1058/1058
f 1061/1061/1061 1059/1059/1059 1060/1060/1060
f 1062/1062/1062 1061/1061/1061 1060/1060/1060
f 1063/1063/1063 1061/1061/1061 1062/1062/1062
f 1064/1064/1064 1063/1063/1063 1062/1062/1062
f 1065/1065/1065 1063/1063/1063 1064/1064/1064
f 1066/1066/1066 1065/1065/1065 1064/1064/1064
f 1067/1067/1067 1065/1065/1065 1066/1066/1066
f 1068/1068/1068 1067/1067/1067 1066/1066/1066
f 1069/1069/1069 1067/1067/1067 1068/1068/1068
f 1070/1070/1070 1069/1069/1069 1068/1068/1068
f 1071/1071/1071 1069/1069/1069 1070/1070/1070
f 1072/1072/1072 1071/1071/1071 1070/1070/1070
f 1073/1073/1073 1071/1071/1071 1072/1072/1072
f 1074/1074/1074 1073/1073/1073 1072/1072/1072
f 1075/1075/1075 1073/1073/1073 1074/1074/1074
f 1076/1076/1076 1075/1075/1075 1074/1074/1074
f 1077/1077/1077 1075/1075/1075 1076/1076/1076
f 1078/1078/1078 1077/1077/1077 1076/1076/1076
f 1079/1079/1079 1077/1077/1077 1078/1078/1078
f 1080/1080/1080 1079/1079/1079 1078/1078/1078
f 1081/1081/1081 1079/1079/1079 1080/1080/1080
f 1082/1082/1082 1081/1081/1081 1080/1080/1080
f 1052/1052/1052 1081/1081/1081 1082/1082/1082
f 1051/1051/1051 1052/1052/1052 1082/1082/1082
f 1083/1083/1083 1084/1084/1084 258/258/258
f 1083/1083/1083 258/258/258 257/257/257
f 1084/1084/1084 1085/1085/1085 261/261/261
f 1084/1084/1084 261/261/261 258/258/258
f 1085/1085/1085 1086/1086/1086 263/263/263
f 1085/1085/1085 263/263/263 261/261/261
f 1086/1086/1086 1087/1087/1087 265/265/265
f 1086/1086/1086 265/265/265 263/263/263
f 1087/1087/1087 1088/1088/1088 267/267/267
f 1087/1087/1087 267/267/267 265/265/265
f 1088/1088/1088 1089/1089/1089 269/269/269
f 1088/1088/1088 269/269/269 267/267/267
f 1089/1089/1089 1090/1090/1090 271/271/271
f 1089/1089/1089 271/271/271 269/269/269
f 1090/1090/1090 1091/1091/1091 273/273/273
f 1090/1090/1090 273/273/273 271/271/271
f 1091/1091/1091 1092/1092/1092 275/275/275
f 1091/1091/1091 275/275/275 273/273/273
f 1092/1092/1092 1093/1093/1093 277/277/277
f 1092/1092/1092 277/277/277 275/275/275
f 1093/1093/1093 1094/1094/1094 279/279/279
f 1093/1093/1093 279/279/279 277/277/277
f 1094/1094/1094 1095/1095/1095 281/281/281
f 1094/1094/1094 281/281/281 279/279/279
f 1095/1095/1095 1096/1096/1096 283/283/283
f 1095/1095/1095 283/283/283 281/281/281
f 1096/1096/1096 1097/1097/1097 285/285/285
f 1096/1096/1096 285/285/285 283/283/283
f 1097/1097/1097 1098/1098/1098 287/287/287
f 1097/1097/1097 287/287/287 285/285/285
f 1098/1098/1098 1083/1083/1083 257/257/257
f 1098/1098/1098 257/257/257 287/287/287
f 1101/1101/1101 1100/1100/1100 1099/1099/1099
f 414/414/414 1101/1101/1101 1099/1099/1099
f 1103/1103/1103 1102/1102/1102 1100/1100/1100
f 1101/1101/1101 1103/1103/1103 1100/1100/1100
f 1105/1105/1105 1104/1104/1104 1102/1102/1102
f 1103/1103/1103 1105/1105/1105 1102/1102/1102
f 411/411/411 1106/1106/1106 1104/1104/1104
f 1105/1105/1105 411/411/411 1104/1104/1104
f 435/435/435 1107/1107/1107 1106/1106/1106
f 411/411/411 435/435/435 1106/1106/1106
f 433/433/433 1108/1108/1108 1107/1107/1107
f 435/435/435 433/433/433 1107/1107/1107
f 431/431/431 1109/1109/1109 1108/1108/1108
f 433/433/433 431/431/431 1108/1108/1108
f 429/429/429 1110/1110/1110 1109/1109/1109
f 431/431/431 429/429/429 1109/1109/1109
f 427/427/427 1111/1111/1111 1110/1110/1110
f 429/429/429 427/427/427 1110/1110/1110
f 425/425/425 1112/1112/1112 1111/1111/1111
f 427/427/427 425/425/425 1111/1111/1111
f 423/423/423 1113/1113/1113 1112/1112/1112
f 425/425/425 423/423/423 1112/1112/1112
f 421/421/421 1114/1114/1114 1113/1113/1113
f 423/423/423 421/421/421 1113/1113/1113
f 419/419/419 1115/1115/1115 1114/1114/1114
f 421/421/421 419/419/419 1114/1114/1114
f 417/417/417 1116/1116/1116 1115/1115/1115
f 419/419/419 417/417/417 1115/1115/1115
f 415/415/415 1117/1117/1117 1116/1116/1116
f 417/417/417 415/415/415 1116/1116/1116
f 414/414/414 1099/1099/1099 1117/1117/1117
f 415/415/415 414/414/414 1117/1117/1117
f 1120/1120/1120 1119/1119/1119 1118/1118/1118
f 1121/1121/1121 1120/1120/1120 1118/1118/1118
f 1122/1122/1122 1120/1120/1120 1121/1121/1121
f 1123/1123/1123 1122/1122/1122 1121/1121/1121
f 1124/1124/1124 1122/1122/1122 1123/1123/1123
f 1125/1125/1125 1124/1124/1124 1123/1123/1123
f 1126/1126/1126 1124/1124/1124 1125/1125/1125
f 1127/1127/1127 1126/1126/1126 1125/1125/1125
f 1128/1128/1128 1126/1126/1126 1127/1127/1127
f 1129/1129/1129 1128/1128/1128 1127/1127/1127
f 1130/1130/1130 1128/1128/1128 1129/1129/1129
f 1131/1131/1131 1130/1130/1130 1129/1129/1129
f 1132/1132/1132 1130/1130/1130 1131/1131/1131
f 1133/1133/1133 1132/1132/1132 1131/1131/1131
f 1134/1134/1134 1132/1132/1132 1133/1133/1133
f 1135/1135/1135 1134/1134/1134 1133/1133/1133
f 1136/1136/1136 1134/1134/1134 1135/1135/1135
f 1137/1137/1137 1136/1136/1136 1135/1135/1135
f 1138/1138/1138 1136/1136/1136 1137/1137/1137
f 1139/1139/1139 1138/1138/1138 1137/1137/1137
f 1140/1140/1140 1138/1138/1138 1139/1139/1139
f 1141/1141/1141 1140/1140/1140 1139/1139/1139
f 1142/1142/1142 1140/1140/1140 1141/1141/1141
f 1143/1143/1143 1142/1142/1142 1141/1141/1141
f 1144/1144/1144 1142/1142/1142 1143/1143/1143
f 1145/1145/1145 1144/1144/1144 1143/1143/1143
f 1146/1146/1146 1144/1144/1144 1145/1145/1145
f 1147/1147/1147 1146/1146/1146 1145/1145/1145
f 1148/1148/1148 1146/1146/1146 1147/1147/1147
f 1149/1149/1149 1148/1148/1148 1147/1147/1147
f 1119/1119/1119 1148/1148/1148 1149/1149/1149
f 1118/1118/1118 1119/1119/1119 1149/1149/1149
f 1150/1150/1150 1151/1151/1151 290/290/290
f 1150/1150/1150 290/290/290 289/289/289
f 1151/1151/1151 1152/1152/1152 293/293/293
f 1151/1151/1151 293/293/293 290/290/290
f 1152/1152/1152 1153/1153/1153 295/295/295
f 1152/1152/1152 295/295/295 293/293/293
f 1153/1153/1153 1154/1154/1154 297/297/297
f 1153/1153/1153 297/297/297 295/295/295
f 1154/1154/1154 1155/1155/1155 299/299/299
f 1154/1154/1154 299/299/299 297/297/297
f 1155/1155/1155 1156/1156/1156 301/301/301
f 1155/1155/1155 301/301/301 299/299/299
f 1156/1156/1156 1157/1157/1157 303/303/303
f 1156/1156/1156 303/303/303 301/301/301
f 1157/1157/1157 1158/1158/1158 305/305/305
f 1157/1157/1157 305/305/305 303/303/303
f 1158/1158/1158 1159/1159/1159 307/307/307
f 1158/1158/1158 307/307/307 305/305/305
f 1159/1159/1159 1160/1160/1160 309/309/309
f 1159/1159/1159 309/309/309 307/307/307
f 1160/1160/1160 1161/1161/1161 311/311/311
f 1160/1160/1160 311/311/311 309/309/309
f 1161/1161/1161 1162/1162/1162 313/313/313
f 1161/1161/1161 313/313/313 311/311/311
f 1162/1162/1162 1163/1163/1163 315/315/315
f 1162/1162/1162 315/315/315 313/313/313
f 1163/1163/1163 1164/1164/1164 317/317/317
f 1163/1163/1163 317/317/317 315/315/315
f 1164/1164/1164 1165/1165/1165 319/319/319
f 1164/1164/1164 319/319/319 317/317/317
f 1165/1165/1165 1150/1150/1150 289/289/289
f 1165/1165/1165 289/289/289 319/319/319
f 538/538/538 1167/1167/1167 1166/1166/1166
f 536/536/536 538/538/538 1166/1166/1166
f 540/540/540 1168/1168/1168 1167/1167/1167
f 538/538/538 540/540/540 1167/1167/1167
f 542/542/542 1169/1169/1169 1168/1168/1168
f 540/540/540 542/542/542 1168/1168/1168
f 544/544/544 1170/1170/1170 1169/1169/1169
f 542/542/542 544/544/544 1169/1169/1169
f 1172/1172/1172 1171/1171/1171 1170/1170/1170
f 544/544/544 1172/1172/1172 1170/1170/1170
f 1174/1174/1174 1173/1173/1173 1171/1171/1171
f 1172/1172/1172 1174/1174/1174 1171/1171/1171
f 1176/1176/1176 1175/1175/1175 1173/1173/1173
f 1174/1174/1174 1176/1176/1176 1173/1173/1173
f 520/520/520 1177/1177/1177 1175/1175/1175
f 1176/1176/1176 520/520/520 1175/1175/1175
f 522/522/522 1178/1178/1178 1177/1177/1177
f 520/520/520 522/522/522 1177/1177/1177
f 524/524/524 1179/1179/1179 1178/1178/1178
f 522/522/522 524/524/524 1178/1178/1178
f 526/526/526 1180/1180/1180 1179/1179/1179
f 524/524/524 526/526/526 1179/1179/1179
f 528/528/528 1181/1181/1181 1180/1180/1180
f 526/526/526 528/528/528 1180/1180/1180
f 530/530/530 1182/1182/1182 1181/1181/1181
f 528/528/528 530/530/530 1181/1181/1181
f 532/532/532 1183/1183/1183 1182/1182/1182
f 530/530/530 532/532/532 1182/1182/1182
f 534/534/534 1184/1184/1184 1183/1183/1183
f 532/532/532 534/534/534 1183/1183/1183
f 536/536/536 1166/1166/1166 1184/1184/1184
f 534/534/534 536/536/536 1184/1184/1184
f 1187/1187/1187 1186/1186/1186 1185/1185/1185
f 1188/1188/1188 1187/1187/1187 1185/1185/1185
f 1189/1189/1189 1187/1187/1187 1188/1188/1188
f 1190/1190/1190 1189/1189/1189 1188/1188/1188
f 1191/1191/1191 1189/1189/1189 1190/1190/1190
f 1192/1192/1192 1191/1191/1191 1190/1190/1190
f 1193/1193/1193 1191/1191/1191 1192/1192/1192
f 1194/1194/1194 1193/1193/1193 1192/1192/1192
f 1195/1195/1195 1193/1193/1193 1194/1194/1194
f 1196/1196/1196 1195/1195/1195 1194/1194/1194
f 1197/1197/1197 1195/1195/1195 1196/1196/1196
f 1198/1198/1198 1197/1197/1197 1196/1196/1196
f 1199/1199/1199 1197/1197/1197 1198/1198/1198
f 1200/1200/1200 1199/1199/1199 1198/1198/1198
f 1201/1201/1201 1199/1199/1199 1200/1200/1200
f 1202/1202/1202 1201/1201/1201 1200/1200/1200
f 1203/1203/1203 1201/1201/1201 1202/1202/1202
f 1204/1204/1204 1203/1203/1203 1202/1202/1202
f 1205/1205/1205 1203/1203/1203 1204/1204/1204
f 1206/1206/1206 1205/1205/1205 1204/1204/1204
f 1207/1207/1207 1205/1205/1205 1206/1206/1206
f 1208/1208/1208 1207/1207/1207 1206/1206/1206
f 1209/1209/1209 1207/1207/1207 1208/1208/1208
f 1210/1210/1210 1209/1209/1209 1208/1208/1208
f 1211/1211/1211 1209/1209/1209 1210/1210/1210
f 1212/1212/1212 1211/1211/1211 1210/1210/1210
f 1213/1213/1213 1211/1211/1211 1212/1212/1212
f 1214/1214/1214 1213/1213/1213 1212/1212/1212
f 1215/1215/1215 1213/1213/1213 1214/1214/1214
f 1216/1216/1216 1215/1215/1215 1214/1214/1214
f 1186/1186/1186 1215/1215/1215 1216/1216/1216
f 1185/1185/1185 1186/1186/1186 1216/1216/1216
f 1217/1217/1217 1218/1218/1218 322/322/322
f 1217/1217/1217 322/322/322 321/321/321
f 1218/1218/1218 1219/1219/1219 325/325/325
f 1218/1218/1218 325/325/325 322/322/322
f 1219/1219/1219 1220/1220/1220 327/327/327
f 1219/1219/1219 327/327/327 325/325/325
f 1220/1220/1220 1221/1221/1221 329/329/329
f 1220/1220/1220 329/329/329 327/327/327
f 1221/1221/1221 1222/1222/1222 331/331/331
f 1221/1221/1221 331/331/331 329/329/329
f 1222/1222/1222 1223/1223/1223 333/333/333
f 1222/1222/1222 333/333/333 331/331/331
f 1223/1223/1223 1224/1224/1224 335/335/335
f 1223/1223/1223 335/335/335 333/333/333
f 1224/1224/1224 1225/1225/1225 337/337/337
f 1224/1224/1224 337/337/337 335/335/335
f 1225/1225/1225 1226/1226/1226 339/339/339
f 1225/1225/1225 339/339/339 337/337/337
f 1226/1226/1226 1227/1227/1227 341/341/341
f 1226/1226/1226 341/341/341 339/339/339
f 1227/1227/1227 1228/1228/1228 343/343/343
f 1227/1227/1227 343/343/343 341/341/341
f 1228/1228/1228 1229/1229/1229 345/345/345
f 1228/1228/1228 345/345/345 343/343/343
f 1229/1229/1229 1230/1230/1230 347/347/347
f 1229/1229/1229 347/347/347 345/345/345
f 1230/1230/1230 1231/1231/1231 349/349/349
f 1230/1230/1230 349/349/349 347/347/347
f 1231/1231/1231 1232/1232/1232 351/351/351
f 1231/1231/1231 351/351/351 349/349/349
f 1232/1232/1232 1217/1217/1217 321/321/321
f 1232/1232/1232 321/321/321 351/351/351
f 1235/1235/1235 1234/1234/1234 1233/1233/1233
f 456/456/456 1235/1235/1235 1233/1233/1233
f 1237/1237/1237 1236/1236/1236 1234/1234/1234
f 1235/1235/1235 1237/1237/1237 1234/1234/1234
f 1239/1239/1239 1238/1238/1238 1236/1236/1236
f 1237/1237/1237 1239/1239/1239 1236/1236/1236
f 453/453/453 1240/1240/1240 1238/1238/1238
f 1239/1239/1239 453/453/453 1238/1238/1238
f 477/477/477 1241/1241/1241 1240/1240/1240
f 453/453/453 477/477/477 1240/1240/1240
f 475/475/475 1242/1242/1242 1241/1241/1241
f 477/477/477 475/475/475 1241/1241/1241
f 473/473/473 1243/1243/1243 1242/1242/1242
f 475/475/475 473/473/473 1242/1242/1242
f 471/471/471 1244/1244/1244 1243/1243/1243
f 473/473/473 471/471/471 1243/1243/1243
f 469/469/469 1245/1245/1245 1244/1244/1244
f 471/471/471 469/469/469 1244/1244/1244
f 467/467/467 1246/1246/1246 1245/1245/1245
f 469/469/469 467/467/467 1245/1245/1245
f 465/465/465 1247/1247/1247 1246/1246/1246
f 467/467/467 465/465/465 1246/1246/1246
f 463/463/463 1248/1248/1248 1247/1247/1247
f 465/465/465 463/463/463 1247/1247/1247
f 461/461/461 1249/1249/1249 1248/1248/1248
f 463/463/463 461/461/461 1248/1248/1248
f 459/459/459 1250/1250/1250 1249/1249/1249
f 461/461/461 459/459/459 1249/1249/1249
f 457/457/457 1251/1251/1251 1250/1250/1250
f 459/459/459 457/457/457 1250/1250/1250
f 456/456/456 1233/1233/1233 1251/1251/1251
f 457/457/457 456/456/456 1251/1251/1251
f 1254/1254/1254 1253/1253/1253 1252/1252/1252
f 1255/1255/1255 1254/1254/1254 1252/1252/1252
f 1256/1256/1256 1254/1254/1254 1255/1255/1255
f 1257/1257/1257 1256/1256/1256 1255/1255/1255
f 1258/1258/1258 1256/1256/1256 1257/1257/1257
f 1259/1259/1259 1258/1258/1258 1257/1257/1257
f 1260/1260/1260 1258/1258/1258 1259/1259/1259
f 1261/1261/1261 1260/1260/1260 1259/1259/1259
f 1262/1262/1262 1260/1260/1260 1261/1261/1261
f 1263/1263/1263 1262/1262/1262 1261/1261/1261
f 1264/1264/1264 1262/1262/1262 1263/1263/1263
f 1265/1265/1265 1264/1264/1264 1263/1263/1263
f 1266/1266/1266 1264/1264/1264 1265/1265/1265
f 1267/1267/1267 1266/1266/1266 1265/1265/1265
f 1268/1268/1268 1266/1266/1266 1267/1267/1267
f 1269/1269/1269 1268/1268/1268 1267/1267/1267
f 1270/1270/1270 1268/1268/1268 1269/1269/1269
f 1271/1271/1271 1270/1270/1270 1269/1269/1269
f 1272/1272/1272 1270/1270/1270 1271/1271/1271
f 1273/1273/1273 1272/1272/1272 1271/1271/1271
f 1274/1274/1274 1272/1272/1272 1273/1273/1273
f 1275/1275/1275 1274/1274/1274 1273/1273/1273
f 1276/1276/1276 1274/1274/1274 1275/1275/1275
f 1277/1277/1277 1276/1276/1276 1275/1275/1275
f 1278/1278/1278 1276/1276/1276 1277/1277/1277
f 1279/1279/1279 1278/1278/1278 1277/1277/1277
f 1280/1280/1280 1278/1278/1278 1279/1279/1279
f 1281/1281/1281 1280/1280/1280 1279/1279/1279
f 1282/1282/1282 1280/1280/1280 1281/1281/1281
f 1283/1283/1283 1282/1282/1282 1281/1281/1281
f 1253/1253/1253 1282/1282/1282 1283/1283/1283
f 1252/1252/1252 1253/1253/1253 1283/1283/1283
f 1284/1284/1284 1285/1285/1285 354/354/354
f 1284/1284/1284 354/354/354 353/353/353
f 1285/1285/1285 1286/1286/1286 357/357/357
f 1285/1285/1285 357/357/357 354/354/354
f 1286/1286/1286 1287/1287/1287 359/359/359
f 1286/1286/1286 359/359/359 357/357/357
f 1287/1287/1287 1288/1288/1288 361/361/361
f 1287/1287/1287 361/361/361 359/359/359
f 1288/1288/1288 1289/1289/1289 363/363/363
f 1288/1288/1288 363/363/363 361/361/361
f 1289/1289/1289 1290/1290/1290 365/365/365
f 1289/1289/1289 365/365/365 363/363/363
f 1290/1290/1290 1291/1291/1291 367/367/367
f 1290/1290/1290 367/367/367 365/365/365
f 1291/1291/1291 1292/1292/1292 369/369/369
f 1291/1291/1291 369/369/369 367/367/367
f 1292/1292/1292 1293/1293/1293 371/371/371
f 1292/1292/1292 371/371/371 369/369/369
f 1293/1293/1293 1294/1294/1294 373/373/373
f 1293/1293/1293 373/373/373 371/371/371
f 1294/1294/1294 1295/1295/1295 375/375/375
f 1294/1294/1294 375/375/375 373/373/373
f 1295/1295/1295 1296/1296/1296 377/377/377
f 1295/1295/1295 377/377/377 375/375/375
f 1296/1296/1296 1297/1297/1297 379/379/379
f 1296/1296/1296 379/379/379 377/377/377
f 1297/1297/1297 1298/1298/1298 381/381/381
f 1297/1297/1297 381/381/381 379/379/379
f 1298/1298/1298 1299/1299/1299 383/383/383
f 1298/1298/1298 383/383/383 381/381/381
f 1299/1299/1299 1284/1284/1284 353/353/353
f 1299/1299/1299 353/353/353 383/383/383
f 1302/1302/1302 1301/1301/1301 1300/1300/1300
f 1303/1303/1303 1302/1302/1302 1300/1300/1300
f 1305/1305/1305 1304/1304/1304 1301/1301/1301
f 1302/1302/1302 1305/1305/1305 1301/1301/1301
f 1307/1307/1307 1306/1306/1306 1304/1304/1304
f 1305/1305/1305 1307/1307/1307 1304/1304/1304
f 1309/1309/1309 1308/1308/1308 1306/1306/1306
f 1307/1307/1307 1309/1309/1309 1306/1306/1306
f 1311/1311/1311 1310/1310/1310 1308/1308/1308
f 1309/1309/1309 1311/1311/1311 1308/1308/1308
f 1313/1313/1313 1312/1312/1312 1310/1310/1310
f 1311/1311/1311 1313/1313/1313 1310/1310/1310
f 1315/1315/1315 1314/1314/1314 1312/1312/1312
f 1313/1313/1313 1315/1315/1315 1312/1312/1312
f 1317/1317/1317 1316/1316/1316 1314/1314/1314
f 1315/1315/1315 1317/1317/1317 1314/1314/1314
f 1319/1319/1319 1318/1318/1318 1316/1316/1316
f 1317/1317/1317 1319/1319/1319 1316/1316/1316
f 1321/1321/1321 1320/1320/1320 1318/1318/1318
f 1319/1319/1319 1321/1321/1321 1318/1318/1318
f 1323/1323/1323 1322/1322/1322 1320/1320/1320
f 1321/1321/1321 1323/1323/1323 1320/1320/1320
f 1325/1325/1325 1324/1324/1324 1322/1322/1322
f 1323/1323/1323 1325/1325/1325 1322/1322/1322
f 1327/1327/1327 1326/1326/1326 1324/1324/1324
f 1325/1325/1325 1327/1327/1327 1324/1324/1324
f 1329/1329/1329 1328/1328/1328 1326/1326/1326
f 1327/1327/1327 1329/1329/1329 1326/1326/1326
f 1331/1331/1331 1330/1330/1330 1328/1328/1328
f 1329/1329/1329 1331/1331/1331 1328/1328/1328
f 1303/1303/1303 1300/1300/1300 1330/1330/1330
f 1331/1331/1331 1303/1303/1303 1330/1330/1330
f 1334/1334/1334 1333/1333/1333 1332/1332/1332
f 1335/1335/1335 1334/1334/1334 1332/1332/1332
f 1336/1336/1336 1334/1334/1334 1335/1335/1335
f 1337/1337/1337 1336/1336/1336 1335/1335/1335
f 1338/1338/1338 1336/1336/1336 1337/1337/1337
f 1339/1339/1339 1338/1338/1338 1337/1337/1337
f 1340/1340/1340 1338/1338/1338 1339/1339/1339
f 1341/1341/1341 1340/1340/1340 1339/1339/1339
f 1342/1342/1342 1340/1340/1340 1341/1341/1341
f 1343/1343/1343 1342/1342/1342 1341/1341/1341
f 1344/1344/1344 1342/1342/1342 1343/1343/1343
f 1345/1345/1345 1344/1344/1344 1343/1343/1343
f 1346/1346/1346 1344/1344/1344 1345/1345/1345
f 1347/1347/1347 1346/1346/1346 1345/1345/1345
f 1348/1348/1348 1346/1346/1346 1347/1347/1347
f 1349/1349/1349 1348/1348/1348 1347/1347/1347
f 1350/1350/1350 1348/1348/1348 1349/1349/1349
f 1351/1351/1351 1350/1350/1350 1349/1349/1349
f 1352/1352/1352 1350/1350/1350 1351/1351/1351
f 1353/1353/1353 1352/1352/1352 1351/1351/1351
f 1354/1354/1354 1352/1352/1352 1353/1353/1353
f 1355/1355/1355 1354/1354/1354 1353/1353/1353
f 1356/1356/1356 1354/1354/1354 1355/1355/1355
f 1357/1357/1357 1356/1356/1356 1355/1355/1355
f 1358/1358/1358 1356/1356/1356 1357/1357/1357
f 1359/1359/1359 1358/1358/1358 1357/1357/1357
f 1360/1360/1360 1358/1358/1358 1359/1359/1359
f 1361/1361/1361 1360/1360/1360 1359/1359/1359
f 1362/1362/1362 1360/1360/1360 1361/1361/1361
f 1363/1363/1363 1362/1362/1362 1361/1361/1361
f 1333/1333/1333 1362/1362/1362 1363/1363/1363
f 1332/1332/1332 1333/1333/1333 1363/1363/1363
usemtl 10
f 1366/1366/1366 1365/1365/1365 1364/1364/1364
f 1366/1366/1366 1367/1367/1367 1365/1365/1365
f 1368/1368/1368 1367/1367/1367 1366/1366/1366
f 1367/1367/1367 1370/1370/1370 1369/1369/1369
f 1368/1368/1368 1370/1370/1370 1367/1367/1367
f 1373/1373/1373 1372/1372/1372 1371/1371/1371
f 1374/1374/1374 1373/1373/1373 1371/1371/1371
f 1377/1377/1377 1376/1376/1376 1375/1375/1375
f 1375/1375/1375 1378/1378/1378 1377/1377/1377
f 1381/1381/1381 1380/1380/1380 1379/1379/1379
f 1381/1381/1381 1379/1379/1379 1382/1382/1382
f 1383/1383/1383 1380/1380/1380 1381/1381/1381
f 1385/1385/1385 1384/1384/1384 1376/1376/1376
f 1377/1377/1377 1386/1386/1386 1385/1385/1385
f 1376/1376/1376 1377/1377/1377 1385/1385/1385
f 1389/1389/1389 1388/1388/1388 1387/1387/1387
f 1389/1389/1389 1391/1391/1391 1390/1390/1390
f 1392/1392/1392 1390/1390/1390 1391/1391/1391
f 1393/1393/1393 1390/1390/1390 1392/1392/1392
f 1395/1395/1395 1394/1394/1394 1393/1393/1393
f 1398/1398/1398 1397/1397/1397 1396/1396/1396
f 1399/1399/1399 1398/1398/1398 1396/1396/1396
f 1398/1398/1398 1399/1399/1399 1400/1400/1400
f 1399/1399/1399 1401/1401/1401 1400/1400/1400
f 1402/1402/1402 1400/1400/1400 1401/1401/1401
f 1403/1403/1403 1400/1400/1400 1402/1402/1402
f 1384/1384/1384 1393/1393/1393 1394/1394/1394
f 1406/1406/1406 1405/1405/1405 1404/1404/1404
f 1404/1404/1404 1405/1405/1405 1407/1407/1407
f 1404/1404/1404 1407/1407/1407 1408/1408/1408
f 1411/1411/1411 1410/1410/1410 1409/1409/1409
f 1412/1412/1412 1411/1411/1411 1407/1407/1407
f 1413/1413/1413 1410/1410/1410 1411/1411/1411
f 1416/1416/1416 1415/1415/1415 1414/1414/1414
f 1419/1419/1419 1418/1418/1418 1417/1417/1417
f 1421/1421/1421 1414/1414/1414 1420/1420/1420
f 1424/1424/1424 1423/1423/1423 1422/1422/1422
f 1425/1425/1425 1420/1420/1420 1414/1414/1414
f 1426/1426/1426 1425/1425/1425 1414/1414/1414
f 1420/1420/1420 1425/1425/1425 1427/1427/1427
f 1421/1421/1421 1420/1420/1420 1427/1427/1427
f 1430/1430/1430 1429/1429/1429 1428/1428/1428
f 1430/1430/1430 1428/1428/1428 1417/1417/1417
f 1417/1417/1417 1421/1421/1421 1430/1430/1430
f 1431/1431/1431 1406/1406/1406 1404/1404/1404
f 1432/1432/1432 1431/1431/1431 1404/1404/1404
f 1406/1406/1406 1434/1434/1434 1433/1433/1433
f 1405/1405/1405 1406/1406/1406 1433/1433/1433
f 1421/1421/1421 1427/1427/1427 1435/1435/1435
f 1436/1436/1436 1425/1425/1425 1426/1426/1426
f 1439/1439/1439 1438/1438/1438 1437/1437/1437
f 1442/1442/1442 1441/1441/1441 1440/1440/1440
f 1443/1443/1443 1442/1442/1442 1440/1440/1440
f 1433/1433/1433 1445/1445/1445 1444/1444/1444
f 1405/1405/1405 1433/1433/1433 1444/1444/1444
f 1448/1448/1448 1447/1447/1447 1446/1446/1446
f 1448/1448/1448 1449/1449/1449 1447/1447/1447
f 1424/1424/1424 1422/1422/1422 1450/1450/1450
f 1451/1451/1451 1448/1448/1448 1446/1446/1446
f 1452/1452/1452 1422/1422/1422 1423/1423/1423
f 1453/1453/1453 1452/1452/1452 1423/1423/1423
f 1452/1452/1452 1453/1453/1453 1454/1454/1454
f 1455/1455/1455 1452/1452/1452 1454/1454/1454
f 1456/1456/1456 1452/1452/1452 1455/1455/1455
f 1456/1456/1456 1455/1455/1455 1457/1457/1457
f 1459/1459/1459 1456/1456/1456 1458/1458/1458
f 1461/1461/1461 1460/1460/1460 1459/1459/1459
f 1449/1449/1449 1460/1460/1460 1461/1461/1461
f 1462/1462/1462 1460/1460/1460 1449/1449/1449
f 1451/1451/1451 1462/1462/1462 1449/1449/1449
f 1448/1448/1448 1451/1451/1451 1449/1449/1449
f 1465/1465/1465 1464/1464/1464 1463/1463/1463
f 1463/1463/1463 1466/1466/1466 1465/1465/1465
f 1467/1467/1467 1465/1465/1465 1466/1466/1466
f 1469/1469/1469 1468/1468/1468 1465/1465/1465
f 1467/1467/1467 1469/1469/1469 1465/1465/1465
f 1403/1403/1403 1468/1468/1468 1469/1469/1469
f 1471/1471/1471 1403/1403/1403 1470/1470/1470
f 1474/1474/1474 1473/1473/1473 1472/1472/1472
f 1474/1474/1474 1472/1472/1472 1471/1471/1471
f 1470/1470/1470 1474/1474/1474 1471/1471/1471
f 1472/1472/1472 1473/1473/1473 1475/1475/1475
f 1475/1475/1475 1395/1395/1395 1472/1472/1472
f 1476/1476/1476 1395/1395/1395 1475/1475/1475
f 1375/1375/1375 1395/1395/1395 1476/1476/1476
f 1394/1394/1394 1395/1395/1395 1375/1375/1375
f 1376/1376/1376 1394/1394/1394 1375/1375/1375
f 1384/1384/1384 1373/1373/1373 1477/1477/1477
f 1373/1373/1373 1374/1374/1374 1477/1477/1477
f 1374/1374/1374 1478/1478/1478 1464/1464/1464
f 1374/1374/1374 1464/1464/1464 1477/1477/1477
f 1463/1463/1463 1464/1464/1464 1478/1478/1478
f 1459/1459/1459 1458/1458/1458 1479/1479/1479
f 1459/1459/1459 1479/1479/1479 1480/1480/1480
f 1482/1482/1482 1459/1459/1459 1481/1481/1481
f 1484/1484/1484 1483/1483/1483 1482/1482/1482
f 1431/1431/1431 1432/1432/1432 1485/1485/1485
f 1432/1432/1432 1486/1486/1486 1485/1485/1485
f 1485/1485/1485 1486/1486/1486 1487/1487/1487
f 1486/1486/1486 1488/1488/1488 1487/1487/1487
f 1439/1439/1439 1426/1426/1426 1414/1414/1414
f 1415/1415/1415 1439/1439/1439 1414/1414/1414
f 1417/1417/1417 1414/1414/1414 1421/1421/1421
f 1410/1410/1410 1413/1413/1413 1489/1489/1489
f 1417/1417/1417 1428/1428/1428 1490/1490/1490
f 1489/1489/1489 1413/1413/1413 1491/1491/1491
f 1490/1490/1490 1428/1428/1428 1429/1429/1429
f 1429/1429/1429 1482/1482/1482 1490/1490/1490
f 1481/1481/1481 1491/1491/1491 1482/1482/1482
f 1486/1486/1486 1492/1492/1492 1488/1488/1488
f 1482/1482/1482 1429/1429/1429 1484/1484/1484
f 1484/1484/1484 1429/1429/1429 1493/1493/1493
f 1405/1405/1405 1444/1444/1444 1407/1407/1407
f 1443/1443/1443 1440/1440/1440 1412/1412/1412
f 1407/1407/1407 1443/1443/1443 1412/1412/1412
f 1432/1432/1432 1404/1404/1404 1408/1408/1408
f 1494/1494/1494 1432/1432/1432 1408/1408/1408
f 1435/1435/1435 1493/1493/1493 1421/1421/1421
f 1430/1430/1430 1421/1421/1421 1493/1493/1493
f 1429/1429/1429 1430/1430/1430 1493/1493/1493
f 1494/1494/1494 1492/1492/1492 1486/1486/1486
f 1432/1432/1432 1494/1494/1494 1486/1486/1486
f 1495/1495/1495 1447/1447/1447 1449/1449/1449
f 1496/1496/1496 1495/1495/1495 1449/1449/1449
f 1423/1423/1423 1424/1424/1424 1497/1497/1497
f 1497/1497/1497 1498/1498/1498 1453/1453/1453
f 1453/1453/1453 1423/1423/1423 1497/1497/1497
f 1450/1450/1450 1497/1497/1497 1424/1424/1424
f 1498/1498/1498 1499/1499/1499 1453/1453/1453
f 1449/1449/1449 1461/1461/1461 1496/1496/1496
f 1457/1457/1457 1458/1458/1458 1456/1456/1456
f 1499/1499/1499 1457/1457/1457 1455/1455/1455
f 1461/1461/1461 1480/1480/1480 1496/1496/1496
f 1457/1457/1457 1500/1500/1500 1458/1458/1458
f 1480/1480/1480 1461/1461/1461 1459/1459/1459
f 1501/1501/1501 1480/1480/1480 1479/1479/1479
f 1479/1479/1479 1458/1458/1458 1500/1500/1500
f 1479/1479/1479 1500/1500/1500 1502/1502/1502
f 1502/1502/1502 1501/1501/1501 1479/1479/1479
f 1503/1503/1503 1399/1399/1399 1396/1396/1396
f 1392/1392/1392 1391/1391/1391 1504/1504/1504
f 1504/1504/1504 1505/1505/1505 1392/1392/1392
f 1399/1399/1399 1506/1506/1506 1401/1401/1401
f 1503/1503/1503 1506/1506/1506 1399/1399/1399
f 1387/1387/1387 1504/1504/1504 1391/1391/1391
f 1387/1387/1387 1391/1391/1391 1389/1389/1389
f 1402/1402/1402 1401/1401/1401 1506/1506/1506
f 1393/1393/1393 1392/1392/1392 1505/1505/1505
f 1396/1396/1396 1397/1397/1397 1507/1507/1507
f 1372/1372/1372 1373/1373/1373 1385/1385/1385
f 1375/1375/1375 1476/1476/1476 1378/1378/1378
f 1475/1475/1475 1508/1508/1508 1378/1378/1378
f 1476/1476/1476 1475/1475/1475 1378/1378/1378
f 1509/1509/1509 1473/1473/1473 1474/1474/1474
f 1510/1510/1510 1509/1509/1509 1474/1474/1474
f 1473/1473/1473 1509/1509/1509 1508/1508/1508
f 1475/1475/1475 1473/1473/1473 1508/1508/1508
f 1511/1511/1511 1510/1510/1510 1474/1474/1474
f 1470/1470/1470 1511/1511/1511 1474/1474/1474
f 1470/1470/1470 1513/1513/1513 1512/1512/1512
f 1511/1511/1511 1470/1470/1470 1512/1512/1512
f 1515/1515/1515 1514/1514/1514 1513/1513/1513
f 1516/1516/1516 1514/1514/1514 1515/1515/1515
f 1515/1515/1515 1469/1469/1469 1516/1516/1516
f 1517/1517/1517 1516/1516/1516 1469/1469/1469
f 1467/1467/1467 1517/1517/1517 1469/1469/1469
f 1519/1519/1519 1518/1518/1518 1466/1466/1466
f 1463/1463/1463 1519/1519/1519 1466/1466/1466
f 1466/1466/1466 1518/1518/1518 1517/1517/1517
f 1467/1467/1467 1466/1466/1466 1517/1517/1517
f 1520/1520/1520 1519/1519/1519 1463/1463/1463
f 1478/1478/1478 1520/1520/1520 1463/1463/1463
f 1521/1521/1521 1520/1520/1520 1478/1478/1478
f 1374/1374/1374 1521/1521/1521 1478/1478/1478
f 1374/1374/1374 1371/1371/1371 1521/1521/1521
f 1365/1365/1365 1522/1522/1522 1364/1364/1364
f 1364/1364/1364 1523/1523/1523 1366/1366/1366
f 1367/1367/1367 1522/1522/1522 1365/1365/1365
f 1522/1522/1522 1367/1367/1367 1369/1369/1369
f 1369/1369/1369 1524/1524/1524 1522/1522/1522
f 1381/1381/1381 1525/1525/1525 1383/1383/1383
f 1383/1383/1383 1525/1525/1525 1526/1526/1526
f 1529/1529/1529 1528/1528/1528 1527/1527/1527
f 1531/1531/1531 1530/1530/1530 1527/1527/1527
f 1527/1527/1527 1528/1528/1528 1531/1531/1531
f 1531/1531/1531 1532/1532/1532 1530/1530/1530
f 1532/1532/1532 1534/1534/1534 1533/1533/1533
f 1530/1530/1530 1532/1532/1532 1533/1533/1533
f 1534/1534/1534 1535/1535/1535 1533/1533/1533
f 1536/1536/1536 1533/1533/1533 1535/1535/1535
f 1535/1535/1535 1537/1537/1537 1536/1536/1536
f 1540/1540/1540 1539/1539/1539 1538/1538/1538
f 1541/1541/1541 1540/1540/1540 1538/1538/1538
f 1542/1542/1542 1540/1540/1540 1541/1541/1541
f 1544/1544/1544 1543/1543/1543 1542/1542/1542
f 1545/1545/1545 1544/1544/1544 1542/1542/1542
f 1546/1546/1546 1544/1544/1544 1545/1545/1545
f 1547/1547/1547 1544/1544/1544 1546/1546/1546
f 1548/1548/1548 1547/1547/1547 1546/1546/1546
f 1548/1548/1548 1549/1549/1549 1547/1547/1547
f 1550/1550/1550 1547/1547/1547 1549/1549/1549
f 1523/1523/1523 1550/1550/1550 1551/1551/1551
f 1549/1549/1549 1551/1551/1551 1550/1550/1550
f 1523/1523/1523 1551/1551/1551 1366/1366/1366
f 1552/1552/1552 1370/1370/1370 1368/1368/1368
f 1368/1368/1368 1553/1553/1553 1552/1552/1552
f 1552/1552/1552 1553/1553/1553 1554/1554/1554
f 1556/1556/1556 1545/1545/1545 1555/1555/1555
f 1542/1542/1542 1557/1557/1557 1555/1555/1555
f 1555/1555/1555 1545/1545/1545 1542/1542/1542
f 1541/1541/1541 1558/1558/1558 1557/1557/1557
f 1542/1542/1542 1541/1541/1541 1557/1557/1557
f 1560/1560/1560 1559/1559/1559 1514/1514/1514
f 1561/1561/1561 1559/1559/1559 1560/1560/1560
f 1564/1564/1564 1563/1563/1563 1562/1562/1562
f 1566/1566/1566 1565/1565/1565 1525/1525/1525
f 1525/1525/1525 1382/1382/1382 1566/1566/1566
f 1381/1381/1381 1382/1382/1382 1525/1525/1525
f 1567/1567/1567 1380/1380/1380 1383/1383/1383
f 1568/1568/1568 1567/1567/1567 1383/1383/1383
f 1567/1567/1567 1569/1569/1569 1380/1380/1380
f 1379/1379/1379 1380/1380/1380 1569/1569/1569
f 1549/1549/1549 1553/1553/1553 1551/1551/1551
f 1553/1553/1553 1549/1549/1549 1554/1554/1554
f 1366/1366/1366 1553/1553/1553 1368/1368/1368
f 1366/1366/1366 1551/1551/1551 1553/1553/1553
f 1571/1571/1571 1570/1570/1570 1549/1549/1549
f 1548/1548/1548 1571/1571/1571 1549/1549/1549
f 1546/1546/1546 1556/1556/1556 1571/1571/1571
f 1548/1548/1548 1546/1546/1546 1571/1571/1571
f 1556/1556/1556 1546/1546/1546 1545/1545/1545
f 1573/1573/1573 1572/1572/1572 1537/1537/1537
f 1535/1535/1535 1573/1573/1573 1537/1537/1537
f 1538/1538/1538 1558/1558/1558 1541/1541/1541
f 1574/1574/1574 1573/1573/1573 1535/1535/1535
f 1535/1535/1535 1534/1534/1534 1574/1574/1574
f 1575/1575/1575 1574/1574/1574 1534/1534/1534
f 1532/1532/1532 1575/1575/1575 1534/1534/1534
f 1576/1576/1576 1575/1575/1575 1532/1532/1532
f 1531/1531/1531 1576/1576/1576 1532/1532/1532
f 1528/1528/1528 1576/1576/1576 1531/1531/1531
f 1562/1562/1562 1576/1576/1576 1528/1528/1528
f 1564/1564/1564 1562/1562/1562 1528/1528/1528
f 1525/1525/1525 1565/1565/1565 1526/1526/1526
f 1529/1529/1529 1564/1564/1564 1528/1528/1528
f 1384/1384/1384 1394/1394/1394 1376/1376/1376
f 1385/1385/1385 1577/1577/1577 1372/1372/1372
f 1384/1384/1384 1385/1385/1385 1373/1373/1373
f 1403/1403/1403 1513/1513/1513 1470/1470/1470
f 1515/1515/1515 1513/1513/1513 1403/1403/1403
f 1515/1515/1515 1403/1403/1403 1469/1469/1469
f 1578/1578/1578 1579/1579/1579 1580/1580/1580
f 1581/1581/1581 1578/1578/1578 1580/1580/1580
f 1582/1582/1582 1581/1581/1581 1580/1580/1580
f 1583/1583/1583 1582/1582/1582 1580/1580/1580
f 1584/1584/1584 1583/1583/1583 1580/1580/1580
f 1585/1585/1585 1584/1584/1584 1580/1580/1580
f 1586/1586/1586 1585/1585/1585 1580/1580/1580
f 1587/1587/1587 1586/1586/1586 1580/1580/1580
f 1588/1588/1588 1587/1587/1587 1580/1580/1580
f 1589/1589/1589 1588/1588/1588 1580/1580/1580
f 1590/1590/1590 1589/1589/1589 1580/1580/1580
f 1591/1591/1591 1590/1590/1590 1580/1580/1580
f 1592/1592/1592 1591/1591/1591 1580/1580/1580
f 1593/1593/1593 1592/1592/1592 1580/1580/1580
f 1594/1594/1594 1593/1593/1593 1580/1580/1580
f 1579/1579/1579 1594/1594/1594 1580/1580/1580
f 1595/1595/1595 1596/1596/1596 1597/1597/1597
f 1595/1595/1595 1597/1597/1597 1598/1598/1598
f 1596/1596/1596 1599/1599/1599 1600/1600/1600
f 1596/1596/1596 1600/1600/1600 1597/1597/1597
f 1599/1599/1599 1601/1601/1601 1602/1602/1602
f 1599/1599/1599 1602/1602/1602 1600/1600/1600
f 1601/1601/1601 1603/1603/1603 1604/1604/1604
f 1601/1601/1601 1604/1604/1604 1602/1602/1602
f 1603/1603/1603 1605/1605/1605 1606/1606/1606
f 1603/1603/1603 1606/1606/1606 1604/1604/1604
f 1605/1605/1605 1607/1607/1607 1608/1608/1608
f 1605/1605/1605 1608/1608/1608 1606/1606/1606
f 1607/1607/1607 1609/1609/1609 1610/1610/1610
f 1607/1607/1607 1610/1610/1610 1608/1608/1608
f 1609/1609/1609 1611/1611/1611 1612/1612/1612
f 1609/1609/1609 1612/1612/1612 1610/1610/1610
f 1611/1611/1611 1613/1613/1613 1614/1614/1614
f 1611/1611/1611 1614/1614/1614 1612/1612/1612
f 1613/1613/1613 1615/1615/1615 1616/1616/1616
f 1613/1613/1613 1616/1616/1616 1614/1614/1614
f 1615/1615/1615 1617/1617/1617 1618/1618/1618
f 1615/1615/1615 1618/1618/1618 1616/1616/1616
f 1617/1617/1617 1619/1619/1619 1620/1620/1620
f 1617/1617/1617 1620/1620/1620 1618/1618/1618
f 1619/1619/1619 1621/1621/1621 1622/1622/1622
f 1619/1619/1619 1622/1622/1622 1620/1620/1620
f 1621/1621/1621 1623/1623/1623 1624/1624/1624
f 1621/1621/1621 1624/1624/1624 1622/1622/1622
f 1623/1623/1623 1625/1625/1625 1626/1626/1626
f 1623/1623/1623 1626/1626/1626 1624/1624/1624
f 1625/1625/1625 1595/1595/1595 1598/1598/1598
f 1625/1625/1625 1598/1598/1598 1626/1626/1626
f 1627/1627/1627 1628/1628/1628 1629/1629/1629
f 1627/1627/1627 1629/1629/1629 1630/1630/1630
f 1628/1628/1628 1631/1631/1631 1632/1632/1632
f 1628/1628/1628 1632/1632/1632 1629/1629/1629
f 1631/1631/1631 1633/1633/1633 1634/1634/1634
f 1631/1631/1631 1634/1634/1634 1632/1632/1632
f 1633/1633/1633 1635/1635/1635 1636/1636/1636
f 1633/1633/1633 1636/1636/1636 1634/1634/1634
f 1635/1635/1635 1637/1637/1637 1638/1638/1638
f 1635/1635/1635 1638/1638/1638 1636/1636/1636
f 1637/1637/1637 1639/1639/1639 1640/1640/1640
f 1637/1637/1637 1640/1640/1640 1638/1638/1638
f 1639/1639/1639 1641/1641/1641 1642/1642/1642
f 1639/1639/1639 1642/1642/1642 1640/1640/1640
f 1641/1641/1641 1643/1643/1643 1644/1644/1644
f 1641/1641/1641 1644/1644/1644 1642/1642/1642
f 1643/1643/1643 1645/1645/1645 1646/1646/1646
f 1643/1643/1643 1646/1646/1646 1644/1644/1644
f 1645/1645/1645 1647/1647/1647 1648/1648/1648
f 1645/1645/1645 1648/1648/1648 1646/1646/1646
f 1647/1647/1647 1649/1649/1649 1650/1650/1650
f 1647/1647/1647 1650/1650/1650 1648/1648/1648
f 1649/1649/1649 1651/1651/1651 1652/1652/1652
f 1649/1649/1649 1652/1652/1652 1650/1650/1650
f 1651/1651/1651 1653/1653/1653 1654/1654/1654
f 1651/1651/1651 1654/1654/1654 1652/1652/1652
f 1653/1653/1653 1655/1655/1655 1656/1656/1656
f 1653/1653/1653 1656/1656/1656 1654/1654/1654
f 1655/1655/1655 1657/1657/1657 1658/1658/1658
f 1655/1655/1655 1658/1658/1658 1656/1656/1656
f 1657/1657/1657 1627/1627/1627 1630/1630/1630
f 1657/1657/1657 1630/1630/1630 1658/1658/1658
f 1659/1659/1659 1660/1660/1660 1661/1661/1661
f 1659/1659/1659 1661/1661/1661 1662/1662/1662
f 1662/1662/1662 1661/1661/1661 1663/1663/1663
f 1662/1662/1662 1663/1663/1663 1664/1664/1664
f 1664/1664/1664 1663/1663/1663 1665/1665/1665
f 1664/1664/1664 1665/1665/1665 1666/1666/1666
f 1666/1666/1666 1665/1665/1665 1667/1667/1667
f 1666/1666/1666 1667/1667/1667 1668/1668/1668
f 1668/1668/1668 1667/1667/1667 1669/1669/1669
f 1668/1668/1668 1669/1669/1669 1670/1670/1670
f 1670/1670/1670 1669/1669/1669 1671/1671/1671
f 1670/1670/1670 1671/1671/1671 1672/1672/1672
f 1672/1672/1672 1671/1671/1671 1673/1673/1673
f 1672/1672/1672 1673/1673/1673 1674/1674/1674
f 1674/1674/1674 1673/1673/1673 1675/1675/1675
f 1674/1674/1674 1675/1675/1675 1676/1676/1676
f 1676/1676/1676 1675/1675/1675 1677/1677/1677
f 1676/1676/1676 1677/1677/1677 1678/1678/1678
f 1678/1678/1678 1677/1677/1677 1679/1679/1679
f 1678/1678/1678 1679/1679/1679 1680/1680/1680
f 1680/1680/1680 1679/1679/1679 1681/1681/1681
f 1680/1680/1680 1681/1681/1681 1682/1682/1682
f 1682/1682/1682 1681/1681/1681 1683/1683/1683
f 1682/1682/1682 1683/1683/1683 1684/1684/1684
f 1684/1684/1684 1683/1683/1683 1685/1685/1685
f 1684/1684/1684 1685/1685/1685 1686/1686/1686
f 1686/1686/1686 1685/1685/1685 1687/1687/1687
f 1686/1686/1686 1687/1687/1687 1688/1688/1688
f 1688/1688/1688 1687/1687/1687 1689/1689/1689
f 1688/1688/1688 1689/1689/1689 1690/1690/1690
f 1690/1690/1690 1689/1689/1689 1660/1660/1660
f 1690/1690/1690 1660/1660/1660 1659/1659/1659
f 1691/1691/1691 1692/1692/1692 1693/1693/1693
f 1691/1691/1691 1693/1693/1693 1694/1694/1694
f 1695/1695/1695 1696/1696/1696 1692/1692/1692
f 1695/1695/1695 1692/1692/1692 1691/1691/1691
f 1697/1697/1697 1698/1698/1698 1696/1696/1696
f 1697/1697/1697 1696/1696/1696 1695/1695/1695
f 1699/1699/1699 1700/1700/1700 1698/1698/1698
f 1699/1699/1699 1698/1698/1698 1697/1697/1697
f 1701/1701/1701 1702/1702/1702 1700/1700/1700
f 1701/1701/1701 1700/1700/1700 1699/1699/1699
f 1703/1703/1703 1704/1704/1704 1702/1702/1702
f 1703/1703/1703 1702/1702/1702 1701/1701/1701
f 1705/1705/1705 1706/1706/1706 1704/1704/1704
f 1705/1705/1705 1704/1704/1704 1703/1703/1703
f 1707/1707/1707 1708/1708/1708 1706/1706/1706
f 1707/1707/1707 1706/1706/1706 1705/1705/1705
f 1709/1709/1709 1710/1710/1710 1708/1708/1708
f 1709/1709/1709 1708/1708/1708 1707/1707/1707
f 1711/1711/1711 1712/1712/1712 1710/1710/1710
f 1711/1711/1711 1710/1710/1710 1709/1709/1709
f 1713/1713/1713 1714/1714/1714 1712/1712/1712
f 1713/1713/1713 1712/1712/1712 1711/1711/1711
f 1715/1715/1715 1716/1716/1716 1714/1714/1714
f 1715/1715/1715 1714/1714/1714 1713/1713/1713
f 1717/1717/1717 1718/1718/1718 1716/1716/1716
f 1717/1717/1717 1716/1716/1716 1715/1715/1715
f 1719/1719/1719 1720/1720/1720 1718/1718/1718
f 1719/1719/1719 1718/1718/1718 1717/1717/1717
f 1721/1721/1721 1722/1722/1722 1720/1720/1720
f 1721/1721/1721 1720/1720/1720 1719/1719/1719
f 1694/1694/1694 1693/1693/1693 1722/1722/1722
f 1694/1694/1694 1722/1722/1722 1721/1721/1721
f 1725/1725/1725 1724/1724/1724 1723/1723/1723
f 1725/1725/1725 1723/1723/1723 1726/1726/1726
f 1725/1725/1725 1726/1726/1726 1727/1727/1727
f 1725/1725/1725 1727/1727/1727 1728/1728/1728
f 1725/1725/1725 1728/1728/1728 1729/1729/1729
f 1725/1725/1725 1729/1729/1729 1730/1730/1730
f 1725/1725/1725 1730/1730/1730 1731/1731/1731
f 1725/1725/1725 1731/1731/1731 1732/1732/1732
f 1725/1725/1725 1732/1732/1732 1733/1733/1733
f 1725/1725/1725 1733/1733/1733 1734/1734/1734
f 1725/1725/1725 1734/1734/1734 1735/1735/1735
f 1725/1725/1725 1735/1735/1735 1736/1736/1736
f 1725/1725/1725 1736/1736/1736 1737/1737/1737
f 1725/1725/1725 1737/1737/1737 1738/1738/1738
f 1725/1725/1725 1738/1738/1738 1739/1739/1739
f 1725/1725/1725 1739/1739/1739 1724/1724/1724
f 1742/1742/1742 1741/1741/1741 1740/1740/1740
f 1743/1743/1743 1742/1742/1742 1740/1740/1740
f 1745/1745/1745 1744/1744/1744 1741/1741/1741
f 1742/1742/1742 1745/1745/1745 1741/1741/1741
f 1747/1747/1747 1746/1746/1746 1744/1744/1744
f 1745/1745/1745 1747/1747/1747 1744/1744/1744
f 1749/1749/1749 1748/1748/1748 1746/1746/1746
f 1747/1747/1747 1749/1749/1749 1746/1746/1746
f 1751/1751/1751 1750/1750/1750 1748/1748/1748
f 1749/1749/1749 1751/1751/1751 1748/1748/1748
f 1753/1753/1753 1752/1752/1752 1750/1750/1750
f 1751/1751/1751 1753/1753/1753 1750/1750/1750
f 1755/1755/1755 1754/1754/1754 1752/1752/1752
f 1753/1753/1753 1755/1755/1755 1752/1752/1752
f 1757/1757/1757 1756/1756/1756 1754/1754/1754
f 1755/1755/1755 1757/1757/1757 1754/1754/1754
f 1759/1759/1759 1758/1758/1758 1756/1756/1756
f 1757/1757/1757 1759/1759/1759 1756/1756/1756
f 1761/1761/1761 1760/1760/1760 1758/1758/1758
f 1759/1759/1759 1761/1761/1761 1758/1758/1758
f 1763/1763/1763 1762/1762/1762 1760/1760/1760
f 1761/1761/1761 1763/1763/1763 1760/1760/1760
f 1765/1765/1765 1764/1764/1764 1762/1762/1762
f 1763/1763/1763 1765/1765/1765 1762/1762/1762
f 1767/1767/1767 1766/1766/1766 1764/1764/1764
f 1765/1765/1765 1767/1767/1767 1764/1764/1764
f 1769/1769/1769 1768/1768/1768 1766/1766/1766
f 1767/1767/1767 1769/1769/1769 1766/1766/1766
f 1771/1771/1771 1770/1770/1770 1768/1768/1768
f 1769/1769/1769 1771/1771/1771 1768/1768/1768
f 1743/1743/1743 1740/1740/1740 1770/1770/1770
f 1771/1771/1771 1743/1743/1743 1770/1770/1770
f 1774/1774/1774 1773/1773/1773 1772/1772/1772
f 1774/1774/1774 1775/1775/1775 1773/1773/1773
f 1776/1776/1776 1775/1775/1775 1774/1774/1774
f 1775/1775/1775 1778/1778/1778 1777/1777/1777
f 1776/1776/1776 1778/1778/1778 1775/1775/1775
f 1781/1781/1781 1780/1780/1780 1779/1779/1779
f 1782/1782/1782 1781/1781/1781 1779/1779/1779
f 1785/1785/1785 1784/1784/1784 1783/1783/1783
f 1783/1783/1783 1786/1786/1786 1785/1785/1785
f 1789/1789/1789 1788/1788/1788 1787/1787/1787
f 1789/1789/1789 1787/1787/1787 1790/1790/1790
f 1791/1791/1791 1788/1788/1788 1789/1789/1789
f 1793/1793/1793 1792/1792/1792 1784/1784/1784
f 1785/1785/1785 1794/1794/1794 1793/1793/1793
f 1784/1784/1784 1785/1785/1785 1793/1793/1793
f 1797/1797/1797 1796/1796/1796 1795/1795/1795
f 1797/1797/1797 1799/1799/1799 1798/1798/1798
f 1800/1800/1800 1798/1798/1798 1799/1799/1799
f 1801/1801/1801 1798/1798/1798 1800/1800/1800
f 1803/1803/1803 1802/1802/1802 1801/1801/1801
f 1806/1806/1806 1805/1805/1805 1804/1804/1804
f 1807/1807/1807 1806/1806/1806 1804/1804/1804
f 1806/1806/1806 1807/1807/1807 1808/1808/1808
f 1807/1807/1807 1809/1809/1809 1808/1808/1808
f 1810/1810/1810 1808/1808/1808 1809/1809/1809
f 1811/1811/1811 1808/1808/1808 1810/1810/1810
f 1792/1792/1792 1801/1801/1801 1802/1802/1802
f 1814/1814/1814 1813/1813/1813 1812/1812/1812
f 1812/1812/1812 1813/1813/1813 1815/1815/1815
f 1812/1812/1812 1815/1815/1815 1816/1816/1816
f 1819/1819/1819 1818/1818/1818 1817/1817/1817
f 1820/1820/1820 1819/1819/1819 1815/1815/1815
f 1821/1821/1821 1818/1818/1818 1819/1819/1819
f 1824/1824/1824 1823/1823/1823 1822/1822/1822
f 1827/1827/1827 1826/1826/1826 1825/1825/1825
f 1829/1829/1829 1822/1822/1822 1828/1828/1828
f 1832/1832/1832 1831/1831/1831 1830/1830/1830
f 1833/1833/1833 1828/1828/1828 1822/1822/1822
f 1834/1834/1834 1833/1833/1833 1822/1822/1822
f 1828/1828/1828 1833/1833/1833 1835/1835/1835
f 1829/1829/1829 1828/1828/1828 1835/1835/1835
f 1838/1838/1838 1837/1837/1837 1836/1836/1836
f 1838/1838/1838 1836/1836/1836 1825/1825/1825
f 1825/1825/1825 1829/1829/1829 1838/1838/1838
f 1839/1839/1839 1814/1814/1814 1812/1812/1812
f 1840/1840/1840 1839/1839/1839 1812/1812/1812
f 1814/1814/1814 1842/1842/1842 1841/1841/1841
f 1813/1813/1813 1814/1814/1814 1841/1841/1841
f 1829/1829/1829 1835/1835/1835 1843/1843/1843
f 1844/1844/1844 1833/1833/1833 1834/1834/1834
f 1847/1847/1847 1846/1846/1846 1845/1845/1845
f 1850/1850/1850 1849/1849/1849 1848/1848/1848
f 1851/1851/1851 1850/1850/1850 1848/1848/1848
f 1841/1841/1841 1853/1853/1853 1852/1852/1852
f 1813/1813/1813 1841/1841/1841 1852/1852/1852
f 1856/1856/1856 1855/1855/1855 1854/1854/1854
f 1856/1856/1856 1857/1857/1857 1855/1855/1855
f 1832/1832/1832 1830/1830/1830 1858/1858/1858
f 1859/1859/1859 1856/1856/1856 1854/1854/1854
f 1860/1860/1860 1830/1830/1830 1831/1831/1831
f 1861/1861/1861 1860/1860/1860 1831/1831/1831
f 1860/1860/1860 1861/1861/1861 1862/1862/1862
f 1863/1863/1863 1860/1860/1860 1862/1862/1862
f 1864/1864/1864 1860/1860/1860 1863/1863/1863
f 1864/1864/1864 1863/1863/1863 1865/1865/1865
f 1867/1867/1867 1864/1864/1864 1866/1866/1866
f 1869/1869/1869 1868/1868/1868 1867/1867/1867
f 1857/1857/1857 1868/1868/1868 1869/1869/1869
f 1870/1870/1870 1868/1868/1868 1857/1857/1857
f 1859/1859/1859 1870/1870/1870 1857/1857/1857
f 1856/1856/1856 1859/1859/1859 1857/1857/1857
f 1873/1873/1873 1872/1872/1872 1871/1871/1871
f 1871/1871/1871 1874/1874/1874 1873/1873/1873
f 1875/1875/1875 1873/1873/1873 1874/1874/1874
f 1877/1877/1877 1876/1876/1876 1873/1873/1873
f 1875/1875/1875 1877/1877/1877 1873/1873/1873
f 1811/1811/1811 1876/1876/1876 1877/1877/1877
f 1879/1879/1879 1811/1811/1811 1878/1878/1878
f 1882/1882/1882 1881/1881/1881 1880/1880/1880
f 1882/1882/1882 1880/1880/1880 1879/1879/1879
f 1878/1878/1878 1882/1882/1882 1879/1879/1879
f 1880/1880/1880 1881/1881/1881 1883/1883/1883
f 1883/1883/1883 1803/1803/1803 1880/1880/1880
f 1884/1884/1884 1803/1803/1803 1883/1883/1883
f 1783/1783/1783 1803/1803/1803 1884/1884/1884
f 1802/1802/1802 1803/1803/1803 1783/1783/1783
f 1784/1784/1784 1802/1802/1802 1783/1783/1783
f 1792/1792/1792 1781/1781/1781 1885/1885/1885
f 1781/1781/1781 1782/1782/1782 1885/1885/1885
f 1782/1782/1782 1886/1886/1886 1872/1872/1872
f 1782/1782/1782 1872/1872/1872 1885/1885/1885
f 1871/1871/1871 1872/1872/1872 1886/1886/1886
f 1867/1867/1867 1866/1866/1866 1887/1887/1887
f 1867/1867/1867 1887/1887/1887 1888/1888/1888
f 1890/1890/1890 1867/1867/1867 1889/1889/1889
f 1892/1892/1892 1891/1891/1891 1890/1890/1890
f 1839/1839/1839 1840/1840/1840 1893/1893/1893
f 1840/1840/1840 1894/1894/1894 1893/1893/1893
f 1893/1893/1893 1894/1894/1894 1895/1895/1895
f 1894/1894/1894 1896/1896/1896 1895/1895/1895
f 1847/1847/1847 1834/1834/1834 1822/1822/1822
f 1823/1823/1823 1847/1847/1847 1822/1822/1822
f 1825/1825/1825 1822/1822/1822 1829/1829/1829
f 1818/1818/1818 1821/1821/1821 1897/1897/1897
f 1825/1825/1825 1836/1836/1836 1898/1898/1898
f 1897/1897/1897 1821/1821/1821 1899/1899/1899
f 1898/1898/1898 1836/1836/1836 1837/1837/1837
f 1837/1837/1837 1890/1890/1890 1898/1898/1898
f 1889/1889/1889 1899/1899/1899 1890/1890/1890
f 1894/1894/1894 1900/1900/1900 1896/1896/1896
f 1890/1890/1890 1837/1837/1837 1892/1892/1892
f 1892/1892/1892 1837/1837/1837 1901/1901/1901
f 1813/1813/1813 1852/1852/1852 1815/1815/1815
f 1851/1851/1851 1848/1848/1848 1820/1820/1820
f 1815/1815/1815 1851/1851/1851 1820/1820/1820
f 1840/1840/1840 1812/1812/1812 1816/1816/1816
f 1902/1902/1902 1840/1840/1840 1816/1816/1816
f 1843/1843/1843 1901/1901/1901 1829/1829/1829
f 1838/1838/1838 1829/1829/1829 1901/1901/1901
f 1837/1837/1837 1838/1838/1838 1901/1901/1901
f 1902/1902/1902 1900/1900/1900 1894/1894/1894
f 1840/1840/1840 1902/1902/1902 1894/1894/1894
f 1903/1903/1903 1855/1855/1855 1857/1857/1857
f 1904/1904/1904 1903/1903/1903 1857/1857/1857
f 1831/1831/1831 1832/1832/1832 1905/1905/1905
f 1905/1905/1905 1906/1906/1906 1861/1861/1861
f 1861/1861/1861 1831/1831/1831 1905/1905/1905
f 1858/1858/1858 1905/1905/1905 1832/1832/1832
f 1906/1906/1906 1862/1862/1862 1861/1861/1861
f 1857/1857/1857 1869/1869/1869 1904/1904/1904
f 1865/1865/1865 1866/1866/1866 1864/1864/1864
f 1862/1862/1862 1865/1865/1865 1863/1863/1863
f 1869/1869/1869 1888/1888/1888 1904/1904/1904
f 1865/1865/1865 1907/1907/1907 1866/1866/1866
f 1888/1888/1888 1869/1869/1869 1867/1867/1867
f 1908/1908/1908 1888/1888/1888 1887/1887/1887
f 1887/1887/1887 1866/1866/1866 1907/1907/1907
f 1887/1887/1887 1907/1907/1907 1909/1909/1909
f 1909/1909/1909 1908/1908/1908 1887/1887/1887
f 1910/1910/1910 1807/1807/1807 1804/1804/1804
f 1800/1800/1800 1799/1799/1799 1911/1911/1911
f 1911/1911/1911 1912/1912/1912 1800/1800/1800
f 1807/1807/1807 1913/1913/1913 1809/1809/1809
f 1910/1910/1910 1913/1913/1913 1807/1807/1807
f 1795/1795/1795 1911/1911/1911 1799/1799/1799
f 1795/1795/1795 1799/1799/1799 1797/1797/1797
f 1810/1810/1810 1809/1809/1809 1913/1913/1913
f 1801/1801/1801 1800/1800/1800 1912/1912/1912
f 1804/1804/1804 1805/1805/1805 1914/1914/1914
f 1780/1780/1780 1781/1781/1781 1793/1793/1793
f 1783/1783/1783 1884/1884/1884 1786/1786/1786
f 1883/1883/1883 1915/1915/1915 1786/1786/1786
f 1884/1884/1884 1883/1883/1883 1786/1786/1786
f 1916/1916/1916 1881/1881/1881 1882/1882/1882
f 1917/1917/1917 1916/1916/1916 1882/1882/1882
f 1881/1881/1881 1916/1916/1916 1915/1915/1915
f 1883/1883/1883 1881/1881/1881 1915/1915/1915
f 1918/1918/1918 1917/1917/1917 1882/1882/1882
f 1878/1878/1878 1918/1918/1918 1882/1882/1882
f 1878/1878/1878 1920/1920/1920 1919/1919/1919
f 1918/1918/1918 1878/1878/1878 1919/1919/1919
f 1922/1922/1922 1921/1921/1921 1920/1920/1920
f 1923/1923/1923 1921/1921/1921 1922/1922/1922
f 1922/1922/1922 1877/1877/1877 1923/1923/1923
f 1924/1924/1924 1923/1923/1923 1877/1877/1877
f 1875/1875/1875 1924/1924/1924 1877/1877/1877
f 1926/1926/1926 1925/1925/1925 1874/1874/1874
f 1871/1871/1871 1926/1926/1926 1874/1874/1874
f 1874/1874/1874 1925/1925/1925 1924/1924/1924
f 1875/1875/1875 1874/1874/1874 1924/1924/1924
f 1927/1927/1927 1926/1926/1926 1871/1871/1871
f 1886/1886/1886 1927/1927/1927 1871/1871/1871
f 1928/1928/1928 1927/1927/1927 1886/1886/1886
f 1782/1782/1782 1928/1928/1928 1886/1886/1886
f 1782/1782/1782 1779/1779/1779 1928/1928/1928
f 1773/1773/1773 1929/1929/1929 1772/1772/1772
f 1772/1772/1772 1930/1930/1930 1774/1774/1774
f 1775/1775/1775 1929/1929/1929 1773/1773/1773
f 1929/1929/1929 1775/1775/1775 1777/1777/1777
f 1777/1777/1777 1931/1931/1931 1929/1929/1929
f 1789/1789/1789 1932/1932/1932 1791/1791/1791
f 1791/1791/1791 1932/1932/1932 1933/1933/1933
f 1936/1936/1936 1935/1935/1935 1934/1934/1934
f 1938/1938/1938 1937/1937/1937 1934/1934/1934
f 1934/1934/1934 1935/1935/1935 1938/1938/1938
f 1938/1938/1938 1939/1939/1939 1937/1937/1937
f 1939/1939/1939 1941/1941/1941 1940/1940/1940
f 1937/1937/1937 1939/1939/1939 1940/1940/1940
f 1941/1941/1941 1942/1942/1942 1940/1940/1940
f 1943/1943/1943 1940/1940/1940 1942/1942/1942
f 1942/1942/1942 1944/1944/1944 1943/1943/1943
f 1947/1947/1947 1946/1946/1946 1945/1945/1945
f 1948/1948/1948 1947/1947/1947 1945/1945/1945
f 1949/1949/1949 1947/1947/1947 1948/1948/1948
f 1951/1951/1951 1950/1950/1950 1949/1949/1949
f 1952/1952/1952 1951/1951/1951 1949/1949/1949
f 1953/1953/1953 1951/1951/1951 1952/1952/1952
f 1954/1954/1954 1951/1951/1951 1953/1953/1953
f 1955/1955/1955 1954/1954/1954 1953/1953/1953
f 1955/1955/1955 1956/1956/1956 1954/1954/1954
f 1957/1957/1957 1954/1954/1954 1956/1956/1956
f 1930/1930/1930 1957/1957/1957 1958/1958/1958
f 1956/1956/1956 1958/1958/1958 1957/1957/1957
f 1930/1930/1930 1958/1958/1958 1774/1774/1774
f 1959/1959/1959 1778/1778/1778 1776/1776/1776
f 1776/1776/1776 1960/1960/1960 1959/1959/1959
f 1959/1959/1959 1960/1960/1960 1961/1961/1961
f 1963/1963/1963 1952/1952/1952 1962/1962/1962
f 1949/1949/1949 1964/1964/1964 1962/1962/1962
f 1962/1962/1962 1952/1952/1952 1949/1949/1949
f 1948/1948/1948 1965/1965/1965 1964/1964/1964
f 1949/1949/1949 1948/1948/1948 1964/1964/1964
f 1967/1967/1967 1966/1966/1966 1921/1921/1921
f 1968/1968/1968 1966/1966/1966 1967/1967/1967
f 1971/1971/1971 1970/1970/1970 1969/1969/1969
f 1973/1973/1973 1972/1972/1972 1932/1932/1932
f 1932/1932/1932 1790/1790/1790 1973/1973/1973
f 1789/1789/1789 1790/1790/1790 1932/1932/1932
f 1974/1974/1974 1788/1788/1788 1791/1791/1791
f 1975/1975/1975 1974/1974/1974 1791/1791/1791
f 1974/1974/1974 1976/1976/1976 1788/1788/1788
f 1787/1787/1787 1788/1788/1788 1976/1976/1976
f 1956/1956/1956 1960/1960/1960 1958/1958/1958
f 1960/1960/1960 1956/1956/1956 1961/1961/1961
f 1774/1774/1774 1960/1960/1960 1776/1776/1776
f 1774/1774/1774 1958/1958/1958 1960/1960/1960
f 1978/1978/1978 1977/1977/1977 1956/1956/1956
f 1955/1955/1955 1978/1978/1978 1956/1956/1956
f 1953/1953/1953 1963/1963/1963 1978/1978/1978
f 1955/1955/1955 1953/1953/1953 1978/1978/1978
f 1963/1963/1963 1953/1953/1953 1952/1952/1952
f 1980/1980/1980 1979/1979/1979 1944/1944/1944
f 1942/1942/1942 1980/1980/1980 1944/1944/1944
f 1945/1945/1945 1965/1965/1965 1948/1948/1948
f 1981/1981/1981 1980/1980/1980 1942/1942/1942
f 1942/1942/1942 1941/1941/1941 1981/1981/1981
f 1982/1982/1982 1981/1981/1981 1941/1941/1941
f 1939/1939/1939 1982/1982/1982 1941/1941/1941
f 1983/1983/1983 1982/1982/1982 1939/1939/1939
f 1938/1938/1938 1983/1983/1983 1939/1939/1939
f 1935/1935/1935 1983/1983/1983 1938/1938/1938
f 1969/1969/1969 1983/1983/1983 1935/1935/1935
f 1971/1971/1971 1969/1969/1969 1935/1935/1935
f 1932/1932/1932 1972/1972/1972 1933/1933/1933
f 1936/1936/1936 1971/1971/1971 1935/1935/1935
f 1792/1792/1792 1802/1802/1802 1784/1784/1784
f 1793/1793/1793 1984/1984/1984 1780/1780/1780
f 1792/1792/1792 1793/1793/1793 1781/1781/1781
f 1811/1811/1811 1920/1920/1920 1878/1878/1878
f 1922/1922/1922 1920/1920/1920 1811/1811/1811
f 1922/1922/1922 1811/1811/1811 1877/1877/1877
f 1987/1987/1987 1986/1986/1986 1985/1985/1985
f 1987/1987/1987 1988/1988/1988 1986/1986/1986
f 1989/1989/1989 1988/1988/1988 1987/1987/1987
f 1988/1988/1988 1991/1991/1991 1990/1990/1990
f 1989/1989/1989 1991/1991/1991 1988/1988/1988
f 1994/1994/1994 1993/1993/1993 1992/1992/1992
f 1995/1995/1995 1994/1994/1994 1992/1992/1992
f 1998/1998/1998 1997/1997/1997 1996/1996/1996
f 1996/1996/1996 1999/1999/1999 1998/1998/1998
f 2002/2002/2002 2001/2001/2001 2000/2000/2000
f 2002/2002/2002 2000/2000/2000 2003/2003/2003
f 2004/2004/2004 2001/2001/2001 2002/2002/2002
f 2006/2006/2006 2005/2005/2005 1997/1997/1997
f 1998/1998/1998 2007/2007/2007 2006/2006/2006
f 1997/1997/1997 1998/1998/1998 2006/2006/2006
f 2010/2010/2010 2009/2009/2009 2008/2008/2008
f 2010/2010/2010 2012/2012/2012 2011/2011/2011
f 2013/2013/2013 2011/2011/2011 2012/2012/2012
f 2014/2014/2014 2011/2011/2011 2013/2013/2013
f 2016/2016/2016 2015/2015/2015 2014/2014/2014
f 2019/2019/2019 2018/2018/2018 2017/2017/2017
f 2020/2020/2020 2019/2019/2019 2017/2017/2017
f 2019/2019/2019 2020/2020/2020 2021/2021/2021
f 2020/2020/2020 2022/2022/2022 2021/2021/2021
f 2023/2023/2023 2021/2021/2021 2022/2022/2022
f 2024/2024/2024 2021/2021/2021 2023/2023/2023
f 2005/2005/2005 2014/2014/2014 2015/2015/2015
f 2027/2027/2027 2026/2026/2026 2025/2025/2025
f 2025/2025/2025 2026/2026/2026 2028/2028/2028
f 2025/2025/2025 2028/2028/2028 2029/2029/2029
f 2032/2032/2032 2031/2031/2031 2030/2030/2030
f 2033/2033/2033 2032/2032/2032 2028/2028/2028
f 2034/2034/2034 2031/2031/2031 2032/2032/2032
f 2037/2037/2037 2036/2036/2036 2035/2035/2035
f 2040/2040/2040 2039/2039/2039 2038/2038/2038
f 2042/2042/2042 2035/2035/2035 2041/2041/2041
f 2045/2045/2045 2044/2044/2044 2043/2043/2043
f 2046/2046/2046 2041/2041/2041 2035/2035/2035
f 2047/2047/2047 2046/2046/2046 2035/2035/2035
f 2041/2041/2041 2046/2046/2046 2048/2048/2048
f 2042/2042/2042 2041/2041/2041 2048/2048/2048
f 2051/2051/2051 2050/2050/2050 2049/2049/2049
f 2051/2051/2051 2049/2049/2049 2038/2038/2038
f 2038/2038/2038 2042/2042/2042 2051/2051/2051
f 2052/2052/2052 2027/2027/2027 2025/2025/2025
f 2053/2053/2053 2052/2052/2052 2025/2025/2025
f 2027/2027/2027 2055/2055/2055 2054/2054/2054
f 2026/2026/2026 2027/2027/2027 2054/2054/2054
f 2042/2042/2042 2048/2048/2048 2056/2056/2056
f 2057/2057/2057 2046/2046/2046 2047/2047/2047
f 2060/2060/2060 2059/2059/2059 2058/2058/2058
f 2063/2063/2063 2062/2062/2062 2061/2061/2061
f 2064/2064/2064 2063/2063/2063 2061/2061/2061
f 2054/2054/2054 2066/2066/2066 2065/2065/2065
f 2026/2026/2026 2054/2054/2054 2065/2065/2065
f 2069/2069/2069 2068/2068/2068 2067/2067/2067
f 2069/2069/2069 2070/2070/2070 2068/2068/2068
f 2045/2045/2045 2043/2043/2043 2071/2071/2071
f 2072/2072/2072 2069/2069/2069 2067/2067/2067
f 2073/2073/2073 2043/2043/2043 2044/2044/2044
f 2074/2074/2074 2073/2073/2073 2044/2044/2044
f 2073/2073/2073 2074/2074/2074 2075/2075/2075
f 2076/2076/2076 2073/2073/2073 2075/2075/2075
f 2077/2077/2077 2073/2073/2073 2076/2076/2076
f 2077/2077/2077 2076/2076/2076 2078/2078/2078
f 2080/2080/2080 2077/2077/2077 2079/2079/2079
f 2082/2082/2082 2081/2081/2081 2080/2080/2080
f 2070/2070/2070 2081/2081/2081 2082/2082/2082
f 2083/2083/2083 2081/2081/2081 2070/2070/2070
f 2072/2072/2072 2083/2083/2083 2070/2070/2070
f 2069/2069/2069 2072/2072/2072 2070/2070/2070
f 2086/2086/2086 2085/2085/2085 2084/2084/2084
f 2084/2084/2084 2087/2087/2087 2086/2086/2086
f 2088/2088/2088 2086/2086/2086 2087/2087/2087
f 2090/2090/2090 2089/2089/2089 2086/2086/2086
f 2088/2088/2088 2090/2090/2090 2086/2086/2086
f 2024/2024/2024 2089/2089/2089 2090/2090/2090
f 2092/2092/2092 2024/2024/2024 2091/2091/2091
f 2095/2095/2095 2094/2094/2094 2093/2093/2093
f 2095/2095/2095 2093/2093/2093 2092/2092/2092
f 2091/2091/2091 2095/2095/2095 2092/2092/2092
f 2093/2093/2093 2094/2094/2094 2096/2096/2096
f 2096/2096/2096 2016/2016/2016 2093/2093/2093
f 2097/2097/2097 2016/2016/2016 2096/2096/2096
f 1996/1996/1996 2016/2016/2016 2097/2097/2097
f 2015/2015/2015 2016/2016/2016 1996/1996/1996
f 1997/1997/1997 2015/2015/2015 1996/1996/1996
f 2005/2005/2005 1994/1994/1994 2098/2098/2098
f 1994/1994/1994 1995/1995/1995 2098/2098/2098
f 1995/1995/1995 2099/2099/2099 2085/2085/2085
f 1995/1995/1995 2085/2085/2085 2098/2098/2098
f 2084/2084/2084 2085/2085/2085 2099/2099/2099
f 2080/2080/2080 2079/2079/2079 2100/2100/2100
f 2080/2080/2080 2100/2100/2100 2101/2101/2101
f 2103/2103/2103 2080/2080/2080 2102/2102/2102
f 2105/2105/2105 2104/2104/2104 2103/2103/2103
f 2052/2052/2052 2053/2053/2053 2106/2106/2106
f 2053/2053/2053 2107/2107/2107 2106/2106/2106
f 2106/2106/2106 2107/2107/2107 2108/2108/2108
f 2107/2107/2107 2109/2109/2109 2108/2108/2108
f 2060/2060/2060 2047/2047/2047 2035/2035/2035
f 2036/2036/2036 2060/2060/2060 2035/2035/2035
f 2038/2038/2038 2035/2035/2035 2042/2042/2042
f 2031/2031/2031 2034/2034/2034 2110/2110/2110
f 2038/2038/2038 2049/2049/2049 2111/2111/2111
f 2110/2110/2110 2034/2034/2034 2112/2112/2112
f 2111/2111/2111 2049/2049/2049 2050/2050/2050
f 2050/2050/2050 2103/2103/2103 2111/2111/2111
f 2102/2102/2102 2112/2112/2112 2103/2103/2103
f 2107/2107/2107 2113/2113/2113 2109/2109/2109
f 2103/2103/2103 2050/2050/2050 2105/2105/2105
f 2105/2105/2105 2050/2050/2050 2114/2114/2114
f 2026/2026/2026 2065/2065/2065 2028/2028/2028
f 2064/2064/2064 2061/2061/2061 2033/2033/2033
f 2028/2028/2028 2064/2064/2064 2033/2033/2033
f 2053/2053/2053 2025/2025/2025 2029/2029/2029
f 2115/2115/2115 2053/2053/2053 2029/2029/2029
f 2056/2056/2056 2114/2114/2114 2042/2042/2042
f 2051/2051/2051 2042/2042/2042 2114/2114/2114
f 2050/2050/2050 2051/2051/2051 2114/2114/2114
f 2115/2115/2115 2113/2113/2113 2107/2107/2107
f 2053/2053/2053 2115/2115/2115 2107/2107/2107
f 2116/2116/2116 2068/2068/2068 2070/2070/2070
f 2117/2117/2117 2116/2116/2116 2070/2070/2070
f 2044/2044/2044 2045/2045/2045 2118/2118/2118
f 2118/2118/2118 2119/2119/2119 2074/2074/2074
f 2074/2074/2074 2044/2044/2044 2118/2118/2118
f 2071/2071/2071 2118/2118/2118 2045/2045/2045
f 2119/2119/2119 2075/2075/2075 2074/2074/2074
f 2070/2070/2070 2082/2082/2082 2117/2117/2117
f 2078/2078/2078 2079/2079/2079 2077/2077/2077
f 2075/2075/2075 2078/2078/2078 2076/2076/2076
f 2082/2082/2082 2101/2101/2101 2117/2117/2117
f 2078/2078/2078 2120/2120/2120 2079/2079/2079
f 2101/2101/2101 2082/2082/2082 2080/2080/2080
f 2121/2121/2121 2101/2101/2101 2100/2100/2100
f 2100/2100/2100 2079/2079/2079 2120/2120/2120
f 2100/2100/2100 2120/2120/2120 2122/2122/2122
f 2122/2122/2122 2121/2121/2121 2100/2100/2100
f 2123/2123/2123 2020/2020/2020 2017/2017/2017
f 2013/2013/2013 2012/2012/2012 2124/2124/2124
f 2124/2124/2124 2125/2125/2125 2013/2013/2013
f 2020/2020/2020 2126/2126/2126 2022/2022/2022
f 2123/2123/2123 2126/2126/2126 2020/2020/2020
f 2008/2008/2008 2124/2124/2124 2012/2012/2012
f 2008/2008/2008 2012/2012/2012 2010/2010/2010
f 2023/2023/2023 2022/2022/2022 2126/2126/2126
f 2014/2014/2014 2013/2013/2013 2125/2125/2125
f 2017/2017/2017 2018/2018/2018 2127/2127/2127
f 1993/1993/1993 1994/1994/1994 2006/2006/2006
f 1996/1996/1996 2097/2097/2097 1999/1999/1999
f 2096/2096/2096 2128/2128/2128 1999/1999/1999
f 2097/2097/2097 2096/2096/2096 1999/1999/1999
f 2129/2129/2129 2094/2094/2094 2095/2095/2095
f 2130/2130/2130 2129/2129/2129 2095/2095/2095
f 2094/2094/2094 2129/2129/2129 2128/2128/2128
f 2096/2096/2096 2094/2094/2094 2128/2128/2128
f 2131/2131/2131 2130/2130/2130 2095/2095/2095
f 2091/2091/2091 2131/2131/2131 2095/2095/2095
f 2091/2091/2091 2133/2133/2133 2132/2132/2132
f 2131/2131/2131 2091/2091/2091 2132/2132/2132
f 2135/2135/2135 2134/2134/2134 2133/2133/2133
f 2136/2136/2136 2134/2134/2134 2135/2135/2135
f 2135/2135/2135 2090/2090/2090 2136/2136/2136
f 2137/2137/2137 2136/2136/2136 2090/2090/2090
f 2088/2088/2088 2137/2137/2137 2090/2090/2090
f 2139/2139/2139 2138/2138/2138 2087/2087/2087
f 2084/2084/2084 2139/2139/2139 2087/2087/2087
f 2087/2087/2087 2138/2138/2138 2137/2137/2137
f 2088/2088/2088 2087/2087/2087 2137/2137/2137
f 2140/2140/2140 2139/2139/2139 2084/2084/2084
f 2099/2099/2099 2140/2140/2140 2084/2084/2084
f 2141/2141/2141 2140/2140/2140 2099/2099/2099
f 1995/1995/1995 2141/2141/2141 2099/2099/2099
f 1995/1995/1995 1992/1992/1992 2141/2141/2141
f 1986/1986/1986 2142/2142/2142 1985/1985/1985
f 1985/1985/1985 2143/2143/2143 1987/1987/1987
f 1988/1988/1988 2142/2142/2142 1986/1986/1986
f 2142/2142/2142 1988/1988/1988 1990/1990/1990
f 1990/1990/1990 2144/2144/2144 2142/2142/2142
f 2002/2002/2002 2145/2145/2145 2004/2004/2004
f 2004/2004/2004 2145/2145/2145 2146/2146/2146
f 2149/2149/2149 2148/2148/2148 2147/2147/2147
f 2151/2151/2151 2150/2150/2150 2147/2147/2147
f 2147/2147/2147 2148/2148/2148 2151/2151/2151
f 2151/2151/2151 2152/2152/2152 2150/2150/2150
f 2152/2152/2152 2154/2154/2154 2153/2153/2153
f 2150/2150/2150 2152/2152/2152 2153/2153/2153
f 2154/2154/2154 2155/2155/2155 2153/2153/2153
f 2156/2156/2156 2153/2153/2153 2155/2155/2155
f 2155/2155/2155 2157/2157/2157 2156/2156/2156
f 2160/2160/2160 2159/2159/2159 2158/2158/2158
f 2161/2161/2161 2160/2160/2160 2158/2158/2158
f 2162/2162/2162 2160/2160/2160 2161/2161/2161
f 2164/2164/2164 2163/2163/2163 2162/2162/2162
f 2165/2165/2165 2164/2164/2164 2162/2162/2162
f 2166/2166/2166 2164/2164/2164 2165/2165/2165
f 2167/2167/2167 2164/2164/2164 2166/2166/2166
f 2168/2168/2168 2167/2167/2167 2166/2166/2166
f 2168/2168/2168 2169/2169/2169 2167/2167/2167
f 2170/2170/2170 2167/2167/2167 2169/2169/2169
f 2143/2143/2143 2170/2170/2170 2171/2171/2171
f 2169/2169/2169 2171/2171/2171 2170/2170/2170
f 2143/2143/2143 2171/2171/2171 1987/1987/1987
f 2172/2172/2172 1991/1991/1991 1989/1989/1989
f 1989/1989/1989 2173/2173/2173 2172/2172/2172
f 2172/2172/2172 2173/2173/2173 2174/2174/2174
f 2176/2176/2176 2165/2165/2165 2175/2175/2175
f 2162/2162/2162 2177/2177/2177 2175/2175/2175
f 2175/2175/2175 2165/2165/2165 2162/2162/2162
f 2161/2161/2161 2178/2178/2178 2177/2177/2177
f 2162/2162/2162 2161/2161/2161 2177/2177/2177
f 2180/2180/2180 2179/2179/2179 2134/2134/2134
f 2181/2181/2181 2179/2179/2179 2180/2180/2180
f 2184/2184/2184 2183/2183/2183 2182/2182/2182
f 2186/2186/2186 2185/2185/2185 2145/2145/2145
f 2145/2145/2145 2003/2003/2003 2186/2186/2186
f 2002/2002/2002 2003/2003/2003 2145/2145/2145
f 2187/2187/2187 2001/2001/2001 2004/2004/2004
f 2188/2188/2188 2187/2187/2187 2004/2004/2004
f 2187/2187/2187 2189/2189/2189 2001/2001/2001
f 2000/2000/2000 2001/2001/2001 2189/2189/2189
f 2169/2169/2169 2173/2173/2173 2171/2171/2171
f 2173/2173/2173 2169/2169/2169 2174/2174/2174
f 1987/1987/1987 2173/2173/2173 1989/1989/1989
f 1987/1987/1987 2171/2171/2171 2173/2173/2173
f 2191/2191/2191 2190/2190/2190 2169/2169/2169
f 2168/2168/2168 2191/2191/2191 2169/2169/2169
f 2166/2166/2166 2176/2176/2176 2191/2191/2191
f 2168/2168/2168 2166/2166/2166 2191/2191/2191
f 2176/2176/2176 2166/2166/2166 2165/2165/2165
f 2193/2193/2193 2192/2192/2192 2157/2157/2157
f 2155/2155/2155 2193/2193/2193 2157/2157/2157
f 2158/2158/2158 2178/2178/2178 2161/2161/2161
f 2194/2194/2194 2193/2193/2193 2155/2155/2155
f 2155/2155/2155 2154/2154/2154 2194/2194/2194
f 2195/2195/2195 2194/2194/2194 2154/2154/2154
f 2152/2152/2152 2195/2195/2195 2154/2154/2154
f 2196/2196/2196 2195/2195/2195 2152/2152/2152
f 2151/2151/2151 2196/2196/2196 2152/2152/2152
f 2148/2148/2148 2196/2196/2196 2151/2151/2151
f 2182/2182/2182 2196/2196/2196 2148/2148/2148
f 2184/2184/2184 2182/2182/2182 2148/2148/2148
f 2145/2145/2145 2185/2185/2185 2146/2146/2146
f 2149/2149/2149 2184/2184/2184 2148/2148/2148
f 2005/2005/2005 2015/2015/2015 1997/1997/1997
f 2006/2006/2006 2197/2197/2197 1993/1993/1993
f 2005/2005/2005 2006/2006/2006 1994/1994/1994
f 2024/2024/2024 2133/2133/2133 2091/2091/2091
f 2135/2135/2135 2133/2133/2133 2024/2024/2024
f 2135/2135/2135 2024/2024/2024 2090/2090/2090
f 2200/2200/2200 2199/2199/2199 2198/2198/2198
f 2200/2200/2200 2201/2201/2201 2199/2199/2199
f 2202/2202/2202 2201/2201/2201 2200/2200/2200
f 2201/2201/2201 2204/2204/2204 2203/2203/2203
f 2202/2202/2202 2204/2204/2204 2201/2201/2201
f 2207/2207/2207 2206/2206/2206 2205/2205/2205
f 2208/2208/2208 2207/2207/2207 2205/2205/2205
f 2211/2211/2211 2210/2210/2210 2209/2209/2209
f 2209/2209/2209 2212/2212/2212 2211/2211/2211
f 2215/2215/2215 2214/2214/2214 2213/2213/2213
f 2215/2215/2215 2213/2213/2213 2216/2216/2216
f 2217/2217/2217 2214/2214/2214 2215/2215/2215
f 2219/2219/2219 2218/2218/2218 2210/2210/2210
f 2211/2211/2211 2220/2220/2220 2219/2219/2219
f 2210/2210/2210 2211/2211/2211 2219/2219/2219
f 2223/2223/2223 2222/2222/2222 2221/2221/2221
f 2223/2223/2223 2225/2225/2225 2224/2224/2224
f 2226/2226/2226 2224/2224/2224 2225/2225/2225
f 2227/2227/2227 2224/2224/2224 2226/2226/2226
f 2229/2229/2229 2228/2228/2228 2227/2227/2227
f 2232/2232/2232 2231/2231/2231 2230/2230/2230
f 2233/2233/2233 2232/2232/2232 2230/2230/2230
f 2232/2232/2232 2233/2233/2233 2234/2234/2234
f 2233/2233/2233 2235/2235/2235 2234/2234/2234
f 2236/2236/2236 2234/2234/2234 2235/2235/2235
f 2237/2237/2237 2234/2234/2234 2236/2236/2236
f 2218/2218/2218 2227/2227/2227 2228/2228/2228
f 2240/2240/2240 2239/2239/2239 2238/2238/2238
f 2238/2238/2238 2239/2239/2239 2241/2241/2241
f 2238/2238/2238 2241/2241/2241 2242/2242/2242
f 2245/2245/2245 2244/2244/2244 2243/2243/2243
f 2246/2246/2246 2245/2245/2245 2241/2241/2241
f 2247/2247/2247 2244/2244/2244 2245/2245/2245
f 2250/2250/2250 2249/2249/2249 2248/2248/2248
f 2253/2253/2253 2252/2252/2252 2251/2251/2251
f 2255/2255/2255 2248/2248/2248 2254/2254/2254
f 2258/2258/2258 2257/2257/2257 2256/2256/2256
f 2259/2259/2259 2254/2254/2254 2248/2248/2248
f 2260/2260/2260 2259/2259/2259 2248/2248/2248
f 2254/2254/2254 2259/2259/2259 2261/2261/2261
f 2255/2255/2255 2254/2254/2254 2261/2261/2261
f 2264/2264/2264 2263/2263/2263 2262/2262/2262
f 2264/2264/2264 2262/2262/2262 2251/2251/2251
f 2251/2251/2251 2255/2255/2255 2264/2264/2264
f 2265/2265/2265 2240/2240/2240 2238/2238/2238
f 2266/2266/2266 2265/2265/2265 2238/2238/2238
f 2240/2240/2240 2268/2268/2268 2267/2267/2267
f 2239/2239/2239 2240/2240/2240 2267/2267/2267
f 2255/2255/2255 2261/2261/2261 2269/2269/2269
f 2270/2270/2270 2259/2259/2259 2260/2260/2260
f 2273/2273/2273 2272/2272/2272 2271/2271/2271
f 2276/2276/2276 2275/2275/2275 2274/2274/2274
f 2277/2277/2277 2276/2276/2276 2274/2274/2274
f 2267/2267/2267 2279/2279/2279 2278/2278/2278
f 2239/2239/2239 2267/2267/2267 2278/2278/2278
f 2282/2282/2282 2281/2281/2281 2280/2280/2280
f 2282/2282/2282 2283/2283/2283 2281/2281/2281
f 2258/2258/2258 2256/2256/2256 2284/2284/2284
f 2285/2285/2285 2282/2282/2282 2280/2280/2280
f 2286/2286/2286 2256/2256/2256 2257/2257/2257
f 2287/2287/2287 2286/2286/2286 2257/2257/2257
f 2286/2286/2286 2287/2287/2287 2288/2288/2288
f 2289/2289/2289 2286/2286/2286 2288/2288/2288
f 2290/2290/2290 2286/2286/2286 2289/2289/2289
f 2290/2290/2290 2289/2289/2289 2291/2291/2291
f 2293/2293/2293 2290/2290/2290 2292/2292/2292
f 2295/2295/2295 2294/2294/2294 2293/2293/2293
f 2283/2283/2283 2294/2294/2294 2295/2295/2295
f 2296/2296/2296 2294/2294/2294 2283/2283/2283
f 2285/2285/2285 2296/2296/2296 2283/2283/2283
f 2282/2282/2282 2285/2285/2285 2283/2283/2283
f 2299/2299/2299 2298/2298/2298 2297/2297/2297
f 2297/2297/2297 2300/2300/2300 2299/2299/2299
f 2301/2301/2301 2299/2299/2299 2300/2300/2300
f 2303/2303/2303 2302/2302/2302 2299/2299/2299
f 2301/2301/2301 2303/2303/2303 2299/2299/2299
f 2237/2237/2237 2302/2302/2302 2303/2303/2303
f 2305/2305/2305 2237/2237/2237 2304/2304/2304
f 2308/2308/2308 2307/2307/2307 2306/2306/2306
f 2308/2308/2308 2306/2306/2306 2305/2305/2305
f 2304/2304/2304 2308/2308/2308 2305/2305/2305
f 2306/2306/2306 2307/2307/2307 2309/2309/2309
f 2309/2309/2309 2229/2229/2229 2306/2306/2306
f 2310/2310/2310 2229/2229/2229 2309/2309/2309
f 2209/2209/2209 2229/2229/2229 2310/2310/2310
f 2228/2228/2228 2229/2229/2229 2209/2209/2209
f 2210/2210/2210 2228/2228/2228 2209/2209/2209
f 2218/2218/2218 2207/2207/2207 2311/2311/2311
f 2207/2207/2207 2208/2208/2208 2311/2311/2311
f 2208/2208/2208 2312/2312/2312 2298/2298/2298
f 2208/2208/2208 2298/2298/2298 2311/2311/2311
f 2297/2297/2297 2298/2298/2298 2312/2312/2312
f 2293/2293/2293 2292/2292/2292 2313/2313/2313
f 2293/2293/2293 2313/2313/2313 2314/2314/2314
f 2316/2316/2316 2293/2293/2293 2315/2315/2315
f 2318/2318/2318 2317/2317/2317 2316/2316/2316
f 2265/2265/2265 2266/2266/2266 2319/2319/2319
f 2266/2266/2266 2320/2320/2320 2319/2319/2319
f 2319/2319/2319 2320/2320/2320 2321/2321/2321
f 2320/2320/2320 2322/2322/2322 2321/2321/2321
f 2273/2273/2273 2260/2260/2260 2248/2248/2248
f 2249/2249/2249 2273/2273/2273 2248/2248/2248
f 2251/2251/2251 2248/2248/2248 2255/2255/2255
f 2244/2244/2244 2247/2247/2247 2323/2323/2323
f 2251/2251/2251 2262/2262/2262 2324/2324/2324
f 2323/2323/2323 2247/2247/2247 2325/2325/2325
f 2324/2324/2324 2262/2262/2262 2263/2263/2263
f 2263/2263/2263 2316/2316/2316 2324/2324/2324
f 2315/2315/2315 2325/2325/2325 2316/2316/2316
f 2320/2320/2320 2326/2326/2326 2322/2322/2322
f 2316/2316/2316 2263/2263/2263 2318/2318/2318
f 2318/2318/2318 2263/2263/2263 2327/2327/2327
f 2239/2239/2239 2278/2278/2278 2241/2241/2241
f 2277/2277/2277 2274/2274/2274 2246/2246/2246
f 2241/2241/2241 2277/2277/2277 2246/2246/2246
f 2266/2266/2266 2238/2238/2238 2242/2242/2242
f 2328/2328/2328 2266/2266/2266 2242/2242/2242
f 2269/2269/2269 2327/2327/2327 2255/2255/2255
f 2264/2264/2264 2255/2255/2255 2327/2327/2327
f 2263/2263/2263 2264/2264/2264 2327/2327/2327
f 2328/2328/2328 2326/2326/2326 2320/2320/2320
f 2266/2266/2266 2328/2328/2328 2320/2320/2320
f 2329/2329/2329 2281/2281/2281 2283/2283/2283
f 2330/2330/2330 2329/2329/2329 2283/2283/2283
f 2257/2257/2257 2258/2258/2258 2331/2331/2331
f 2331/2331/2331 2332/2332/2332 2287/2287/2287
f 2287/2287/2287 2257/2257/2257 2331/2331/2331
f 2284/2284/2284 2331/2331/2331 2258/2258/2258
f 2332/2332/2332 2333/2333/2333 2287/2287/2287
f 2283/2283/2283 2295/2295/2295 2330/2330/2330
f 2291/2291/2291 2292/2292/2292 2290/2290/2290
f 2333/2333/2333 2291/2291/2291 2289/2289/2289
f 2295/2295/2295 2314/2314/2314 2330/2330/2330
f 2291/2291/2291 2334/2334/2334 2292/2292/2292
f 2314/2314/2314 2295/2295/2295 2293/2293/2293
f 2335/2335/2335 2314/2314/2314 2313/2313/2313
f 2313/2313/2313 2292/2292/2292 2334/2334/2334
f 2313/2313/2313 2334/2334/2334 2336/2336/2336
f 2336/2336/2336 2335/2335/2335 2313/2313/2313
f 2337/2337/2337 2233/2233/2233 2230/2230/2230
f 2226/2226/2226 2225/2225/2225 2338/2338/2338
f 2338/2338/2338 2339/2339/2339 2226/2226/2226
f 2233/2233/2233 2340/2340/2340 2235/2235/2235
f 2337/2337/2337 2340/2340/2340 2233/2233/2233
f 2221/2221/2221 2338/2338/2338 2225/2225/2225
f 2221/2221/2221 2225/2225/2225 2223/2223/2223
f 2236/2236/2236 2235/2235/2235 2340/2340/2340
f 2227/2227/2227 2226/2226/2226 2339/2339/2339
f 2230/2230/2230 2231/2231/2231 2341/2341/2341
f 2206/2206/2206 2207/2207/2207 2219/2219/2219
f 2209/2209/2209 2310/2310/2310 2212/2212/2212
f 2309/2309/2309 2342/2342/2342 2212/2212/2212
f 2310/2310/2310 2309/2309/2309 2212/2212/2212
f 2343/2343/2343 2307/2307/2307 2308/2308/2308
f 2344/2344/2344 2343/2343/2343 2308/2308/2308
f 2307/2307/2307 2343/2343/2343 2342/2342/2342
f 2309/2309/2309 2307/2307/2307 2342/2342/2342
f 2345/2345/2345 2344/2344/2344 2308/2308/2308
f 2304/2304/2304 2345/2345/2345 2308/2308/2308
f 2304/2304/2304 2347/2347/2347 2346/2346/2346
f 2345/2345/2345 2304/2304/2304 2346/2346/2346
f 2349/2349/2349 2348/2348/2348 2347/2347/2347
f 2350/2350/2350 2348/2348/2348 2349/2349/2349
f 2349/2349/2349 2303/2303/2303 2350/2350/2350
f 2351/2351/2351 2350/2350/2350 2303/2303/2303
f 2301/2301/2301 2351/2351/2351 2303/2303/2303
f 2353/2353/2353 2352/2352/2352 2300/2300/2300
f 2297/2297/2297 2353/2353/2353 2300/2300/2300
f 2300/2300/2300 2352/2352/2352 2351/2351/2351
f 2301/2301/2301 2300/2300/2300 2351/2351/2351
f 2354/2354/2354 2353/2353/2353 2297/2297/2297
f 2312/2312/2312 2354/2354/2354 2297/2297/2297
f 2355/2355/2355 2354/2354/2354 2312/2312/2312
f 2208/2208/2208 2355/2355/2355 2312/2312/2312
f 2208/2208/2208 2205/2205/2205 2355/2355/2355
f 2199/2199/2199 2356/2356/2356 2198/2198/2198
f 2198/2198/2198 2357/2357/2357 2200/2200/2200
f 2201/2201/2201 2356/2356/2356 2199/2199/2199
f 2356/2356/2356 2201/2201/2201 2203/2203/2203
f 2203/2203/2203 2358/2358/2358 2356/2356/2356
f 2215/2215/2215 2359/2359/2359 2217/2217/2217
f 2217/2217/2217 2359/2359/2359 2360/2360/2360
f 2363/2363/2363 2362/2362/2362 2361/2361/2361
f 2365/2365/2365 2364/2364/2364 2361/2361/2361
f 2361/2361/2361 2362/2362/2362 2365/2365/2365
f 2365/2365/2365 2366/2366/2366 2364/2364/2364
f 2366/2366/2366 2368/2368/2368 2367/2367/2367
f 2364/2364/2364 2366/2366/2366 2367/2367/2367
f 2368/2368/2368 2369/2369/2369 2367/2367/2367
f 2370/2370/2370 2367/2367/2367 2369/2369/2369
f 2369/2369/2369 2371/2371/2371 2370/2370/2370
f 2374/2374/2374 2373/2373/2373 2372/2372/2372
f 2375/2375/2375 2374/2374/2374 2372/2372/2372
f 2376/2376/2376 2374/2374/2374 2375/2375/2375
f 2378/2378/2378 2377/2377/2377 2376/2376/2376
f 2379/2379/2379 2378/2378/2378 2376/2376/2376
f 2380/2380/2380 2378/2378/2378 2379/2379/2379
f 2381/2381/2381 2378/2378/2378 2380/2380/2380
f 2382/2382/2382 2381/2381/2381 2380/2380/2380
f 2382/2382/2382 2383/2383/2383 2381/2381/2381
f 2384/2384/2384 2381/2381/2381 2383/2383/2383
f 2357/2357/2357 2384/2384/2384 2385/2385/2385
f 2383/2383/2383 2385/2385/2385 2384/2384/2384
f 2357/2357/2357 2385/2385/2385 2200/2200/2200
f 2386/2386/2386 2204/2204/2204 2202/2202/2202
f 2202/2202/2202 2387/2387/2387 2386/2386/2386
f 2386/2386/2386 2387/2387/2387 2388/2388/2388
f 2390/2390/2390 2379/2379/2379 2389/2389/2389
f 2376/2376/2376 2391/2391/2391 2389/2389/2389
f 2389/2389/2389 2379/2379/2379 2376/2376/2376
f 2375/2375/2375 2392/2392/2392 2391/2391/2391
f 2376/2376/2376 2375/2375/2375 2391/2391/2391
f 2394/2394/2394 2393/2393/2393 2348/2348/2348
f 2395/2395/2395 2393/2393/2393 2394/2394/2394
f 2398/2398/2398 2397/2397/2397 2396/2396/2396
f 2400/2400/2400 2399/2399/2399 2359/2359/2359
f 2359/2359/2359 2216/2216/2216 2400/2400/2400
f 2215/2215/2215 2216/2216/2216 2359/2359/2359
f 2401/2401/2401 2214/2214/2214 2217/2217/2217
f 2402/2402/2402 2401/2401/2401 2217/2217/2217
f 2401/2401/2401 2403/2403/2403 2214/2214/2214
f 2213/2213/2213 2214/2214/2214 2403/2403/2403
f 2383/2383/2383 2387/2387/2387 2385/2385/2385
f 2387/2387/2387 2383/2383/2383 2388/2388/2388
f 2200/2200/2200 2387/2387/2387 2202/2202/2202
f 2200/2200/2200 2385/2385/2385 2387/2387/2387
f 2405/2405/2405 2404/2404/2404 2383/2383/2383
f 2382/2382/2382 2405/2405/2405 2383/2383/2383
f 2380/2380/2380 2390/2390/2390 2405/2405/2405
f 2382/2382/2382 2380/2380/2380 2405/2405/2405
f 2390/2390/2390 2380/2380/2380 2379/2379/2379
f 2407/2407/2407 2406/2406/2406 2371/2371/2371
f 2369/2369/2369 2407/2407/2407 2371/2371/2371
f 2372/2372/2372 2392/2392/2392 2375/2375/2375
f 2408/2408/2408 2407/2407/2407 2369/2369/2369
f 2369/2369/2369 2368/2368/2368 2408/2408/2408
f 2409/2409/2409 2408/2408/2408 2368/2368/2368
f 2366/2366/2366 2409/2409/2409 2368/2368/2368
f 2410/2410/2410 2409/2409/2409 2366/2366/2366
f 2365/2365/2365 2410/2410/2410 2366/2366/2366
f 2362/2362/2362 2410/2410/2410 2365/2365/2365
f 2396/2396/2396 2410/2410/2410 2362/2362/2362
f 2398/2398/2398 2396/2396/2396 2362/2362/2362
f 2359/2359/2359 2399/2399/2399 2360/2360/2360
f 2363/2363/2363 2398/2398/2398 2362/2362/2362
f 2218/2218/2218 2228/2228/2228 2210/2210/2210
f 2219/2219/2219 2411/2411/2411 2206/2206/2206
f 2218/2218/2218 2219/2219/2219 2207/2207/2207
f 2237/2237/2237 2347/2347/2347 2304/2304/2304
f 2349/2349/2349 2347/2347/2347 2237/2237/2237
f 2349/2349/2349 2237/2237/2237 2303/2303/2303
f 2412/2412/2412 2413/2413/2413 2414/2414/2414
f 2415/2415/2415 2412/2412/2412 2414/2414/2414
f 2416/2416/2416 2415/2415/2415 2414/2414/2414
f 2417/2417/2417 2416/2416/2416 2414/2414/2414
f 2418/2418/2418 2417/2417/2417 2414/2414/2414
f 2419/2419/2419 2418/2418/2418 2414/2414/2414
f 2420/2420/2420 2419/2419/2419 2414/2414/2414
f 2421/2421/2421 2420/2420/2420 2414/2414/2414
f 2422/2422/2422 2421/2421/2421 2414/2414/2414
f 2423/2423/2423 2422/2422/2422 2414/2414/2414
f 2424/2424/2424 2423/2423/2423 2414/2414/2414
f 2425/2425/2425 2424/2424/2424 2414/2414/2414
f 2426/2426/2426 2425/2425/2425 2414/2414/2414
f 2427/2427/2427 2426/2426/2426 2414/2414/2414
f 2428/2428/2428 2427/2427/2427 2414/2414/2414
f 2413/2413/2413 2428/2428/2428 2414/2414/2414
f 2429/2429/2429 2430/2430/2430 2431/2431/2431
f 2429/2429/2429 2431/2431/2431 2432/2432/2432
f 2430/2430/2430 2433/2433/2433 2434/2434/2434
f 2430/2430/2430 2434/2434/2434 2431/2431/2431
f 2433/2433/2433 2435/2435/2435 2436/2436/2436
f 2433/2433/2433 2436/2436/2436 2434/2434/2434
f 2435/2435/2435 2437/2437/2437 2438/2438/2438
f 2435/2435/2435 2438/2438/2438 2436/2436/2436
f 2437/2437/2437 2439/2439/2439 2440/2440/2440
f 2437/2437/2437 2440/2440/2440 2438/2438/2438
f 2439/2439/2439 2441/2441/2441 2442/2442/2442
f 2439/2439/2439 2442/2442/2442 2440/2440/2440
f 2441/2441/2441 2443/2443/2443 2444/2444/2444
f 2441/2441/2441 2444/2444/2444 2442/2442/2442
f 2443/2443/2443 2445/2445/2445 2446/2446/2446
f 2443/2443/2443 2446/2446/2446 2444/2444/2444
f 2445/2445/2445 2447/2447/2447 2448/2448/2448
f 2445/2445/2445 2448/2448/2448 2446/2446/2446
f 2447/2447/2447 2449/2449/2449 2450/2450/2450
f 2447/2447/2447 2450/2450/2450 2448/2448/2448
f 2449/2449/2449 2451/2451/2451 2452/2452/2452
f 2449/2449/2449 2452/2452/2452 2450/2450/2450
f 2451/2451/2451 2453/2453/2453 2454/2454/2454
f 2451/2451/2451 2454/2454/2454 2452/2452/2452
f 2453/2453/2453 2455/2455/2455 2456/2456/2456
f 2453/2453/2453 2456/2456/2456 2454/2454/2454
f 2455/2455/2455 2457/2457/2457 2458/2458/2458
f 2455/2455/2455 2458/2458/2458 2456/2456/2456
f 2457/2457/2457 2459/2459/2459 2460/2460/2460
f 2457/2457/2457 2460/2460/2460 2458/2458/2458
f 2459/2459/2459 2429/2429/2429 2432/2432/2432
f 2459/2459/2459 2432/2432/2432 2460/2460/2460
f 2461/2461/2461 2462/2462/2462 2463/2463/2463
f 2461/2461/2461 2463/2463/2463 2464/2464/2464
f 2462/2462/2462 2465/2465/2465 2466/2466/2466
f 2462/2462/2462 2466/2466/2466 2463/2463/2463
f 2465/2465/2465 2467/2467/2467 2468/2468/2468
f 2465/2465/2465 2468/2468/2468 2466/2466/2466
f 2467/2467/2467 2469/2469/2469 2470/2470/2470
f 2467/2467/2467 2470/2470/2470 2468/2468/2468
f 2469/2469/2469 2471/2471/2471 2472/2472/2472
f 2469/2469/2469 2472/2472/2472 2470/2470/2470
f 2471/2471/2471 2473/2473/2473 2474/2474/2474
f 2471/2471/2471 2474/2474/2474 2472/2472/2472
f 2473/2473/2473 2475/2475/2475 2476/2476/2476
f 2473/2473/2473 2476/2476/2476 2474/2474/2474
f 2475/2475/2475 2477/2477/2477 2478/2478/2478
f 2475/2475/2475 2478/2478/2478 2476/2476/2476
f 2477/2477/2477 2479/2479/2479 2480/2480/2480
f 2477/2477/2477 2480/2480/2480 2478/2478/2478
f 2479/2479/2479 2481/2481/2481 2482/2482/2482
f 2479/2479/2479 2482/2482/2482 2480/2480/2480
f 2481/2481/2481 2483/2483/2483 2484/2484/2484
f 2481/2481/2481 2484/2484/2484 2482/2482/2482
f 2483/2483/2483 2485/2485/2485 2486/2486/2486
f 2483/2483/2483 2486/2486/2486 2484/2484/2484
f 2485/2485/2485 2487/2487/2487 2488/2488/2488
f 2485/2485/2485 2488/2488/2488 2486/2486/2486
f 2487/2487/2487 2489/2489/2489 2490/2490/2490
f 2487/2487/2487 2490/2490/2490 2488/2488/2488
f 2489/2489/2489 2491/2491/2491 2492/2492/2492
f 2489/2489/2489 2492/2492/2492 2490/2490/2490
f 2491/2491/2491 2461/2461/2461 2464/2464/2464
f 2491/2491/2491 2464/2464/2464 2492/2492/2492
f 2493/2493/2493 2494/2494/2494 2495/2495/2495
f 2493/2493/2493 2495/2495/2495 2496/2496/2496
f 2496/2496/2496 2495/2495/2495 2497/2497/2497
f 2496/2496/2496 2497/2497/2497 2498/2498/2498
f 2498/2498/2498 2497/2497/2497 2499/2499/2499
f 2498/2498/2498 2499/2499/2499 2500/2500/2500
f 2500/2500/2500 2499/2499/2499 2501/2501/2501
f 2500/2500/2500 2501/2501/2501 2502/2502/2502
f 2502/2502/2502 2501/2501/2501 2503/2503/2503
f 2502/2502/2502 2503/2503/2503 2504/2504/2504
f 2504/2504/2504 2503/2503/2503 2505/2505/2505
f 2504/2504/2504 2505/2505/2505 2506/2506/2506
f 2506/2506/2506 2505/2505/2505 2507/2507/2507
f 2506/2506/2506 2507/2507/2507 2508/2508/2508
f 2508/2508/2508 2507/2507/2507 2509/2509/2509
f 2508/2508/2508 2509/2509/2509 2510/2510/2510
f 2510/2510/2510 2509/2509/2509 2511/2511/2511
f 2510/2510/2510 2511/2511/2511 2512/2512/2512
f 2512/2512/2512 2511/2511/2511 2513/2513/2513
f 2512/2512/2512 2513/2513/2513 2514/2514/2514
f 2514/2514/2514 2513/2513/2513 2515/2515/2515
f 2514/2514/2514 2515/2515/2515 2516/2516/2516
f 2516/2516/2516 2515/2515/2515 2517/2517/2517
f 2516/2516/2516 2517/2517/2517 2518/2518/2518
f 2518/2518/2518 2517/2517/2517 2519/2519/2519
f 2518/2518/2518 2519/2519/2519 2520/2520/2520
f 2520/2520/2520 2519/2519/2519 2521/2521/2521
f 2520/2520/2520 2521/2521/2521 2522/2522/2522
f 2522/2522/2522 2521/2521/2521 2523/2523/2523
f 2522/2522/2522 2523/2523/2523 2524/2524/2524
f 2524/2524/2524 2523/2523/2523 2494/2494/2494
f 2524/2524/2524 2494/2494/2494 2493/2493/2493
f 2525/2525/2525 2526/2526/2526 2527/2527/2527
f 2525/2525/2525 2527/2527/2527 2528/2528/2528
f 2529/2529/2529 2530/2530/2530 2526/2526/2526
f 2529/2529/2529 2526/2526/2526 2525/2525/2525
f 2531/2531/2531 2532/2532/2532 2530/2530/2530
f 2531/2531/2531 2530/2530/2530 2529/2529/2529
f 2533/2533/2533 2534/2534/2534 2532/2532/2532
f 2533/2533/2533 2532/2532/2532 2531/2531/2531
f 2535/2535/2535 2536/2536/2536 2534/2534/2534
f 2535/2535/2535 2534/2534/2534 2533/2533/2533
f 2537/2537/2537 2538/2538/2538 2536/2536/2536
f 2537/2537/2537 2536/2536/2536 2535/2535/2535
f 2539/2539/2539 2540/2540/2540 2538/2538/2538
f 2539/2539/2539 2538/2538/2538 2537/2537/2537
f 2541/2541/2541 2542/2542/2542 2540/2540/2540
f 2541/2541/2541 2540/2540/2540 2539/2539/2539
f 2543/2543/2543 2544/2544/2544 2542/2542/2542
f 2543/2543/2543 2542/2542/2542 2541/2541/2541
f 2545/2545/2545 2546/2546/2546 2544/2544/2544
f 2545/2545/2545 2544/2544/2544 2543/2543/2543
f 2547/2547/2547 2548/2548/2548 2546/2546/2546
f 2547/2547/2547 2546/2546/2546 2545/2545/2545
f 2549/2549/2549 2550/2550/2550 2548/2548/2548
f 2549/2549/2549 2548/2548/2548 2547/2547/2547
f 2551/2551/2551 2552/2552/2552 2550/2550/2550
f 2551/2551/2551 2550/2550/2550 2549/2549/2549
f 2553/2553/2553 2554/2554/2554 2552/2552/2552
f 2553/2553/2553 2552/2552/2552 2551/2551/2551
f 2555/2555/2555 2556/2556/2556 2554/2554/2554
f 2555/2555/2555 2554/2554/2554 2553/2553/2553
f 2528/2528/2528 2527/2527/2527 2556/2556/2556
f 2528/2528/2528 2556/2556/2556 2555/2555/2555
f 2559/2559/2559 2558/2558/2558 2557/2557/2557
f 2559/2559/2559 2557/2557/2557 2560/2560/2560
f 2559/2559/2559 2560/2560/2560 2561/2561/2561
f 2559/2559/2559 2561/2561/2561 2562/2562/2562
f 2559/2559/2559 2562/2562/2562 2563/2563/2563
f 2559/2559/2559 2563/2563/2563 2564/2564/2564
f 2559/2559/2559 2564/2564/2564 2565/2565/2565
f 2559/2559/2559 2565/2565/2565 2566/2566/2566
f 2559/2559/2559 2566/2566/2566 2567/2567/2567
f 2559/2559/2559 2567/2567/2567 2568/2568/2568
f 2559/2559/2559 2568/2568/2568 2569/2569/2569
f 2559/2559/2559 2569/2569/2569 2570/2570/2570
f 2559/2559/2559 2570/2570/2570 2571/2571/2571
f 2559/2559/2559 2571/2571/2571 2572/2572/2572
f 2559/2559/2559 2572/2572/2572 2573/2573/2573
f 2559/2559/2559 2573/2573/2573 2558/2558/2558
f 2576/2576/2576 2575/2575/2575 2574/2574/2574
f 2577/2577/2577 2576/2576/2576 2574/2574/2574
f 2579/2579/2579 2578/2578/2578 2575/2575/2575
f 2576/2576/2576 2579/2579/2579 2575/2575/2575
f 2581/2581/2581 2580/2580/2580 2578/2578/2578
f 2579/2579/2579 2581/2581/2581 2578/2578/2578
f 2583/2583/2583 2582/2582/2582 2580/2580/2580
f 2581/2581/2581 2583/2583/2583 2580/2580/2580
f 2585/2585/2585 2584/2584/2584 2582/2582/2582
f 2583/2583/2583 2585/2585/2585 2582/2582/2582
f 2587/2587/2587 2586/2586/2586 2584/2584/2584
f 2585/2585/2585 2587/2587/2587 2584/2584/2584
f 2589/2589/2589 2588/2588/2588 2586/2586/2586
f 2587/2587/2587 2589/2589/2589 2586/2586/2586
f 2591/2591/2591 2590/2590/2590 2588/2588/2588
f 2589/2589/2589 2591/2591/2591 2588/2588/2588
f 2593/2593/2593 2592/2592/2592 2590/2590/2590
f 2591/2591/2591 2593/2593/2593 2590/2590/2590
f 2595/2595/2595 2594/2594/2594 2592/2592/2592
f 2593/2593/2593 2595/2595/2595 2592/2592/2592
f 2597/2597/2597 2596/2596/2596 2594/2594/2594
f 2595/2595/2595 2597/2597/2597 2594/2594/2594
f 2599/2599/2599 2598/2598/2598 2596/2596/2596
f 2597/2597/2597 2599/2599/2599 2596/2596/2596
f 2601/2601/2601 2600/2600/2600 2598/2598/2598
f 2599/2599/2599 2601/2601/2601 2598/2598/2598
f 2603/2603/2603 2602/2602/2602 2600/2600/2600
f 2601/2601/2601 2603/2603/2603 2600/2600/2600
f 2605/2605/2605 2604/2604/2604 2602/2602/2602
f 2603/2603/2603 2605/2605/2605 2602/2602/2602
f 2577/2577/2577 2574/2574/2574 2604/2604/2604
f 2605/2605/2605 2577/2577/2577 2604/2604/2604
f 2608/2608/2608 2607/2607/2607 2606/2606/2606
f 2608/2608/2608 2609/2609/2609 2607/2607/2607
f 2610/2610/2610 2609/2609/2609 2608/2608/2608
f 2609/2609/2609 2612/2612/2612 2611/2611/2611
f 2610/2610/2610 2612/2612/2612 2609/2609/2609
f 2615/2615/2615 2614/2614/2614 2613/2613/2613
f 2616/2616/2616 2615/2615/2615 2613/2613/2613
f 2619/2619/2619 2618/2618/2618 2617/2617/2617
f 2617/2617/2617 2620/2620/2620 2619/2619/2619
f 2623/2623/2623 2622/2622/2622 2621/2621/2621
f 2623/2623/2623 2621/2621/2621 2624/2624/2624
f 2625/2625/2625 2622/2622/2622 2623/2623/2623
f 2627/2627/2627 2626/2626/2626 2618/2618/2618
f 2619/2619/2619 2628/2628/2628 2627/2627/2627
f 2618/2618/2618 2619/2619/2619 2627/2627/2627
f 2631/2631/2631 2630/2630/2630 2629/2629/2629
f 2631/2631/2631 2633/2633/2633 2632/2632/2632
f 2634/2634/2634 2632/2632/2632 2633/2633/2633
f 2635/2635/2635 2632/2632/2632 2634/2634/2634
f 2637/2637/2637 2636/2636/2636 2635/2635/2635
f 2640/2640/2640 2639/2639/2639 2638/2638/2638
f 2641/2641/2641 2640/2640/2640 2638/2638/2638
f 2640/2640/2640 2641/2641/2641 2642/2642/2642
f 2641/2641/2641 2643/2643/2643 2642/2642/2642
f 2644/2644/2644 2642/2642/2642 2643/2643/2643
f 2645/2645/2645 2642/2642/2642 2644/2644/2644
f 2626/2626/2626 2635/2635/2635 2636/2636/2636
f 2648/2648/2648 2647/2647/2647 2646/2646/2646
f 2646/2646/2646 2647/2647/2647 2649/2649/2649
f 2646/2646/2646 2649/2649/2649 2650/2650/2650
f 2653/2653/2653 2652/2652/2652 2651/2651/2651
f 2654/2654/2654 2653/2653/2653 2649/2649/2649
f 2655/2655/2655 2652/2652/2652 2653/2653/2653
f 2658/2658/2658 2657/2657/2657 2656/2656/2656
f 2661/2661/2661 2660/2660/2660 2659/2659/2659
f 2663/2663/2663 2656/2656/2656 2662/2662/2662
f 2666/2666/2666 2665/2665/2665 2664/2664/2664
f 2667/2667/2667 2662/2662/2662 2656/2656/2656
f 2668/2668/2668 2667/2667/2667 2656/2656/2656
f 2662/2662/2662 2667/2667/2667 2669/2669/2669
f 2663/2663/2663 2662/2662/2662 2669/2669/2669
f 2672/2672/2672 2671/2671/2671 2670/2670/2670
f 2672/2672/2672 2670/2670/2670 2659/2659/2659
f 2659/2659/2659 2663/2663/2663 2672/2672/2672
f 2673/2673/2673 2648/2648/2648 2646/2646/2646
f 2674/2674/2674 2673/2673/2673 2646/2646/2646
f 2648/2648/2648 2676/2676/2676 2675/2675/2675
f 2647/2647/2647 2648/2648/2648 2675/2675/2675
f 2663/2663/2663 2669/2669/2669 2677/2677/2677
f 2678/2678/2678 2667/2667/2667 2668/2668/2668
f 2681/2681/2681 2680/2680/2680 2679/2679/2679
f 2684/2684/2684 2683/2683/2683 2682/2682/2682
f 2685/2685/2685 2684/2684/2684 2682/2682/2682
f 2675/2675/2675 2687/2687/2687 2686/2686/2686
f 2647/2647/2647 2675/2675/2675 2686/2686/2686
f 2690/2690/2690 2689/2689/2689 2688/2688/2688
f 2690/2690/2690 2691/2691/2691 2689/2689/2689
f 2666/2666/2666 2664/2664/2664 2692/2692/2692
f 2693/2693/2693 2690/2690/2690 2688/2688/2688
f 2694/2694/2694 2664/2664/2664 2665/2665/2665
f 2695/2695/2695 2694/2694/2694 2665/2665/2665
f 2694/2694/2694 2695/2695/2695 2696/2696/2696
f 2697/2697/2697 2694/2694/2694 2696/2696/2696
f 2698/2698/2698 2694/2694/2694 2697/2697/2697
f 2698/2698/2698 2697/2697/2697 2699/2699/2699
f 2701/2701/2701 2698/2698/2698 2700/2700/2700
f 2703/2703/2703 2702/2702/2702 2701/2701/2701
f 2691/2691/2691 2702/2702/2702 2703/2703/2703
f 2704/2704/2704 2702/2702/2702 2691/2691/2691
f 2693/2693/2693 2704/2704/2704 2691/2691/2691
f 2690/2690/2690 2693/2693/2693 2691/2691/2691
f 2707/2707/2707 2706/2706/2706 2705/2705/2705
f 2705/2705/2705 2708/2708/2708 2707/2707/2707
f 2709/2709/2709 2707/2707/2707 2708/2708/2708
f 2711/2711/2711 2710/2710/2710 2707/2707/2707
f 2709/2709/2709 2711/2711/2711 2707/2707/2707
f 2645/2645/2645 2710/2710/2710 2711/2711/2711
f 2713/2713/2713 2645/2645/2645 2712/2712/2712
f 2716/2716/2716 2715/2715/2715 2714/2714/2714
f 2716/2716/2716 2714/2714/2714 2713/2713/2713
f 2712/2712/2712 2716/2716/2716 2713/2713/2713
f 2714/2714/2714 2715/2715/2715 2717/2717/2717
f 2717/2717/2717 2637/2637/2637 2714/2714/2714
f 2718/2718/2718 2637/2637/2637 2717/2717/2717
f 2617/2617/2617 2637/2637/2637 2718/2718/2718
f 2636/2636/2636 2637/2637/2637 2617/2617/2617
f 2618/2618/2618 2636/2636/2636 2617/2617/2617
f 2626/2626/2626 2615/2615/2615 2719/2719/2719
f 2615/2615/2615 2616/2616/2616 2719/2719/2719
f 2616/2616/2616 2720/2720/2720 2706/2706/2706
f 2616/2616/2616 2706/2706/2706 2719/2719/2719
f 2705/2705/2705 2706/2706/2706 2720/2720/2720
f 2701/2701/2701 2700/2700/2700 2721/2721/2721
f 2701/2701/2701 2721/2721/2721 2722/2722/2722
f 2724/2724/2724 2701/2701/2701 2723/2723/2723
f 2726/2726/2726 2725/2725/2725 2724/2724/2724
f 2673/2673/2673 2674/2674/2674 2727/2727/2727
f 2674/2674/2674 2728/2728/2728 2727/2727/2727
f 2727/2727/2727 2728/2728/2728 2729/2729/2729
f 2728/2728/2728 2730/2730/2730 2729/2729/2729
f 2681/2681/2681 2668/2668/2668 2656/2656/2656
f 2657/2657/2657 2681/2681/2681 2656/2656/2656
f 2659/2659/2659 2656/2656/2656 2663/2663/2663
f 2652/2652/2652 2655/2655/2655 2731/2731/2731
f 2659/2659/2659 2670/2670/2670 2732/2732/2732
f 2731/2731/2731 2655/2655/2655 2733/2733/2733
f 2732/2732/2732 2670/2670/2670 2671/2671/2671
f 2671/2671/2671 2724/2724/2724 2732/2732/2732
f 2723/2723/2723 2733/2733/2733 2724/2724/2724
f 2728/2728/2728 2734/2734/2734 2730/2730/2730
f 2724/2724/2724 2671/2671/2671 2726/2726/2726
f 2726/2726/2726 2671/2671/2671 2735/2735/2735
f 2647/2647/2647 2686/2686/2686 2649/2649/2649
f 2685/2685/2685 2682/2682/2682 2654/2654/2654
f 2649/2649/2649 2685/2685/2685 2654/2654/2654
f 2674/2674/2674 2646/2646/2646 2650/2650/2650
f 2736/2736/2736 2674/2674/2674 2650/2650/2650
f 2677/2677/2677 2735/2735/2735 2663/2663/2663
f 2672/2672/2672 2663/2663/2663 2735/2735/2735
f 2671/2671/2671 2672/2672/2672 2735/2735/2735
f 2736/2736/2736 2734/2734/2734 2728/2728/2728
f 2674/2674/2674 2736/2736/2736 2728/2728/2728
f 2737/2737/2737 2689/2689/2689 2691/2691/2691
f 2738/2738/2738 2737/2737/2737 2691/2691/2691
f 2665/2665/2665 2666/2666/2666 2739/2739/2739
f 2739/2739/2739 2740/2740/2740 2695/2695/2695
f 2695/2695/2695 2665/2665/2665 2739/2739/2739
f 2692/2692/2692 2739/2739/2739 2666/2666/2666
f 2740/2740/2740 2696/2696/2696 2695/2695/2695
f 2691/2691/2691 2703/2703/2703 2738/2738/2738
f 2699/2699/2699 2700/2700/2700 2698/2698/2698
f 2696/2696/2696 2699/2699/2699 2697/2697/2697
f 2703/2703/2703 2722/2722/2722 2738/2738/2738
f 2699/2699/2699 2741/2741/2741 2700/2700/2700
f 2722/2722/2722 2703/2703/2703 2701/2701/2701
f 2742/2742/2742 2722/2722/2722 2721/2721/2721
f 2721/2721/2721 2700/2700/2700 2741/2741/2741
f 2721/2721/2721 2741/2741/2741 2743/2743/2743
f 2743/2743/2743 2742/2742/2742 2721/2721/2721
f 2744/2744/2744 2641/2641/2641 2638/2638/2638
f 2634/2634/2634 2633/2633/2633 2745/2745/2745
f 2745/2745/2745 2746/2746/2746 2634/2634/2634
f 2641/2641/2641 2747/2747/2747 2643/2643/2643
f 2744/2744/2744 2747/2747/2747 2641/2641/2641
f 2629/2629/2629 2745/2745/2745 2633/2633/2633
f 2629/2629/2629 2633/2633/2633 2631/2631/2631
f 2644/2644/2644 2643/2643/2643 2747/2747/2747
f 2635/2635/2635 2634/2634/2634 2746/2746/2746
f 2638/2638/2638 2639/2639/2639 2748/2748/2748
f 2614/2614/2614 2615/2615/2615 2627/2627/2627
f 2617/2617/2617 2718/2718/2718 2620/2620/2620
f 2717/2717/2717 2749/2749/2749 2620/2620/2620
f 2718/2718/2718 2717/2717/2717 2620/2620/2620
f 2750/2750/2750 2715/2715/2715 2716/2716/2716
f 2751/2751/2751 2750/2750/2750 2716/2716/2716
f 2715/2715/2715 2750/2750/2750 2749/2749/2749
f 2717/2717/2717 2715/2715/2715 2749/2749/2749
f 2752/2752/2752 2751/2751/2751 2716/2716/2716
f 2712/2712/2712 2752/2752/2752 2716/2716/2716
f 2712/2712/2712 2754/2754/2754 2753/2753/2753
f 2752/2752/2752 2712/2712/2712 2753/2753/2753
f 2756/2756/2756 2755/2755/2755 2754/2754/2754
f 2757/2757/2757 2755/2755/2755 2756/2756/2756
f 2756/2756/2756 2711/2711/2711 2757/2757/2757
f 2758/2758/2758 2757/2757/2757 2711/2711/2711
f 2709/2709/2709 2758/2758/2758 2711/2711/2711
f 2760/2760/2760 2759/2759/2759 2708/2708/2708
f 2705/2705/2705 2760/2760/2760 2708/2708/2708
f 2708/2708/2708 2759/2759/2759 2758/2758/2758
f 2709/2709/2709 2708/2708/2708 2758/2758/2758
f 2761/2761/2761 2760/2760/2760 2705/2705/2705
f 2720/2720/2720 2761/2761/2761 2705/2705/2705
f 2762/2762/2762 2761/2761/2761 2720/2720/2720
f 2616/2616/2616 2762/2762/2762 2720/2720/2720
f 2616/2616/2616 2613/2613/2613 2762/2762/2762
f 2607/2607/2607 2763/2763/2763 2606/2606/2606
f 2606/2606/2606 2764/2764/2764 2608/2608/2608
f 2609/2609/2609 2763/2763/2763 2607/2607/2607
f 2763/2763/2763 2609/2609/2609 2611/2611/2611
f 2611/2611/2611 2765/2765/2765 2763/2763/2763
f 2623/2623/2623 2766/2766/2766 2625/2625/2625
f 2625/2625/2625 2766/2766/2766 2767/2767/2767
f 2770/2770/2770 2769/2769/2769 2768/2768/2768
f 2772/2772/2772 2771/2771/2771 2768/2768/2768
f 2768/2768/2768 2769/2769/2769 2772/2772/2772
f 2772/2772/2772 2773/2773/2773 2771/2771/2771
f 2773/2773/2773 2775/2775/2775 2774/2774/2774
f 2771/2771/2771 2773/2773/2773 2774/2774/2774
f 2775/2775/2775 2776/2776/2776 2774/2774/2774
f 2777/2777/2777 2774/2774/2774 2776/2776/2776
f 2776/2776/2776 2778/2778/2778 2777/2777/2777
f 2781/2781/2781 2780/2780/2780 2779/2779/2779
f 2782/2782/2782 2781/2781/2781 2779/2779/2779
f 2783/2783/2783 2781/2781/2781 2782/2782/2782
f 2785/2785/2785 2784/2784/2784 2783/2783/2783
f 2786/2786/2786 2785/2785/2785 2783/2783/2783
f 2787/2787/2787 2785/2785/2785 2786/2786/2786
f 2788/2788/2788 2785/2785/2785 2787/2787/2787
f 2789/2789/2789 2788/2788/2788 2787/2787/2787
f 2789/2789/2789 2790/2790/2790 2788/2788/2788
f 2791/2791/2791 2788/2788/2788 2790/2790/2790
f 2764/2764/2764 2791/2791/2791 2792/2792/2792
f 2790/2790/2790 2792/2792/2792 2791/2791/2791
f 2764/2764/2764 2792/2792/2792 2608/2608/2608
f 2793/2793/2793 2612/2612/2612 2610/2610/2610
f 2610/2610/2610 2794/2794/2794 2793/2793/2793
f 2793/2793/2793 2794/2794/2794 2795/2795/2795
f 2797/2797/2797 2786/2786/2786 2796/2796/2796
f 2783/2783/2783 2798/2798/2798 2796/2796/2796
f 2796/2796/2796 2786/2786/2786 2783/2783/2783
f 2782/2782/2782 2799/2799/2799 2798/2798/2798
f 2783/2783/2783 2782/2782/2782 2798/2798/2798
f 2801/2801/2801 2800/2800/2800 2755/2755/2755
f 2802/2802/2802 2800/2800/2800 2801/2801/2801
f 2805/2805/2805 2804/2804/2804 2803/2803/2803
f 2807/2807/2807 2806/2806/2806 2766/2766/2766
f 2766/2766/2766 2624/2624/2624 2807/2807/2807
f 2623/2623/2623 2624/2624/2624 2766/2766/2766
f 2808/2808/2808 2622/2622/2622 2625/2625/2625
f 2809/2809/2809 2808/2808/2808 2625/2625/2625
f 2808/2808/2808 2810/2810/2810 2622/2622/2622
f 2621/2621/2621 2622/2622/2622 2810/2810/2810
f 2790/2790/2790 2794/2794/2794 2792/2792/2792
f 2794/2794/2794 2790/2790/2790 2795/2795/2795
f 2608/2608/2608 2794/2794/2794 2610/2610/2610
f 2608/2608/2608 2792/2792/2792 2794/2794/2794
f 2812/2812/2812 2811/2811/2811 2790/2790/2790
f 2789/2789/2789 2812/2812/2812 2790/2790/2790
f 2787/2787/2787 2797/2797/2797 2812/2812/2812
f 2789/2789/2789 2787/2787/2787 2812/2812/2812
f 2797/2797/2797 2787/2787/2787 2786/2786/2786
f 2814/2814/2814 2813/2813/2813 2778/2778/2778
f 2776/2776/2776 2814/2814/2814 2778/2778/2778
f 2779/2779/2779 2799/2799/2799 2782/2782/2782
f 2815/2815/2815 2814/2814/2814 2776/2776/2776
f 2776/2776/2776 2775/2775/2775 2815/2815/2815
f 2816/2816/2816 2815/2815/2815 2775/2775/2775
f 2773/2773/2773 2816/2816/2816 2775/2775/2775
f 2817/2817/2817 2816/2816/2816 2773/2773/2773
f 2772/2772/2772 2817/2817/2817 2773/2773/2773
f 2769/2769/2769 2817/2817/2817 2772/2772/2772
f 2803/2803/2803 2817/2817/2817 2769/2769/2769
f 2805/2805/2805 2803/2803/2803 2769/2769/2769
f 2766/2766/2766 2806/2806/2806 2767/2767/2767
f 2770/2770/2770 2805/2805/2805 2769/2769/2769
f 2626/2626/2626 2636/2636/2636 2618/2618/2618
f 2627/2627/2627 2818/2818/2818 2614/2614/2614
f 2626/2626/2626 2627/2627/2627 2615/2615/2615
f 2645/2645/2645 2754/2754/2754 2712/2712/2712
f 2756/2756/2756 2754/2754/2754 2645/2645/2645
f 2756/2756/2756 2645/2645/2645 2711/2711/2711
f 2821/2821/2821 2820/2820/2820 2819/2819/2819
f 2821/2821/2821 2822/2822/2822 2820/2820/2820
f 2823/2823/2823 2822/2822/2822 2821/2821/2821
f 2822/2822/2822 2825/2825/2825 2824/2824/2824
f 2823/2823/2823 2825/2825/2825 2822/2822/2822
f 2828/2828/2828 2827/2827/2827 2826/2826/2826
f 2829/2829/2829 2828/2828/2828 2826/2826/2826
f 2832/2832/2832 2831/2831/2831 2830/2830/2830
f 2830/2830/2830 2833/2833/2833 2832/2832/2832
f 2836/2836/2836 2835/2835/2835 2834/2834/2834
f 2836/2836/2836 2834/2834/2834 2837/2837/2837
f 2838/2838/2838 2835/2835/2835 2836/2836/2836
f 2840/2840/2840 2839/2839/2839 2831/2831/2831
f 2832/2832/2832 2841/2841/2841 2840/2840/2840
f 2831/2831/2831 2832/2832/2832 2840/2840/2840
f 2844/2844/2844 2843/2843/2843 2842/2842/2842
f 2844/2844/2844 2846/2846/2846 2845/2845/2845
f 2847/2847/2847 2845/2845/2845 2846/2846/2846
f 2848/2848/2848 2845/2845/2845 2847/2847/2847
f 2850/2850/2850 2849/2849/2849 2848/2848/2848
f 2853/2853/2853 2852/2852/2852 2851/2851/2851
f 2854/2854/2854 2853/2853/2853 2851/2851/2851
f 2853/2853/2853 2854/2854/2854 2855/2855/2855
f 2854/2854/2854 2856/2856/2856 2855/2855/2855
f 2857/2857/2857 2855/2855/2855 2856/2856/2856
f 2858/2858/2858 2855/2855/2855 2857/2857/2857
f 2839/2839/2839 2848/2848/2848 2849/2849/2849
f 2861/2861/2861 2860/2860/2860 2859/2859/2859
f 2859/2859/2859 2860/2860/2860 2862/2862/2862
f 2859/2859/2859 2862/2862/2862 2863/2863/2863
f 2866/2866/2866 2865/2865/2865 2864/2864/2864
f 2867/2867/2867 2866/2866/2866 2862/2862/2862
f 2868/2868/2868 2865/2865/2865 2866/2866/2866
f 2871/2871/2871 2870/2870/2870 2869/2869/2869
f 2874/2874/2874 2873/2873/2873 2872/2872/2872
f 2876/2876/2876 2869/2869/2869 2875/2875/2875
f 2879/2879/2879 2878/2878/2878 2877/2877/2877
f 2880/2880/2880 2875/2875/2875 2869/2869/2869
f 2881/2881/2881 2880/2880/2880 2869/2869/2869
f 2875/2875/2875 2880/2880/2880 2882/2882/2882
f 2876/2876/2876 2875/2875/2875 2882/2882/2882
f 2885/2885/2885 2884/2884/2884 2883/2883/2883
f 2885/2885/2885 2883/2883/2883 2872/2872/2872
f 2872/2872/2872 2876/2876/2876 2885/2885/2885
f 2886/2886/2886 2861/2861/2861 2859/2859/2859
f 2887/2887/2887 2886/2886/2886 2859/2859/2859
f 2861/2861/2861 2889/2889/2889 2888/2888/2888
f 2860/2860/2860 2861/2861/2861 2888/2888/2888
f 2876/2876/2876 2882/2882/2882 2890/2890/2890
f 2891/2891/2891 2880/2880/2880 2881/2881/2881
f 2894/2894/2894 2893/2893/2893 2892/2892/2892
f 2897/2897/2897 2896/2896/2896 2895/2895/2895
f 2898/2898/2898 2897/2897/2897 2895/2895/2895
f 2888/2888/2888 2900/2900/2900 2899/2899/2899
f 2860/2860/2860 2888/2888/2888 2899/2899/2899
f 2903/2903/2903 2902/2902/2902 2901/2901/2901
f 2903/2903/2903 2904/2904/2904 2902/2902/2902
f 2879/2879/2879 2877/2877/2877 2905/2905/2905
f 2906/2906/2906 2903/2903/2903 2901/2901/2901
f 2907/2907/2907 2877/2877/2877 2878/2878/2878
f 2908/2908/2908 2907/2907/2907 2878/2878/2878
f 2907/2907/2907 2908/2908/2908 2909/2909/2909
f 2910/2910/2910 2907/2907/2907 2909/2909/2909
f 2911/2911/2911 2907/2907/2907 2910/2910/2910
f 2911/2911/2911 2910/2910/2910 2912/2912/2912
f 2914/2914/2914 2911/2911/2911 2913/2913/2913
f 2916/2916/2916 2915/2915/2915 2914/2914/2914
f 2904/2904/2904 2915/2915/2915 2916/2916/2916
f 2917/2917/2917 2915/2915/2915 2904/2904/2904
f 2906/2906/2906 2917/2917/2917 2904/2904/2904
f 2903/2903/2903 2906/2906/2906 2904/2904/2904
f 2920/2920/2920 2919/2919/2919 2918/2918/2918
f 2918/2918/2918 2921/2921/2921 2920/2920/2920
f 2922/2922/2922 2920/2920/2920 2921/2921/2921
f 2924/2924/2924 2923/2923/2923 2920/2920/2920
f 2922/2922/2922 2924/2924/2924 2920/2920/2920
f 2858/2858/2858 2923/2923/2923 2924/2924/2924
f 2926/2926/2926 2858/2858/2858 2925/2925/2925
f 2929/2929/2929 2928/2928/2928 2927/2927/2927
f 2929/2929/2929 2927/2927/2927 2926/2926/2926
f 2925/2925/2925 2929/2929/2929 2926/2926/2926
f 2927/2927/2927 2928/2928/2928 2930/2930/2930
f 2930/2930/2930 2850/2850/2850 2927/2927/2927
f 2931/2931/2931 2850/2850/2850 2930/2930/2930
f 2830/2830/2830 2850/2850/2850 2931/2931/2931
f 2849/2849/2849 2850/2850/2850 2830/2830/2830
f 2831/2831/2831 2849/2849/2849 2830/2830/2830
f 2839/2839/2839 2828/2828/2828 2932/2932/2932
f 2828/2828/2828 2829/2829/2829 2932/2932/2932
f 2829/2829/2829 2933/2933/2933 2919/2919/2919
f 2829/2829/2829 2919/2919/2919 2932/2932/2932
f 2918/2918/2918 2919/2919/2919 2933/2933/2933
f 2914/2914/2914 2913/2913/2913 2934/2934/2934
f 2914/2914/2914 2934/2934/2934 2935/2935/2935
f 2937/2937/2937 2914/2914/2914 2936/2936/2936
f 2939/2939/2939 2938/2938/2938 2937/2937/2937
f 2886/2886/2886 2887/2887/2887 2940/2940/2940
f 2887/2887/2887 2941/2941/2941 2940/2940/2940
f 2940/2940/2940 2941/2941/2941 2942/2942/2942
f 2941/2941/2941 2943/2943/2943 2942/2942/2942
f 2894/2894/2894 2881/2881/2881 2869/2869/2869
f 2870/2870/2870 2894/2894/2894 2869/2869/2869
f 2872/2872/2872 2869/2869/2869 2876/2876/2876
f 2865/2865/2865 2868/2868/2868 2944/2944/2944
f 2872/2872/2872 2883/2883/2883 2945/2945/2945
f 2944/2944/2944 2868/2868/2868 2946/2946/2946
f 2945/2945/2945 2883/2883/2883 2884/2884/2884
f 2884/2884/2884 2937/2937/2937 2945/2945/2945
f 2936/2936/2936 2946/2946/2946 2937/2937/2937
f 2941/2941/2941 2947/2947/2947 2943/2943/2943
f 2937/2937/2937 2884/2884/2884 2939/2939/2939
f 2939/2939/2939 2884/2884/2884 2948/2948/2948
f 2860/2860/2860 2899/2899/2899 2862/2862/2862
f 2898/2898/2898 2895/2895/2895 2867/2867/2867
f 2862/2862/2862 2898/2898/2898 2867/2867/2867
f 2887/2887/2887 2859/2859/2859 2863/2863/2863
f 2949/2949/2949 2887/2887/2887 2863/2863/2863
f 2890/2890/2890 2948/2948/2948 2876/2876/2876
f 2885/2885/2885 2876/2876/2876 2948/2948/2948
f 2884/2884/2884 2885/2885/2885 2948/2948/2948
f 2949/2949/2949 2947/2947/2947 2941/2941/2941
f 2887/2887/2887 2949/2949/2949 2941/2941/2941
f 2950/2950/2950 2902/2902/2902 2904/2904/2904
f 2951/2951/2951 2950/2950/2950 2904/2904/2904
f 2878/2878/2878 2879/2879/2879 2952/2952/2952
f 2952/2952/2952 2953/2953/2953 2908/2908/2908
f 2908/2908/2908 2878/2878/2878 2952/2952/2952
f 2905/2905/2905 2952/2952/2952 2879/2879/2879
f 2953/2953/2953 2909/2909/2909 2908/2908/2908
f 2904/2904/2904 2916/2916/2916 2951/2951/2951
f 2912/2912/2912 2913/2913/2913 2911/2911/2911
f 2909/2909/2909 2912/2912/2912 2910/2910/2910
f 2916/2916/2916 2935/2935/2935 2951/2951/2951
f 2912/2912/2912 2954/2954/2954 2913/2913/2913
f 2935/2935/2935 2916/2916/2916 2914/2914/2914
f 2955/2955/2955 2935/2935/2935 2934/2934/2934
f 2934/2934/2934 2913/2913/2913 2954/2954/2954
f 2934/2934/2934 2954/2954/2954 2956/2956/2956
f 2956/2956/2956 2955/2955/2955 2934/2934/2934
f 2957/2957/2957 2854/2854/2854 2851/2851/2851
f 2847/2847/2847 2846/2846/2846 2958/2958/2958
f 2958/2958/2958 2959/2959/2959 2847/2847/2847
f 2854/2854/2854 2960/2960/2960 2856/2856/2856
f 2957/2957/2957 2960/2960/2960 2854/2854/2854
f 2842/2842/2842 2958/2958/2958 2846/2846/2846
f 2842/2842/2842 2846/2846/2846 2844/2844/2844
f 2857/2857/2857 2856/2856/2856 2960/2960/2960
f 2848/2848/2848 2847/2847/2847 2959/2959/2959
f 2851/2851/2851 2852/2852/2852 2961/2961/2961
f 2827/2827/2827 2828/2828/2828 2840/2840/2840
f 2830/2830/2830 2931/2931/2931 2833/2833/2833
f 2930/2930/2930 2962/2962/2962 2833/2833/2833
f 2931/2931/2931 2930/2930/2930 2833/2833/2833
f 2963/2963/2963 2928/2928/2928 2929/2929/2929
f 2964/2964/2964 2963/2963/2963 2929/2929/2929
f 2928/2928/2928 2963/2963/2963 2962/2962/2962
f 2930/2930/2930 2928/2928/2928 2962/2962/2962
f 2965/2965/2965 2964/2964/2964 2929/2929/2929
f 2925/2925/2925 2965/2965/2965 2929/2929/2929
f 2925/2925/2925 2967/2967/2967 2966/2966/2966
f 2965/2965/2965 2925/2925/2925 2966/2966/2966
f 2969/2969/2969 2968/2968/2968 2967/2967/2967
f 2970/2970/2970 2968/2968/2968 2969/2969/2969
f 2969/2969/2969 2924/2924/2924 2970/2970/2970
f 2971/2971/2971 2970/2970/2970 2924/2924/2924
f 2922/2922/2922 2971/2971/2971 2924/2924/2924
f 2973/2973/2973 2972/2972/2972 2921/2921/2921
f 2918/2918/2918 2973/2973/2973 2921/2921/2921
f 2921/2921/2921 2972/2972/2972 2971/2971/2971
f 2922/2922/2922 2921/2921/2921 2971/2971/2971
f 2974/2974/2974 2973/2973/2973 2918/2918/2918
f 2933/2933/2933 2974/2974/2974 2918/2918/2918
f 2975/2975/2975 2974/2974/2974 2933/2933/2933
f 2829/2829/2829 2975/2975/2975 2933/2933/2933
f 2829/2829/2829 2826/2826/2826 2975/2975/2975
f 2820/2820/2820 2976/2976/2976 2819/2819/2819
f 2819/2819/2819 2977/2977/2977 2821/2821/2821
f 2822/2822/2822 2976/2976/2976 2820/2820/2820
f 2976/2976/2976 2822/2822/2822 2824/2824/2824
f 2824/2824/2824 2978/2978/2978 2976/2976/2976
f 2836/2836/2836 2979/2979/2979 2838/2838/2838
f 2838/2838/2838 2979/2979/2979 2980/2980/2980
f 2983/2983/2983 2982/2982/2982 2981/2981/2981
f 2985/2985/2985 2984/2984/2984 2981/2981/2981
f 2981/2981/2981 2982/2982/2982 2985/2985/2985
f 2985/2985/2985 2986/2986/2986 2984/2984/2984
f 2986/2986/2986 2988/2988/2988 2987/2987/2987
f 2984/2984/2984 2986/2986/2986 2987/2987/2987
f 2988/2988/2988 2989/2989/2989 2987/2987/2987
f 2990/2990/2990 2987/2987/2987 2989/2989/2989
f 2989/2989/2989 2991/2991/2991 2990/2990/2990
f 2994/2994/2994 2993/2993/2993 2992/2992/2992
f 2995/2995/2995 2994/2994/2994 2992/2992/2992
f 2996/2996/2996 2994/2994/2994 2995/2995/2995
f 2998/2998/2998 2997/2997/2997 2996/2996/2996
f 2999/2999/2999 2998/2998/2998 2996/2996/2996
f 3000/3000/3000 2998/2998/2998 2999/2999/2999
f 3001/3001/3001 2998/2998/2998 3000/3000/3000
f 3002/3002/3002 3001/3001/3001 3000/3000/3000
f 3002/3002/3002 3003/3003/3003 3001/3001/3001
f 3004/3004/3004 3001/3001/3001 3003/3003/3003
f 2977/2977/2977 3004/3004/3004 3005/3005/3005
f 3003/3003/3003 3005/3005/3005 3004/3004/3004
f 2977/2977/2977 3005/3005/3005 2821/2821/2821
f 3006/3006/3006 2825/2825/2825 2823/2823/2823
f 2823/2823/2823 3007/3007/3007 3006/3006/3006
f 3006/3006/3006 3007/3007/3007 3008/3008/3008
f 3010/3010/3010 2999/2999/2999 3009/3009/3009
f 2996/2996/2996 3011/3011/3011 3009/3009/3009
f 3009/3009/3009 2999/2999/2999 2996/2996/2996
f 2995/2995/2995 3012/3012/3012 3011/3011/3011
f 2996/2996/2996 2995/2995/2995 3011/3011/3011
f 3014/3014/3014 3013/3013/3013 2968/2968/2968
f 3015/3015/3015 3013/3013/3013 3014/3014/3014
f 3018/3018/3018 3017/3017/3017 3016/3016/3016
f 3020/3020/3020 3019/3019/3019 2979/2979/2979
f 2979/2979/2979 2837/2837/2837 3020/3020/3020
f 2836/2836/2836 2837/2837/2837 2979/2979/2979
f 3021/3021/3021 2835/2835/2835 2838/2838/2838
f 3022/3022/3022 3021/3021/3021 2838/2838/2838
f 3021/3021/3021 3023/3023/3023 2835/2835/2835
f 2834/2834/2834 2835/2835/2835 3023/3023/3023
f 3003/3003/3003 3007/3007/3007 3005/3005/3005
f 3007/3007/3007 3003/3003/3003 3008/3008/3008
f 2821/2821/2821 3007/3007/3007 2823/2823/2823
f 2821/2821/2821 3005/3005/3005 3007/3007/3007
f 3025/3025/3025 3024/3024/3024 3003/3003/3003
f 3002/3002/3002 3025/3025/3025 3003/3003/3003
f 3000/3000/3000 3010/3010/3010 3025/3025/3025
f 3002/3002/3002 3000/3000/3000 3025/3025/3025
f 3010/3010/3010 3000/3000/3000 2999/2999/2999
f 3027/3027/3027 3026/3026/3026 2991/2991/2991
f 2989/2989/2989 3027/3027/3027 2991/2991/2991
f 2992/2992/2992 3012/3012/3012 2995/2995/2995
f 3028/3028/3028 3027/3027/3027 2989/2989/2989
f 2989/2989/2989 2988/2988/2988 3028/3028/3028
f 3029/3029/3029 3028/3028/3028 2988/2988/2988
f 2986/2986/2986 3029/3029/3029 2988/2988/2988
f 3030/3030/3030 3029/3029/3029 2986/2986/2986
f 2985/2985/2985 3030/3030/3030 2986/2986/2986
f 2982/2982/2982 3030/3030/3030 2985/2985/2985
f 3016/3016/3016 3030/3030/3030 2982/2982/2982
f 3018/3018/3018 3016/3016/3016 2982/2982/2982
f 2979/2979/2979 3019/3019/3019 2980/2980/2980
f 2983/2983/2983 3018/3018/3018 2982/2982/2982
f 2839/2839/2839 2849/2849/2849 2831/2831/2831
f 2840/2840/2840 3031/3031/3031 2827/2827/2827
f 2839/2839/2839 2840/2840/2840 2828/2828/2828
f 2858/2858/2858 2967/2967/2967 2925/2925/2925
f 2969/2969/2969 2967/2967/2967 2858/2858/2858
f 2969/2969/2969 2858/2858/2858 2924/2924/2924
