mtllib leave-3.mtl
v -48.4878 16.99991 -0.6106942
v -50.784 16.99991 -0.1540935
v -50.784 21.99991 -0.1540931
v -48.4878 21.99991 -0.6106937
v -52.7304 16.99991 1.146708
v -52.7304 21.99991 1.146708
v -54.0312 16.99991 3.093109
v -54.0312 21.99991 3.09311
v -54.48781 16.99991 5.389312
v -54.48781 21.99991 5.389312
v -54.0312 16.99991 7.685514
v -54.0312 21.99991 7.685514
v -52.7304 16.99991 9.631916
v -52.7304 21.99991 9.631916
v -50.784 16.99991 10.93272
v -50.784 21.99991 10.93272
v -48.4878 16.99991 11.38932
v -48.4878 21.99991 11.38932
v -46.1916 16.99991 10.93272
v -46.1916 21.99991 10.93272
v -44.2452 16.99991 9.631916
v -44.2452 21.99991 9.631916
v -42.9444 16.99991 7.685514
v -42.9444 21.99991 7.685514
v -42.48779 16.99991 5.389312
v -42.48779 21.99991 5.389312
v -42.9444 16.99991 3.093109
v -42.9444 21.99991 3.09311
v -44.2452 16.99991 1.146708
v -44.2452 21.99991 1.146708
v -46.1916 16.99991 -0.1540935
v -46.1916 21.99991 -0.1540931
v -48.4878 16.99991 -2.610696
v -51.5494 16.99991 -2.001895
v -51.5494 21.99991 -2.001895
v -48.4878 21.99991 -2.610696
v -54.14461 16.99991 -0.2674936
v -54.14461 21.99991 -0.2674932
v -55.87901 16.99991 2.327709
v -55.87901 21.99991 2.327709
v -56.48781 16.99991 5.389312
v -56.48781 21.99991 5.389312
v -55.87901 16.99991 8.450914
v -55.87901 21.99991 8.450915
v -54.14461 16.99991 11.04612
v -54.14461 21.99991 11.04612
v -51.5494 16.99991 12.78052
v -51.5494 21.99991 12.78052
v -48.4878 16.99991 13.38932
v -48.4878 21.99991 13.38932
v -45.4262 16.99991 12.78052
v -45.4262 21.99991 12.78052
v -42.83099 16.99991 11.04612
v -42.83099 21.99991 11.04612
v -41.09659 16.99991 8.450914
v -41.09659 21.99991 8.450915
v -40.48779 16.99991 5.389312
v -40.48779 21.99991 5.389312
v -41.09659 16.99991 2.327709
v -41.09659 21.99991 2.327709
v -42.83099 16.99991 -0.2674936
v -42.83099 21.99991 -0.2674932
v -45.4262 16.99991 -2.001895
v -45.4262 21.99991 -2.001895
v -56.48781 16.99991 5.389312
v -54.48781 16.99991 5.389312
v -54.0312 16.99991 7.685514
v -55.87901 16.99991 8.450914
v -52.7304 16.99991 9.631916
v -54.14461 16.99991 11.04612
v -50.784 16.99991 10.93272
v -51.5494 16.99991 12.78052
v -48.4878 16.99991 11.38932
v -48.4878 16.99991 13.38932
v -46.1916 16.99991 10.93272
v -45.4262 16.99991 12.78052
v -44.2452 16.99991 9.631916
v -42.83099 16.99991 11.04612
v -42.9444 16.99991 7.685514
v -41.09659 16.99991 8.450914
v -42.48779 16.99991 5.389312
v -40.48779 16.99991 5.389312
v -42.9444 16.99991 3.093109
v -41.09659 16.99991 2.327709
v -44.2452 16.99991 1.146708
v -42.83099 16.99991 -0.2674936
v -46.1916 16.99991 -0.1540935
v -45.4262 16.99991 -2.001895
v -48.4878 16.99991 -0.6106942
v -48.4878 16.99991 -2.610696
v -50.784 16.99991 -0.1540935
v -51.5494 16.99991 -2.001895
v -52.7304 16.99991 1.146708
v -54.14461 16.99991 -0.2674936
v -54.0312 16.99991 3.093109
v -55.87901 16.99991 2.327709
v 11.51226 16.99991 -0.6106942
v 9.216055 16.99991 -0.1540935
v 9.216055 21.99991 -0.1540931
v 11.51226 21.99991 -0.6106937
v 7.269653 16.99991 1.146708
v 7.269653 21.99991 1.146708
v 5.968852 16.99991 3.093109
v 5.968852 21.99991 3.09311
v 5.512251 16.99991 5.389312
v 5.512251 21.99991 5.389312
v 5.968852 16.99991 7.685514
v 5.968852 21.99991 7.685514
v 7.269653 16.99991 9.631916
v 7.269653 21.99991 9.631916
v 9.216055 16.99991 10.93272
v 9.216055 21.99991 10.93272
v 11.51226 16.99991 11.38932
v 11.51226 21.99991 11.38932
v 13.80846 16.99991 10.93272
v 13.80846 21.99991 10.93272
v 15.75486 16.99991 9.631916
v 15.75486 21.99991 9.631916
v 17.05566 16.99991 7.685514
v 17.05566 21.99991 7.685514
v 17.51226 16.99991 5.389312
v 17.51226 21.99991 5.389312
v 17.05566 16.99991 3.093109
v 17.05566 21.99991 3.09311
v 15.75486 16.99991 1.146708
v 15.75486 21.99991 1.146708
v 13.80846 16.99991 -0.1540935
v 13.80846 21.99991 -0.1540931
v 11.51226 16.99991 -2.610696
v 8.450654 16.99991 -2.001895
v 8.450654 21.99991 -2.001895
v 11.51226 21.99991 -2.610696
v 5.855452 16.99991 -0.2674936
v 5.855452 21.99991 -0.2674932
v 4.121048 16.99991 2.327709
v 4.121048 21.99991 2.327709
v 3.512249 16.99991 5.389312
v 3.512249 21.99991 5.389312
v 4.121048 16.99991 8.450914
v 4.121048 21.99991 8.450915
v 5.855452 16.99991 11.04612
v 5.855452 21.99991 11.04612
v 8.450654 16.99991 12.78052
v 8.450654 21.99991 12.78052
v 11.51226 16.99991 13.38932
v 11.51226 21.99991 13.38932
v 14.57386 16.99991 12.78052
v 14.57386 21.99991 12.78052
v 17.16906 16.99991 11.04612
v 17.16906 21.99991 11.04612
v 18.90346 16.99991 8.450914
v 18.90346 21.99991 8.450915
v 19.51226 16.99991 5.389312
v 19.51226 21.99991 5.389312
v 18.90346 16.99991 2.327709
v 18.90346 21.99991 2.327709
v 17.16906 16.99991 -0.2674936
v 17.16906 21.99991 -0.2674932
v 14.57386 16.99991 -2.001895
v 14.57386 21.99991 -2.001895
v 3.512249 16.99991 5.389312
v 5.512251 16.99991 5.389312
v 5.968852 16.99991 7.685514
v 4.121048 16.99991 8.450914
v 7.269653 16.99991 9.631916
v 5.855452 16.99991 11.04612
v 9.216055 16.99991 10.93272
v 8.450654 16.99991 12.78052
v 11.51226 16.99991 11.38932
v 11.51226 16.99991 13.38932
v 13.80846 16.99991 10.93272
v 14.57386 16.99991 12.78052
v 15.75486 16.99991 9.631916
v 17.16906 16.99991 11.04612
v 17.05566 16.99991 7.685514
v 18.90346 16.99991 8.450914
v 17.51226 16.99991 5.389312
v 19.51226 16.99991 5.389312
v 17.05566 16.99991 3.093109
v 18.90346 16.99991 2.327709
v 15.75486 16.99991 1.146708
v 17.16906 16.99991 -0.2674936
v 13.80846 16.99991 -0.1540935
v 14.57386 16.99991 -2.001895
v 11.51226 16.99991 -0.6106942
v 11.51226 16.99991 -2.610696
v 9.216055 16.99991 -0.1540935
v 8.450654 16.99991 -2.001895
v 7.269653 16.99991 1.146708
v 5.855452 16.99991 -0.2674936
v 5.968852 16.99991 3.093109
v 4.121048 16.99991 2.327709
v -48.4878 24.99991 1.389308
v -50.0186 24.99991 1.693709
v -50.0186 21.99991 1.693708
v -48.4878 21.99991 1.389308
v -51.3162 24.99991 2.56091
v -51.3162 21.99991 2.56091
v -52.1834 24.99991 3.858511
v -52.1834 21.99991 3.85851
v -52.4878 24.99991 5.389312
v -52.4878 21.99991 5.389312
v -52.1834 24.99991 6.920114
v -52.1834 21.99991 6.920114
v -51.3162 24.99991 8.217715
v -51.3162 21.99991 8.217714
v -50.0186 24.99991 9.084916
v -50.0186 21.99991 9.084915
v -48.4878 24.99991 9.389317
v -48.4878 21.99991 9.389316
v -46.957 24.99991 9.084916
v -46.957 21.99991 9.084915
v -45.6594 24.99991 8.217715
v -45.6594 21.99991 8.217714
v -44.7922 24.99991 6.920114
v -44.7922 21.99991 6.920114
v -44.4878 24.99991 5.389312
v -44.4878 21.99991 5.389312
v -44.7922 24.99991 3.858511
v -44.7922 21.99991 3.85851
v -45.6594 24.99991 2.56091
v -45.6594 21.99991 2.56091
v -46.957 24.99991 1.693709
v -46.957 21.99991 1.693708
v -28.48778 24.99991 -18.61071
v -30.01858 24.99991 -18.30631
v -30.01858 21.99991 -18.30631
v -28.48778 21.99991 -18.61071
v -31.31618 24.99991 -17.43911
v -31.31618 21.99991 -17.43911
v -32.18338 24.99991 -16.14151
v -32.18338 21.99991 -16.14151
v -32.48779 24.99991 -14.61071
v -32.48779 21.99991 -14.61071
v -32.18338 24.99991 -13.07991
v -32.18338 21.99991 -13.07991
v -31.31618 24.99991 -11.7823
v -31.31618 21.99991 -11.7823
v -30.01858 24.99991 -10.9151
v -30.01858 21.99991 -10.9151
v -28.48778 24.99991 -10.6107
v -28.48778 21.99991 -10.6107
v -26.95698 24.99991 -10.9151
v -26.95698 21.99991 -10.9151
v -25.65938 24.99991 -11.7823
v -25.65938 21.99991 -11.7823
v -24.79218 24.99991 -13.07991
v -24.79218 21.99991 -13.07991
v -24.48778 24.99991 -14.61071
v -24.48778 21.99991 -14.61071
v -24.79218 24.99991 -16.14151
v -24.79218 21.99991 -16.14151
v -25.65938 24.99991 -17.43911
v -25.65938 21.99991 -17.43911
v -26.95698 24.99991 -18.30631
v -26.95698 21.99991 -18.30631
v -28.48778 24.99991 21.38933
v -30.01858 24.99991 21.69373
v -30.01858 21.99991 21.69373
v -28.48778 21.99991 21.38933
v -31.31618 24.99991 22.56093
v -31.31618 21.99991 22.56093
v -32.18338 24.99991 23.85853
v -32.18338 21.99991 23.85853
v -32.48779 24.99991 25.38933
v -32.48779 21.99991 25.38933
v -32.18338 24.99991 26.92013
v -32.18338 21.99991 26.92013
v -31.31618 24.99991 28.21773
v -31.31618 21.99991 28.21773
v -30.01858 24.99991 29.08494
v -30.01858 21.99991 29.08493
v -28.48778 24.99991 29.38934
v -28.48778 21.99991 29.38934
v -26.95698 24.99991 29.08494
v -26.95698 21.99991 29.08493
v -25.65938 24.99991 28.21773
v -25.65938 21.99991 28.21773
v -24.79218 24.99991 26.92013
v -24.79218 21.99991 26.92013
v -24.48778 24.99991 25.38933
v -24.48778 21.99991 25.38933
v -24.79218 24.99991 23.85853
v -24.79218 21.99991 23.85853
v -25.65938 24.99991 22.56093
v -25.65938 21.99991 22.56093
v -26.95698 24.99991 21.69373
v -26.95698 21.99991 21.69373
v -8.487762 24.99991 -18.61071
v -10.01856 24.99991 -18.30631
v -10.01856 21.99991 -18.30631
v -8.487762 21.99991 -18.61071
v -11.31616 24.99991 -17.43911
v -11.31616 21.99991 -17.43911
v -12.18336 24.99991 -16.14151
v -12.18336 21.99991 -16.14151
v -12.48777 24.99991 -14.61071
v -12.48777 21.99991 -14.61071
v -12.18336 24.99991 -13.07991
v -12.18336 21.99991 -13.07991
v -11.31616 24.99991 -11.7823
v -11.31616 21.99991 -11.7823
v -10.01856 24.99991 -10.9151
v -10.01856 21.99991 -10.9151
v -8.487762 24.99991 -10.6107
v -8.487762 21.99991 -10.6107
v -6.956961 24.99991 -10.9151
v -6.956961 21.99991 -10.9151
v -5.65936 24.99991 -11.7823
v -5.65936 21.99991 -11.7823
v -4.792161 24.99991 -13.07991
v -4.792161 21.99991 -13.07991
v -4.487759 24.99991 -14.61071
v -4.487759 21.99991 -14.61071
v -4.792161 24.99991 -16.14151
v -4.792161 21.99991 -16.14151
v -5.65936 24.99991 -17.43911
v -5.65936 21.99991 -17.43911
v -6.956961 24.99991 -18.30631
v -6.956961 21.99991 -18.30631
v -8.487762 24.99991 21.38933
v -10.01856 24.99991 21.69373
v -10.01856 21.99991 21.69373
v -8.487762 21.99991 21.38933
v -11.31616 24.99991 22.56093
v -11.31616 21.99991 22.56093
v -12.18336 24.99991 23.85853
v -12.18336 21.99991 23.85853
v -12.48777 24.99991 25.38933
v -12.48777 21.99991 25.38933
v -12.18336 24.99991 26.92013
v -12.18336 21.99991 26.92013
v -11.31616 24.99991 28.21773
v -11.31616 21.99991 28.21773
v -10.01856 24.99991 29.08494
v -10.01856 21.99991 29.08493
v -8.487762 24.99991 29.38934
v -8.487762 21.99991 29.38934
v -6.956961 24.99991 29.08494
v -6.956961 21.99991 29.08493
v -5.65936 24.99991 28.21773
v -5.65936 21.99991 28.21773
v -4.792161 24.99991 26.92013
v -4.792161 21.99991 26.92013
v -4.487759 24.99991 25.38933
v -4.487759 21.99991 25.38933
v -4.792161 24.99991 23.85853
v -4.792161 21.99991 23.85853
v -5.65936 24.99991 22.56093
v -5.65936 21.99991 22.56093
v -6.956961 24.99991 21.69373
v -6.956961 21.99991 21.69373
v 11.51226 24.99991 1.389308
v 9.981455 24.99991 1.693709
v 9.981455 21.99991 1.693708
v 11.51226 21.99991 1.389308
v 8.683854 24.99991 2.56091
v 8.683854 21.99991 2.56091
v 7.816655 24.99991 3.858511
v 7.816655 21.99991 3.85851
v 7.512253 24.99991 5.389312
v 7.512253 21.99991 5.389312
v 7.816655 24.99991 6.920114
v 7.816655 21.99991 6.920114
v 8.683854 24.99991 8.217715
v 8.683854 21.99991 8.217714
v 9.981455 24.99991 9.084916
v 9.981455 21.99991 9.084915
v 11.51226 24.99991 9.389317
v 11.51226 21.99991 9.389316
v 13.04306 24.99991 9.084916
v 13.04306 21.99991 9.084915
v 14.34066 24.99991 8.217715
v 14.34066 21.99991 8.217714
v 15.20786 24.99991 6.920114
v 15.20786 21.99991 6.920114
v 15.51226 24.99991 5.389312
v 15.51226 21.99991 5.389312
v 15.20786 24.99991 3.858511
v 15.20786 21.99991 3.85851
v 14.34066 24.99991 2.56091
v 14.34066 21.99991 2.56091
v 13.04306 24.99991 1.693709
v 13.04306 21.99991 1.693708
v -48.4878 21.99991 -4.610698
v -48.4878 24.99991 -4.610697
v -52.3148 24.99991 -3.849697
v -52.3148 21.99991 -3.849697
v -55.55881 24.99991 -1.681694
v -55.55881 21.99991 -1.681694
v -57.72681 24.99991 1.562309
v -57.72681 21.99991 1.562308
v -58.48781 24.99991 5.389312
v -58.48781 21.99991 5.389312
v -57.72681 24.99991 9.216316
v -57.72681 21.99991 9.216315
v -55.55881 24.99991 12.46032
v -55.55881 21.99991 12.46032
v -52.3148 24.99991 14.62832
v -52.3148 21.99991 14.62832
v -48.4878 24.99991 15.38932
v -48.4878 21.99991 15.38932
v -44.8078 24.99991 14.66932
v -44.8078 21.99991 14.66932
v -44.8078 21.99991 14.66932
v -44.8078 24.99991 14.66932
v -34.41779 24.99991 25.05933
v -34.41779 21.99991 25.05933
v -34.41779 21.99991 25.05933
v -34.41779 24.99991 25.05933
v -34.48779 24.99991 25.38933
v -34.48779 21.99991 25.38933
v -28.48778 21.99991 19.38933
v -28.48778 24.99991 19.38933
v -26.19158 24.99991 19.84593
v -26.19158 21.99991 19.84593
v -24.24518 24.99991 21.14673
v -24.24518 21.99991 21.14673
v -22.94438 24.99991 23.09313
v -22.94438 21.99991 23.09313
v -22.48778 24.99991 25.38933
v -22.48778 21.99991 25.38933
v -22.94438 24.99991 27.68553
v -22.94438 21.99991 27.68553
v -24.24518 24.99991 29.63194
v -24.24518 21.99991 29.63194
v -26.19158 24.99991 30.93274
v -26.19158 21.99991 30.93274
v -28.48778 24.99991 31.38934
v -28.48778 21.99991 31.38934
v -30.78398 24.99991 30.93274
v -30.78398 21.99991 30.93274
v -32.73038 24.99991 29.63194
v -32.73038 21.99991 29.63194
v -34.03119 24.99991 27.68553
v -34.03119 21.99991 27.68553
v -28.81778 24.99991 19.45933
v -28.81778 21.99991 19.45933
v -28.81778 21.99991 19.45933
v -28.81778 24.99991 19.45933
v -38.88779 24.99991 9.389317
v -38.88779 21.99991 9.389316
v -38.88779 21.99991 9.389316
v -38.88779 24.99991 9.389317
v -30.08778 24.99991 9.389317
v -30.08778 21.99991 9.389316
v -30.08778 21.99991 9.389316
v -30.08778 24.99991 9.389317
v -14.41777 24.99991 25.05933
v -14.41777 21.99991 25.05933
v -14.41777 21.99991 25.05933
v -14.41777 24.99991 25.05933
v -14.48777 24.99991 25.38933
v -14.48777 21.99991 25.38933
v -8.487762 21.99991 19.38933
v -8.487762 24.99991 19.38933
v -6.19156 24.99991 19.84593
v -6.19156 21.99991 19.84593
v -4.245159 24.99991 21.14673
v -4.245159 21.99991 21.14673
v -2.944357 24.99991 23.09313
v -2.944357 21.99991 23.09313
v -2.487757 24.99991 25.38933
v -2.487757 21.99991 25.38933
v -2.944357 24.99991 27.68553
v -2.944357 21.99991 27.68553
v -4.245159 24.99991 29.63194
v -4.245159 21.99991 29.63194
v -6.19156 24.99991 30.93274
v -6.19156 21.99991 30.93274
v -8.487762 24.99991 31.38934
v -8.487762 21.99991 31.38934
v -10.78396 24.99991 30.93274
v -10.78396 21.99991 30.93274
v -12.73037 24.99991 29.63194
v -12.73037 21.99991 29.63194
v -14.03117 24.99991 27.68553
v -14.03117 21.99991 27.68553
v -8.817764 24.99991 19.45933
v -8.817764 21.99991 19.45933
v -8.817764 21.99991 19.45933
v -8.817764 24.99991 19.45933
v -18.88777 24.99991 9.389317
v -18.88777 21.99991 9.389316
v -18.88777 21.99991 9.389316
v -18.88777 24.99991 9.389317
v 4.81225 24.99991 9.389317
v 4.81225 21.99991 9.389316
v 4.81225 21.99991 9.389316
v 4.81225 24.99991 9.389317
v 5.912253 24.99991 10.98932
v 5.912253 21.99991 10.98932
v 11.51226 24.99991 13.38932
v 8.450654 24.99991 12.78052
v 5.855452 24.99991 11.04612
v 11.51226 24.99991 -2.610695
v 14.57386 24.99991 -2.001895
v 17.16906 24.99991 -0.2674929
v 18.90346 24.99991 2.327709
v 19.51226 24.99991 5.389312
v 18.90346 24.99991 8.450915
v 17.16906 24.99991 11.04612
v 14.57386 24.99991 12.78052
v 8.450654 24.99991 -2.001895
v 5.855452 24.99991 -0.2674929
v 5.912253 21.99991 -0.2106932
v 5.912253 24.99991 -0.210693
v 4.81225 24.99991 1.389308
v 4.81225 21.99991 1.389308
v 4.81225 21.99991 1.389308
v 4.81225 24.99991 1.389308
v -18.88777 24.99991 1.389308
v -18.88777 21.99991 1.389308
v -18.88777 21.99991 1.389308
v -18.88777 24.99991 1.389308
v -8.817764 24.99991 -8.680701
v -8.817764 21.99991 -8.680701
v -8.817764 21.99991 -8.680701
v -8.817764 24.99991 -8.680701
v -8.487762 24.99991 -8.610701
v -8.487762 21.99991 -8.610702
v -6.19156 24.99991 -9.067302
v -6.19156 21.99991 -9.067302
v -4.245159 24.99991 -10.3681
v -4.245159 21.99991 -10.3681
v -2.944357 24.99991 -12.3145
v -2.944357 21.99991 -12.3145
v -2.487757 24.99991 -14.61071
v -2.487757 21.99991 -14.61071
v -2.944357 24.99991 -16.90691
v -2.944357 21.99991 -16.90691
v -4.245159 24.99991 -18.85331
v -4.245159 21.99991 -18.85331
v -6.19156 24.99991 -20.15411
v -6.19156 21.99991 -20.15411
v -8.487762 24.99991 -20.61071
v -8.487762 21.99991 -20.61071
v -10.78396 24.99991 -20.15411
v -10.78396 21.99991 -20.15411
v -12.73037 24.99991 -18.85331
v -12.73037 21.99991 -18.85331
v -14.03117 24.99991 -16.90691
v -14.03117 21.99991 -16.90691
v -14.48777 24.99991 -14.61071
v -14.48777 21.99991 -14.61071
v -14.41777 24.99991 -14.28071
v -14.41777 21.99991 -14.28071
v -14.41777 21.99991 -14.28071
v -14.41777 24.99991 -14.28071
v -30.08778 24.99991 1.389308
v -30.08778 21.99991 1.389308
v -30.08778 21.99991 1.389308
v -30.08778 24.99991 1.389308
v -38.88779 24.99991 1.389308
v -38.88779 21.99991 1.389308
v -38.88779 21.99991 1.389308
v -38.88779 24.99991 1.389308
v -28.81778 24.99991 -8.680701
v -28.81778 21.99991 -8.680701
v -28.81778 21.99991 -8.680701
v -28.81778 24.99991 -8.680701
v -28.48778 24.99991 -8.610701
v -28.48778 21.99991 -8.610702
v -26.19158 24.99991 -9.067302
v -26.19158 21.99991 -9.067302
v -24.24518 24.99991 -10.3681
v -24.24518 21.99991 -10.3681
v -22.94438 24.99991 -12.3145
v -22.94438 21.99991 -12.3145
v -22.48778 24.99991 -14.61071
v -22.48778 21.99991 -14.61071
v -22.94438 24.99991 -16.90691
v -22.94438 21.99991 -16.90691
v -24.24518 24.99991 -18.85331
v -24.24518 21.99991 -18.85331
v -26.19158 24.99991 -20.15411
v -26.19158 21.99991 -20.15411
v -28.48778 24.99991 -20.61071
v -28.48778 21.99991 -20.61071
v -30.78398 24.99991 -20.15411
v -30.78398 21.99991 -20.15411
v -32.73038 24.99991 -18.85331
v -32.73038 21.99991 -18.85331
v -34.03119 24.99991 -16.90691
v -34.03119 21.99991 -16.90691
v -34.48779 24.99991 -14.61071
v -34.48779 21.99991 -14.61071
v -34.41779 24.99991 -14.28071
v -34.41779 21.99991 -14.28071
v -34.41779 21.99991 -14.28071
v -34.41779 24.99991 -14.28071
v -44.8078 24.99991 -3.890696
v -44.8078 21.99991 -3.890697
v -44.8078 21.99991 -3.890697
v -44.8078 24.99991 -3.890696
v -28.81778 21.99991 19.45933
v -38.88779 21.99991 9.389316
v -44.4878 21.99991 14.98932
v -34.41779 21.99991 25.05933
v -8.817764 21.99991 19.45933
v -18.88777 21.99991 9.389316
v -30.08778 21.99991 9.389316
v -14.41777 21.99991 25.05933
v 4.81225 21.99991 1.389308
v -38.88779 21.99991 1.389308
v 4.81225 21.99991 9.389316
v -8.817764 21.99991 -8.680701
v -14.41777 21.99991 -14.28071
v -30.08778 21.99991 1.389308
v -18.88777 21.99991 1.389308
v -28.81778 21.99991 -8.680701
v -34.41779 21.99991 -14.28071
v -44.4878 21.99991 -4.210698
v -54.48781 21.99991 5.389312
v -52.4878 21.99991 5.389312
v -52.1834 21.99991 3.85851
v -54.0312 21.99991 3.09311
v -51.3162 21.99991 2.56091
v -52.7304 21.99991 1.146708
v -50.0186 21.99991 1.693708
v -50.784 21.99991 -0.1540931
v -48.4878 21.99991 1.389308
v -48.4878 21.99991 -0.6106937
v -46.957 21.99991 1.693708
v -46.1916 21.99991 -0.1540931
v -45.6594 21.99991 2.56091
v -44.2452 21.99991 1.146708
v -44.7922 21.99991 3.85851
v -42.9444 21.99991 3.09311
v -44.4878 21.99991 5.389312
v -42.48779 21.99991 5.389312
v -44.7922 21.99991 6.920114
v -42.9444 21.99991 7.685514
v -45.6594 21.99991 8.217714
v -44.2452 21.99991 9.631916
v -46.957 21.99991 9.084915
v -46.1916 21.99991 10.93272
v -48.4878 21.99991 9.389316
v -48.4878 21.99991 11.38932
v -50.0186 21.99991 9.084915
v -50.784 21.99991 10.93272
v -51.3162 21.99991 8.217714
v -52.7304 21.99991 9.631916
v -52.1834 21.99991 6.920114
v -54.0312 21.99991 7.685514
v -58.48781 21.99991 5.389312
v -56.48781 21.99991 5.389312
v -55.87901 21.99991 2.327709
v -57.72681 21.99991 1.562308
v -54.14461 21.99991 -0.2674932
v -55.55881 21.99991 -1.681695
v -51.5494 21.99991 -2.001895
v -52.3148 21.99991 -3.849697
v -48.4878 21.99991 -2.610696
v -48.4878 21.99991 -4.610698
v -45.4262 21.99991 -2.001895
v -44.6608 21.99991 -3.849697
v -42.83099 21.99991 -0.2674932
v -41.41679 21.99991 -1.681695
v -41.09659 21.99991 2.327709
v -39.24879 21.99991 1.562308
v -40.48779 21.99991 5.389312
v -38.48779 21.99991 5.389312
v -41.09659 21.99991 8.450915
v -39.24879 21.99991 9.216315
v -42.83099 21.99991 11.04612
v -41.41679 21.99991 12.46032
v -45.4262 21.99991 12.78052
v -44.6608 21.99991 14.62832
v -48.4878 21.99991 13.38932
v -48.4878 21.99991 15.38932
v -51.5494 21.99991 12.78052
v -52.3148 21.99991 14.62832
v -54.14461 21.99991 11.04612
v -55.55881 21.99991 12.46032
v -55.87901 21.99991 8.450915
v -57.72681 21.99991 9.216315
v -34.48779 21.99991 25.38933
v -32.48779 21.99991 25.38933
v -32.18338 21.99991 23.85853
v -34.03119 21.99991 23.09313
v -31.31618 21.99991 22.56093
v -32.73038 21.99991 21.14673
v -30.01858 21.99991 21.69373
v -30.78398 21.99991 19.84593
v -28.48778 21.99991 21.38933
v -28.48778 21.99991 19.38933
v -26.95698 21.99991 21.69373
v -26.19158 21.99991 19.84593
v -25.65938 21.99991 22.56093
v -24.24518 21.99991 21.14673
v -24.79218 21.99991 23.85853
v -22.94438 21.99991 23.09313
v -24.48778 21.99991 25.38933
v -22.48778 21.99991 25.38933
v -24.79218 21.99991 26.92013
v -22.94438 21.99991 27.68553
v -25.65938 21.99991 28.21773
v -24.24518 21.99991 29.63194
v -26.95698 21.99991 29.08493
v -26.19158 21.99991 30.93274
v -28.48778 21.99991 29.38934
v -28.48778 21.99991 31.38934
v -30.01858 21.99991 29.08493
v -30.78398 21.99991 30.93274
v -31.31618 21.99991 28.21773
v -32.73038 21.99991 29.63194
v -32.18338 21.99991 26.92013
v -34.03119 21.99991 27.68553
v -34.48779 21.99991 -14.61071
v -32.48779 21.99991 -14.61071
v -32.18338 21.99991 -16.14151
v -34.03119 21.99991 -16.90691
v -31.31618 21.99991 -17.43911
v -32.73038 21.99991 -18.85331
v -30.01858 21.99991 -18.30631
v -30.78398 21.99991 -20.15411
v -28.48778 21.99991 -18.61071
v -28.48778 21.99991 -20.61071
v -26.95698 21.99991 -18.30631
v -26.19158 21.99991 -20.15411
v -25.65938 21.99991 -17.43911
v -24.24518 21.99991 -18.85331
v -24.79218 21.99991 -16.14151
v -22.94438 21.99991 -16.90691
v -24.48778 21.99991 -14.61071
v -22.48778 21.99991 -14.61071
v -24.79218 21.99991 -13.07991
v -22.94438 21.99991 -12.3145
v -25.65938 21.99991 -11.7823
v -24.24518 21.99991 -10.3681
v -26.95698 21.99991 -10.9151
v -26.19158 21.99991 -9.067302
v -28.48778 21.99991 -10.6107
v -28.48778 21.99991 -8.610702
v -30.01858 21.99991 -10.9151
v -30.78398 21.99991 -9.067302
v -31.31618 21.99991 -11.7823
v -32.73038 21.99991 -10.3681
v -32.18338 21.99991 -13.07991
v -34.03119 21.99991 -12.3145
v -14.48777 21.99991 25.38933
v -12.48777 21.99991 25.38933
v -12.18336 21.99991 23.85853
v -14.03117 21.99991 23.09313
v -11.31616 21.99991 22.56093
v -12.73037 21.99991 21.14673
v -10.01856 21.99991 21.69373
v -10.78396 21.99991 19.84593
v -8.487762 21.99991 21.38933
v -8.487762 21.99991 19.38933
v -6.956961 21.99991 21.69373
v -6.19156 21.99991 19.84593
v -5.65936 21.99991 22.56093
v -4.245159 21.99991 21.14673
v -4.792161 21.99991 23.85853
v -2.944357 21.99991 23.09313
v -4.487759 21.99991 25.38933
v -2.487757 21.99991 25.38933
v -4.792161 21.99991 26.92013
v -2.944357 21.99991 27.68553
v -5.65936 21.99991 28.21773
v -4.245159 21.99991 29.63194
v -6.956961 21.99991 29.08493
v -6.19156 21.99991 30.93274
v -8.487762 21.99991 29.38934
v -8.487762 21.99991 31.38934
v -10.01856 21.99991 29.08493
v -10.78396 21.99991 30.93274
v -11.31616 21.99991 28.21773
v -12.73037 21.99991 29.63194
v -12.18336 21.99991 26.92013
v -14.03117 21.99991 27.68553
v -14.48777 21.99991 -14.61071
v -12.48777 21.99991 -14.61071
v -12.18336 21.99991 -16.14151
v -14.03117 21.99991 -16.90691
v -11.31616 21.99991 -17.43911
v -12.73037 21.99991 -18.85331
v -10.01856 21.99991 -18.30631
v -10.78396 21.99991 -20.15411
v -8.487762 21.99991 -18.61071
v -8.487762 21.99991 -20.61071
v -6.956961 21.99991 -18.30631
v -6.19156 21.99991 -20.15411
v -5.65936 21.99991 -17.43911
v -4.245159 21.99991 -18.85331
v -4.792161 21.99991 -16.14151
v -2.944357 21.99991 -16.90691
v -4.487759 21.99991 -14.61071
v -2.487757 21.99991 -14.61071
v -4.792161 21.99991 -13.07991
v -2.944357 21.99991 -12.3145
v -5.65936 21.99991 -11.7823
v -4.245159 21.99991 -10.3681
v -6.956961 21.99991 -10.9151
v -6.19156 21.99991 -9.067302
v -8.487762 21.99991 -10.6107
v -8.487762 21.99991 -8.610702
v -10.01856 21.99991 -10.9151
v -10.78396 21.99991 -9.067302
v -11.31616 21.99991 -11.7823
v -12.73037 21.99991 -10.3681
v -12.18336 21.99991 -13.07991
v -14.03117 21.99991 -12.3145
v 5.512251 21.99991 5.389312
v 7.512253 21.99991 5.389312
v 7.816655 21.99991 3.85851
v 5.968852 21.99991 3.09311
v 8.683854 21.99991 2.56091
v 7.269653 21.99991 1.146708
v 9.981455 21.99991 1.693708
v 9.216055 21.99991 -0.1540931
v 11.51226 21.99991 1.389308
v 11.51226 21.99991 -0.6106937
v 13.04306 21.99991 1.693708
v 13.80846 21.99991 -0.1540931
v 14.34066 21.99991 2.56091
v 15.75486 21.99991 1.146708
v 15.20786 21.99991 3.85851
v 17.05566 21.99991 3.09311
v 15.51226 21.99991 5.389312
v 17.51226 21.99991 5.389312
v 15.20786 21.99991 6.920114
v 17.05566 21.99991 7.685514
v 14.34066 21.99991 8.217714
v 15.75486 21.99991 9.631916
v 13.04306 21.99991 9.084915
v 13.80846 21.99991 10.93272
v 11.51226 21.99991 9.389316
v 11.51226 21.99991 11.38932
v 9.981455 21.99991 9.084915
v 9.216055 21.99991 10.93272
v 8.683854 21.99991 8.217714
v 7.269653 21.99991 9.631916
v 7.816655 21.99991 6.920114
v 5.968852 21.99991 7.685514
v -28.81778 24.99991 19.45933
v -34.41779 24.99991 25.05933
v -44.4878 24.99991 14.98932
v -38.88779 24.99991 9.389317
v -8.817764 24.99991 19.45933
v -14.41777 24.99991 25.05933
v -30.08778 24.99991 9.389317
v -18.88777 24.99991 9.389317
v 4.81225 24.99991 1.389308
v 4.81225 24.99991 9.389317
v -38.88779 24.99991 1.389308
v -8.817764 24.99991 -8.680701
v -18.88777 24.99991 1.389308
v -30.08778 24.99991 1.389308
v -14.41777 24.99991 -14.28071
v -28.81778 24.99991 -8.680701
v -44.4878 24.99991 -4.210697
v -34.41779 24.99991 -14.28071
v -56.48781 24.99991 5.389312
v -54.48781 24.99991 5.389312
v -54.0312 24.99991 7.685514
v -55.87901 24.99991 8.450915
v -52.7304 24.99991 9.631916
v -54.14461 24.99991 11.04612
v -50.784 24.99991 10.93272
v -51.5494 24.99991 12.78052
v -48.4878 24.99991 11.38932
v -48.4878 24.99991 13.38932
v -46.1916 24.99991 10.93272
v -45.4262 24.99991 12.78052
v -44.2452 24.99991 9.631916
v -42.83099 24.99991 11.04612
v -42.9444 24.99991 7.685514
v -41.09659 24.99991 8.450915
v -42.48779 24.99991 5.389312
v -40.48779 24.99991 5.389312
v -42.9444 24.99991 3.09311
v -41.09659 24.99991 2.327709
v -44.2452 24.99991 1.146708
v -42.83099 24.99991 -0.2674929
v -46.1916 24.99991 -0.1540928
v -45.4262 24.99991 -2.001895
v -48.4878 24.99991 -0.6106935
v -48.4878 24.99991 -2.610695
v -50.784 24.99991 -0.1540928
v -51.5494 24.99991 -2.001895
v -52.7304 24.99991 1.146708
v -54.14461 24.99991 -0.2674929
v -54.0312 24.99991 3.09311
v -55.87901 24.99991 2.327709
v -58.48781 24.99991 5.389312
v -57.72681 24.99991 9.216316
v -55.55881 24.99991 12.46032
v -52.3148 24.99991 14.62832
v -48.4878 24.99991 15.38932
v -44.6608 24.99991 14.62832
v -41.41679 24.99991 12.46032
v -39.24879 24.99991 9.216316
v -38.48779 24.99991 5.389312
v -39.24879 24.99991 1.562309
v -41.41679 24.99991 -1.681695
v -44.6608 24.99991 -3.849697
v -48.4878 24.99991 -4.610697
v -52.3148 24.99991 -3.849697
v -55.55881 24.99991 -1.681695
v -57.72681 24.99991 1.562309
v 3.512249 24.99991 5.389312
v 5.512251 24.99991 5.389312
v 5.968852 24.99991 7.685514
v 4.121048 24.99991 8.450915
v 7.269653 24.99991 9.631916
v 5.855452 24.99991 11.04612
v 9.216055 24.99991 10.93272
v 8.450654 24.99991 12.78052
v 11.51226 24.99991 11.38932
v 11.51226 24.99991 13.38932
v 13.80846 24.99991 10.93272
v 14.57386 24.99991 12.78052
v 15.75486 24.99991 9.631916
v 17.16906 24.99991 11.04612
v 17.05566 24.99991 7.685514
v 18.90346 24.99991 8.450915
v 17.51226 24.99991 5.389312
v 19.51226 24.99991 5.389312
v 17.05566 24.99991 3.09311
v 18.90346 24.99991 2.327709
v 15.75486 24.99991 1.146708
v 17.16906 24.99991 -0.2674929
v 13.80846 24.99991 -0.1540928
v 14.57386 24.99991 -2.001895
v 11.51226 24.99991 -0.6106935
v 11.51226 24.99991 -2.610695
v 9.216055 24.99991 -0.1540928
v 8.450654 24.99991 -2.001895
v 7.269653 24.99991 1.146708
v 5.855452 24.99991 -0.2674929
v 5.968852 24.99991 3.09311
v 4.121048 24.99991 2.327709
v -48.4878 28.99991 1.389309
v -50.0186 28.99991 1.693709
v -51.3162 28.99991 2.56091
v -52.1834 28.99991 3.858511
v -52.4878 28.99991 5.389313
v -52.1834 28.99991 6.920114
v -51.3162 28.99991 8.217715
v -50.0186 28.99991 9.084916
v -48.4878 28.99991 9.389317
v -46.957 28.99991 9.084916
v -45.6594 28.99991 8.217715
v -44.7922 28.99991 6.920114
v -44.4878 28.99991 5.389313
v -44.7922 28.99991 3.858511
v -45.6594 28.99991 2.56091
v -46.957 28.99991 1.693709
v -48.4878 28.99991 -0.6106931
v -50.784 28.99991 -0.1540925
v -50.784 24.99991 -0.1540928
v -48.4878 24.99991 -0.6106935
v -52.7304 28.99991 1.146709
v -52.7304 24.99991 1.146708
v -54.0312 28.99991 3.09311
v -54.0312 24.99991 3.09311
v -54.48781 28.99991 5.389313
v -54.48781 24.99991 5.389312
v -54.0312 28.99991 7.685515
v -54.0312 24.99991 7.685514
v -52.7304 28.99991 9.631917
v -52.7304 24.99991 9.631916
v -50.784 28.99991 10.93272
v -50.784 24.99991 10.93272
v -48.4878 28.99991 11.38932
v -48.4878 24.99991 11.38932
v -46.1916 28.99991 10.93272
v -46.1916 24.99991 10.93272
v -44.2452 28.99991 9.631917
v -44.2452 24.99991 9.631916
v -42.9444 28.99991 7.685515
v -42.9444 24.99991 7.685514
v -42.48779 28.99991 5.389313
v -42.48779 24.99991 5.389312
v -42.9444 28.99991 3.09311
v -42.9444 24.99991 3.09311
v -44.2452 28.99991 1.146709
v -44.2452 24.99991 1.146708
v -46.1916 28.99991 -0.1540925
v -46.1916 24.99991 -0.1540928
v -54.48781 28.99991 5.389313
v -52.4878 28.99991 5.389313
v -52.1834 28.99991 6.920114
v -54.0312 28.99991 7.685515
v -51.3162 28.99991 8.217715
v -52.7304 28.99991 9.631917
v -50.0186 28.99991 9.084916
v -50.784 28.99991 10.93272
v -48.4878 28.99991 9.389317
v -48.4878 28.99991 11.38932
v -46.957 28.99991 9.084916
v -46.1916 28.99991 10.93272
v -45.6594 28.99991 8.217715
v -44.2452 28.99991 9.631917
v -44.7922 28.99991 6.920114
v -42.9444 28.99991 7.685515
v -44.4878 28.99991 5.389313
v -42.48779 28.99991 5.389313
v -44.7922 28.99991 3.858511
v -42.9444 28.99991 3.09311
v -45.6594 28.99991 2.56091
v -44.2452 28.99991 1.146709
v -46.957 28.99991 1.693709
v -46.1916 28.99991 -0.1540925
v -48.4878 28.99991 1.389309
v -48.4878 28.99991 -0.6106931
v -50.0186 28.99991 1.693709
v -50.784 28.99991 -0.1540925
v -51.3162 28.99991 2.56091
v -52.7304 28.99991 1.146709
v -52.1834 28.99991 3.858511
v -54.0312 28.99991 3.09311
v -28.48778 28.99991 -18.61071
v -30.01858 28.99991 -18.30631
v -31.31618 28.99991 -17.43911
v -32.18338 28.99991 -16.14151
v -32.48779 28.99991 -14.61071
v -32.18338 28.99991 -13.07991
v -31.31618 28.99991 -11.7823
v -30.01858 28.99991 -10.9151
v -28.48778 28.99991 -10.6107
v -26.95698 28.99991 -10.9151
v -25.65938 28.99991 -11.7823
v -24.79218 28.99991 -13.07991
v -24.48778 28.99991 -14.61071
v -24.79218 28.99991 -16.14151
v -25.65938 28.99991 -17.43911
v -26.95698 28.99991 -18.30631
v -28.48778 28.99991 -20.61071
v -30.78398 28.99991 -20.15411
v -32.73038 28.99991 -18.85331
v -34.03119 28.99991 -16.90691
v -34.48779 28.99991 -14.61071
v -34.03119 28.99991 -12.3145
v -34.03119 24.99991 -12.3145
v -32.73038 28.99991 -10.3681
v -32.73038 24.99991 -10.3681
v -30.78398 28.99991 -9.067302
v -30.78398 24.99991 -9.067302
v -28.48778 28.99991 -8.610701
v -26.19158 28.99991 -9.067302
v -24.24518 28.99991 -10.3681
v -22.94438 28.99991 -12.3145
v -22.48778 28.99991 -14.61071
v -22.94438 28.99991 -16.90691
v -24.24518 28.99991 -18.85331
v -26.19158 28.99991 -20.15411
v -34.48779 28.99991 -14.61071
v -32.48779 28.99991 -14.61071
v -32.18338 28.99991 -13.07991
v -34.03119 28.99991 -12.3145
v -31.31618 28.99991 -11.7823
v -32.73038 28.99991 -10.3681
v -30.01858 28.99991 -10.9151
v -30.78398 28.99991 -9.067302
v -28.48778 28.99991 -10.6107
v -28.48778 28.99991 -8.610701
v -26.95698 28.99991 -10.9151
v -26.19158 28.99991 -9.067302
v -25.65938 28.99991 -11.7823
v -24.24518 28.99991 -10.3681
v -24.79218 28.99991 -13.07991
v -22.94438 28.99991 -12.3145
v -24.48778 28.99991 -14.61071
v -22.48778 28.99991 -14.61071
v -24.79218 28.99991 -16.14151
v -22.94438 28.99991 -16.90691
v -25.65938 28.99991 -17.43911
v -24.24518 28.99991 -18.85331
v -26.95698 28.99991 -18.30631
v -26.19158 28.99991 -20.15411
v -28.48778 28.99991 -18.61071
v -28.48778 28.99991 -20.61071
v -30.01858 28.99991 -18.30631
v -30.78398 28.99991 -20.15411
v -31.31618 28.99991 -17.43911
v -32.73038 28.99991 -18.85331
v -32.18338 28.99991 -16.14151
v -34.03119 28.99991 -16.90691
v -28.48778 28.99991 21.38933
v -30.01858 28.99991 21.69373
v -31.31618 28.99991 22.56093
v -32.18338 28.99991 23.85853
v -32.48779 28.99991 25.38933
v -32.18338 28.99991 26.92013
v -31.31618 28.99991 28.21773
v -30.01858 28.99991 29.08494
v -28.48778 28.99991 29.38934
v -26.95698 28.99991 29.08494
v -25.65938 28.99991 28.21773
v -24.79218 28.99991 26.92013
v -24.48778 28.99991 25.38933
v -24.79218 28.99991 23.85853
v -25.65938 28.99991 22.56093
v -26.95698 28.99991 21.69373
v -28.48778 28.99991 19.38933
v -30.78398 28.99991 19.84593
v -30.78398 24.99991 19.84593
v -32.73038 28.99991 21.14673
v -32.73038 24.99991 21.14673
v -34.03119 28.99991 23.09313
v -34.03119 24.99991 23.09313
v -34.48779 28.99991 25.38933
v -34.03119 28.99991 27.68553
v -32.73038 28.99991 29.63194
v -30.78398 28.99991 30.93274
v -28.48778 28.99991 31.38934
v -26.19158 28.99991 30.93274
v -24.24518 28.99991 29.63194
v -22.94438 28.99991 27.68553
v -22.48778 28.99991 25.38933
v -22.94438 28.99991 23.09313
v -24.24518 28.99991 21.14673
v -26.19158 28.99991 19.84593
v -34.48779 28.99991 25.38933
v -32.48779 28.99991 25.38933
v -32.18338 28.99991 26.92013
v -34.03119 28.99991 27.68553
v -31.31618 28.99991 28.21773
v -32.73038 28.99991 29.63194
v -30.01858 28.99991 29.08494
v -30.78398 28.99991 30.93274
v -28.48778 28.99991 29.38934
v -28.48778 28.99991 31.38934
v -26.95698 28.99991 29.08494
v -26.19158 28.99991 30.93274
v -25.65938 28.99991 28.21773
v -24.24518 28.99991 29.63194
v -24.79218 28.99991 26.92013
v -22.94438 28.99991 27.68553
v -24.48778 28.99991 25.38933
v -22.48778 28.99991 25.38933
v -24.79218 28.99991 23.85853
v -22.94438 28.99991 23.09313
v -25.65938 28.99991 22.56093
v -24.24518 28.99991 21.14673
v -26.95698 28.99991 21.69373
v -26.19158 28.99991 19.84593
v -28.48778 28.99991 21.38933
v -28.48778 28.99991 19.38933
v -30.01858 28.99991 21.69373
v -30.78398 28.99991 19.84593
v -31.31618 28.99991 22.56093
v -32.73038 28.99991 21.14673
v -32.18338 28.99991 23.85853
v -34.03119 28.99991 23.09313
v -8.487762 28.99991 -18.61071
v -10.01856 28.99991 -18.30631
v -11.31616 28.99991 -17.43911
v -12.18336 28.99991 -16.14151
v -12.48777 28.99991 -14.61071
v -12.18336 28.99991 -13.07991
v -11.31616 28.99991 -11.7823
v -10.01856 28.99991 -10.9151
v -8.487762 28.99991 -10.6107
v -6.956961 28.99991 -10.9151
v -5.65936 28.99991 -11.7823
v -4.792161 28.99991 -13.07991
v -4.487759 28.99991 -14.61071
v -4.792161 28.99991 -16.14151
v -5.65936 28.99991 -17.43911
v -6.956961 28.99991 -18.30631
v -8.487762 28.99991 -20.61071
v -10.78396 28.99991 -20.15411
v -12.73037 28.99991 -18.85331
v -14.03117 28.99991 -16.90691
v -14.48777 28.99991 -14.61071
v -14.03117 28.99991 -12.3145
v -14.03117 24.99991 -12.3145
v -12.73037 28.99991 -10.3681
v -12.73037 24.99991 -10.3681
v -10.78396 28.99991 -9.067302
v -10.78396 24.99991 -9.067302
v -8.487762 28.99991 -8.610701
v -6.19156 28.99991 -9.067302
v -4.245159 28.99991 -10.3681
v -2.944357 28.99991 -12.3145
v -2.487757 28.99991 -14.61071
v -2.944357 28.99991 -16.90691
v -4.245159 28.99991 -18.85331
v -6.19156 28.99991 -20.15411
v -14.48777 28.99991 -14.61071
v -12.48777 28.99991 -14.61071
v -12.18336 28.99991 -13.07991
v -14.03117 28.99991 -12.3145
v -11.31616 28.99991 -11.7823
v -12.73037 28.99991 -10.3681
v -10.01856 28.99991 -10.9151
v -10.78396 28.99991 -9.067302
v -8.487762 28.99991 -10.6107
v -8.487762 28.99991 -8.610701
v -6.956961 28.99991 -10.9151
v -6.19156 28.99991 -9.067302
v -5.65936 28.99991 -11.7823
v -4.245159 28.99991 -10.3681
v -4.792161 28.99991 -13.07991
v -2.944357 28.99991 -12.3145
v -4.487759 28.99991 -14.61071
v -2.487757 28.99991 -14.61071
v -4.792161 28.99991 -16.14151
v -2.944357 28.99991 -16.90691
v -5.65936 28.99991 -17.43911
v -4.245159 28.99991 -18.85331
v -6.956961 28.99991 -18.30631
v -6.19156 28.99991 -20.15411
v -8.487762 28.99991 -18.61071
v -8.487762 28.99991 -20.61071
v -10.01856 28.99991 -18.30631
v -10.78396 28.99991 -20.15411
v -11.31616 28.99991 -17.43911
v -12.73037 28.99991 -18.85331
v -12.18336 28.99991 -16.14151
v -14.03117 28.99991 -16.90691
v -8.487762 28.99991 21.38933
v -10.01856 28.99991 21.69373
v -11.31616 28.99991 22.56093
v -12.18336 28.99991 23.85853
v -12.48777 28.99991 25.38933
v -12.18336 28.99991 26.92013
v -11.31616 28.99991 28.21773
v -10.01856 28.99991 29.08494
v -8.487762 28.99991 29.38934
v -6.956961 28.99991 29.08494
v -5.65936 28.99991 28.21773
v -4.792161 28.99991 26.92013
v -4.487759 28.99991 25.38933
v -4.792161 28.99991 23.85853
v -5.65936 28.99991 22.56093
v -6.956961 28.99991 21.69373
v -8.487762 28.99991 19.38933
v -10.78396 28.99991 19.84593
v -10.78396 24.99991 19.84593
v -12.73037 28.99991 21.14673
v -12.73037 24.99991 21.14673
v -14.03117 28.99991 23.09313
v -14.03117 24.99991 23.09313
v -14.48777 28.99991 25.38933
v -14.03117 28.99991 27.68553
v -12.73037 28.99991 29.63194
v -10.78396 28.99991 30.93274
v -8.487762 28.99991 31.38934
v -6.19156 28.99991 30.93274
v -4.245159 28.99991 29.63194
v -2.944357 28.99991 27.68553
v -2.487757 28.99991 25.38933
v -2.944357 28.99991 23.09313
v -4.245159 28.99991 21.14673
v -6.19156 28.99991 19.84593
v -14.48777 28.99991 25.38933
v -12.48777 28.99991 25.38933
v -12.18336 28.99991 26.92013
v -14.03117 28.99991 27.68553
v -11.31616 28.99991 28.21773
v -12.73037 28.99991 29.63194
v -10.01856 28.99991 29.08494
v -10.78396 28.99991 30.93274
v -8.487762 28.99991 29.38934
v -8.487762 28.99991 31.38934
v -6.956961 28.99991 29.08494
v -6.19156 28.99991 30.93274
v -5.65936 28.99991 28.21773
v -4.245159 28.99991 29.63194
v -4.792161 28.99991 26.92013
v -2.944357 28.99991 27.68553
v -4.487759 28.99991 25.38933
v -2.487757 28.99991 25.38933
v -4.792161 28.99991 23.85853
v -2.944357 28.99991 23.09313
v -5.65936 28.99991 22.56093
v -4.245159 28.99991 21.14673
v -6.956961 28.99991 21.69373
v -6.19156 28.99991 19.84593
v -8.487762 28.99991 21.38933
v -8.487762 28.99991 19.38933
v -10.01856 28.99991 21.69373
v -10.78396 28.99991 19.84593
v -11.31616 28.99991 22.56093
v -12.73037 28.99991 21.14673
v -12.18336 28.99991 23.85853
v -14.03117 28.99991 23.09313
v 11.51226 28.99991 1.389309
v 9.981455 28.99991 1.693709
v 8.683854 28.99991 2.56091
v 7.816655 28.99991 3.858511
v 7.512253 28.99991 5.389313
v 7.816655 28.99991 6.920114
v 8.683854 28.99991 8.217715
v 9.981455 28.99991 9.084916
v 11.51226 28.99991 9.389317
v 13.04306 28.99991 9.084916
v 14.34066 28.99991 8.217715
v 15.20786 28.99991 6.920114
v 15.51226 28.99991 5.389313
v 15.20786 28.99991 3.858511
v 14.34066 28.99991 2.56091
v 13.04306 28.99991 1.693709
v 11.51226 28.99991 -0.6106931
v 9.216055 28.99991 -0.1540925
v 9.216055 24.99991 -0.1540928
v 11.51226 24.99991 -0.6106935
v 7.269653 28.99991 1.146709
v 7.269653 24.99991 1.146708
v 5.968852 28.99991 3.09311
v 5.968852 24.99991 3.09311
v 5.512251 28.99991 5.389313
v 5.512251 24.99991 5.389312
v 5.968852 28.99991 7.685515
v 5.968852 24.99991 7.685514
v 7.269653 28.99991 9.631917
v 7.269653 24.99991 9.631916
v 9.216055 28.99991 10.93272
v 9.216055 24.99991 10.93272
v 11.51226 28.99991 11.38932
v 11.51226 24.99991 11.38932
v 13.80846 28.99991 10.93272
v 13.80846 24.99991 10.93272
v 15.75486 28.99991 9.631917
v 15.75486 24.99991 9.631916
v 17.05566 28.99991 7.685515
v 17.05566 24.99991 7.685514
v 17.51226 28.99991 5.389313
v 17.51226 24.99991 5.389312
v 17.05566 28.99991 3.09311
v 17.05566 24.99991 3.09311
v 15.75486 28.99991 1.146709
v 15.75486 24.99991 1.146708
v 13.80846 28.99991 -0.1540925
v 13.80846 24.99991 -0.1540928
v 5.512251 28.99991 5.389313
v 7.512253 28.99991 5.389313
v 7.816655 28.99991 6.920114
v 5.968852 28.99991 7.685515
v 8.683854 28.99991 8.217715
v 7.269653 28.99991 9.631917
v 9.981455 28.99991 9.084916
v 9.216055 28.99991 10.93272
v 11.51226 28.99991 9.389317
v 11.51226 28.99991 11.38932
v 13.04306 28.99991 9.084916
v 13.80846 28.99991 10.93272
v 14.34066 28.99991 8.217715
v 15.75486 28.99991 9.631917
v 15.20786 28.99991 6.920114
v 17.05566 28.99991 7.685515
v 15.51226 28.99991 5.389313
v 17.51226 28.99991 5.389313
v 15.20786 28.99991 3.858511
v 17.05566 28.99991 3.09311
v 14.34066 28.99991 2.56091
v 15.75486 28.99991 1.146709
v 13.04306 28.99991 1.693709
v 13.80846 28.99991 -0.1540925
v 11.51226 28.99991 1.389309
v 11.51226 28.99991 -0.6106931
v 9.981455 28.99991 1.693709
v 9.216055 28.99991 -0.1540925
v 8.683854 28.99991 2.56091
v 7.269653 28.99991 1.146709
v 7.816655 28.99991 3.858511
v 5.968852 28.99991 3.09311
v 9.969563 28.23081 8.901776
v 9.4917 28.96861 9.577661
v 8.624661 28.87411 11.5366
v 8.986301 30.06851 10.06412
v 8.071951 30.29361 12.20337
v 9.410298 30.95281 9.359924
v 8.376672 31.08531 11.46081
v 8.376672 31.08531 11.46081
v 9.410298 30.95281 9.359924
v 10.25457 31.41571 10.30702
v 9.802961 31.16321 12.96223
v 15.98464 31.41611 9.969429
v 14.17745 31.55391 9.195293
v 15.87979 31.06381 7.718327
v 18.75526 30.92651 9.178652
v 15.87979 31.06381 7.718327
v 15.63907 29.81731 7.38841
v 17.30211 29.56501 8.331879
v 18.75526 30.92651 9.178652
v 16.86617 28.15381 8.692704
v 12.45578 31.49331 9.114828
v 11.52361 31.05961 7.75809
v 14.80678 30.53461 6.835104
v 17.40642 28.62651 18.9141
v 17.56252 26.82541 21.35171
v 16.55444 27.97321 19.13862
v 14.30264 30.03151 14.4908
v 15.78178 29.73911 16.17036
v 13.84729 31.18881 12.30422
v 12.64907 31.36171 10.89901
v 13.03899 31.59401 10.28354
v 14.31783 31.52901 12.32993
v 12.1984 31.64181 11.20887
v 12.64907 31.36171 10.89901
v 14.30264 30.03151 14.4908
v 14.17759 30.04641 15.61276
v 16.55444 27.97321 19.13862
v 16.00617 28.39981 19.19713
v 16.80819 27.23511 20.99183
v 17.56252 26.82541 21.35171
v 12.26186 26.46911 12.36763
v 11.1424 25.89381 10.20306
v 10.75995 28.16281 10.59817
v 12.56825 25.16651 11.17729
v 13.60607 25.46951 12.84244
v 12.56825 25.16651 11.17729
v 13.60607 25.46951 12.84244
v 13.43136 25.18381 11.81051
v 13.33865 24.69801 10.98651
v 14.7917 25.65951 13.29992
v 14.53905 25.86131 10.86421
v 13.33865 24.69801 10.98651
v 13.43136 25.18381 11.81051
v 14.7917 25.65951 13.29992
v 14.53905 25.86131 10.86421
v 13.43136 25.18381 11.81051
v 14.79658 26.27881 9.080256
v 15.39184 27.51941 10.42436
v 15.41432 28.06731 9.835106
v 16.6574 27.73641 11.13372
v 15.93855 28.19431 8.794141
v 14.44705 25.11781 7.887836
v 14.15176 24.48691 9.162836
v 14.72191 28.20701 7.498697
v 15.58729 25.70001 15.08965
v 16.39658 25.51921 16.82141
v 15.89421 26.51931 13.62289
v 12.25814 27.27531 14.00003
v 13.23412 26.41011 15.24641
v 10.35475 25.22561 9.132518
v 9.969563 28.23081 8.901776
v 15.41432 28.06731 9.835106
v 13.16438 22.37261 8.880154
v 14.15176 24.48691 9.162835
v 13.16438 22.37261 8.880154
v 12.9425 23.27701 9.768922
v 12.9425 23.27701 9.768922
v 13.16438 22.37261 8.880154
v 11.61866 22.78871 9.305262
v 12.03195 23.89451 9.969919
v 12.03195 23.89451 9.969919
v 11.61866 22.78871 9.305262
v 9.969563 28.23081 8.901776
v 8.927723 28.02941 11.9598
v 10.07546 28.14771 10.88337
v 9.95149 27.25611 15.31513
v 14.72191 28.20701 7.498697
v 10.75995 28.16281 10.59817
v 16.34522 26.88441 14.24118
v 19.1386 27.21771 12.57482
v 20.93998 26.52301 13.91125
v 19.24383 25.92731 15.94958
v 17.12449 24.36051 19.91652
v 20.69052 25.00951 17.47723
v 18.37737 24.08451 19.96437
v 16.23884 23.88031 21.02188
v 13.83543 25.98581 17.54165
v 12.53913 25.25741 19.5846
v 12.25814 27.27531 14.00003
v 10.90008 29.96691 17.5517
v 13.15687 30.98801 15.13545
v 15.24254 29.14731 18.89554
v 12.29313 28.92961 19.60691
v 14.07442 27.81521 21.08117
v 16.80819 27.23511 20.99183
v 15.55778 26.23651 22.82296
v 19.31939 27.53231 19.62529
v 17.40642 28.62651 18.9141
v 16.18393 30.50401 15.79763
v 19.11443 30.00431 14.81039
v 19.44595 29.00911 17.04306
v 19.30502 30.71541 12.05063
v 17.15531 31.19921 11.37854
v 12.1984 31.64181 11.20887
v 9.041488 30.59531 15.56284
v 16.7308 22.61481 22.86056
v 12.4059 24.26651 21.59508
v 16.10779 24.01451 20.26921
v 16.65786 24.14461 19.82176
v 16.23884 23.88031 21.02188
v 17.12449 24.36051 19.91652
v 13.83543 25.98581 17.54165
v 14.4258 25.43841 17.76383
v 16.23884 23.88031 21.02188
v 16.10779 24.01451 20.26921
v 14.21016 25.47731 14.55494
v 15.28496 24.83231 17.47037
v 15.28496 24.83231 17.47037
v 15.28496 24.83231 17.47037
v 16.34522 26.88441 14.24118
v 14.21016 25.47731 14.55494
v 8.380534 27.46671 14.53167
v 8.531837 26.90401 16.92401
v 16.86617 28.15381 8.692704
v 20.66739 27.70251 11.52187
v 20.93998 26.52301 13.91125
v 18.9094 22.53021 22.35451
v 16.2727 22.15101 23.76807
v 17.71817 21.82051 23.80748
v 13.15687 30.98801 15.13545
v 16.18393 30.50401 15.79763
v 14.31783 31.52901 12.32993
v 15.24254 29.14731 18.89554
v 12.45578 31.49331 9.114828
v 21.17381 30.43501 11.16799
v 21.58865 29.42251 13.20926
v 21.78078 28.31361 16.01026
v 21.06898 26.79761 19.35541
v 20.10531 25.60631 21.66551
v 19.21604 25.25311 22.63716
v 18.01525 23.91641 24.20785
v 17.35095 25.17081 23.52931
v 15.71919 25.01251 24.1599
v 12.35061 26.83501 22.627
v 10.21308 27.83251 20.88148
v 8.501718 29.00351 18.54495
v 7.214718 30.04951 15.94644
v 7.510898 30.62301 14.31916
v 9.565227 29.43611 8.839264
v 8.927723 28.02941 11.9598
v 10.1646 30.67331 8.338509
v 19.34928 29.28971 9.826368
v 20.66739 27.70251 11.52187
v 20.93998 26.52301 13.91125
v 21.34526 27.47081 13.9781
v 20.66739 27.70251 11.52187
v 20.69052 25.00951 17.47723
v 21.35132 26.47201 16.50372
v 20.79669 25.34661 18.96304
v 18.9094 22.53021 22.35451
v 19.97179 24.16211 21.29863
v 18.95215 23.05801 22.94385
v 17.71817 21.82051 23.80748
v 17.83699 22.48221 24.08055
v 17.83699 22.48221 24.08055
v 17.71817 21.82051 23.80748
v 16.2727 22.15101 23.76807
v 16.89388 23.08141 24.30016
v 15.09148 24.10171 23.81703
v 16.2727 22.15101 23.76807
v 12.4059 24.26651 21.59508
v 12.29902 25.38141 22.20789
v 10.34422 26.32611 20.47853
v 8.531837 26.90401 16.92401
v 8.746966 27.42901 18.2851
v 7.519871 28.41901 15.89833
v 8.380534 27.46671 14.53167
v 7.968546 28.27761 14.24679
v 7.510898 30.62301 14.31916
v 7.675587 29.71031 13.89244
v 7.214718 30.04951 15.94644
v 12.35061 26.83501 22.627
v 10.21308 27.83251 20.88148
v 15.71919 25.01251 24.1599
v 18.01525 23.91641 24.20785
v 19.21604 25.25311 22.63716
v 19.07059 24.34341 23.14994
v 20.10531 25.60631 21.66551
v 21.58865 29.42251 13.20926
v 21.17381 30.43501 11.16799
v 21.09304 29.40431 11.23256
v 21.09304 29.40431 11.23256
v 21.17381 30.43501 11.16799
v 14.9949 29.42941 7.177216
v 14.72191 28.20701 7.498697
v 14.80678 30.53461 6.835104
v 7.214718 30.04951 15.94644
v 8.501718 29.00351 18.54495
v 18.01525 23.91641 24.20785
v 19.07059 24.34341 23.14994
v 20.10531 25.60631 21.66551
v 21.06898 26.79761 19.35541
v 21.78078 28.31361 16.01026
v 10.1646 30.67331 8.338509
v 9.630042 15.00001 4.731285
v 10.02792 15.00001 4.059945
v 11.51654 15.00001 5.395611
v 9.519485 15.00001 5.503767
v 9.712822 15.00001 6.259789
v 10.18087 15.00001 6.884233
v 10.85221 15.00001 7.282108
v 11.62469 15.00001 7.392665
v 12.38072 15.00001 7.199328
v 13.00516 15.00001 6.731277
v 13.40304 15.00001 6.059937
v 13.51359 15.00001 5.287456
v 13.32026 15.00001 4.531433
v 12.85221 15.00001 3.906989
v 12.18087 15.00001 3.509114
v 11.40838 15.00001 3.398557
v 10.65236 15.00001 3.591894
v 10.02792 15.00001 4.059945
v 9.630042 15.00001 4.731285
v 9.630042 9.586378E-06 4.731284
v 10.02792 9.645068E-06 4.059944
v 9.519485 15.00001 5.503767
v 9.519485 9.518845E-06 5.503765
v 9.712822 15.00001 6.259789
v 9.712822 9.452751E-06 6.259789
v 10.18087 15.00001 6.884233
v 10.18087 9.398161E-06 6.884232
v 10.85221 15.00001 7.282108
v 10.85221 9.363377E-06 7.282107
v 11.62469 15.00001 7.392665
v 11.62469 9.353712E-06 7.392664
v 12.38072 15.00001 7.199328
v 12.38072 9.370614E-06 7.199327
v 13.00516 15.00001 6.731277
v 13.00516 9.411533E-06 6.731276
v 13.40304 15.00001 6.059937
v 13.40304 9.470223E-06 6.059936
v 13.51359 15.00001 5.287456
v 13.51359 9.537755E-06 5.287455
v 13.32026 15.00001 4.531433
v 13.32026 9.603849E-06 4.531431
v 12.85221 15.00001 3.906989
v 12.85221 9.65844E-06 3.906988
v 12.18087 15.00001 3.509114
v 12.18087 9.693224E-06 3.509113
v 11.40838 15.00001 3.398557
v 11.40838 9.702889E-06 3.398556
v 10.65236 15.00001 3.591894
v 10.65236 9.685987E-06 3.591892
v 8.539295 9.761836E-06 2.724278
v 7.743545 9.644455E-06 4.066957
v 7.743545 30.50001 4.06696
v 8.539295 30.50001 2.724281
v 7.522432 9.50939E-06 5.61192
v 7.522432 30.50001 5.611923
v 7.909105 9.377202E-06 7.123967
v 7.909105 30.50001 7.12397
v 8.845207 9.268021E-06 8.372854
v 8.845207 30.50001 8.372856
v 10.18789 9.198455E-06 9.168604
v 10.18789 30.50001 9.168607
v 11.73285 9.179124E-06 9.389718
v 11.73285 30.50001 9.38972
v 13.2449 9.212928E-06 9.003045
v 13.2449 30.50001 9.003047
v 14.49378 9.294765E-06 8.066942
v 14.49378 30.50001 8.066944
v 15.28953 9.412146E-06 6.724262
v 15.28953 30.50001 6.724265
v 15.51065 9.547211E-06 5.179299
v 15.51065 30.50001 5.179302
v 15.12397 9.679398E-06 3.667253
v 15.12397 30.50001 3.667256
v 14.18787 9.78858E-06 2.418366
v 14.18787 30.50001 2.418369
v 12.84519 9.858146E-06 1.622615
v 12.84519 30.50001 1.622618
v 11.30023 9.877476E-06 1.401502
v 11.30023 30.50001 1.401505
v 9.788182 9.843672E-06 1.788175
v 9.788182 30.50001 1.788178
v 8.845207 9.268021E-06 8.372854
v 10.18087 9.398161E-06 6.884232
v 10.85221 9.363377E-06 7.282107
v 10.18789 9.198455E-06 9.168604
v 11.62469 9.353712E-06 7.392664
v 11.73285 9.179124E-06 9.389718
v 12.38072 9.370614E-06 7.199327
v 13.2449 9.212928E-06 9.003045
v 13.00516 9.411533E-06 6.731276
v 14.49378 9.294765E-06 8.066942
v 13.40304 9.470223E-06 6.059936
v 15.28953 9.412146E-06 6.724262
v 13.51359 9.537755E-06 5.287455
v 15.51065 9.547211E-06 5.179299
v 13.32026 9.603849E-06 4.531431
v 15.12397 9.679398E-06 3.667253
v 12.85221 9.65844E-06 3.906988
v 14.18787 9.78858E-06 2.418366
v 12.18087 9.693224E-06 3.509113
v 12.84519 9.858146E-06 1.622615
v 11.40838 9.702889E-06 3.398556
v 11.30023 9.877476E-06 1.401502
v 10.65236 9.685987E-06 3.591892
v 9.788182 9.843672E-06 1.788175
v 10.02792 9.645068E-06 4.059944
v 8.539295 9.761836E-06 2.724278
v 9.630042 9.586378E-06 4.731284
v 7.743545 9.644455E-06 4.066957
v 9.519485 9.518845E-06 5.503765
v 7.522432 9.50939E-06 5.61192
v 9.712822 9.452751E-06 6.259789
v 7.909105 9.377202E-06 7.123967
v 7.743545 30.50001 4.06696
v 9.630042 31.30001 4.731287
v 10.02792 31.30001 4.059947
v 8.539295 30.50001 2.724281
v 7.522432 30.50001 5.611923
v 9.519485 31.30001 5.503768
v 7.909105 30.50001 7.12397
v 9.712822 31.30001 6.259791
v 8.845207 30.50001 8.372856
v 10.18087 31.30001 6.884234
v 10.18789 30.50001 9.168607
v 10.85221 31.30001 7.28211
v 11.73285 30.50001 9.38972
v 11.62469 31.30001 7.392666
v 13.2449 30.50001 9.003047
v 12.38072 31.30001 7.19933
v 14.49378 30.50001 8.066944
v 13.00516 31.30001 6.731278
v 15.28953 30.50001 6.724265
v 13.40304 31.30001 6.059939
v 15.51065 30.50001 5.179302
v 13.51359 31.30001 5.287457
v 15.12397 30.50001 3.667256
v 13.32026 31.30001 4.531434
v 14.18787 30.50001 2.418369
v 12.85221 31.30001 3.906991
v 12.84519 30.50001 1.622618
v 12.18087 31.30001 3.509115
v 11.30023 30.50001 1.401505
v 11.40838 31.30001 3.398559
v 9.788182 30.50001 1.788178
v 10.65236 31.30001 3.591895
v 9.630042 24.00001 4.731286
v 10.02792 24.00001 4.059946
v 11.51654 24.00001 5.395612
v 9.519485 24.00001 5.503767
v 9.712822 24.00001 6.25979
v 10.18087 24.00001 6.884234
v 10.85221 24.00001 7.282109
v 11.62469 24.00001 7.392666
v 12.38072 24.00001 7.199329
v 13.00516 24.00001 6.731278
v 13.40304 24.00001 6.059938
v 13.51359 24.00001 5.287457
v 13.32026 24.00001 4.531434
v 12.85221 24.00001 3.90699
v 12.18087 24.00001 3.509115
v 11.40838 24.00001 3.398558
v 10.65236 24.00001 3.591895
v 10.02792 24.00001 4.059946
v 9.630042 24.00001 4.731286
v 9.630042 31.30001 4.731287
v 10.02792 31.30001 4.059947
v 9.519485 24.00001 5.503767
v 9.519485 31.30001 5.503768
v 9.712822 24.00001 6.25979
v 9.712822 31.30001 6.259791
v 10.18087 24.00001 6.884234
v 10.18087 31.30001 6.884234
v 10.85221 24.00001 7.282109
v 10.85221 31.30001 7.28211
v 11.62469 24.00001 7.392666
v 11.62469 31.30001 7.392666
v 12.38072 24.00001 7.199329
v 12.38072 31.30001 7.19933
v 13.00516 24.00001 6.731278
v 13.00516 31.30001 6.731278
v 13.40304 24.00001 6.059938
v 13.40304 31.30001 6.059939
v 13.51359 24.00001 5.287457
v 13.51359 31.30001 5.287457
v 13.32026 24.00001 4.531434
v 13.32026 31.30001 4.531434
v 12.85221 24.00001 3.90699
v 12.85221 31.30001 3.906991
v 12.18087 24.00001 3.509115
v 12.18087 31.30001 3.509115
v 11.40838 24.00001 3.398558
v 11.40838 31.30001 3.398559
v 10.65236 24.00001 3.591895
v 10.65236 31.30001 3.591895
v 9.253585 28.23081 2.302801
v 8.90718 28.96861 1.551017
v 7.644197 28.87411 -0.1793358
v 8.738591 30.06851 0.8700963
v 7.343112 30.29361 -0.9913825
v 9.136447 30.95281 1.589388
v 7.833833 31.08531 -0.3562042
v 7.833833 31.08531 -0.3562042
v 9.136447 30.95281 1.589388
v 7.894101 31.41571 1.847005
v 5.820415 31.16321 0.1282955
v 5.32143 31.41611 6.978209
v 6.895446 31.55391 5.800202
v 7.323376 31.06381 8.012959
v 4.620954 30.92651 9.773043
v 7.323376 31.06381 8.012959
v 7.729453 29.81731 7.969447
v 6.080861 29.56501 8.937957
v 4.620954 30.92651 9.773043
v 5.986342 28.15381 8.38001
v 7.825969 31.49331 4.349412
v 9.467031 31.05961 4.220493
v 8.624779 30.53461 7.525311
v -3.135815 28.62651 3.737186
v -5.324908 26.82541 2.653558
v -2.904266 27.97321 2.887079
v 2.246778 30.03151 3.260867
v 0.05266436 29.73911 3.702062
v 4.368104 31.18881 3.95981
v 6.184173 31.36171 3.624716
v 6.522219 31.59401 4.270134
v 4.110566 31.52901 4.354452
v 6.141158 31.64181 3.079498
v 6.184173 31.36171 3.624716
v 2.246778 30.03151 3.260868
v 1.337658 30.04641 2.591588
v -2.904266 27.97321 2.887079
v -2.68081 28.39981 2.38301
v -4.636071 27.23511 2.180229
v -5.324908 26.82541 2.653558
v 5.105899 26.46911 2.555076
v 7.540212 25.89381 2.667873
v 7.389265 28.16281 2.139101
v 5.983574 25.16651 3.415588
v 4.022598 25.46951 3.481794
v 5.983574 25.16651 3.415588
v 4.022598 25.46951 3.481794
v 5.003639 25.18381 3.846454
v 5.763604 24.69801 4.178166
v 3.033591 25.65951 4.27985
v 5.269316 25.86131 5.278903
v 5.763604 24.69801 4.178166
v 5.003639 25.18381 3.846454
v 3.033591 25.65951 4.27985
v 5.269316 25.86131 5.278903
v 5.003639 25.18381 3.846454
v 6.685506 26.27881 6.393906
v 5.223837 27.51941 6.237366
v 5.722917 28.06731 6.551457
v 3.976735 27.73641 6.978699
v 6.362308 28.19431 7.525939
v 7.892945 25.11781 6.687407
v 6.936401 24.48691 5.794179
v 8.092522 28.20701 7.120013
v 1.085841 25.70001 4.073983
v -0.8185683 25.51921 3.908972
v 2.202634 26.51931 5.073169
v 3.694053 27.27531 1.735652
v 2.126667 26.41011 1.95769
v 8.861159 25.22561 2.521018
v 9.253585 28.23081 2.302801
v 5.722917 28.06731 6.551457
v 7.674901 22.37261 5.080421
v 6.936402 24.48691 5.794179
v 7.674901 22.37261 5.080421
v 7.016142 23.27701 4.443881
v 7.016142 23.27701 4.443881
v 7.674901 22.37261 5.080421
v 8.079607 22.78871 3.529222
v 7.297347 23.89451 3.554819
v 7.297347 23.89451 3.554819
v 8.079607 22.78871 3.529222
v 9.253585 28.23081 2.302801
v 7.126161 28.02941 -0.1284771
v 7.484512 28.14771 1.403717
v 3.708464 27.25611 -0.9195262
v 8.092522 28.20701 7.120013
v 7.389265 28.16281 2.139101
v 1.441677 26.88441 5.154611
v 1.488098 27.21771 8.406941
v -0.5699812 26.52301 9.298775
v -1.487161 25.92731 6.810689
v -3.862973 24.36051 2.991809
v -3.533495 25.00951 7.29974
v -4.530863 24.08451 4.05292
v -4.377426 23.88031 1.672129
v -0.1617354 25.98581 1.33082
v -1.282841 25.25741 -0.813286
v 3.694053 27.27531 1.735652
v 1.297235 29.96691 -1.2163
v 2.261387 30.98801 1.946271
v -2.037799 29.14731 1.872477
v -1.179166 28.92961 -1.03749
v -3.346569 27.81521 -0.2319641
v -4.636071 27.23511 2.180229
v -5.596687 26.23651 0.1817687
v -4.708211 27.53231 5.038281
v -3.135815 28.62651 3.737186
v 0.1743879 30.50401 4.236702
v -0.4358884 30.00431 7.268227
v -2.535203 29.00911 6.438997
v 1.85885 30.71541 8.813161
v 3.515757 31.19921 7.287496
v 6.141158 31.64181 3.079498
v 3.948946 30.59531 -1.831469
v -6.215755 22.61481 1.178844
v -2.957361 24.26651 -1.933909
v -3.660067 24.01451 1.93497
v -3.547594 24.14461 2.635074
v -4.377426 23.88031 1.672129
v -3.862973 24.36051 2.991809
v -0.1617354 25.98581 1.33082
v -0.6493356 25.43841 1.731012
v -4.377426 23.88031 1.672129
v -3.660067 24.01451 1.93497
v 2.237473 25.47731 3.148707
v -0.8247708 24.83231 2.621799
v -0.8247708 24.83231 2.621799
v -0.8247708 24.83231 2.621799
v 1.441677 26.88441 5.154611
v 2.237473 25.47731 3.148707
v 5.17244 27.46671 -1.888292
v 3.024951 26.90401 -2.953429
v 5.986342 28.15381 8.38001
v 1.635591 27.70251 10.25739
v -6.866802 22.53021 3.318601
v -6.772637 22.15101 0.3283656
v -7.529503 21.82051 1.56048
v 2.261387 30.98801 1.946271
v 0.1743879 30.50401 4.236702
v 4.110566 31.52901 4.354452
v -2.037799 29.14731 1.872477
v 7.825969 31.49331 4.349412
v 1.688853 30.43501 10.87291
v -0.2863722 29.42251 10.21153
v -2.80818 28.31361 8.977428
v -5.349281 26.79761 6.688409
v -6.868068 25.60631 4.698798
v -7.264908 25.25311 3.442832
v -8.024776 23.91641 1.617576
v -7.104989 25.17081 1.381539
v -6.835227 25.01251 -0.3469082
v -3.823395 26.83501 -2.497756
v -1.24296 27.83251 -3.476156
v 1.636228 29.00351 -3.789984
v 4.530116 30.04951 -3.605309
v 5.791297 30.62301 -2.535169
v 9.509892 29.43611 1.983891
v 7.126161 28.02941 -0.1284771
v 9.643873 30.67331 2.753345
v 3.763004 29.28971 9.963619
v 1.635591 27.70251 10.25739
v -0.5699802 26.52301 9.298774
v -0.8305161 27.47081 9.616332
v 1.635591 27.70251 10.25739
v -3.533495 25.00951 7.29974
v -3.020806 26.47201 8.358769
v -4.873337 25.34661 6.648783
v -6.866802 22.53021 3.318601
v -6.483576 24.16211 4.766601
v -7.398562 23.05801 3.060956
v -7.529503 21.82051 1.56048
v -7.825398 22.48221 1.526844
v -7.825398 22.48221 1.526844
v -7.529503 21.82051 1.56048
v -6.772637 22.15101 0.3283656
v -7.544036 23.08141 0.6002754
v -6.224428 24.10171 -0.7190892
v -6.772637 22.15101 0.3283656
v -2.957361 24.26651 -1.933909
v -3.434632 25.38141 -2.332876
v -0.9595582 26.32611 -3.161112
v 3.024951 26.90401 -2.953429
v 1.738647 27.42901 -3.447663
v 4.419203 28.41901 -3.316982
v 5.17244 27.46671 -1.888292
v 5.62515 28.27761 -2.102645
v 5.791297 30.62301 -2.535169
v 6.078508 29.71031 -2.179181
v 4.530116 30.04951 -3.605309
v -3.823395 26.83501 -2.497756
v -1.242959 27.83251 -3.476157
v -6.835227 25.01251 -0.3469082
v -8.024776 23.91641 1.617576
v -7.264908 25.25311 3.442832
v -7.636272 24.34341 3.060483
v -6.868068 25.60631 4.698798
v -0.2863722 29.42251 10.21153
v 1.688853 30.43501 10.87291
v 1.673321 29.40431 10.77067
v 1.673321 29.40431 10.77067
v 1.688853 30.43501 10.87291
v 8.234435 29.42941 7.517179
v 8.092522 28.20701 7.120013
v 8.624779 30.53461 7.525311
v 4.530116 30.04951 -3.605309
v 1.636228 29.00351 -3.789984
v -8.024776 23.91641 1.617576
v -7.636272 24.34341 3.060483
v -6.868068 25.60631 4.698798
v -5.349281 26.79761 6.688409
v -2.80818 28.31361 8.977428
v 9.643873 30.67331 2.753345
v 15.32647 28.23081 4.982259
v 16.15074 28.96861 5.05816
v 18.28076 28.87411 4.82957
v 16.82473 30.06851 5.252621
v 19.13456 30.29361 4.974851
v 16.00287 30.95281 5.237525
v 18.33911 31.08531 5.082234
v 18.33911 31.08531 5.082234
v 16.00287 30.95281 5.237525
v 16.40095 31.41571 4.032815
v 18.92624 31.16321 3.096316
v 13.24355 31.41611 -0.7608004
v 13.47672 31.55391 1.191342
v 11.34646 31.06381 0.4555517
v 11.1734 30.92651 -2.764856
v 11.34646 31.06381 0.4555517
v 11.1811 29.81731 0.8289807
v 11.16665 29.56501 -1.082997
v 11.1734 30.92651 -2.764856
v 11.6971 28.15381 -0.8858768
v 14.26787 31.49331 2.722598
v 13.55898 31.05961 4.208255
v 11.11806 30.53461 1.826423
v 20.27901 28.62651 -6.464447
v 22.31201 26.82541 -7.818433
v 20.89945 27.97321 -5.838861
v 18.0002 30.03151 -1.564833
v 18.71518 29.73911 -3.685586
v 16.33422 31.18881 -0.07719031
v 15.71638 31.36171 1.663115
v 14.98841 31.59401 1.633159
v 16.12123 31.52901 -0.4975471
v 16.21006 31.64181 1.898474
v 15.71638 31.36171 1.663115
v 18.0002 30.03151 -1.564834
v 19.03437 30.04641 -2.017511
v 20.89945 27.97321 -5.838861
v 21.22425 28.39981 -5.393307
v 22.37751 27.23511 -6.985218
v 22.31201 26.82541 -7.818433
v 17.18186 26.46911 1.264128
v 15.867 25.89381 3.315902
v 16.40041 28.16281 3.449566
v 15.99779 25.16651 1.593956
v 16.92095 25.46951 -0.1373978
v 15.99779 25.16651 1.593956
v 16.92095 25.46951 -0.1373978
v 16.11462 25.18381 0.5298747
v 15.44737 24.69801 1.022165
v 16.72432 25.65951 -1.392932
v 14.74125 25.86131 0.0437271
v 15.44737 24.69801 1.022165
v 16.11462 25.18381 0.5298747
v 16.72432 25.65951 -1.392932
v 14.74125 25.86131 0.0437271
v 16.11462 25.18381 0.5298747
v 13.06753 26.27881 0.7126746
v 13.93394 27.51941 -0.4748933
v 13.41238 28.06731 -0.1997257
v 13.91548 27.73641 -1.925582
v 12.24876 28.19431 -0.1332432
v 12.20963 25.11781 1.611592
v 13.46146 24.48691 1.229821
v 11.73519 28.20701 1.568126
v 17.87649 25.70001 -2.976793
v 18.97161 25.51921 -4.543551
v 16.45277 26.51931 -2.509223
v 18.59742 27.27531 0.451153
v 19.18883 26.41011 -1.01726
v 15.3337 25.22561 4.5333
v 15.32647 28.23081 4.982259
v 13.41238 28.06731 -0.1997257
v 13.71034 22.37261 2.22626
v 13.46146 24.48691 1.229822
v 13.71034 22.37261 2.22626
v 14.59098 23.27701 1.974032
v 14.59098 23.27701 1.974032
v 13.71034 22.37261 2.22626
v 14.85136 22.78871 3.352351
v 15.22032 23.89451 2.662097
v 15.22032 23.89451 2.662097
v 14.85136 22.78871 3.352351
v 15.32647 28.23081 4.982259
v 18.49574 28.02941 4.35551
v 16.98964 28.14771 3.899747
v 20.88966 27.25611 1.791233
v 11.73519 28.20701 1.568126
v 16.40041 28.16281 3.449566
v 16.76272 26.88441 -3.20895
v 13.92292 27.21771 -4.794926
v 14.17962 26.52301 -7.023191
v 16.79295 25.92731 -6.573438
v 21.28811 24.36051 -6.721489
v 17.3926 25.00951 -8.590137
v 20.70311 24.08451 -7.830458
v 22.68821 23.88031 -6.507174
v 20.87593 25.98581 -2.685632
v 23.29333 25.25741 -2.584474
v 18.59742 27.27531 0.451153
v 22.3523 29.96691 -0.1485588
v 19.13136 30.98801 -0.894879
v 21.34488 29.14731 -4.581176
v 23.43566 28.92961 -2.382586
v 23.82176 27.81521 -4.662373
v 22.37751 27.23511 -6.985218
v 24.58853 26.23651 -6.817895
v 19.93844 27.53231 -8.47673
v 20.27901 28.62651 -6.464447
v 18.1913 30.50401 -3.847493
v 15.87107 30.00431 -5.89178
v 17.63887 29.00911 -7.295218
v 13.38575 30.71541 -4.676959
v 13.87855 31.19921 -2.479199
v 16.21006 31.64181 1.898474
v 21.55919 30.59531 2.45547
v 24.03458 22.61481 -7.852564
v 25.10108 24.26651 -3.474331
v 22.1019 24.01451 -6.017345
v 21.43936 24.14461 -6.269997
v 22.68821 23.88031 -6.507174
v 21.28811 24.36051 -6.721489
v 20.87593 25.98581 -2.685632
v 20.77315 25.43841 -3.308002
v 22.68821 23.88031 -6.507174
v 22.1019 24.01451 -6.017345
v 18.10198 25.47731 -1.516813
v 20.08943 24.83231 -3.905331
v 20.08943 24.83231 -3.905331
v 20.08943 24.83231 -3.905331
v 16.76272 26.88441 -3.20895
v 18.10198 25.47731 -1.516813
v 20.99664 27.46671 3.543457
v 22.99283 26.90401 2.216254
v 11.6971 28.15381 -0.8858768
v 12.24664 27.70251 -5.592429
v 22.50702 22.53021 -9.486274
v 25.04955 22.15101 -7.909595
v 24.36095 21.82051 -9.18112
v 19.13136 30.98801 -0.894879
v 18.1913 30.50401 -3.847493
v 16.12123 31.52901 -0.4975471
v 21.34488 29.14731 -4.581176
v 14.26787 31.49331 2.722598
v 11.68696 30.43501 -5.854061
v 13.24734 29.42251 -7.233963
v 15.57702 28.31361 -8.800848
v 18.82992 26.79761 -9.856981
v 21.31237 25.60631 -10.17747
v 22.59849 25.25311 -9.893158
v 24.55914 23.91641 -9.638586
v 24.30366 25.17081 -8.72401
v 25.66565 25.01251 -7.626159
v 26.02241 26.83501 -3.94241
v 25.5795 27.83251 -1.218491
v 24.41167 29.00351 1.431869
v 22.80478 30.04951 3.845704
v 21.24742 30.62301 4.402843
v 15.4745 29.43611 5.363683
v 18.49574 28.02941 4.35551
v 14.74115 30.67331 5.094985
v 11.43734 29.28971 -3.603151
v 12.24664 27.70251 -5.592429
v 14.17962 26.52301 -7.02319
v 14.03488 27.47081 -7.4076
v 12.24664 27.70251 -5.592429
v 17.3926 25.00951 -8.590137
v 16.21911 26.47201 -8.675655
v 18.62627 25.34661 -9.424991
v 22.50702 22.53021 -9.486274
v 21.06141 24.16211 -9.878397
v 22.99603 23.05801 -9.817966
v 24.36095 21.82051 -9.18112
v 24.53803 22.48221 -9.420554
v 24.53803 22.48221 -9.420554
v 24.36095 21.82051 -9.18112
v 25.04955 22.15101 -7.909595
v 25.19977 23.08141 -8.7136
v 25.68257 24.10171 -6.9111
v 25.04955 22.15101 -7.909595
v 25.10108 24.26651 -3.474331
v 25.68523 25.38141 -3.688174
v 25.16496 26.32611 -1.130581
v 22.99283 26.90401 2.216254
v 24.064 27.42901 1.349404
v 22.61054 28.41901 3.605486
v 20.99664 27.46671 3.543457
v 20.95592 28.27761 4.042691
v 21.24742 30.62301 4.402843
v 20.79552 29.71031 4.473578
v 22.80478 30.04951 3.845705
v 26.02241 26.83501 -3.94241
v 25.5795 27.83251 -1.218489
v 25.66565 25.01251 -7.626159
v 24.55914 23.91641 -9.638586
v 22.59849 25.25311 -9.893158
v 23.1153 24.34341 -10.02359
v 21.31237 25.60631 -10.17747
v 13.24734 29.42251 -7.233963
v 11.68696 30.43501 -5.854061
v 11.78326 29.40431 -5.816394
v 11.78326 29.40431 -5.816394
v 11.68696 30.43501 -5.854061
v 11.32028 29.42941 1.492442
v 11.73519 28.20701 1.568126
v 11.11806 30.53461 1.826423
v 22.80478 30.04951 3.845705
v 24.41167 29.00351 1.431869
v 24.55914 23.91641 -9.638586
v 23.1153 24.34341 -10.02359
v 21.31237 25.60631 -10.17747
v 18.82992 26.79761 -9.856981
v 15.57702 28.31361 -8.800848
v 14.74115 30.67331 5.094985
v -8.48745 37.00002 -18.61059
v -10.01825 37.00002 -18.30618
v -10.01826 33.00002 -18.30618
v -8.487453 33.00002 -18.61059
v -11.31585 37.00002 -17.43898
v -11.31586 33.00002 -17.43898
v -12.18305 37.00002 -16.14138
v -12.18305 33.00002 -16.14138
v -12.48745 37.00002 -14.61058
v -12.48745 33.00002 -14.61058
v -12.18305 37.00002 -13.07977
v -12.18305 33.00002 -13.07977
v -11.31585 37.00002 -11.78217
v -11.31585 33.00002 -11.78217
v -10.01824 37.00002 -10.91497
v -10.01825 33.00002 -10.91497
v -8.487442 37.00002 -10.61057
v -8.487446 33.00002 -10.61057
v -6.956641 37.00002 -10.91497
v -6.956645 33.00002 -10.91497
v -5.65904 37.00002 -11.78217
v -5.659044 33.00002 -11.78217
v -4.791841 37.00002 -13.07977
v -4.791844 33.00002 -13.07977
v -4.487442 37.00002 -14.61058
v -4.487446 33.00002 -14.61058
v -4.791843 37.00002 -16.14138
v -4.791848 33.00002 -16.14138
v -5.659046 37.00002 -17.43898
v -5.65905 33.00002 -17.43898
v -6.956648 37.00002 -18.30618
v -6.956652 33.00002 -18.30618
v -8.487452 37.00002 -20.61059
v -10.78365 37.00002 -20.15399
v -10.78366 33.00002 -20.15399
v -8.487455 33.00002 -20.61059
v -12.73005 37.00002 -18.85319
v -12.73006 33.00002 -18.85319
v -14.03085 37.00003 -16.90678
v -14.03086 33.00003 -16.90678
v -14.48745 37.00003 -14.61058
v -14.48746 33.00003 -14.61058
v -14.03085 37.00002 -12.31437
v -14.03085 33.00002 -12.31437
v -12.73005 37.00002 -10.36797
v -12.73005 33.00002 -10.36797
v -10.78364 37.00002 -9.067166
v -10.78365 33.00002 -9.067166
v -8.48744 37.00002 -8.610565
v -8.487444 33.00002 -8.610565
v -6.191238 37.00002 -9.067166
v -6.191242 33.00002 -9.067166
v -4.244837 37.00002 -10.36797
v -4.244842 33.00002 -10.36797
v -2.944038 37.00001 -12.31437
v -2.944042 33.00001 -12.31437
v -2.48744 37.00001 -14.61058
v -2.487444 33.00001 -14.61058
v -2.944043 37.00002 -16.90678
v -2.944047 33.00002 -16.90678
v -4.244846 37.00002 -18.85319
v -4.24485 33.00002 -18.85319
v -6.191249 37.00002 -20.15399
v -6.191253 33.00002 -20.15399
v -14.48745 37.00003 -14.61058
v -12.48745 37.00002 -14.61058
v -12.18305 37.00002 -13.07977
v -14.03085 37.00002 -12.31437
v -11.31585 37.00002 -11.78217
v -12.73005 37.00002 -10.36797
v -10.01824 37.00002 -10.91497
v -10.78364 37.00002 -9.067166
v -8.487442 37.00002 -10.61057
v -8.48744 37.00002 -8.610565
v -6.956641 37.00002 -10.91497
v -6.191238 37.00002 -9.067166
v -5.65904 37.00002 -11.78217
v -4.244837 37.00002 -10.36797
v -4.791841 37.00002 -13.07977
v -2.944038 37.00001 -12.31437
v -4.487442 37.00002 -14.61058
v -2.48744 37.00001 -14.61058
v -4.791843 37.00002 -16.14138
v -2.944043 37.00002 -16.90678
v -5.659046 37.00002 -17.43898
v -4.244846 37.00002 -18.85319
v -6.956648 37.00002 -18.30618
v -6.191249 37.00002 -20.15399
v -8.48745 37.00002 -18.61059
v -8.487452 37.00002 -20.61059
v -10.01825 37.00002 -18.30618
v -10.78365 37.00002 -20.15399
v -11.31585 37.00002 -17.43898
v -12.73005 37.00002 -18.85319
v -12.18305 37.00002 -16.14138
v -14.03085 37.00003 -16.90678
v -8.487452 25.00002 -8.610566
v -10.78365 25.00002 -9.067167
v -10.78365 30.00002 -9.067166
v -8.487447 30.00002 -8.610566
v -12.73006 25.00002 -10.36797
v -12.73005 30.00002 -10.36797
v -14.03086 25.00002 -12.31437
v -14.03086 30.00002 -12.31437
v -14.48746 25.00002 -14.61058
v -14.48746 30.00002 -14.61058
v -14.03086 25.00002 -16.90678
v -14.03086 30.00002 -16.90678
v -12.73007 25.00002 -18.85319
v -12.73006 30.00002 -18.85319
v -10.78367 25.00002 -20.15399
v -10.78366 30.00002 -20.15399
v -8.487464 25.00002 -20.61059
v -8.487458 30.00002 -20.61059
v -6.191261 25.00002 -20.15399
v -6.191256 30.00002 -20.15399
v -4.244858 25.00002 -18.85319
v -4.244853 30.00002 -18.85319
v -2.944055 25.00001 -16.90678
v -2.94405 30.00001 -16.90678
v -2.487452 25.00001 -14.61058
v -2.487447 30.00001 -14.61058
v -2.94405 25.00001 -12.31437
v -2.944045 30.00001 -12.31437
v -4.244849 25.00002 -10.36797
v -4.244844 30.00002 -10.36797
v -6.19125 25.00002 -9.067167
v -6.191245 30.00002 -9.067166
v -8.48745 25.00002 -6.610562
v -11.54905 25.00002 -7.219363
v -11.54905 30.00002 -7.219363
v -8.487445 30.00002 -6.610562
v -14.14426 25.00002 -8.953767
v -14.14425 30.00002 -8.953767
v -15.87866 25.00003 -11.54897
v -15.87866 30.00003 -11.54897
v -16.48746 25.00003 -14.61058
v -16.48746 30.00003 -14.61058
v -15.87867 25.00003 -17.67218
v -15.87866 30.00003 -17.67218
v -14.14427 25.00002 -20.26739
v -14.14426 30.00002 -20.26739
v -11.54907 25.00002 -22.00179
v -11.54906 30.00002 -22.00179
v -8.487466 25.00002 -22.61059
v -8.487461 30.00002 -22.61059
v -5.425862 25.00002 -22.00179
v -5.425857 30.00002 -22.00179
v -2.830658 25.00001 -20.26739
v -2.830653 30.00001 -20.26739
v -1.096254 25.00001 -17.67218
v -1.096249 30.00001 -17.67218
v -0.48745 25.00001 -14.61058
v -0.487445 30.00001 -14.61058
v -1.096247 25.00001 -11.54897
v -1.096242 30.00001 -11.54897
v -2.830647 25.00001 -8.953767
v -2.830642 30.00001 -8.953767
v -5.425848 25.00002 -7.219363
v -5.425842 30.00002 -7.219363
v -16.48746 25.00003 -14.61058
v -14.48746 25.00002 -14.61058
v -14.03086 25.00002 -16.90678
v -15.87867 25.00003 -17.67218
v -12.73007 25.00002 -18.85319
v -14.14427 25.00002 -20.26739
v -10.78367 25.00002 -20.15399
v -11.54907 25.00002 -22.00179
v -8.487464 25.00002 -20.61059
v -8.487466 25.00002 -22.61059
v -6.191261 25.00002 -20.15399
v -5.425862 25.00002 -22.00179
v -4.244858 25.00002 -18.85319
v -2.830658 25.00001 -20.26739
v -2.944055 25.00001 -16.90678
v -1.096254 25.00001 -17.67218
v -2.487452 25.00001 -14.61058
v -0.48745 25.00001 -14.61058
v -2.94405 25.00001 -12.31437
v -1.096247 25.00001 -11.54897
v -4.244849 25.00002 -10.36797
v -2.830647 25.00001 -8.953767
v -6.19125 25.00002 -9.067167
v -5.425848 25.00002 -7.219363
v -8.487452 25.00002 -8.610566
v -8.48745 25.00002 -6.610562
v -10.78365 25.00002 -9.067167
v -11.54905 25.00002 -7.219363
v -12.73006 25.00002 -10.36797
v -14.14426 25.00002 -8.953767
v -14.03086 25.00002 -12.31437
v -15.87866 25.00003 -11.54897
v -8.487454 33.00002 -19.61059
v -10.40096 33.00002 -19.23009
v -12.31446 33.00002 -23.8496
v -8.487459 33.00002 -24.6106
v -12.02296 33.00002 -18.14608
v -15.55846 33.00003 -21.68159
v -13.10696 33.00002 -16.52408
v -17.72646 33.00003 -18.43759
v -13.48745 33.00002 -14.61058
v -18.48746 33.00003 -14.61058
v -13.10695 33.00002 -12.69707
v -17.72646 33.00003 -10.78357
v -12.02295 33.00002 -11.07507
v -15.55845 33.00003 -7.539564
v -10.40095 33.00002 -9.991068
v -12.31444 33.00002 -5.371559
v -8.487445 33.00002 -9.610567
v -8.48744 33.00002 -4.610558
v -6.573943 33.00002 -9.991068
v -4.660437 33.00002 -5.371559
v -4.951943 33.00002 -11.07507
v -1.416436 33.00001 -7.539564
v -3.867943 33.00002 -12.69707
v 0.7515633 33.00001 -10.78357
v -3.487445 33.00002 -14.61058
v 1.51256 33.00001 -14.61058
v -14.48746 30.00002 -14.61058
v -12.48746 30.00002 -14.61058
v -12.18305 30.00002 -13.07977
v -14.03086 30.00002 -12.31437
v -11.31585 30.00002 -11.78217
v -12.73005 30.00002 -10.36797
v -10.01825 30.00002 -10.91497
v -10.78365 30.00002 -9.067166
v -8.487449 30.00002 -10.61057
v -8.487447 30.00002 -8.610566
v -6.956647 30.00002 -10.91497
v -6.191245 30.00002 -9.067166
v -5.659047 30.00002 -11.78217
v -4.244844 30.00002 -10.36797
v -4.791848 30.00002 -13.07977
v -2.944045 30.00001 -12.31437
v -4.487449 30.00002 -14.61058
v -2.487447 30.00001 -14.61058
v -4.791851 30.00002 -16.14138
v -2.94405 30.00001 -16.90678
v -5.659053 30.00002 -17.43898
v -4.244853 30.00002 -18.85319
v -6.956655 30.00002 -18.30618
v -6.191256 30.00002 -20.15399
v -8.487456 30.00002 -18.61059
v -8.487458 30.00002 -20.61059
v -10.01826 30.00002 -18.30618
v -10.78366 30.00002 -20.15399
v -11.31586 30.00002 -17.43898
v -12.73006 30.00002 -18.85319
v -12.18306 30.00002 -16.14138
v -14.03086 30.00002 -16.90678
v -8.487456 30.00002 -18.61059
v -10.01826 30.00002 -18.30618
v -11.31586 30.00002 -17.43898
v -12.18306 30.00002 -16.14138
v -12.48746 30.00002 -14.61058
v -12.18305 30.00002 -13.07977
v -11.31585 30.00002 -11.78217
v -10.01825 30.00002 -10.91497
v -8.487449 30.00002 -10.61057
v -6.956647 30.00002 -10.91497
v -5.659047 30.00002 -11.78217
v -4.791848 30.00002 -13.07977
v -4.487449 30.00002 -14.61058
v -4.791851 30.00002 -16.14138
v -5.659053 30.00002 -17.43898
v -6.956655 30.00002 -18.30618
v -8.487461 32.00002 -24.6106
v -8.487459 33.00002 -24.6106
v -12.31446 33.00002 -23.8496
v -12.31446 32.00002 -23.8496
v -15.55846 33.00003 -21.68159
v -15.55846 32.00003 -21.68159
v 1.512559 32.00001 -14.61058
v 1.51256 33.00001 -14.61058
v 0.7515633 33.00001 -10.78357
v 0.7515623 32.00001 -10.78357
v -1.416436 33.00001 -7.539564
v -1.416437 32.00001 -7.539564
v -1.416369 30.00001 -7.539493
v -4.660573 33.00002 -5.371499
v -4.660576 30.00002 -5.371499
v -8.48744 33.00002 -4.61065
v -8.487443 30.00002 -4.61065
v -12.31431 33.00002 -5.371499
v -12.31431 30.00002 -5.371499
v -15.55852 33.00003 -7.539493
v -15.55852 30.00002 -7.539493
v -17.72651 33.00003 -10.78371
v -17.72652 30.00003 -10.78371
v -18.48737 33.00003 -14.61058
v -18.48737 30.00003 -14.61058
v -17.72652 33.00003 -18.43745
v -17.72653 30.00003 -18.43745
v -15.55854 30.00003 -21.68166
v -14.1443 30.00002 -20.26743
v -15.87869 30.00003 -17.67207
v -17.7265 30.00003 -18.43744
v -15.55852 30.00003 -21.68164
v -16.48736 30.00003 -14.61058
v -18.48734 30.00003 -14.61058
v -15.87868 30.00003 -11.54909
v -17.72649 30.00003 -10.78372
v -14.14429 30.00002 -8.953727
v -15.5585 30.00002 -7.539514
v -11.54893 30.00002 -7.219336
v -12.3143 30.00002 -5.371525
v -8.487445 30.00002 -6.610659
v -8.487443 30.00002 -4.610679
v -5.425961 30.00002 -7.219336
v -4.660587 30.00002 -5.371525
v -2.830602 30.00001 -8.953727
v -1.416389 30.00001 -7.539514
v -0.08745057 33.54431 -23.7106
v 1.11255 33.34261 -23.8106
v -0.6874503 33.30001 -22.71059
v 1.61255 34.24511 -25.3106
v 2.812552 34.18831 -25.2106
v 3.412552 35.61171 -26.9106
v 4.212553 35.40181 -26.8106
v 5.412552 36.46311 -28.91061
v 6.012553 36.06631 -28.5106
v 7.612554 36.8284 -31.11061
v 8.212552 36.3884 -30.81061
v 9.312552 36.713 -32.71061
v 9.712552 36.2629 -32.41061
v 11.21255 36.0891 -33.61061
v 11.21255 36.0891 -33.61061
v 10.01255 36.6543 -32.01061
v 9.712552 36.2629 -32.41061
v 8.612555 36.7596 -30.51061
v 8.212552 36.3884 -30.81061
v 6.412554 36.4383 -28.11061
v 6.012553 36.06631 -28.5106
v 4.712554 35.78941 -26.4106
v 4.212553 35.40181 -26.8106
v 3.212553 34.57891 -24.8106
v 2.812552 34.18831 -25.2106
v 1.312552 33.66961 -23.31059
v 1.11255 33.34261 -23.8106
v -0.6874503 33.30001 -22.71059
v 0.2125412 36.00771 -34.91062
v -0.4874571 36.12431 -32.81061
v -1.68746 35.43351 -33.71062
v 2.112544 36.82311 -34.11062
v 2.312543 36.21891 -35.51062
v 5.312546 36.73991 -35.01062
v 5.412545 36.06171 -36.31062
v 8.112549 36.298 -35.21062
v 8.412546 35.3075 -36.51062
v 10.71255 35.6256 -35.21062
v 11.61255 34.0732 -36.31062
v 12.21255 35.0261 -34.91062
v 13.01255 33.5984 -35.81062
v 13.81255 33.679 -34.61062
v 12.71255 35.3652 -33.41061
v 14.11256 34.8126 -30.91061
v 12.81256 35.9369 -30.31061
v 13.81256 35.398 -27.2106
v 12.31256 36.1822 -27.2106
v 12.31256 35.2287 -23.11059
v 10.31256 35.6395 -23.21059
v 9.912563 33.8943 -19.51059
v 8.612563 34.456 -20.31059
v 7.812562 32.9572 -17.91058
v 6.512561 33.4148 -18.81059
v 4.31256 32.60001 -16.51058
v 3.912559 33.00001 -17.71058
v 1.312559 33.00001 -15.81058
v 1.012557 33.00001 -17.21058
v -3.387461 34.27832 -32.21061
v -2.687459 34.73771 -31.11061
v -4.887462 33.12992 -29.91061
v -3.987459 33.47021 -28.4106
v -5.98746 32.90002 -27.0106
v -4.787458 33.00002 -26.3106
v -6.887458 33.00002 -24.3106
v -5.487456 33.00002 -24.0106
v 11.21255 36.0891 -33.61061
v 9.312552 36.713 -32.71061
v 7.612554 36.8284 -31.11061
v 5.412552 36.46311 -28.91061
v 3.412552 35.61171 -26.9106
v -0.4874571 36.12431 -32.81061
v 1.61255 34.24511 -25.3106
v 1.312552 33.66961 -23.31059
v 3.212553 34.57891 -24.8106
v 4.712554 35.78941 -26.4106
v 6.412554 36.4383 -28.11061
v 8.612555 36.7596 -30.51061
v 12.31256 36.1822 -27.2106
v 10.01255 36.6543 -32.01061
v 4.112563 32.30001 -12.41057
v 3.912564 32.7 -11.81057
v 2.612561 32.70001 -13.11057
v 5.512567 32.7 -11.41057
v 5.712565 32.3 -12.41057
v 7.412567 32.3 -12.51057
v 7.412568 32.7 -11.51057
v 9.312569 32.7 -12.31057
v 9.112568 32.3 -13.11057
v 11.31257 32.9 -13.01057
v 11.31257 32.5 -13.51058
v 13.41257 32.9 -13.11057
v 13.51257 32.5 -13.51058
v 15.61257 32.5 -13.31058
v 15.61257 32.5 -13.31058
v 13.51257 32.5 -13.51058
v 13.51257 32.9 -13.91058
v 11.31257 32.5 -13.51058
v 11.31257 32.9 -13.91058
v 9.012568 32.7 -13.61058
v 9.112568 32.3 -13.11057
v 7.312566 32.7 -13.21058
v 7.412567 32.3 -12.51057
v 5.712565 32.3 -12.41057
v 5.712565 32.7 -13.11057
v 4.112564 32.30001 -12.41057
v 4.212564 32.7 -13.11057
v 2.612561 32.70001 -13.11057
v 12.91257 32.4 -18.81059
v 12.41257 32.9 -18.11058
v 10.06246 33.0325 -19.73539
v 10.31256 32.6 -20.11059
v 15.51257 32 -16.61058
v 14.61257 32.5 -16.11058
v 15.91257 32.5 -14.41058
v 17.11257 31.49999 -14.61058
v 17.31257 31.49999 -13.81058
v 16.81257 31.49999 -12.91057
v 15.91257 32.5 -14.41058
v 15.61257 32.5 -13.31058
v 14.41257 32.59999 -11.71057
v 15.61258 31.59999 -11.31057
v 13.71257 31.8 -9.210567
v 12.51258 32.6 -9.410567
v 11.21257 31.7 -7.210563
v 10.31257 32.4 -7.810564
v 8.212572 31.6 -6.010561
v 7.412572 32.4 -6.810562
v 5.512571 31.6 -5.51056
v 5.412571 32.5 -6.610561
v 2.412568 31.90001 -6.210561
v 2.812568 32.70001 -7.510563
v -1.416437 32.50001 -7.539564
v -0.5733367 32.90001 -8.801166
v -15.55846 32.70003 -21.68159
v -16.98747 32.10003 -25.1106
v -15.38747 32.60003 -25.5106
v -16.68747 32.70003 -28.31061
v -17.78747 32.10003 -27.8106
v -17.88747 32.10003 -29.61061
v -16.58747 32.70003 -29.91061
v -15.58747 33.00003 -33.01062
v -16.78748 32.40003 -33.31062
v -14.28748 32.60003 -37.51062
v -13.28748 33.20003 -36.91062
v -11.88748 32.40002 -40.11063
v -10.88748 33.00002 -39.11063
v -9.687479 32.10002 -41.61063
v -8.887476 32.80002 -40.51063
v -7.887475 33.00002 -40.51063
v -8.487478 31.80002 -42.21063
v -7.487477 31.80002 -42.11063
v -6.087475 31.90002 -40.81063
v -7.887475 33.00002 -40.51063
v -6.287472 33.00002 -38.71062
v -4.587471 32.10002 -38.91063
v -3.187467 32.40002 -36.41062
v -4.687468 33.00002 -36.01062
v -1.827662 33.63751 -33.47691
v -3.387462 33.56351 -32.21061
v -4.687468 33.00002 -36.01062
v -9.787464 32.70002 -27.8106
v -9.587462 32.60002 -25.9106
v -10.28747 32.30002 -27.7106
v -10.38747 32.30002 -29.71061
v -9.687466 32.70002 -29.71061
v -8.887467 33.30002 -32.41061
v -9.587469 32.90002 -32.51061
v -8.587471 33.10002 -35.61062
v -7.88747 33.50002 -35.71062
v -7.887473 32.90002 -38.71062
v -7.887473 32.90002 -38.71062
v -8.587471 33.10002 -35.61062
v -9.18747 33.50002 -35.61062
v -10.18747 33.30002 -32.61061
v -9.587469 32.90002 -32.51061
v -11.18747 32.70002 -29.81061
v -10.38747 32.30002 -29.71061
v -10.98746 32.70002 -27.5106
v -10.28747 32.30002 -27.7106
v -9.587462 32.60002 -25.9106
v -7.487472 33.30002 -38.41063
v -7.887475 33.00002 -40.51063
v -7.887475 33.00002 -40.51063
v -8.387473 33.30002 -38.81063
v 1.51256 32.60001 -14.61058
v 2.612561 32.70001 -13.11057
v 3.912564 32.7 -11.81057
v 2.812568 32.70001 -7.510563
v 7.412572 32.4 -6.810562
v 5.412571 32.5 -6.610561
v 5.512567 32.7 -11.41057
v 10.31257 32.4 -7.810564
v 12.51258 32.6 -9.410567
v 7.412568 32.7 -11.51057
v 11.31257 32.9 -13.01057
v 9.312569 32.7 -12.31057
v 14.41257 32.59999 -11.71057
v 13.41257 32.9 -13.11057
v 15.61257 32.5 -13.31058
v 13.51257 32.9 -13.91058
v 12.41257 32.9 -18.11058
v 10.06246 33.0325 -19.73539
v 11.31257 32.9 -13.91058
v 4.31256 32.40001 -16.51058
v 9.012568 32.7 -13.61058
v 7.312566 32.7 -13.21058
v 5.712565 32.7 -13.11057
v 1.312558 32.40001 -15.81058
v 4.212564 32.7 -13.11057
v -9.587462 32.60002 -25.9106
v -6.887458 32.44702 -24.3106
v -4.887462 32.77132 -29.91061
v -9.787464 32.70002 -27.8106
v -9.687466 32.70002 -29.71061
v -8.887467 33.30002 -32.41061
v -7.88747 33.50002 -35.71062
v -7.487472 33.30002 -38.41063
v -8.387473 33.30002 -38.81063
v -9.18747 33.50002 -35.61062
v -10.18747 33.30002 -32.61061
v -11.18747 32.70002 -29.81061
v -15.58747 33.00003 -33.01062
v -10.98746 32.70002 -27.5106
v -1.827662 33.63751 -33.47691
v -2.487444 33.00001 -14.61058
v -8.487455 33.00002 -20.61059
v 13.81255 33.679 -34.61062
v 13.01255 33.5984 -35.81062
v 13.01255 31.2984 -35.81062
v 13.81255 31.379 -34.61062
v 13.01255 33.5984 -35.81062
v 11.61255 34.0732 -36.31062
v 11.61255 31.7732 -36.31062
v 13.01255 31.2984 -35.81062
v 8.412546 35.3075 -36.51062
v 8.412544 33.0075 -36.51062
v 5.412545 36.06171 -36.31062
v 5.412542 33.76171 -36.31062
v 2.312543 36.21891 -35.51062
v 2.312541 33.91891 -35.51062
v 0.2125412 36.00771 -34.91062
v 0.2125389 33.70771 -34.91062
v -1.68746 35.43351 -33.71062
v -1.891863 32.81511 -33.37001
v 9.912563 33.8943 -19.51059
v 12.31256 35.2287 -23.11059
v 12.31256 32.9287 -23.1106
v 10.31256 31.5943 -20.11059
v 13.81256 35.398 -27.2106
v 13.81256 33.098 -27.2106
v 14.11256 34.8126 -30.91061
v 14.11256 32.5126 -30.91061
v 13.81255 33.679 -34.61062
v 13.81255 31.379 -34.61062
v 10.31256 31.5943 -20.11059
v -1.891863 32.81511 -33.37001
v -1.88746 31.40871 -29.51061
v 0.2125389 33.70771 -34.91062
v 12.31256 32.9287 -23.1106
v 13.81256 33.098 -27.2106
v 2.312541 33.91891 -35.51062
v 14.11256 32.5126 -30.91061
v 5.412542 33.76171 -36.31062
v 8.412544 33.0075 -36.51062
v 13.01255 31.2984 -35.81062
v 13.81255 31.379 -34.61062
v 11.61255 31.7732 -36.31062
v 2.412566 30.20001 -6.210561
v -1.416339 30.00001 -7.539463
v -1.416436 32.50001 -7.539563
v 2.412568 31.90001 -6.210561
v 5.51257 29.9 -5.510559
v 5.512571 31.6 -5.510559
v 8.212572 29.9 -6.01056
v 8.212574 31.6 -6.01056
v 11.21257 30.1 -7.210563
v 11.21258 31.7 -7.210563
v 13.71257 30.1 -9.210567
v 13.71258 31.8 -9.210567
v 15.61257 29.89999 -11.31057
v 15.61258 31.59999 -11.31057
v 16.81257 29.79999 -12.91057
v 16.81257 31.49999 -12.91057
v 17.31257 29.79999 -13.81058
v 17.31257 31.49999 -13.81058
v 17.11257 29.79999 -14.61058
v 17.31257 29.79999 -13.81058
v 17.31257 31.49999 -13.81058
v 17.11257 31.49999 -14.61058
v 15.51257 30 -16.61058
v 15.51257 32 -16.61058
v 12.91256 30.4 -18.81059
v 12.91257 32.4 -18.81059
v 10.31256 30.4 -20.11059
v 10.31256 32.6 -20.11059
v 6.962557 30.25 -20.11059
v 10.31256 30.4 -20.11059
v 10.31256 32.6 -20.11059
v 6.911157 30.8156 -20.11059
v 5.212555 30.20071 -19.51059
v 1.312559 33.00001 -15.81058
v 1.312558 32.40001 -15.81058
v 4.31256 32.40001 -16.51058
v 1.312558 32.40001 -15.81058
v 1.312559 33.00001 -15.81058
v 4.312561 32.60001 -16.51058
v 7.812562 32.8302 -17.91058
v 7.812562 32.9572 -17.91058
v 5.212555 30.20071 -19.51059
v -2.987459 30.41531 -26.8106
v -2.830653 30.00001 -20.26739
v 3.412555 30.00001 -17.61058
v -0.487445 30.00001 -14.61058
v -5.425857 30.00002 -22.00179
v 2.412566 30.20001 -6.210561
v 8.21257 29.9 -6.010561
v 6.911157 30.8156 -20.11059
v 5.51257 29.9 -5.51056
v 6.962557 30.25 -20.11059
v 10.31256 30.4 -20.11059
v 11.21257 30.1 -7.210563
v 12.91256 30.4 -18.81059
v 13.71257 30.1 -9.210567
v 15.61257 29.89999 -11.31057
v 15.51257 30 -16.61058
v 16.81257 29.79999 -12.91057
v 17.11257 29.79999 -14.61058
v 17.31257 29.79999 -13.81058
v -1.987464 31.00001 -33.21062
v -1.827662 33.63751 -33.47691
v -3.187467 32.40002 -36.41062
v -3.187469 30.30002 -36.41062
v -4.587473 30.00002 -38.91063
v -4.587471 32.10002 -38.91063
v -1.887461 30.70001 -29.51061
v -2.987459 30.41532 -26.8106
v -1.88746 31.40871 -29.51061
v -3.387462 33.56351 -32.21061
v -3.387461 34.27832 -32.21061
v -4.887462 32.77132 -29.91061
v -4.887462 33.12992 -29.91061
v -5.98746 32.60842 -27.0106
v -5.98746 32.90002 -27.0106
v -6.887458 32.44702 -24.3106
v -6.887458 33.00002 -24.3106
v -6.887458 33.00002 -24.3106
v -6.887458 32.44702 -24.3106
v -6.087477 29.80002 -40.81063
v -6.087474 31.90002 -40.81063
v -7.48748 29.70002 -42.11063
v -7.487477 31.80002 -42.11063
v -8.487478 31.80002 -42.21063
v -8.48748 29.70002 -42.21063
v -7.48748 29.70002 -42.11063
v -7.487477 31.80002 -42.11063
v -16.98747 30.00003 -25.1106
v -16.98747 32.10003 -25.1106
v -15.55846 32.70003 -21.68159
v -15.55847 30.00003 -21.68159
v -17.78748 30.00003 -27.8106
v -17.78747 32.10003 -27.8106
v -17.88748 30.00003 -29.61061
v -17.88747 32.10003 -29.61061
v -16.78748 30.30003 -33.31062
v -16.78748 32.40003 -33.31062
v -14.28748 30.50003 -37.51062
v -14.28748 32.60003 -37.51062
v -11.88748 30.30002 -40.11063
v -11.88748 32.40002 -40.11063
v -9.687481 30.00002 -41.61063
v -9.687479 32.10002 -41.61063
v -8.487478 31.80002 -42.21063
v -8.48748 29.70002 -42.21063
v -8.487461 30.00002 -22.61059
v -16.98747 30.00003 -25.1106
v -11.54906 30.00002 -22.00179
v -17.78748 30.00003 -27.8106
v -1.987464 31.00001 -33.21062
v -16.78748 30.30003 -33.31062
v -17.88748 30.00003 -29.61061
v -1.887461 30.70001 -29.51061
v -14.28748 30.50003 -37.51062
v -11.88748 30.30002 -40.11063
v -3.187469 30.30002 -36.41062
v -4.587473 30.00002 -38.91063
v -9.687481 30.00002 -41.61063
v -7.48748 29.70002 -42.11063
v -6.087477 29.80002 -40.81063
v -8.48748 29.70002 -42.21063
v -28.48782 37.00002 29.38937
v -26.95701 37.00002 29.08497
v -26.95702 33.00002 29.08497
v -28.48782 33.00002 29.38937
v -25.65941 37.00001 28.21777
v -25.65942 33.00001 28.21777
v -24.79221 37.00001 26.92017
v -24.79222 33.00001 26.92017
v -24.48781 37.00001 25.38936
v -24.48782 33.00001 25.38936
v -24.79221 37.00001 23.85856
v -24.79222 33.00001 23.85856
v -25.65941 37.00001 22.56096
v -25.65942 33.00001 22.56096
v -26.95701 37.00002 21.69376
v -26.95702 33.00002 21.69376
v -28.48782 37.00002 21.38936
v -28.48782 33.00002 21.38936
v -30.01862 37.00002 21.69376
v -30.01862 33.00002 21.69376
v -31.31622 37.00002 22.56096
v -31.31622 33.00002 22.56096
v -32.18342 37.00002 23.85856
v -32.18342 33.00002 23.85856
v -32.48782 37.00002 25.38936
v -32.48782 33.00002 25.38936
v -32.18342 37.00002 26.92017
v -32.18342 33.00002 26.92017
v -31.31622 37.00002 28.21777
v -31.31622 33.00002 28.21777
v -30.01862 37.00002 29.08497
v -30.01862 33.00002 29.08497
v -28.48782 37.00002 31.38937
v -26.19161 37.00001 30.93277
v -26.19162 33.00001 30.93277
v -28.48782 33.00002 31.38937
v -24.24521 37.00001 29.63197
v -24.24522 33.00001 29.63197
v -22.94441 37.00001 27.68557
v -22.94441 33.00001 27.68557
v -22.48781 37.00001 25.38936
v -22.48781 33.00001 25.38936
v -22.94441 37.00001 23.09316
v -22.94441 33.00001 23.09316
v -24.24521 37.00001 21.14676
v -24.24522 33.00001 21.14676
v -26.19161 37.00002 19.84596
v -26.19162 33.00002 19.84596
v -28.48782 37.00002 19.38936
v -28.48782 33.00002 19.38936
v -30.78402 37.00002 19.84596
v -30.78402 33.00002 19.84596
v -32.73042 37.00002 21.14676
v -32.73042 33.00002 21.14676
v -34.03122 37.00002 23.09316
v -34.03122 33.00002 23.09316
v -34.48782 37.00002 25.38936
v -34.48782 33.00002 25.38936
v -34.03122 37.00002 27.68557
v -34.03122 33.00002 27.68557
v -32.73042 37.00002 29.63197
v -32.73042 33.00002 29.63197
v -30.78402 37.00002 30.93277
v -30.78402 33.00002 30.93277
v -22.48781 37.00001 25.38936
v -24.48781 37.00001 25.38936
v -24.79221 37.00001 23.85856
v -22.94441 37.00001 23.09316
v -25.65941 37.00001 22.56096
v -24.24521 37.00001 21.14676
v -26.95701 37.00002 21.69376
v -26.19161 37.00002 19.84596
v -28.48782 37.00002 21.38936
v -28.48782 37.00002 19.38936
v -30.01862 37.00002 21.69376
v -30.78402 37.00002 19.84596
v -31.31622 37.00002 22.56096
v -32.73042 37.00002 21.14676
v -32.18342 37.00002 23.85856
v -34.03122 37.00002 23.09316
v -32.48782 37.00002 25.38936
v -34.48782 37.00002 25.38936
v -32.18342 37.00002 26.92017
v -34.03122 37.00002 27.68557
v -31.31622 37.00002 28.21777
v -32.73042 37.00002 29.63197
v -30.01862 37.00002 29.08497
v -30.78402 37.00002 30.93277
v -28.48782 37.00002 29.38937
v -28.48782 37.00002 31.38937
v -26.95701 37.00002 29.08497
v -26.19161 37.00001 30.93277
v -25.65941 37.00001 28.21777
v -24.24521 37.00001 29.63197
v -24.79221 37.00001 26.92017
v -22.94441 37.00001 27.68557
v -28.48783 25.00002 19.38936
v -26.19163 25.00001 19.84596
v -26.19162 30.00001 19.84596
v -28.48782 30.00002 19.38936
v -24.24522 25.00001 21.14676
v -24.24522 30.00001 21.14676
v -22.94442 25.00001 23.09316
v -22.94442 30.00001 23.09316
v -22.48782 25.00001 25.38936
v -22.48782 30.00001 25.38936
v -22.94442 25.00001 27.68557
v -22.94442 30.00001 27.68557
v -24.24522 25.00001 29.63197
v -24.24522 30.00001 29.63197
v -26.19163 25.00001 30.93277
v -26.19162 30.00001 30.93277
v -28.48783 25.00002 31.38937
v -28.48782 30.00002 31.38937
v -30.78403 25.00002 30.93277
v -30.78403 30.00002 30.93277
v -32.73043 25.00002 29.63197
v -32.73043 30.00002 29.63197
v -34.03123 25.00002 27.68557
v -34.03123 30.00002 27.68557
v -34.48783 25.00002 25.38936
v -34.48783 30.00002 25.38936
v -34.03123 25.00002 23.09316
v -34.03123 30.00002 23.09316
v -32.73043 25.00002 21.14676
v -32.73043 30.00002 21.14676
v -30.78403 25.00002 19.84596
v -30.78403 30.00002 19.84596
v -28.48783 25.00002 17.38936
v -25.42623 25.00001 17.99816
v -25.42622 30.00001 17.99816
v -28.48782 30.00002 17.38936
v -22.83102 25.00001 19.73256
v -22.83102 30.00001 19.73256
v -21.09662 25.00001 22.32776
v -21.09661 30.00001 22.32776
v -20.48782 25.00001 25.38936
v -20.48782 30.00001 25.38936
v -21.09662 25.00001 28.45097
v -21.09661 30.00001 28.45097
v -22.83102 25.00001 31.04617
v -22.83102 30.00001 31.04617
v -25.42623 25.00001 32.78057
v -25.42622 30.00001 32.78057
v -28.48783 25.00002 33.38937
v -28.48782 30.00002 33.38937
v -31.54943 25.00002 32.78057
v -31.54943 30.00002 32.78057
v -34.14463 25.00002 31.04617
v -34.14463 30.00002 31.04617
v -35.87904 25.00002 28.45097
v -35.87903 30.00002 28.45097
v -36.48783 25.00002 25.38936
v -36.48783 30.00002 25.38936
v -35.87904 25.00002 22.32776
v -35.87903 30.00002 22.32776
v -34.14463 25.00002 19.73256
v -34.14463 30.00002 19.73256
v -31.54943 25.00002 17.99816
v -31.54943 30.00002 17.99816
v -20.48782 25.00001 25.38936
v -22.48782 25.00001 25.38936
v -22.94442 25.00001 27.68557
v -21.09662 25.00001 28.45097
v -24.24522 25.00001 29.63197
v -22.83102 25.00001 31.04617
v -26.19163 25.00001 30.93277
v -25.42623 25.00001 32.78057
v -28.48783 25.00002 31.38937
v -28.48783 25.00002 33.38937
v -30.78403 25.00002 30.93277
v -31.54943 25.00002 32.78057
v -32.73043 25.00002 29.63197
v -34.14463 25.00002 31.04617
v -34.03123 25.00002 27.68557
v -35.87904 25.00002 28.45097
v -34.48783 25.00002 25.38936
v -36.48783 25.00002 25.38936
v -34.03123 25.00002 23.09316
v -35.87904 25.00002 22.32776
v -32.73043 25.00002 21.14676
v -34.14463 25.00002 19.73256
v -30.78403 25.00002 19.84596
v -31.54943 25.00002 17.99816
v -28.48783 25.00002 19.38936
v -28.48783 25.00002 17.38936
v -26.19163 25.00001 19.84596
v -25.42623 25.00001 17.99816
v -24.24522 25.00001 21.14676
v -22.83102 25.00001 19.73256
v -22.94442 25.00001 23.09316
v -21.09662 25.00001 22.32776
v -28.48782 33.00002 30.38937
v -26.57432 33.00001 30.00887
v -24.66082 33.00001 34.62837
v -28.48782 33.00002 35.38937
v -24.95232 33.00001 28.92487
v -21.41681 33.00001 32.46037
v -23.86831 33.00001 27.30287
v -19.24881 33 29.21637
v -23.48782 33.00001 25.38936
v -18.48781 33 25.38936
v -23.86831 33.00001 23.47586
v -19.24881 33.00001 21.56236
v -24.95232 33.00001 21.85386
v -21.41681 33.00001 18.31836
v -26.57432 33.00002 20.76986
v -24.66082 33.00001 16.15035
v -28.48782 33.00002 20.38936
v -28.48782 33.00002 15.38935
v -30.40132 33.00002 20.76986
v -32.31482 33.00002 16.15035
v -32.02332 33.00002 21.85386
v -35.55883 33.00002 18.31836
v -33.10732 33.00002 23.47586
v -37.72683 33.00003 21.56236
v -33.48782 33.00002 25.38936
v -38.48783 33.00003 25.38936
v -22.48782 30.00001 25.38936
v -24.48782 30.00001 25.38936
v -24.79222 30.00001 23.85856
v -22.94442 30.00001 23.09316
v -25.65942 30.00001 22.56096
v -24.24522 30.00001 21.14676
v -26.95702 30.00001 21.69376
v -26.19162 30.00001 19.84596
v -28.48782 30.00002 21.38936
v -28.48782 30.00002 19.38936
v -30.01862 30.00002 21.69376
v -30.78403 30.00002 19.84596
v -31.31623 30.00002 22.56096
v -32.73043 30.00002 21.14676
v -32.18343 30.00002 23.85856
v -34.03123 30.00002 23.09316
v -32.48783 30.00002 25.38936
v -34.48783 30.00002 25.38936
v -32.18343 30.00002 26.92017
v -34.03123 30.00002 27.68557
v -31.31623 30.00002 28.21777
v -32.73043 30.00002 29.63197
v -30.01862 30.00002 29.08497
v -30.78403 30.00002 30.93277
v -28.48782 30.00002 29.38937
v -28.48782 30.00002 31.38937
v -26.95702 30.00001 29.08497
v -26.19162 30.00001 30.93277
v -25.65942 30.00001 28.21777
v -24.24522 30.00001 29.63197
v -24.79222 30.00001 26.92017
v -22.94442 30.00001 27.68557
v -28.48782 30.00002 29.38937
v -26.95702 30.00001 29.08497
v -25.65942 30.00001 28.21777
v -24.79222 30.00001 26.92017
v -24.48782 30.00001 25.38936
v -24.79222 30.00001 23.85856
v -25.65942 30.00001 22.56096
v -26.95702 30.00001 21.69376
v -28.48782 30.00002 21.38936
v -30.01862 30.00002 21.69376
v -31.31623 30.00002 22.56096
v -32.18343 30.00002 23.85856
v -32.48783 30.00002 25.38936
v -32.18343 30.00002 26.92017
v -31.31623 30.00002 28.21777
v -30.01862 30.00002 29.08497
v -28.48782 32.00002 35.38937
v -28.48782 33.00002 35.38937
v -24.66082 33.00001 34.62837
v -24.66082 32.00001 34.62837
v -21.41681 33.00001 32.46037
v -21.41681 32.00001 32.46037
v -38.48783 32.00003 25.38936
v -38.48783 33.00003 25.38936
v -37.72683 33.00003 21.56236
v -37.72683 32.00003 21.56236
v -35.55883 33.00002 18.31836
v -35.55883 32.00002 18.31836
v -35.5589 30.00002 18.31829
v -32.31469 33.00002 16.1503
v -32.31469 30.00002 16.1503
v -28.48782 33.00002 15.38945
v -28.48782 30.00002 15.38945
v -24.66095 33.00001 16.1503
v -24.66096 30.00001 16.1503
v -21.41674 33.00001 18.31829
v -21.41675 30.00001 18.31829
v -19.24875 33.00001 21.5625
v -19.24875 30.00001 21.5625
v -18.4879 33 25.38936
v -18.48791 30.00001 25.38936
v -19.24875 33 29.21623
v -19.24875 30.00001 29.21623
v -21.41675 30.00001 32.46044
v -22.83098 30.00001 31.04621
v -21.09659 30.00001 28.45085
v -19.24878 30.00001 29.21622
v -21.41677 30.00001 32.46042
v -20.48791 30.00001 25.38936
v -18.48793 30.00001 25.38936
v -21.09659 30.00001 22.32788
v -19.24878 30.00001 21.56251
v -22.83098 30.00001 19.73252
v -21.41677 30.00001 18.31831
v -25.42634 30.00001 17.99813
v -24.66097 30.00001 16.15032
v -28.48782 30.00002 17.38945
v -28.48782 30.00002 15.38948
v -31.54931 30.00002 17.99813
v -32.31468 30.00002 16.15032
v -34.14467 30.00002 19.73252
v -35.55888 30.00002 18.31831
v -36.88783 33.54432 34.48937
v -38.08783 33.34262 34.58937
v -36.28783 33.30002 33.48937
v -38.58783 34.24512 36.08937
v -39.78783 34.18832 35.98937
v -40.38783 35.61172 37.68938
v -41.18783 35.40182 37.58937
v -42.38783 36.46313 39.68938
v -42.98783 36.06633 39.28938
v -44.58783 36.82843 41.88938
v -45.18783 36.38843 41.58938
v -46.28783 36.71303 43.48938
v -46.68783 36.26293 43.18938
v -48.18784 36.08913 44.38938
v -48.18784 36.08913 44.38938
v -46.98783 36.65433 42.78938
v -46.68783 36.26293 43.18938
v -45.58783 36.75963 41.28938
v -45.18783 36.38843 41.58938
v -43.38783 36.43833 38.88938
v -42.98783 36.06633 39.28938
v -41.68783 35.78943 37.18938
v -41.18783 35.40182 37.58937
v -40.18783 34.57893 35.58937
v -39.78783 34.18832 35.98937
v -38.28783 33.66962 34.08937
v -38.08783 33.34262 34.58937
v -36.28783 33.30002 33.48937
v -37.18782 36.00772 45.68938
v -36.48782 36.12432 43.58938
v -35.28782 35.43352 44.48938
v -39.08783 36.82312 44.88938
v -39.28783 36.21893 46.28938
v -42.28783 36.73993 45.78938
v -42.38783 36.06173 47.08938
v -45.08783 36.29803 45.98938
v -45.38783 35.30753 47.28939
v -47.68784 35.62563 45.98938
v -48.58784 34.07323 47.08938
v -49.18784 35.02613 45.68938
v -49.98784 33.59843 46.58938
v -50.78784 33.67904 45.38939
v -49.68784 35.36523 44.18938
v -51.08784 34.81264 41.68938
v -49.78784 35.93694 41.08938
v -50.78784 35.39804 37.98938
v -49.28783 36.18224 37.98938
v -49.28784 35.22874 33.88937
v -47.28783 35.63953 33.98937
v -46.88784 33.89433 30.28937
v -45.58783 34.45603 31.08937
v -44.78783 32.95723 28.68937
v -43.48783 33.41483 29.58937
v -41.28783 32.60003 27.28937
v -40.88783 33.00003 28.48937
v -38.28783 33.00003 26.58937
v -37.98783 33.00002 27.98937
v -33.58782 34.27832 42.98938
v -34.28782 34.73772 41.88938
v -32.08782 33.12992 40.68938
v -32.98782 33.47022 39.18938
v -30.98782 32.90002 37.78938
v -32.18782 33.00002 37.08937
v -30.08782 33.00002 35.08937
v -31.48782 33.00002 34.78937
v -48.18784 36.08913 44.38938
v -46.28783 36.71303 43.48938
v -44.58783 36.82843 41.88938
v -42.38783 36.46313 39.68938
v -40.38783 35.61172 37.68938
v -36.48782 36.12432 43.58938
v -38.58783 34.24512 36.08937
v -38.28783 33.66962 34.08937
v -40.18783 34.57893 35.58937
v -41.68783 35.78943 37.18938
v -43.38783 36.43833 38.88938
v -45.58783 36.75963 41.28938
v -49.28783 36.18224 37.98938
v -46.98783 36.65433 42.78938
v -41.08783 32.30003 23.18936
v -40.88783 32.70003 22.58936
v -39.58783 32.70003 23.88936
v -42.48783 32.70003 22.18936
v -42.68783 32.30003 23.18936
v -44.38784 32.30003 23.28936
v -44.38784 32.70003 22.28936
v -46.28784 32.70004 23.08936
v -46.08784 32.30003 23.88936
v -48.28784 32.90004 23.78936
v -48.28784 32.50003 24.28936
v -50.38784 32.90004 23.88936
v -50.48784 32.50004 24.28936
v -52.58784 32.50004 24.08936
v -52.58784 32.50004 24.08936
v -50.48784 32.50004 24.28936
v -50.48784 32.90004 24.68936
v -48.28784 32.50003 24.28936
v -48.28784 32.90004 24.68936
v -45.98783 32.70003 24.38936
v -46.08784 32.30003 23.88936
v -44.28783 32.70003 23.98936
v -44.38784 32.30003 23.28936
v -42.68783 32.30003 23.18936
v -42.68783 32.70003 23.88936
v -41.08783 32.30003 23.18936
v -41.18783 32.70003 23.88936
v -39.58783 32.70003 23.88936
v -49.88784 32.40004 29.58937
v -49.38784 32.90004 28.88937
v -47.03774 33.03253 30.51417
v -47.28784 32.60003 30.88937
v -52.48784 32.00004 27.38937
v -51.58784 32.50004 26.88937
v -52.88784 32.50004 25.18936
v -54.08784 31.50004 25.38936
v -54.28785 31.50004 24.58936
v -53.78785 31.50004 23.68936
v -52.88784 32.50004 25.18936
v -52.58784 32.50004 24.08936
v -51.38784 32.60004 22.48936
v -52.58784 31.60004 22.08936
v -50.68784 31.80004 19.98936
v -49.48784 32.60004 20.18936
v -48.18784 31.70004 17.98936
v -47.28784 32.40004 18.58936
v -45.18784 31.60003 16.78936
v -44.38784 32.40003 17.58936
v -42.48783 31.60003 16.28936
v -42.38783 32.50003 17.38936
v -39.38783 31.90003 16.98936
v -39.78783 32.70003 18.28936
v -35.55883 32.50002 18.31836
v -36.40193 32.90002 19.57996
v -21.41681 32.70001 32.46037
v -19.98781 32.10001 35.88937
v -21.58781 32.60001 36.28938
v -20.28781 32.7 39.08938
v -19.18781 32.10001 38.58938
v -19.08781 32.10001 40.38938
v -20.38781 32.7 40.68938
v -21.38781 33.00001 43.78938
v -20.18781 32.40001 44.08938
v -22.68781 32.60001 48.28939
v -23.68781 33.20001 47.68938
v -25.08782 32.40001 50.88939
v -26.08782 33.00001 49.88939
v -27.28782 32.10001 52.38939
v -28.08782 32.80001 51.28939
v -29.08782 33.00002 51.28939
v -28.48782 31.80001 52.98939
v -29.48782 31.80001 52.88939
v -30.88782 31.90001 51.58939
v -29.08782 33.00002 51.28939
v -30.68782 33.00002 49.48939
v -32.38783 32.10002 49.68939
v -33.78783 32.40002 47.18938
v -32.28782 33.00002 46.78938
v -35.14762 33.63752 44.25568
v -33.58783 33.56352 42.98938
v -32.28782 33.00002 46.78938
v -27.18782 32.70001 38.58938
v -27.38782 32.60001 36.68938
v -26.68782 32.30001 38.48938
v -26.58782 32.30001 40.48938
v -27.28782 32.70001 40.48938
v -28.08782 33.30001 43.18938
v -27.38782 32.90001 43.28938
v -28.38782 33.10001 46.38939
v -29.08782 33.50002 46.48938
v -29.08782 32.90001 49.48939
v -29.08782 32.90001 49.48939
v -28.38782 33.10001 46.38939
v -27.78782 33.50001 46.38939
v -26.78782 33.30001 43.38938
v -27.38782 32.90001 43.28938
v -25.78782 32.70001 40.58938
v -26.58782 32.30001 40.48938
v -25.98782 32.70001 38.28938
v -26.68782 32.30001 38.48938
v -27.38782 32.60001 36.68938
v -29.48782 33.30001 49.18938
v -29.08782 33.00002 51.28939
v -29.08782 33.00002 51.28939
v -28.58782 33.30001 49.58939
v -38.48783 32.60003 25.38936
v -39.58783 32.70003 23.88936
v -40.88783 32.70003 22.58936
v -39.78783 32.70003 18.28936
v -44.38784 32.40003 17.58936
v -42.38783 32.50003 17.38936
v -42.48783 32.70003 22.18936
v -47.28784 32.40004 18.58936
v -49.48784 32.60004 20.18936
v -44.38784 32.70003 22.28936
v -48.28784 32.90004 23.78936
v -46.28784 32.70004 23.08936
v -51.38784 32.60004 22.48936
v -50.38784 32.90004 23.88936
v -52.58784 32.50004 24.08936
v -50.48784 32.90004 24.68936
v -49.38784 32.90004 28.88937
v -47.03774 33.03253 30.51417
v -48.28784 32.90004 24.68936
v -41.28783 32.40003 27.28937
v -45.98783 32.70003 24.38936
v -44.28783 32.70003 23.98936
v -42.68783 32.70003 23.88936
v -38.28783 32.40002 26.58937
v -41.18783 32.70003 23.88936
v -27.38782 32.60001 36.68938
v -30.08782 32.44702 35.08937
v -32.08782 32.77132 40.68938
v -27.18782 32.70001 38.58938
v -27.28782 32.70001 40.48938
v -28.08782 33.30001 43.18938
v -29.08782 33.50002 46.48938
v -29.48782 33.30001 49.18938
v -28.58782 33.30001 49.58939
v -27.78782 33.50001 46.38939
v -26.78782 33.30001 43.38938
v -25.78782 32.70001 40.58938
v -21.38781 33.00001 43.78938
v -25.98782 32.70001 38.28938
v -35.14762 33.63752 44.25568
v -34.48782 33.00002 25.38936
v -28.48782 33.00002 31.38937
v -50.78784 33.67904 45.38939
v -49.98784 33.59843 46.58939
v -49.98784 31.29844 46.58939
v -50.78784 31.37904 45.38938
v -49.98784 33.59843 46.58939
v -48.58784 34.07323 47.08939
v -48.58784 31.77323 47.08939
v -49.98784 31.29844 46.58939
v -45.38783 35.30753 47.28939
v -45.38784 33.00753 47.28938
v -42.38783 36.06173 47.08939
v -42.38783 33.76173 47.08939
v -39.28783 36.21893 46.28938
v -39.28783 33.91892 46.28938
v -37.18782 36.00772 45.68938
v -37.18783 33.70772 45.68938
v -35.28782 35.43352 44.48938
v -35.08343 32.81512 44.14878
v -46.88784 33.89433 30.28937
v -49.28784 35.22874 33.88937
v -49.28784 32.92873 33.88937
v -47.28784 31.59433 30.88937
v -50.78784 35.39804 37.98938
v -50.78784 33.09804 37.98938
v -51.08784 34.81264 41.68938
v -51.08784 32.51264 41.68938
v -50.78784 33.67904 45.38939
v -50.78784 31.37904 45.38938
v -47.28784 31.59433 30.88937
v -35.08343 32.81512 44.14878
v -35.08783 31.40872 40.28938
v -37.18783 33.70772 45.68938
v -49.28784 32.92873 33.88937
v -50.78784 33.09804 37.98938
v -39.28783 33.91892 46.28938
v -51.08784 32.51264 41.68938
v -42.38783 33.76173 47.08938
v -45.38784 33.00753 47.28938
v -49.98784 31.29844 46.58939
v -50.78784 31.37904 45.38938
v -48.58784 31.77323 47.08938
v -39.38783 30.20003 16.98936
v -35.55893 30.00002 18.31826
v -35.55883 32.50002 18.31836
v -39.38783 31.90003 16.98936
v -42.48783 29.90003 16.28935
v -42.48783 31.60003 16.28935
v -45.18784 29.90003 16.78936
v -45.18784 31.60003 16.78936
v -48.18784 30.10003 17.98936
v -48.18784 31.70004 17.98936
v -50.68784 30.10004 19.98936
v -50.68784 31.80004 19.98936
v -52.58784 29.90004 22.08936
v -52.58784 31.60004 22.08936
v -53.78785 29.80004 23.68936
v -53.78785 31.50004 23.68936
v -54.28785 29.80004 24.58936
v -54.28785 31.50004 24.58936
v -54.08785 29.80004 25.38936
v -54.28785 29.80004 24.58936
v -54.28785 31.50004 24.58936
v -54.08784 31.50004 25.38936
v -52.48785 30.00004 27.38937
v -52.48784 32.00004 27.38937
v -49.88784 30.40004 29.58937
v -49.88784 32.40004 29.58937
v -47.28784 30.40003 30.88937
v -47.28784 32.60003 30.88937
v -43.93784 30.25003 30.88937
v -47.28784 30.40003 30.88937
v -47.28784 32.60003 30.88937
v -43.88644 30.81563 30.88937
v -42.18784 30.20073 30.28937
v -38.28783 33.00003 26.58937
v -38.28783 32.40002 26.58937
v -41.28783 32.40003 27.28937
v -38.28783 32.40002 26.58937
v -38.28783 33.00003 26.58937
v -41.28783 32.60003 27.28937
v -44.78783 32.83023 28.68937
v -44.78783 32.95723 28.68937
v -42.18784 30.20073 30.28937
v -33.98783 30.41532 37.58937
v -34.14463 30.00002 31.04617
v -40.38783 30.00003 28.38937
v -36.48783 30.00002 25.38936
v -31.54943 30.00002 32.78057
v -39.38783 30.20003 16.98936
v -45.18784 29.90003 16.78936
v -43.88644 30.81563 30.88937
v -42.48783 29.90003 16.28936
v -43.93784 30.25003 30.88937
v -47.28784 30.40003 30.88937
v -48.18784 30.10003 17.98936
v -49.88784 30.40004 29.58937
v -50.68784 30.10004 19.98936
v -52.58784 29.90004 22.08936
v -52.48785 30.00004 27.38937
v -53.78785 29.80004 23.68936
v -54.08785 29.80004 25.38936
v -54.28785 29.80004 24.58936
v -34.98783 31.00002 43.98938
v -35.14762 33.63752 44.25568
v -33.78783 32.40002 47.18938
v -33.78783 30.30002 47.18938
v -32.38783 30.00002 49.68939
v -32.38783 32.10002 49.68939
v -35.08783 30.70002 40.28938
v -33.98783 30.41532 37.58937
v -35.08783 31.40872 40.28938
v -33.58783 33.56352 42.98938
v -33.58782 34.27832 42.98938
v -32.08782 32.77132 40.68938
v -32.08782 33.12992 40.68938
v -30.98782 32.60842 37.78938
v -30.98782 32.90002 37.78938
v -30.08782 32.44702 35.08937
v -30.08782 33.00002 35.08937
v -30.08782 33.00002 35.08937
v -30.08782 32.44702 35.08937
v -30.88783 29.80001 51.58939
v -30.88782 31.90001 51.58939
v -29.48782 29.70001 52.88939
v -29.48782 31.80001 52.88939
v -28.48782 31.80001 52.98939
v -28.48782 29.70001 52.98939
v -29.48782 29.70001 52.88939
v -29.48782 31.80001 52.88939
v -19.98781 30.00001 35.88937
v -19.98781 32.10001 35.88937
v -21.41681 32.70001 32.46037
v -21.41682 30.00001 32.46037
v -19.18781 30.00001 38.58937
v -19.18781 32.10001 38.58938
v -19.08781 30 40.38938
v -19.08781 32.10001 40.38938
v -20.18781 30.3 44.08938
v -20.18781 32.40001 44.08938
v -22.68782 30.50001 48.28939
v -22.68781 32.60001 48.28939
v -25.08782 30.30001 50.88939
v -25.08782 32.40001 50.88939
v -27.28782 30.00001 52.38939
v -27.28782 32.10001 52.38939
v -28.48782 31.80001 52.98939
v -28.48782 29.70001 52.98939
v -28.48782 30.00002 33.38937
v -19.98781 30.00001 35.88937
v -25.42622 30.00001 32.78057
v -19.18781 30.00001 38.58937
v -34.98783 31.00002 43.98938
v -20.18781 30.3 44.08938
v -19.08781 30 40.38938
v -35.08783 30.70002 40.28938
v -22.68782 30.50001 48.28939
v -25.08782 30.30001 50.88939
v -33.78783 30.30002 47.18938
v -32.38783 30.00002 49.68939
v -27.28782 30.00001 52.38939
v -29.48782 29.70001 52.88939
v -30.88783 29.80001 51.58939
v -28.48782 29.70001 52.98939
v -5.410192 37.00001 22.83424
v -6.622225 37.00002 21.85088
v -6.622229 33.00002 21.85088
v -5.410195 33.00001 22.83424
v -8.118316 37.00002 21.40645
v -8.11832 33.00002 21.40645
v -9.670631 37.00002 21.56809
v -9.670635 33.00002 21.56809
v -11.04287 37.00002 22.31171
v -11.04288 33.00002 22.31171
v -12.02623 37.00002 23.52374
v -12.02623 33.00002 23.52374
v -12.47066 37.00002 25.01983
v -12.47067 33.00002 25.01983
v -12.30902 37.00002 26.57215
v -12.30903 33.00002 26.57215
v -11.5654 37.00002 27.94439
v -11.5654 33.00002 27.94439
v -10.35337 37.00002 28.92775
v -10.35337 33.00002 28.92775
v -8.857275 37.00002 29.37218
v -8.85728 33.00002 29.37218
v -7.30496 37.00001 29.21054
v -7.304964 33.00001 29.21054
v -5.93272 37.00001 28.46692
v -5.932724 33.00001 28.46692
v -4.949362 37.00001 27.25489
v -4.949366 33.00001 27.25489
v -4.504928 37.00001 25.7588
v -4.504932 33.00001 25.7588
v -4.66657 37.00001 24.20648
v -4.666574 33.00001 24.20648
v -3.87139 37.00001 21.55671
v -5.68944 37.00001 20.08167
v -5.689444 33.00001 20.08167
v -3.871394 33.00001 21.55671
v -7.933576 37.00002 19.41501
v -7.93358 33.00002 19.41501
v -10.26205 37.00002 19.65747
v -10.26205 33.00002 19.65747
v -12.32041 37.00002 20.7729
v -12.32041 33.00002 20.7729
v -13.79545 37.00002 22.59095
v -13.79545 33.00002 22.59095
v -14.4621 37.00002 24.83509
v -14.4621 33.00002 24.83509
v -14.21963 37.00002 27.16356
v -14.21964 33.00002 27.16356
v -13.1042 37.00002 29.22192
v -13.10421 33.00002 29.22192
v -11.28615 37.00002 30.69696
v -11.28616 33.00002 30.69696
v -9.042015 37.00002 31.36362
v -9.042019 33.00002 31.36362
v -6.713542 37.00001 31.12116
v -6.713546 33.00001 31.12116
v -4.655182 37.00001 30.00573
v -4.655186 33.00001 30.00573
v -3.180145 37.00001 28.18768
v -3.180149 33.00001 28.18768
v -2.513494 37.00001 25.94354
v -2.513498 33.00001 25.94354
v -2.755957 37.00001 23.61507
v -2.755961 33.00001 23.61507
v -12.32041 37.00002 20.7729
v -11.04287 37.00002 22.31171
v -12.02623 37.00002 23.52374
v -13.79545 37.00002 22.59095
v -12.47066 37.00002 25.01983
v -14.4621 37.00002 24.83509
v -12.30902 37.00002 26.57215
v -14.21963 37.00002 27.16356
v -11.5654 37.00002 27.94439
v -13.1042 37.00002 29.22192
v -10.35337 37.00002 28.92775
v -11.28615 37.00002 30.69696
v -8.857275 37.00002 29.37218
v -9.042015 37.00002 31.36362
v -7.30496 37.00001 29.21054
v -6.713542 37.00001 31.12116
v -5.93272 37.00001 28.46692
v -4.655182 37.00001 30.00573
v -4.949362 37.00001 27.25489
v -3.180145 37.00001 28.18768
v -4.504928 37.00001 25.7588
v -2.513494 37.00001 25.94354
v -4.66657 37.00001 24.20648
v -2.755957 37.00001 23.61507
v -5.410192 37.00001 22.83424
v -3.87139 37.00001 21.55671
v -6.622225 37.00002 21.85088
v -5.68944 37.00001 20.08167
v -8.118316 37.00002 21.40645
v -7.933576 37.00002 19.41501
v -9.670631 37.00002 21.56809
v -10.26205 37.00002 19.65747
v -13.10421 25.00002 29.22192
v -14.21965 25.00002 27.16356
v -14.21964 30.00002 27.16356
v -13.10421 30.00002 29.22192
v -14.46211 25.00002 24.83509
v -14.4621 30.00002 24.83509
v -13.79546 25.00002 22.59095
v -13.79545 30.00002 22.59095
v -12.32042 25.00002 20.7729
v -12.32042 30.00002 20.7729
v -10.26206 25.00002 19.65747
v -10.26206 30.00002 19.65747
v -7.933588 25.00002 19.41501
v -7.933583 30.00002 19.41501
v -5.689452 25.00001 20.08167
v -5.689446 30.00001 20.08167
v -3.871402 25.00001 21.55671
v -3.871397 30.00001 21.55671
v -2.755969 25.00001 23.61507
v -2.755964 30.00001 23.61507
v -2.513506 25.00001 25.94354
v -2.513501 30.00001 25.94354
v -3.180157 25.00001 28.18768
v -3.180152 30.00001 28.18768
v -4.655194 25.00001 30.00573
v -4.655189 30.00001 30.00573
v -6.713554 25.00001 31.12116
v -6.71355 30.00001 31.12116
v -9.042027 25.00002 31.36362
v -9.042022 30.00002 31.36362
v -11.28616 25.00002 30.69696
v -11.28616 30.00002 30.69696
v -14.64302 25.00002 30.49946
v -16.13026 25.00002 27.75497
v -16.13025 30.00002 27.75498
v -14.64301 30.00002 30.49946
v -16.45354 25.00003 24.65034
v -16.45354 30.00003 24.65034
v -15.56468 25.00003 21.65816
v -15.56467 30.00003 21.65816
v -13.59796 25.00002 19.2341
v -13.59795 30.00002 19.2341
v -10.85348 25.00002 17.74686
v -10.85347 30.00002 17.74686
v -7.748848 25.00002 17.42358
v -7.748843 30.00002 17.42358
v -4.756666 25.00001 18.31245
v -4.756661 30.00001 18.31245
v -2.3326 25.00001 20.27917
v -2.332595 30.00001 20.27917
v -0.8453557 25.00001 23.02365
v -0.8453507 30.00001 23.02365
v -0.522072 25 26.12828
v -0.522067 30 26.12828
v -1.41094 25 29.12047
v -1.410935 30 29.12047
v -3.377656 25.00001 31.54453
v -3.377651 30.00001 31.54453
v -6.122137 25.00001 33.03177
v -6.122131 30.00001 33.03177
v -9.226767 25.00002 33.35505
v -9.226762 30.00002 33.35505
v -12.21895 25.00002 32.46618
v -12.21894 30.00002 32.46618
v -13.59796 25.00002 19.2341
v -12.32042 25.00002 20.7729
v -10.26206 25.00002 19.65747
v -10.85348 25.00002 17.74686
v -7.933588 25.00002 19.41501
v -7.748848 25.00002 17.42358
v -5.689452 25.00001 20.08167
v -4.756666 25.00001 18.31245
v -3.871402 25.00001 21.55671
v -2.3326 25.00001 20.27917
v -2.755969 25.00001 23.61507
v -0.8453557 25.00001 23.02365
v -2.513506 25.00001 25.94354
v -0.522072 25 26.12828
v -3.180157 25.00001 28.18768
v -1.41094 25 29.12047
v -4.655194 25.00001 30.00573
v -3.377656 25.00001 31.54453
v -6.713554 25.00001 31.12116
v -6.122137 25.00001 33.03177
v -9.042027 25.00002 31.36362
v -9.226767 25.00002 33.35505
v -11.28616 25.00002 30.69696
v -12.21895 25.00002 32.46618
v -13.10421 25.00002 29.22192
v -14.64302 25.00002 30.49946
v -14.21965 25.00002 27.16356
v -16.13026 25.00002 27.75497
v -14.46211 25.00002 24.83509
v -16.45354 25.00003 24.65034
v -13.79546 25.00002 22.59095
v -15.56468 25.00003 21.65816
v -4.640795 33.00001 22.19547
v -6.155836 33.00001 20.96627
v -3.823872 33.00001 16.54324
v -0.7937895 33.00001 19.00163
v -8.02595 33.00002 20.41073
v -7.564101 33.00002 15.43215
v -9.966344 33.00002 20.61278
v -11.44489 33.00002 15.83624
v -11.68164 33.00002 21.5423
v -14.87549 33.00003 17.69529
v -12.91084 33.00002 23.05734
v -17.33388 33.00003 20.72537
v -13.46638 33.00002 24.92746
v -18.44497 33.00003 24.4656
v -13.26433 33.00002 26.86785
v -18.04086 33.00003 28.34639
v -12.3348 33.00002 28.58315
v -16.18181 33.00002 31.77699
v -10.81976 33.00002 29.81236
v -13.15173 33.00002 34.23539
v -8.949649 33.00002 30.3679
v -9.411499 33.00002 35.34649
v -7.009255 33.00001 30.16585
v -5.530711 33.00001 34.94239
v -5.293955 33.00001 29.23632
v -2.10011 33 33.08334
v -12.32042 30.00002 20.7729
v -11.04288 30.00002 22.31171
v -12.02624 30.00002 23.52374
v -13.79545 30.00002 22.59095
v -12.47067 30.00002 25.01983
v -14.4621 30.00002 24.83509
v -12.30903 30.00002 26.57215
v -14.21964 30.00002 27.16356
v -11.56541 30.00002 27.94439
v -13.10421 30.00002 29.22192
v -10.35337 30.00002 28.92775
v -11.28616 30.00002 30.69696
v -8.857283 30.00002 29.37218
v -9.042022 30.00002 31.36362
v -7.304967 30.00001 29.21054
v -6.71355 30.00001 31.12116
v -5.932727 30.00001 28.46692
v -4.655189 30.00001 30.00573
v -4.949369 30.00001 27.25489
v -3.180152 30.00001 28.18768
v -4.504935 30.00001 25.7588
v -2.513501 30.00001 25.94354
v -4.666577 30.00001 24.20648
v -2.755964 30.00001 23.61507
v -5.410199 30.00001 22.83424
v -3.871397 30.00001 21.55671
v -6.622232 30.00001 21.85088
v -5.689446 30.00001 20.08167
v -8.118323 30.00002 21.40645
v -7.933583 30.00002 19.41501
v -9.670638 30.00002 21.56809
v -10.26206 30.00002 19.65747
v -5.410199 30.00001 22.83424
v -6.622232 30.00001 21.85088
v -8.118323 30.00002 21.40645
v -9.670638 30.00002 21.56809
v -11.04288 30.00002 22.31171
v -12.02624 30.00002 23.52374
v -12.47067 30.00002 25.01983
v -12.30903 30.00002 26.57215
v -11.56541 30.00002 27.94439
v -10.35337 30.00002 28.92775
v -8.857283 30.00002 29.37218
v -7.304967 30.00001 29.21054
v -5.932727 30.00001 28.46692
v -4.949369 30.00001 27.25489
v -4.504935 30.00001 25.7588
v -4.666577 30.00001 24.20648
v -0.7937905 32.00001 19.00163
v -0.7937895 33.00001 19.00163
v -3.823872 33.00001 16.54324
v -3.823873 32.00001 16.54324
v -7.564101 33.00002 15.43215
v -7.564102 32.00002 15.43215
v -2.100111 32 33.08334
v -2.10011 33 33.08334
v -5.530711 33.00001 34.94239
v -5.530712 32.00001 34.94239
v -9.411499 33.00002 35.34649
v -9.4115 32.00002 35.34649
v -9.411511 30.00002 35.34658
v -13.15186 33.00002 34.23533
v -13.15186 30.00002 34.23533
v -16.18174 33.00002 31.77694
v -16.18174 30.00002 31.77694
v -18.04082 33.00003 28.34653
v -18.04083 30.00003 28.34653
v -18.44507 33.00003 24.46559
v -18.44507 30.00003 24.46559
v -17.33382 33.00003 20.72524
v -17.33382 30.00003 20.72524
v -14.87543 33.00003 17.69537
v -14.87543 30.00003 17.69537
v -11.44503 33.00002 15.83628
v -11.44503 30.00002 15.83628
v -7.564094 30.00002 15.43204
v -7.748838 30.00002 17.42352
v -10.85358 30.00002 17.74691
v -11.44503 30.00002 15.83631
v -7.564097 30.00002 15.43207
v -13.59789 30.00002 19.23417
v -14.87541 30.00003 17.69539
v -15.5646 30.00003 21.65807
v -17.3338 30.00003 20.72525
v -16.45359 30.00003 24.65034
v -18.44504 30.00003 24.4656
v -16.1302 30.00002 27.75508
v -18.0408 30.00003 28.34653
v -14.64294 30.00002 30.4994
v -16.18172 30.00002 31.77692
v -12.21904 30.00002 32.4661
v -13.15185 30.00002 34.2353
v -9.226768 30.00002 33.35511
v -9.411509 30.00002 35.34655
v 3.879409 33.5443 26.0395
v 4.722872 33.3426 26.89891
v 2.726746 33.3 26.21663
v 6.196359 34.24509 26.32546
v 6.885942 34.18829 27.31262
v 8.577186 35.61169 26.68835
v 9.011261 35.40179 27.36775
v 11.39353 36.46309 26.94962
v 11.46903 36.06629 27.66677
v 14.4915 36.82838 27.23701
v 14.64394 36.38838 27.89029
v 16.80845 36.71298 27.52297
v 16.83314 36.26288 28.02236
v 18.71457 36.08908 28.40994
v 18.71457 36.08908 28.40994
v 16.71701 36.65428 28.50869
v 16.83314 36.26288 28.02236
v 14.66863 36.75958 28.38968
v 14.64394 36.38838 27.89029
v 11.41677 36.43829 28.23004
v 11.46903 36.06629 27.66677
v 9.022884 35.78939 28.00796
v 9.011261 35.40179 27.36775
v 6.833689 34.57889 27.87589
v 6.885942 34.18829 27.31262
v 4.465926 33.6696 27.37217
v 4.722872 33.3426 26.89891
v 2.726746 33.3 26.21663
v 12.68833 36.00769 19.11612
v 10.62545 36.12429 19.91895
v 10.55139 35.43349 18.42078
v 13.28647 36.82309 21.089
v 14.49139 36.21888 20.34861
v 16.02299 36.73988 22.97619
v 17.08709 36.06168 22.22274
v 17.96543 36.29798 25.00277
v 19.15728 35.30748 24.40319
v 19.62623 35.62558 27.00321
v 21.04746 34.07317 26.99303
v 20.35356 35.02607 28.34895
v 21.55703 33.59837 28.38958
v 21.14477 33.67897 29.77162
v 19.51884 35.36517 29.6918
v 18.48962 34.81258 32.36588
v 17.19758 35.93688 31.74892
v 15.4512 35.39798 34.4985
v 14.49305 36.18218 33.3444
v 11.33851 35.22868 35.96335
v 10.13791 35.63949 34.36067
v 7.035615 33.89429 36.41635
v 6.820737 34.45599 34.90511
v 4.463157 32.9572 35.82263
v 4.32522 33.41479 34.24752
v 1.150304 32.6 34.024
v 1.818078 33 32.94972
v -1.304582 33 32.16293
v -0.4190519 33 31.03784
v 8.311381 34.27829 18.07095
v 7.912179 34.73769 19.31217
v 5.583604 33.1299 18.38601
v 5.004395 33.4702 20.03662
v 2.649695 32.9 19.3921
v 2.877637 33 20.76252
v -0.002579664 33 20.42431
v 0.6608765 33 21.6931
v 18.71457 36.08908 28.40994
v 16.80845 36.71298 27.52297
v 14.4915 36.82838 27.23701
v 11.39353 36.46309 26.94962
v 8.577186 35.61169 26.68835
v 10.62545 36.12429 19.91895
v 6.196359 34.24509 26.32546
v 4.465926 33.6696 27.37217
v 6.833689 34.57889 27.87589
v 9.022884 35.78939 28.00796
v 11.41677 36.43829 28.23004
v 14.66863 36.75958 28.38968
v 14.49305 36.18218 33.3444
v 16.71701 36.65428 28.50869
v -2.131994 32.3 36.48907
v -2.721388 32.7 36.71845
v -2.551566 32.7 34.88783
v -2.007118 32.7 38.205
v -1.109963 32.3 37.72011
v 0.05288399 32.3 38.96422
v -0.7165166 32.7 39.60299
v 1.112665 32.7 40.55384
v 1.600432 32.3 39.88894
v 2.928784 32.89999 41.6455
v 3.313484 32.5 41.32612
v 4.347139 32.89999 43.19737
v 4.718776 32.49999 43.0188
v 5.90631 32.49999 44.7623
v 5.90631 32.49999 44.7623
v 4.718776 32.49999 43.0188
v 5.026537 32.89999 42.7633
v 3.313484 32.5 41.32612
v 3.621245 32.89999 41.07061
v 1.921256 32.7 39.49262
v 1.600432 32.3 39.88894
v 0.5275879 32.7 38.44014
v 0.05288399 32.3 38.96422
v -1.109963 32.3 37.72011
v -0.5713822 32.7 37.27298
v -2.131993 32.3 36.48907
v -1.529536 32.7 36.11887
v -2.551566 32.7 34.88783
v 8.41334 32.39999 39.17169
v 7.555375 32.89999 39.23413
v 7.304327 33.03249 36.38809
v 7.752762 32.59999 36.34085
v 8.381456 31.99999 42.57743
v 7.421864 32.49999 42.20435
v 6.944283 32.49999 44.29048
v 7.864684 31.49999 45.08601
v 7.376917 31.49999 45.7509
v 6.365072 31.49999 45.94109
v 6.944283 32.49999 44.29048
v 5.90631 32.49999 44.7623
v 3.908746 32.59999 44.86105
v 4.367508 31.59999 46.03984
v 1.538104 31.8 45.91939
v 0.9254632 32.6 44.86835
v -1.59762 31.7 45.27342
v -1.710871 32.4 44.19769
v -4.437208 31.60001 43.73173
v -4.332702 32.40001 42.6052
v -6.546584 31.60001 41.97373
v -5.76412 32.50001 41.19415
v -7.988187 31.90001 39.14145
v -6.732458 32.70001 38.61881
v -9.411499 32.50002 35.34649
v -7.902277 32.90001 35.1893
v -7.564101 32.70002 15.43215
v -5.838626 32.10001 12.14233
v -4.508835 32.60001 13.11787
v -3.184912 32.70001 10.3291
v -4.272259 32.10001 9.802138
v -2.951213 32.10001 8.575416
v -1.889993 32.70001 9.384008
v 1.133919 33 8.173229
v 0.5982167 32.40001 7.058315
v 5.426623 32.6 6.298995
v 5.603752 33.2 7.451659
v 8.960112 32.39999 6.484763
v 8.82948 33 7.892933
v 11.5195 32.09999 7.219296
v 11.18418 32.79999 8.537462
v 11.82295 32.99999 9.306865
v 12.74767 31.79999 7.759318
v 13.3095 31.79999 8.592596
v 13.20355 31.89999 10.50016
v 11.82295 32.99999 9.306865
v 11.46006 32.99999 11.68769
v 12.69984 32.09999 12.86792
v 11.67062 32.39999 15.542
v 10.4047 32.99999 14.64341
v 10.28202 33.63749 18.46219
v 8.31138 33.56349 18.07095
v 10.4047 32.99999 14.64341
v 0.8378937 32.7 15.95735
v -0.4962143 32.60001 17.32489
v 0.4415684 32.3 15.63653
v 1.916494 32.3 14.28205
v 2.363632 32.7 14.82064
v 4.952031 33.3 13.71148
v 4.581832 32.9 13.10903
v 7.605745 33.09999 11.89825
v 8.129824 33.5 12.37295
v 10.43802 32.89999 10.45665
v 10.43802 32.89999 10.45665
v 7.605745 33.09999 11.89825
v 7.222484 33.5 11.4366
v 4.275512 33.3 12.58351
v 4.581832 32.9 13.10903
v 1.482419 32.7 13.60266
v 1.916494 32.3 14.28205
v -0.1594496 32.7 15.2257
v 0.4415684 32.3 15.63653
v -0.4962143 32.60001 17.32489
v 10.46271 33.29999 10.95604
v 11.82295 32.99999 9.306865
v 11.82295 32.99999 9.306865
v 10.19558 33.29999 10.00807
v -2.10011 32.60001 33.08334
v -2.551566 32.7 34.88783
v -2.721388 32.7 36.71845
v -6.732458 32.70001 38.61881
v -4.332702 32.40001 42.6052
v -5.76412 32.50001 41.19415
v -2.007118 32.7 38.205
v -1.710871 32.4 44.19769
v 0.9254632 32.6 44.86835
v -0.7165166 32.7 39.60299
v 2.928784 32.89999 41.6455
v 1.112665 32.7 40.55384
v 3.908746 32.59999 44.86105
v 4.347139 32.89999 43.19737
v 5.90631 32.49999 44.7623
v 5.026537 32.89999 42.7633
v 7.555375 32.89999 39.23413
v 7.304327 33.03249 36.38809
v 3.621245 32.89999 41.07061
v 1.150305 32.4 34.024
v 1.921256 32.7 39.49262
v 0.5275879 32.7 38.44014
v -0.5713822 32.7 37.27298
v -1.304583 32.40001 32.16293
v -1.529536 32.7 36.11887
v -0.4962143 32.60001 17.32489
v -0.002580217 32.44701 20.42431
v 5.583603 32.7713 18.38601
v 0.8378937 32.7 15.95735
v 2.363632 32.7 14.82064
v 4.952031 33.3 13.71148
v 8.129824 33.5 12.37295
v 10.46271 33.29999 10.95604
v 10.19558 33.29999 10.00807
v 7.222484 33.5 11.4366
v 4.275512 33.3 12.58351
v 1.482419 32.7 13.60266
v 1.133919 33 8.173229
v -0.1594496 32.7 15.2257
v 10.28202 33.63749 18.46219
v -4.655186 33.00001 30.00573
v -3.871394 33.00001 21.55671
v 21.14477 33.67897 29.77162
v 21.55704 33.59837 28.38958
v 21.55703 31.29837 28.38958
v 21.14477 31.37897 29.77162
v 21.55704 33.59837 28.38958
v 21.04746 34.07317 26.99303
v 21.04746 31.77317 26.99303
v 21.55703 31.29837 28.38958
v 19.15728 35.30748 24.40319
v 19.15728 33.00748 24.40319
v 17.0871 36.06168 22.22274
v 17.08709 33.76168 22.22274
v 14.49139 36.21888 20.34861
v 14.49139 33.91888 20.34861
v 12.68833 36.00769 19.11612
v 12.68833 33.70769 19.11612
v 10.55139 35.43349 18.42078
v 10.15877 32.81509 18.48108
v 7.035615 33.89429 36.41635
v 11.33851 35.22868 35.96335
v 11.3385 32.92868 35.96335
v 7.752761 31.59429 36.34085
v 15.4512 35.39798 34.4985
v 15.4512 33.09798 34.4985
v 18.48962 34.81258 32.36588
v 18.48961 32.51258 32.36588
v 21.14477 33.67897 29.77162
v 21.14477 31.37897 29.77162
v 7.752761 31.59429 36.34085
v 10.15877 32.81509 18.48108
v 7.192149 31.40869 20.94972
v 12.68833 33.70769 19.11612
v 11.3385 32.92868 35.96335
v 15.4512 33.09798 34.4985
v 14.49139 33.91888 20.34861
v 18.48961 32.51258 32.36588
v 17.08709 33.76168 22.22274
v 19.15728 33.00748 24.40319
v 21.55703 31.29837 28.38958
v 21.14477 31.37897 29.77162
v 21.04746 31.77317 26.99303
v -7.988189 30.20001 39.14145
v -9.411515 30.00002 35.34663
v -9.411499 32.50002 35.34649
v -7.988187 31.90001 39.14145
v -6.546587 29.90001 41.97373
v -6.546585 31.60001 41.97373
v -4.43721 29.90001 43.73174
v -4.437208 31.60001 43.73174
v -1.597621 30.1 45.27342
v -1.597619 31.7 45.27342
v 1.538104 30.1 45.91939
v 1.538105 31.8 45.91939
v 4.367507 29.89999 46.03984
v 4.367508 31.59999 46.03984
v 6.36507 29.79999 45.94109
v 6.365072 31.49999 45.94109
v 7.376915 29.79999 45.7509
v 7.376917 31.49999 45.7509
v 7.864683 29.79999 45.08601
v 7.376915 29.79999 45.7509
v 7.376917 31.49999 45.7509
v 7.864685 31.49999 45.08601
v 8.381454 29.99999 42.57743
v 8.381456 31.99999 42.57743
v 8.413338 30.39999 39.17169
v 8.41334 32.39999 39.17169
v 7.752759 30.39999 36.34085
v 7.752762 32.59999 36.34085
v 5.612884 30.24999 33.76335
v 7.752759 30.39999 36.34085
v 7.752762 32.59999 36.34085
v 5.580051 30.81559 33.7238
v 4.033397 30.2007 32.80016
v -1.304582 33 32.16293
v -1.304583 32.40001 32.16293
v 1.150305 32.4 34.024
v -1.304583 32.40001 32.16293
v -1.304582 33 32.16293
v 1.150305 32.6 34.024
v 4.463157 32.8302 35.82263
v 4.463157 32.9572 35.82263
v 4.033397 30.2007 32.80016
v 4.412119 30.4153 21.82806
v -0.522067 30 26.12828
v 1.421751 30 32.62889
v -3.377651 30.00001 31.54453
v -0.8453511 30.00001 23.02365
v -7.988189 30.20001 39.14145
v -4.43721 29.90001 43.73173
v 5.580051 30.81559 33.7238
v -6.546586 29.90001 41.97373
v 5.612884 30.24999 33.76335
v 7.752759 30.39999 36.34085
v -1.597621 30.1 45.27342
v 8.413338 30.39999 39.17169
v 1.538102 30.1 45.91938
v 4.367507 29.89999 46.03984
v 8.381454 29.99999 42.57743
v 6.36507 29.79999 45.94109
v 7.864683 29.79999 45.08601
v 7.376915 29.79999 45.7509
v 9.975056 30.99999 18.50934
v 10.28202 33.63749 18.46219
v 11.67062 32.39999 15.542
v 11.67061 30.29999 15.542
v 12.69984 29.99999 12.86792
v 12.69984 32.09999 12.86792
v 7.192148 30.7 20.94972
v 4.412119 30.4153 21.82806
v 7.192149 31.40869 20.94972
v 8.31138 33.56349 18.07095
v 8.311381 34.27829 18.07095
v 5.583604 32.7713 18.38601
v 5.583604 33.1299 18.38601
v 2.649695 32.6084 19.3921
v 2.649695 32.9 19.3921
v -0.002580141 32.44701 20.42431
v -0.002579588 33 20.42431
v -0.002579588 33 20.42431
v -0.002580141 32.44701 20.42431
v 13.20355 29.79999 10.50016
v 13.20355 31.89999 10.50016
v 13.30949 29.69999 8.592596
v 13.3095 31.79999 8.592596
v 12.74767 31.79999 7.759317
v 12.74767 29.69999 7.759317
v 13.30949 29.69999 8.592596
v 13.3095 31.79999 8.592596
v -5.838628 30.00002 12.14233
v -5.838626 32.10001 12.14233
v -7.564101 32.70002 15.43214
v -7.564104 30.00002 15.43214
v -4.272261 30.00001 9.802137
v -4.272259 32.10001 9.802138
v -2.951216 30.00001 8.575416
v -2.951213 32.10001 8.575416
v 0.5982146 30.30001 7.058315
v 0.5982167 32.40001 7.058315
v 5.42662 30.5 6.298995
v 5.426623 32.6 6.298995
v 8.960109 30.3 6.484763
v 8.960111 32.39999 6.484763
v 11.5195 29.99999 7.219296
v 11.5195 32.09999 7.219296
v 12.74767 31.79999 7.759317
v 12.74767 29.69999 7.759317
v -2.332595 30.00001 20.27917
v -5.838628 30.00002 12.14233
v -4.756661 30.00001 18.31245
v -4.272261 30.00001 9.802137
v 9.975056 30.99999 18.50934
v 0.5982131 30.30001 7.058316
v -2.951216 30.00001 8.575416
v 7.192148 30.7 20.94972
v 5.426621 30.5 6.298995
v 8.960109 30.3 6.484763
v 11.67061 30.29999 15.542
v 12.69984 29.99999 12.86792
v 11.5195 29.99999 7.219296
v 13.30949 29.69999 8.592596
v 13.20355 29.79999 10.50016
v 12.74766 29.69999 7.759318
vn 0 -8.742286E-08 1.000001
vn 0.3826985 -8.076766E-08 0.9238744
vn 0.3826985 -8.076766E-08 0.9238744
vn 0 -8.742286E-08 1.000001
vn 0.7071075 -6.18173E-08 0.7071075
vn 0.7071075 -6.18173E-08 0.7071075
vn 0.9238744 -3.345657E-08 0.3826985
vn 0.9238744 -3.345657E-08 0.3826985
vn 1.000001 0 0
vn 1.000001 0 0
vn 0.9238744 3.345657E-08 -0.3826985
vn 0.9238744 3.345657E-08 -0.3826985
vn 0.7071075 6.18173E-08 -0.7071075
vn 0.7071075 6.18173E-08 -0.7071075
vn 0.3826985 8.076766E-08 -0.9238744
vn 0.3826985 8.076766E-08 -0.9238744
vn 0 8.742286E-08 -1.000001
vn 0 8.742286E-08 -1.000001
vn -0.3826985 8.076766E-08 -0.9238744
vn -0.3826985 8.076766E-08 -0.9238744
vn -0.7071075 6.18173E-08 -0.7071075
vn -0.7071075 6.18173E-08 -0.7071075
vn -0.9238744 3.345657E-08 -0.3826985
vn -0.9238744 3.345657E-08 -0.3826985
vn -1.000001 0 0
vn -1.000001 0 0
vn -0.9238744 -3.345657E-08 0.3826985
vn -0.9238744 -3.345657E-08 0.3826985
vn -0.7071075 -6.18173E-08 0.7071075
vn -0.7071075 -6.18173E-08 0.7071075
vn -0.3826985 -8.076766E-08 0.9238744
vn -0.3826985 -8.076766E-08 0.9238744
vn 0 8.742286E-08 -1.000001
vn -0.3826984 8.076766E-08 -0.9238744
vn -0.3826984 8.076766E-08 -0.9238744
vn 0 8.742286E-08 -1.000001
vn -0.7071075 6.18173E-08 -0.7071075
vn -0.7071075 6.18173E-08 -0.7071075
vn -0.9238744 3.345656E-08 -0.3826984
vn -0.9238744 3.345656E-08 -0.3826984
vn -1.000001 0 0
vn -1.000001 0 0
vn -0.9238744 -3.345656E-08 0.3826984
vn -0.9238744 -3.345656E-08 0.3826984
vn -0.7071075 -6.18173E-08 0.7071075
vn -0.7071075 -6.18173E-08 0.7071075
vn -0.3826984 -8.076766E-08 0.9238744
vn -0.3826984 -8.076766E-08 0.9238744
vn 0 -8.742286E-08 1.000001
vn 0 -8.742286E-08 1.000001
vn 0.3826984 -8.076766E-08 0.9238744
vn 0.3826984 -8.076766E-08 0.9238744
vn 0.7071075 -6.18173E-08 0.7071075
vn 0.7071075 -6.18173E-08 0.7071075
vn 0.9238744 -3.345656E-08 0.3826984
vn 0.9238744 -3.345656E-08 0.3826984
vn 1.000001 0 0
vn 1.000001 0 0
vn 0.9238744 3.345656E-08 -0.3826984
vn 0.9238744 3.345656E-08 -0.3826984
vn 0.7071075 6.18173E-08 -0.7071075
vn 0.7071075 6.18173E-08 -0.7071075
vn 0.3826984 8.076766E-08 -0.9238744
vn 0.3826984 8.076766E-08 -0.9238744
vn 0 -1 -8.742278E-08
vn 0 -1 -8.742278E-08
vn 0 -1 -8.742278E-08
vn 0 -1 -8.742278E-08
vn 0 -1 -8.742278E-08
vn 0 -1 -8.742278E-08
vn 0 -1 -8.742278E-08
vn 0 -1 -8.742278E-08
vn 0 -1 -8.742278E-08
vn 0 -1 -8.742278E-08
vn 0 -1 -8.742278E-08
vn 0 -1 -8.742278E-08
vn 0 -1 -8.742278E-08
vn 0 -1 -8.742278E-08
vn 0 -1 -8.742278E-08
vn 0 -1 -8.742278E-08
vn 0 -1 -8.742278E-08
vn 0 -1 -8.742278E-08
vn 0 -1 -8.742278E-08
vn 0 -1 -8.742278E-08
vn 0 -1 -8.742278E-08
vn 0 -1 -8.742278E-08
vn 0 -1 -8.742278E-08
vn 0 -1 -8.742278E-08
vn 0 -1 -8.742278E-08
vn 0 -1 -8.742278E-08
vn 0 -1 -8.742278E-08
vn 0 -1 -8.742278E-08
vn 0 -1 -8.742278E-08
vn 0 -1 -8.742278E-08
vn 0 -1 -8.742278E-08
vn 0 -1 -8.742278E-08
vn 0 -8.742286E-08 1.000001
vn 0.3826985 -8.076766E-08 0.9238744
vn 0.3826985 -8.076766E-08 0.9238744
vn 0 -8.742286E-08 1.000001
vn 0.7071075 -6.18173E-08 0.7071075
vn 0.7071075 -6.18173E-08 0.7071075
vn 0.9238744 -3.345657E-08 0.3826985
vn 0.9238744 -3.345657E-08 0.3826985
vn 1.000001 0 0
vn 1.000001 0 0
vn 0.9238744 3.345657E-08 -0.3826985
vn 0.9238744 3.345657E-08 -0.3826985
vn 0.7071075 6.18173E-08 -0.7071075
vn 0.7071075 6.18173E-08 -0.7071075
vn 0.3826985 8.076766E-08 -0.9238744
vn 0.3826985 8.076766E-08 -0.9238744
vn 0 8.742286E-08 -1.000001
vn 0 8.742286E-08 -1.000001
vn -0.3826985 8.076766E-08 -0.9238744
vn -0.3826985 8.076766E-08 -0.9238744
vn -0.7071075 6.18173E-08 -0.7071075
vn -0.7071075 6.18173E-08 -0.7071075
vn -0.9238744 3.345657E-08 -0.3826985
vn -0.9238744 3.345657E-08 -0.3826985
vn -1.000001 0 0
vn -1.000001 0 0
vn -0.9238744 -3.345657E-08 0.3826985
vn -0.9238744 -3.345657E-08 0.3826985
vn -0.7071075 -6.18173E-08 0.7071075
vn -0.7071075 -6.18173E-08 0.7071075
vn -0.3826985 -8.076766E-08 0.9238744
vn -0.3826985 -8.076766E-08 0.9238744
vn 0 8.742286E-08 -1.000001
vn -0.3826984 8.076766E-08 -0.9238744
vn -0.3826985 8.076767E-08 -0.9238744
vn 0 8.742286E-08 -1.000001
vn -0.7071075 6.18173E-08 -0.7071075
vn -0.6344292 6.757625E-08 -0.7729821
vn -0.9238744 3.345656E-08 -0.3826984
vn -0.9238744 3.345656E-08 -0.3826984
vn -1.000001 0 0
vn -1.000001 0 0
vn -0.9238744 -3.345656E-08 0.3826984
vn -0.9238744 -3.345656E-08 0.3826984
vn -0.7071075 -6.18173E-08 0.7071075
vn -0.6344292 -6.757625E-08 0.7729821
vn -0.3826984 -8.076766E-08 0.9238744
vn -0.3826985 -8.076767E-08 0.9238744
vn 0 -8.742286E-08 1.000001
vn 0 -8.742286E-08 1.000001
vn 0.3826984 -8.076766E-08 0.9238744
vn 0.3826985 -8.076767E-08 0.9238744
vn 0.7071075 -6.18173E-08 0.7071075
vn 0.7071075 -6.18173E-08 0.7071075
vn 0.9238744 -3.345656E-08 0.3826984
vn 0.9238744 -3.345657E-08 0.3826985
vn 1.000001 0 0
vn 1.000001 0 0
vn 0.9238744 3.345656E-08 -0.3826984
vn 0.9238744 3.345657E-08 -0.3826985
vn 0.7071075 6.18173E-08 -0.7071075
vn 0.7071075 6.18173E-08 -0.7071075
vn 0.3826984 8.076766E-08 -0.9238744
vn 0.3826985 8.076767E-08 -0.9238744
vn 0 -1 -8.742278E-08
vn 0 -1 -8.742278E-08
vn 0 -1 -8.742278E-08
vn 0 -1 -8.742278E-08
vn 0 -1 -8.742278E-08
vn 0 -1 -8.742278E-08
vn 0 -1 -8.742278E-08
vn 0 -1 -8.742278E-08
vn 0 -1 -8.742278E-08
vn 0 -1 -8.742278E-08
vn 0 -1 -8.742278E-08
vn 0 -1 -8.742278E-08
vn 0 -1 -8.742278E-08
vn 0 -1 -8.742278E-08
vn 0 -1 -8.742278E-08
vn 0 -1 -8.742278E-08
vn 0 -1 -8.742278E-08
vn 0 -1 -8.742278E-08
vn 0 -1 -8.742278E-08
vn 0 -1 -8.742278E-08
vn 0 -1 -8.742278E-08
vn 0 -1 -8.742278E-08
vn 0 -1 -8.742278E-08
vn 0 -1 -8.742278E-08
vn 0 -1 -8.742278E-08
vn 0 -1 -8.742278E-08
vn 0 -1 -8.742278E-08
vn 0 -1 -8.742278E-08
vn 0 -1 -8.742278E-08
vn 0 -1 -8.742278E-08
vn 0 -1 -8.742278E-08
vn 0 -1 -8.742278E-08
vn 0 -8.742286E-08 1.000001
vn 0.3826984 -8.076766E-08 0.9238744
vn 0.3826984 -8.076766E-08 0.9238744
vn 0 -8.742286E-08 1.000001
vn 0.7071075 -6.18173E-08 0.7071075
vn 0.7071075 -6.18173E-08 0.7071075
vn 0.9238744 -3.345656E-08 0.3826984
vn 0.9238744 -3.345656E-08 0.3826984
vn 1.000001 0 0
vn 1.000001 0 0
vn 0.9238744 3.345656E-08 -0.3826984
vn 0.9238744 3.345656E-08 -0.3826984
vn 0.7071075 6.18173E-08 -0.7071075
vn 0.7071075 6.18173E-08 -0.7071075
vn 0.3826984 8.076766E-08 -0.9238744
vn 0.3826984 8.076766E-08 -0.9238744
vn 0 8.742286E-08 -1.000001
vn 0 8.742286E-08 -1.000001
vn -0.3826984 8.076766E-08 -0.9238744
vn -0.3826984 8.076766E-08 -0.9238744
vn -0.7071075 6.18173E-08 -0.7071075
vn -0.7071075 6.18173E-08 -0.7071075
vn -0.9238744 3.345656E-08 -0.3826984
vn -0.9238744 3.345656E-08 -0.3826984
vn -1.000001 0 0
vn -1.000001 0 0
vn -0.9238744 -3.345656E-08 0.3826984
vn -0.9238744 -3.345656E-08 0.3826984
vn -0.7071075 -6.18173E-08 0.7071075
vn -0.7071075 -6.18173E-08 0.7071075
vn -0.3826984 -8.076766E-08 0.9238744
vn -0.3826984 -8.076766E-08 0.9238744
vn 0 -8.742286E-08 1.000001
vn 0.3826984 -8.076766E-08 0.9238744
vn 0.3826984 -8.076766E-08 0.9238744
vn 0 -8.742286E-08 1.000001
vn 0.7071075 -6.18173E-08 0.7071075
vn 0.7071075 -6.18173E-08 0.7071075
vn 0.9238744 -3.345656E-08 0.3826984
vn 0.9238744 -3.345656E-08 0.3826984
vn 1.000001 0 0
vn 1.000001 0 0
vn 0.9238744 3.345656E-08 -0.3826984
vn 0.9238744 3.345656E-08 -0.3826984
vn 0.7071075 6.18173E-08 -0.7071075
vn 0.7071075 6.18173E-08 -0.7071075
vn 0.3826984 8.076766E-08 -0.9238744
vn 0.3826984 8.076766E-08 -0.9238744
vn 0 8.742286E-08 -1.000001
vn 0 8.742286E-08 -1.000001
vn -0.3826984 8.076766E-08 -0.9238744
vn -0.3826984 8.076766E-08 -0.9238744
vn -0.7071075 6.18173E-08 -0.7071075
vn -0.7071075 6.18173E-08 -0.7071075
vn -0.9238744 3.345656E-08 -0.3826984
vn -0.9238744 3.345656E-08 -0.3826984
vn -1.000001 0 0
vn -1.000001 0 0
vn -0.9238744 -3.345656E-08 0.3826984
vn -0.9238744 -3.345656E-08 0.3826984
vn -0.7071075 -6.18173E-08 0.7071075
vn -0.7071075 -6.18173E-08 0.7071075
vn -0.3826984 -8.076766E-08 0.9238744
vn -0.3826984 -8.076766E-08 0.9238744
vn 0 -8.742286E-08 1.000001
vn 0.3826984 -8.076766E-08 0.9238744
vn 0.3826984 -8.076766E-08 0.9238744
vn 0 -8.742286E-08 1.000001
vn 0.7071075 -6.18173E-08 0.7071075
vn 0.7071075 -6.18173E-08 0.7071075
vn 0.9238744 -3.345656E-08 0.3826984
vn 0.9238744 -3.345656E-08 0.3826984
vn 1.000001 0 0
vn 1.000001 0 0
vn 0.9238744 3.345656E-08 -0.3826984
vn 0.9238744 3.345656E-08 -0.3826984
vn 0.7071075 6.18173E-08 -0.7071075
vn 0.7071075 6.18173E-08 -0.7071075
vn 0.3826984 8.076766E-08 -0.9238744
vn 0.3826984 8.076766E-08 -0.9238744
vn 0 8.742286E-08 -1.000001
vn 0 8.742286E-08 -1.000001
vn -0.3826984 8.076766E-08 -0.9238744
vn -0.3826984 8.076766E-08 -0.9238744
vn -0.7071075 6.18173E-08 -0.7071075
vn -0.7071075 6.18173E-08 -0.7071075
vn -0.9238744 3.345656E-08 -0.3826984
vn -0.9238744 3.345656E-08 -0.3826984
vn -1.000001 0 0
vn -1.000001 0 0
vn -0.9238744 -3.345656E-08 0.3826984
vn -0.9238744 -3.345656E-08 0.3826984
vn -0.7071075 -6.18173E-08 0.7071075
vn -0.7071075 -6.18173E-08 0.7071075
vn -0.3826984 -8.076766E-08 0.9238744
vn -0.3826984 -8.076766E-08 0.9238744
vn 0 -8.742286E-08 1.000001
vn 0.3826984 -8.076766E-08 0.9238744
vn 0.3826984 -8.076766E-08 0.9238744
vn 0 -8.742286E-08 1.000001
vn 0.7071075 -6.18173E-08 0.7071075
vn 0.7071075 -6.18173E-08 0.7071075
vn 0.9238744 -3.345656E-08 0.3826984
vn 0.9238744 -3.345656E-08 0.3826984
vn 1.000001 0 0
vn 1.000001 0 0
vn 0.9238744 3.345656E-08 -0.3826984
vn 0.9238744 3.345656E-08 -0.3826984
vn 0.7071075 6.18173E-08 -0.7071075
vn 0.7071075 6.18173E-08 -0.7071075
vn 0.3826984 8.076766E-08 -0.9238744
vn 0.3826984 8.076766E-08 -0.9238744
vn 0 8.742286E-08 -1.000001
vn 0 8.742286E-08 -1.000001
vn -0.3826984 8.076766E-08 -0.9238744
vn -0.3826984 8.076766E-08 -0.9238744
vn -0.7071075 6.18173E-08 -0.7071075
vn -0.7071075 6.18173E-08 -0.7071075
vn -0.9238744 3.345656E-08 -0.3826984
vn -0.9238744 3.345656E-08 -0.3826984
vn -1.000001 0 0
vn -1.000001 0 0
vn -0.9238744 -3.345656E-08 0.3826984
vn -0.9238744 -3.345656E-08 0.3826984
vn -0.7071075 -6.18173E-08 0.7071075
vn -0.7071075 -6.18173E-08 0.7071075
vn -0.3826984 -8.076766E-08 0.9238744
vn -0.3826984 -8.076766E-08 0.9238744
vn 0 -8.742286E-08 1.000001
vn 0.3826984 -8.076766E-08 0.9238744
vn 0.3826984 -8.076766E-08 0.9238744
vn 0 -8.742286E-08 1.000001
vn 0.7071075 -6.18173E-08 0.7071075
vn 0.7071075 -6.18173E-08 0.7071075
vn 0.9238744 -3.345656E-08 0.3826984
vn 0.9238744 -3.345656E-08 0.3826984
vn 1.000001 0 0
vn 1.000001 0 0
vn 0.9238744 3.345656E-08 -0.3826984
vn 0.9238744 3.345656E-08 -0.3826984
vn 0.7071075 6.18173E-08 -0.7071075
vn 0.7071075 6.18173E-08 -0.7071075
vn 0.3826984 8.076766E-08 -0.9238744
vn 0.3826984 8.076766E-08 -0.9238744
vn 0 8.742286E-08 -1.000001
vn 0 8.742286E-08 -1.000001
vn -0.3826984 8.076766E-08 -0.9238744
vn -0.3826984 8.076766E-08 -0.9238744
vn -0.7071075 6.18173E-08 -0.7071075
vn -0.7071075 6.18173E-08 -0.7071075
vn -0.9238744 3.345656E-08 -0.3826984
vn -0.9238744 3.345656E-08 -0.3826984
vn -1.000001 0 0
vn -1.000001 0 0
vn -0.9238744 -3.345656E-08 0.3826984
vn -0.9238744 -3.345656E-08 0.3826984
vn -0.7071075 -6.18173E-08 0.7071075
vn -0.7071075 -6.18173E-08 0.7071075
vn -0.3826984 -8.076766E-08 0.9238744
vn -0.3826984 -8.076766E-08 0.9238744
vn 0 -8.742286E-08 1.000001
vn 0.3826984 -8.076766E-08 0.9238744
vn 0.3826984 -8.076766E-08 0.9238744
vn 0 -8.742286E-08 1.000001
vn 0.7071075 -6.18173E-08 0.7071075
vn 0.7071075 -6.18173E-08 0.7071075
vn 0.9238744 -3.345656E-08 0.3826984
vn 0.9238744 -3.345656E-08 0.3826984
vn 1.000001 0 0
vn 1.000001 0 0
vn 0.9238744 3.345656E-08 -0.3826984
vn 0.9238744 3.345656E-08 -0.3826984
vn 0.7071075 6.18173E-08 -0.7071075
vn 0.7071075 6.18173E-08 -0.7071075
vn 0.3826984 8.076766E-08 -0.9238744
vn 0.3826984 8.076766E-08 -0.9238744
vn 0 8.742286E-08 -1.000001
vn 0 8.742286E-08 -1.000001
vn -0.3826984 8.076766E-08 -0.9238744
vn -0.3826984 8.076766E-08 -0.9238744
vn -0.7071075 6.18173E-08 -0.7071075
vn -0.7071075 6.18173E-08 -0.7071075
vn -0.9238744 3.345656E-08 -0.3826984
vn -0.9238744 3.345656E-08 -0.3826984
vn -1.000001 0 0
vn -1.000001 0 0
vn -0.9238744 -3.345656E-08 0.3826984
vn -0.9238744 -3.345656E-08 0.3826984
vn -0.7071075 -6.18173E-08 0.7071075
vn -0.7071075 -6.18173E-08 0.7071075
vn -0.3826984 -8.076766E-08 0.9238744
vn -0.3826984 -8.076766E-08 0.9238744
vn -0.001539121 8.742276E-08 -0.9999998
vn -0.001539121 8.742276E-08 -0.9999998
vn -0.3826984 8.076766E-08 -0.9238744
vn -0.3826984 8.076766E-08 -0.9238744
vn -0.7071075 6.18173E-08 -0.7071075
vn -0.7071075 6.18173E-08 -0.7071075
vn -0.9238744 3.345656E-08 -0.3826984
vn -0.9238744 3.345656E-08 -0.3826984
vn -1.000001 0 0
vn -1.000001 0 0
vn -0.9238744 -3.345656E-08 0.3826984
vn -0.9238744 -3.345656E-08 0.3826984
vn -0.7071075 -6.18173E-08 0.7071075
vn -0.7071075 -6.18173E-08 0.7071075
vn -0.3826984 -8.076766E-08 0.9238744
vn -0.3826984 -8.076766E-08 0.9238744
vn -0.001539121 -8.742276E-08 0.9999998
vn -0.001539121 -8.742276E-08 0.9999998
vn 0.1920119 -8.579616E-08 0.9813936
vn 0.1920119 -8.579616E-08 0.9813936
vn -0.7071075 -6.18173E-08 0.7071074
vn -0.7071075 -6.18173E-08 0.7071074
vn -0.7071075 -6.18173E-08 0.7071074
vn -0.7071075 -6.18173E-08 0.7071074
vn -0.9782352 1.814054E-08 -0.2075036
vn -0.9782352 1.814054E-08 -0.2075036
vn -0.9999921 3.684638E-10 -0.004214735
vn -0.9999807 5.565422E-10 -0.006366101
vn -0.006366101 8.742109E-08 -0.9999807
vn -0.004214735 8.742209E-08 -0.9999921
vn 0.3826984 8.076766E-08 -0.9238744
vn 0.3826984 8.076766E-08 -0.9238744
vn 0.7071075 6.18173E-08 -0.7071075
vn 0.7071075 6.18173E-08 -0.7071075
vn 0.9238744 3.345656E-08 -0.3826984
vn 0.9238744 3.345656E-08 -0.3826984
vn 1.000001 0 0
vn 1.000001 0 0
vn 0.9238744 -3.345656E-08 0.3826984
vn 0.9238744 -3.345656E-08 0.3826984
vn 0.7071075 -6.18173E-08 0.7071075
vn 0.7071075 -6.18173E-08 0.7071075
vn 0.3826984 -8.076766E-08 0.9238744
vn 0.3826984 -8.076766E-08 0.9238744
vn 0 -8.742286E-08 1.000001
vn 0 -8.742286E-08 1.000001
vn -0.3826984 -8.076766E-08 0.9238744
vn -0.3826984 -8.076766E-08 0.9238744
vn -0.7071075 -6.18173E-08 0.7071075
vn -0.7071075 -6.18173E-08 0.7071075
vn -0.9238744 -3.345656E-08 0.3826984
vn -0.9238744 -3.345656E-08 0.3826984
vn -0.2075036 8.552004E-08 -0.9782352
vn -0.2075036 8.552004E-08 -0.9782352
vn 0.7071075 6.18173E-08 -0.7071075
vn 0.7071075 6.18173E-08 -0.7071075
vn 0.7071075 6.18173E-08 -0.7071075
vn 0.7071075 6.18173E-08 -0.7071075
vn 0 -8.742286E-08 1.000001
vn 0 -8.742286E-08 1.000001
vn 0 -8.742286E-08 1.000001
vn 0 -8.742286E-08 1.000001
vn -0.7071075 -6.18173E-08 0.7071075
vn -0.7071075 -6.18173E-08 0.7071075
vn -0.7071075 -6.18173E-08 0.7071075
vn -0.7071075 -6.18173E-08 0.7071075
vn -0.9782352 1.814054E-08 -0.2075036
vn -0.9782352 1.814054E-08 -0.2075036
vn -0.9999921 3.684638E-10 -0.004214735
vn -0.9999807 5.565422E-10 -0.006366101
vn -0.006365514 8.742109E-08 -0.9999807
vn -0.004214347 8.742209E-08 -0.9999921
vn 0.3826984 8.076766E-08 -0.9238744
vn 0.3826984 8.076766E-08 -0.9238744
vn 0.7071075 6.18173E-08 -0.7071075
vn 0.7071075 6.18173E-08 -0.7071075
vn 0.9238744 3.345656E-08 -0.3826984
vn 0.9238744 3.345656E-08 -0.3826984
vn 1.000001 0 0
vn 1.000001 0 0
vn 0.9238744 -3.345656E-08 0.3826984
vn 0.9238744 -3.345656E-08 0.3826984
vn 0.7071075 -6.18173E-08 0.7071075
vn 0.7071075 -6.18173E-08 0.7071075
vn 0.3826984 -8.076766E-08 0.9238744
vn 0.3826984 -8.076766E-08 0.9238744
vn 0 -8.742286E-08 1.000001
vn 0 -8.742286E-08 1.000001
vn -0.3826984 -8.076766E-08 0.9238744
vn -0.3826984 -8.076766E-08 0.9238744
vn -0.7071075 -6.18173E-08 0.7071075
vn -0.7071075 -6.18173E-08 0.7071075
vn -0.9238744 -3.345656E-08 0.3826984
vn -0.9238744 -3.345656E-08 0.3826984
vn -0.2075024 8.552006E-08 -0.9782355
vn -0.2075024 8.552006E-08 -0.9782355
vn 0.7071075 6.18173E-08 -0.7071074
vn 0.7071075 6.181729E-08 -0.7071074
vn 0.7071075 6.18173E-08 -0.7071074
vn 0.7071075 6.181729E-08 -0.7071074
vn 0 -8.742286E-08 1.000001
vn 0 -8.742286E-08 1.000001
vn 0 -8.742286E-08 1.000001
vn 0 -8.742286E-08 1.000001
vn -0.8240421 -4.952764E-08 0.5665302
vn -0.8240421 -4.952764E-08 0.5665302
vn -0.8240421 -4.952764E-08 0.5665302
vn -0.8240421 -4.952764E-08 0.5665302
vn 0 -8.742286E-08 1.000001
vn -0.3826985 -8.076767E-08 0.9238744
vn -0.5556468 -7.2685E-08 0.8314195
vn 0 8.742286E-08 -1.000001
vn 0.3826985 8.076767E-08 -0.9238744
vn 0.7071075 6.18173E-08 -0.7071075
vn 0.9238744 3.345657E-08 -0.3826985
vn 1.000001 0 0
vn 0.9238744 -3.345657E-08 0.3826985
vn 0.7071075 -6.18173E-08 0.7071075
vn 0.3826985 -8.076767E-08 0.9238744
vn -0.3826985 8.076767E-08 -0.9238744
vn -0.5556468 7.2685E-08 -0.8314195
vn -0.8240421 4.952764E-08 -0.5665302
vn -0.8240421 4.952764E-08 -0.5665302
vn -0.8240421 4.952764E-08 -0.5665302
vn -0.8240421 4.952764E-08 -0.5665302
vn 0 8.742286E-08 -1.000001
vn 0 8.742286E-08 -1.000001
vn 0 8.742286E-08 -1.000001
vn 0 8.742286E-08 -1.000001
vn 0.7071075 -6.18173E-08 0.7071074
vn 0.7071075 -6.181729E-08 0.7071074
vn 0.7071075 -6.18173E-08 0.7071074
vn 0.7071075 -6.181729E-08 0.7071074
vn -0.2075024 -8.552006E-08 0.9782355
vn -0.2075024 -8.552006E-08 0.9782355
vn -0.004214347 -8.742209E-08 0.9999921
vn -0.006365514 -8.742109E-08 0.9999807
vn 0.3826984 -8.076766E-08 0.9238744
vn 0.3826984 -8.076766E-08 0.9238744
vn 0.7071075 -6.18173E-08 0.7071075
vn 0.7071075 -6.18173E-08 0.7071075
vn 0.9238744 -3.345656E-08 0.3826984
vn 0.9238744 -3.345656E-08 0.3826984
vn 1.000001 0 0
vn 1.000001 0 0
vn 0.9238744 3.345656E-08 -0.3826984
vn 0.9238744 3.345656E-08 -0.3826984
vn 0.7071075 6.18173E-08 -0.7071075
vn 0.7071075 6.18173E-08 -0.7071075
vn 0.3826984 8.076766E-08 -0.9238744
vn 0.3826984 8.076766E-08 -0.9238744
vn 0 8.742286E-08 -1.000001
vn 0 8.742286E-08 -1.000001
vn -0.3826984 8.076766E-08 -0.9238744
vn -0.3826984 8.076766E-08 -0.9238744
vn -0.7071075 6.18173E-08 -0.7071075
vn -0.7071075 6.18173E-08 -0.7071075
vn -0.9238744 3.345656E-08 -0.3826984
vn -0.9238744 3.345656E-08 -0.3826984
vn -0.9999921 -3.684638E-10 0.004214735
vn -0.9999807 -5.565422E-10 0.006366101
vn -0.9782352 -1.814054E-08 0.2075036
vn -0.9782352 -1.814054E-08 0.2075036
vn -0.7071075 6.18173E-08 -0.7071075
vn -0.7071075 6.18173E-08 -0.7071075
vn -0.7071075 6.18173E-08 -0.7071075
vn -0.7071075 6.18173E-08 -0.7071075
vn 0 8.742286E-08 -1.000001
vn 0 8.742286E-08 -1.000001
vn 0 8.742286E-08 -1.000001
vn 0 8.742286E-08 -1.000001
vn 0.7071075 -6.18173E-08 0.7071075
vn 0.7071075 -6.18173E-08 0.7071075
vn 0.7071075 -6.18173E-08 0.7071075
vn 0.7071075 -6.18173E-08 0.7071075
vn -0.2075036 -8.552004E-08 0.9782352
vn -0.2075036 -8.552004E-08 0.9782352
vn -0.004214735 -8.742209E-08 0.9999921
vn -0.006366101 -8.742109E-08 0.9999807
vn 0.3826984 -8.076766E-08 0.9238744
vn 0.3826984 -8.076766E-08 0.9238744
vn 0.7071075 -6.18173E-08 0.7071075
vn 0.7071075 -6.18173E-08 0.7071075
vn 0.9238744 -3.345656E-08 0.3826984
vn 0.9238744 -3.345656E-08 0.3826984
vn 1.000001 0 0
vn 1.000001 0 0
vn 0.9238744 3.345656E-08 -0.3826984
vn 0.9238744 3.345656E-08 -0.3826984
vn 0.7071075 6.18173E-08 -0.7071075
vn 0.7071075 6.18173E-08 -0.7071075
vn 0.3826984 8.076766E-08 -0.9238744
vn 0.3826984 8.076766E-08 -0.9238744
vn 0 8.742286E-08 -1.000001
vn 0 8.742286E-08 -1.000001
vn -0.3826984 8.076766E-08 -0.9238744
vn -0.3826984 8.076766E-08 -0.9238744
vn -0.7071075 6.18173E-08 -0.7071075
vn -0.7071075 6.18173E-08 -0.7071075
vn -0.9238744 3.345656E-08 -0.3826984
vn -0.9238744 3.345656E-08 -0.3826984
vn -0.9999921 -3.684638E-10 0.004214735
vn -0.9999807 -5.565422E-10 0.006366101
vn -0.9782352 -1.814054E-08 0.2075036
vn -0.9782352 -1.814054E-08 0.2075036
vn -0.7071075 6.18173E-08 -0.7071074
vn -0.7071075 6.18173E-08 -0.7071074
vn -0.7071075 6.18173E-08 -0.7071074
vn -0.7071075 6.18173E-08 -0.7071074
vn 0.1920119 8.579616E-08 -0.9813936
vn 0.1920119 8.579616E-08 -0.9813936
vn 0 -1 -8.742278E-08
vn 0 -1 -8.742278E-08
vn 0 -1 -8.742278E-08
vn 0 -1 -8.742278E-08
vn 0 -1 -8.742278E-08
vn 0 -1 -8.742278E-08
vn 0 -1 -8.742278E-08
vn 0 -1 -8.742278E-08
vn 0 -1 -8.742278E-08
vn 0 -1 -8.742278E-08
vn 0 -1 -8.742278E-08
vn 0 -1 -8.742278E-08
vn 0 -1 -8.742278E-08
vn 0 -1 -8.742278E-08
vn 0 -1 -8.742278E-08
vn 0 -1 -8.742278E-08
vn 0 -1 -8.742278E-08
vn 0 -1 -8.742278E-08
vn 0 -1 -8.742278E-08
vn 0 -1 -8.742278E-08
vn 0 -1 -8.742278E-08
vn 0 -1 -8.742278E-08
vn 0 -1 -8.742278E-08
vn 0 -1 -8.742278E-08
vn 0 -1 -8.742278E-08
vn 0 -1 -8.742278E-08
vn 0 -1 -8.742278E-08
vn 0 -1 -8.742278E-08
vn 0 -1 -8.742278E-08
vn 0 -1 -8.742278E-08
vn 0 -1 -8.742278E-08
vn 0 -1 -8.742278E-08
vn 0 -1 -8.742278E-08
vn 0 -1 -8.742278E-08
vn 0 -1 -8.742278E-08
vn 0 -1 -8.742278E-08
vn 0 -1 -8.742278E-08
vn 0 -1 -8.742278E-08
vn 0 -1 -8.742278E-08
vn 0 -1 -8.742278E-08
vn 0 -1 -8.742278E-08
vn 0 -1 -8.742278E-08
vn 0 -1 -8.742278E-08
vn 0 -1 -8.742278E-08
vn 0 -1 -8.742278E-08
vn 0 -1 -8.742278E-08
vn 0 -1 -8.742278E-08
vn 0 -1 -8.742278E-08
vn 0 -1 -8.742278E-08
vn 0 -1 -8.742278E-08
vn 0 -1 -8.742278E-08
vn 0 -1 -8.742278E-08
vn 0 -1 -8.742278E-08
vn 0 -1 -8.742278E-08
vn 0 -1 -8.742278E-08
vn 0 -1 -8.742278E-08
vn 0 -1 -8.742278E-08
vn 0 -1 -8.742278E-08
vn 0 -1 -8.742278E-08
vn 0 -1 -8.742278E-08
vn 0 -1 -8.742278E-08
vn 0 -1 -8.742278E-08
vn 0 -1 -8.742278E-08
vn 0 -1 -8.742278E-08
vn 0 -1 -8.742278E-08
vn 0 -1 -8.742278E-08
vn 0 -1 -8.742278E-08
vn 0 -1 -8.742278E-08
vn 0 -1 -8.742278E-08
vn 0 -1 -8.742278E-08
vn 0 -1 -8.742278E-08
vn 0 -1 -8.742278E-08
vn 0 -1 -8.742278E-08
vn 0 -1 -8.742278E-08
vn 0 -1 -8.742278E-08
vn 0 -1 -8.742278E-08
vn 0 -1 -8.742278E-08
vn 0 -1 -8.742278E-08
vn 0 -1 -8.742278E-08
vn 0 -1 -8.742278E-08
vn 0 -1 -8.742278E-08
vn 0 -1 -8.742278E-08
vn 0 -1 -8.742278E-08
vn 0 -1 -8.742278E-08
vn 0 -1 -8.742278E-08
vn 0 -1 -8.742278E-08
vn 0 -1 -8.742278E-08
vn 0 -1 -8.742278E-08
vn 0 -1 -8.742278E-08
vn 0 -1 -8.742278E-08
vn 0 -1 -8.742278E-08
vn 0 -1 -8.742278E-08
vn 0 -1 -8.742278E-08
vn 0 -1 -8.742278E-08
vn 0 -1 -8.742278E-08
vn 0 -1 -8.742278E-08
vn 0 -1 -8.742278E-08
vn 0 -1 -8.742278E-08
vn 0 -1 -8.742278E-08
vn 0 -1 -8.742278E-08
vn 0 -1 -8.742278E-08
vn 0 -1 -8.742278E-08
vn 0 -1 -8.742278E-08
vn 0 -1 -8.742278E-08
vn 0 -1 -8.742278E-08
vn 0 -1 -8.742278E-08
vn 0 -1 -8.742278E-08
vn 0 -1 -8.742278E-08
vn 0 -1 -8.742278E-08
vn 0 -1 -8.742278E-08
vn 0 -1 -8.742278E-08
vn 0 -1 -8.742278E-08
vn 0 -1 -8.742278E-08
vn 0 -1 -8.742278E-08
vn 0 -1 -8.742278E-08
vn 0 -1 -8.742278E-08
vn 0 -1 -8.742278E-08
vn 0 -1 -8.742278E-08
vn 0 -1 -8.742278E-08
vn 0 -1 -8.742278E-08
vn 0 -1 -8.742278E-08
vn 0 -1 -8.742278E-08
vn 0 -1 -8.742278E-08
vn 0 -1 -8.742278E-08
vn 0 -1 -8.742278E-08
vn 0 -1 -8.742278E-08
vn 0 -1 -8.742278E-08
vn 0 -1 -8.742278E-08
vn 0 -1 -8.742278E-08
vn 0 -1 -8.742278E-08
vn 0 -1 -8.742278E-08
vn 0 -1 -8.742278E-08
vn 0 -1 -8.742278E-08
vn 0 -1 -8.742278E-08
vn 0 -1 -8.742278E-08
vn 0 -1 -8.742278E-08
vn 0 -1 -8.742278E-08
vn 0 -1 -8.742278E-08
vn 0 -1 -8.742278E-08
vn 0 -1 -8.742278E-08
vn 0 -1 -8.742278E-08
vn 0 -1 -8.742278E-08
vn 0 -1 -8.742278E-08
vn 0 -1 -8.742278E-08
vn 0 -1 -8.742278E-08
vn 0 -1 -8.742278E-08
vn 0 -1 -8.742278E-08
vn 0 -1 -8.742278E-08
vn 0 -1 -8.742278E-08
vn 0 -1 -8.742278E-08
vn 0 -1 -8.742278E-08
vn 0 -1 -8.742278E-08
vn 0 -1 -8.742278E-08
vn 0 -1 -8.742278E-08
vn 0 -1 -8.742278E-08
vn 0 -1 -8.742278E-08
vn 0 -1 -8.742278E-08
vn 0 -1 -8.742278E-08
vn 0 -1 -8.742278E-08
vn 0 -1 -8.742278E-08
vn 0 -1 -8.742278E-08
vn 0 -1 -8.742278E-08
vn 0 -1 -8.742278E-08
vn 0 -1 -8.742278E-08
vn 0 -1 -8.742278E-08
vn 0 -1 -8.742278E-08
vn 0 -1 -8.742278E-08
vn 0 -1 -8.742278E-08
vn 0 -1 -8.742278E-08
vn 0 -1 -8.742278E-08
vn 0 -1 -8.742278E-08
vn 0 -1 -8.742278E-08
vn 0 -1 -8.742278E-08
vn 0 -1 -8.742278E-08
vn 0 -1 -8.742278E-08
vn 0 -1 -8.742278E-08
vn 0 -1 -8.742278E-08
vn 0 -1 -8.742278E-08
vn 0 -1 -8.742278E-08
vn 0 -1 -8.742278E-08
vn 0 -1 -8.742278E-08
vn 0 -1 -8.742278E-08
vn 0 -1 -8.742278E-08
vn 0 -1 -8.742278E-08
vn 0 -1 -8.742278E-08
vn 0 -1 -8.742278E-08
vn 0 -1 -8.742278E-08
vn 0 -1 -8.742278E-08
vn 0 -1 -8.742278E-08
vn 0 -1 -8.742278E-08
vn 0 -1 -8.742278E-08
vn 0 -1 -8.742278E-08
vn 0 -1 -8.742278E-08
vn 0 -1 -8.742278E-08
vn 0 -1 -8.742278E-08
vn 0 -1 -8.742278E-08
vn 0 -1 -8.742278E-08
vn 0 -1 -8.742278E-08
vn 0 -1 -8.742278E-08
vn 0 -1 -8.742278E-08
vn 0 -1 -8.742278E-08
vn 0 -1 -8.742278E-08
vn 0 -1 -8.742278E-08
vn 0 -1 -8.742278E-08
vn 0 -1 -8.742278E-08
vn 0 -1 -8.742278E-08
vn 0 -1 -8.742278E-08
vn 0 -1 -8.742278E-08
vn 0 -1 -8.742278E-08
vn 0 -1 -8.742278E-08
vn 0 -1 -8.742278E-08
vn 0 -1 -8.742278E-08
vn 0 -1 -8.742278E-08
vn 0 -1 -8.742278E-08
vn 0 -1 -8.742278E-08
vn 0 -1 -8.742278E-08
vn 0 -1 -8.742278E-08
vn 0 -1 -8.742278E-08
vn 0 -1 -8.742278E-08
vn 0 -1 -8.742278E-08
vn 0 -1 -8.742278E-08
vn 0 -1 -8.742278E-08
vn 0 -1 -8.742278E-08
vn 0 -1 -8.742278E-08
vn 0 -1 -8.742278E-08
vn 0 -1 -8.742278E-08
vn 0 -1 -8.742278E-08
vn 0 -1 -8.742278E-08
vn 0 -1 -8.742278E-08
vn 0 -1 -8.742278E-08
vn 0 -1 -8.742278E-08
vn 0 -1 -8.742278E-08
vn 0 -1 -8.742278E-08
vn 0 -1 -8.742278E-08
vn 0 -1 -8.742278E-08
vn 0 -1 -8.742278E-08
vn 0 -1 -8.742278E-08
vn 0 -1 -8.742278E-08
vn 0 -1 -8.742278E-08
vn 0 -1 -8.742278E-08
vn 0 -1 -8.742278E-08
vn 0 -1 -8.742278E-08
vn 0 1 8.742278E-08
vn 0 1 8.742278E-08
vn 0 1 8.742278E-08
vn 0 1 8.742278E-08
vn 0 1 8.742278E-08
vn 0 1 8.742278E-08
vn 0 1 8.742278E-08
vn 0 1 8.742278E-08
vn 0 1 8.742278E-08
vn 0 1 8.742278E-08
vn 0 1 8.742278E-08
vn 0 1 8.742278E-08
vn 0 1 8.742278E-08
vn 0 1 8.742278E-08
vn 0 1 8.742278E-08
vn 0 1 8.742278E-08
vn 0 1 8.742278E-08
vn 0 1 8.742278E-08
vn 0 1 8.742278E-08
vn 0 1 8.742278E-08
vn 0 1 8.742278E-08
vn 0 1 8.742278E-08
vn 0 1 8.742278E-08
vn 0 1 8.742278E-08
vn 0 1 8.742278E-08
vn 0 1 8.742278E-08
vn 0 1 8.742278E-08
vn 0 1 8.742278E-08
vn 0 1 8.742278E-08
vn 0 1 8.742278E-08
vn 0 1 8.742278E-08
vn 0 1 8.742278E-08
vn 0 1 8.742278E-08
vn 0 1 8.742278E-08
vn 0 1 8.742278E-08
vn 0 1 8.742278E-08
vn 0 1 8.742278E-08
vn 0 1 8.742278E-08
vn 0 1 8.742278E-08
vn 0 1 8.742278E-08
vn 0 1 8.742278E-08
vn 0 1 8.742278E-08
vn 0 1 8.742278E-08
vn 0 1 8.742278E-08
vn 0 1 8.742278E-08
vn 0 1 8.742278E-08
vn 0 1 8.742278E-08
vn 0 1 8.742278E-08
vn 0 1 8.742278E-08
vn 0 1 8.742278E-08
vn 0 1 8.742278E-08
vn 0 1 8.742278E-08
vn 0 1 8.742278E-08
vn 0 1 8.742278E-08
vn 0 1 8.742278E-08
vn 0 1 8.742278E-08
vn 0 1 8.742278E-08
vn 0 1 8.742278E-08
vn 0 1 8.742278E-08
vn 0 1 8.742278E-08
vn 0 1 8.742278E-08
vn 0 1 8.742278E-08
vn 0 1 8.742278E-08
vn 0 1 8.742278E-08
vn 0 1 8.742278E-08
vn 0 1 8.742278E-08
vn 0 1 8.742278E-08
vn 0 1 8.742278E-08
vn 0 1 8.742278E-08
vn 0 1 8.742278E-08
vn 0 1 8.742278E-08
vn 0 1 8.742278E-08
vn 0 1 8.742278E-08
vn 0 1 8.742278E-08
vn 0 1 8.742278E-08
vn 0 1 8.742278E-08
vn 0 1 8.742278E-08
vn 0 1 8.742278E-08
vn 0 1 8.742278E-08
vn 0 1 8.742278E-08
vn 0 1 8.742278E-08
vn 0 1 8.742278E-08
vn 0 1 8.742278E-08
vn 0 1 8.742278E-08
vn 0 1 8.742278E-08
vn 0 1 8.742278E-08
vn 0 1 8.742278E-08
vn 0 1 8.742278E-08
vn 0 1 8.742278E-08
vn 0 1 8.742278E-08
vn 0 1 8.742278E-08
vn 0 1 8.742278E-08
vn 0 1 8.742278E-08
vn 0 1 8.742278E-08
vn 0 1 8.742278E-08
vn 0 1 8.742278E-08
vn 0 1 8.742278E-08
vn 0 1 8.742278E-08
vn 0 -8.742286E-08 1.000001
vn 0.3826984 -8.076766E-08 0.9238744
vn 0.7071075 -6.18173E-08 0.7071075
vn 0.9238744 -3.345656E-08 0.3826984
vn 1.000001 0 0
vn 0.9238744 3.345656E-08 -0.3826984
vn 0.7071075 6.18173E-08 -0.7071075
vn 0.3826984 8.076766E-08 -0.9238744
vn 0 8.742286E-08 -1.000001
vn -0.3826984 8.076766E-08 -0.9238744
vn -0.7071075 6.18173E-08 -0.7071075
vn -0.9238744 3.345656E-08 -0.3826984
vn -1.000001 0 0
vn -0.9238744 -3.345656E-08 0.3826984
vn -0.7071075 -6.18173E-08 0.7071075
vn -0.3826984 -8.076766E-08 0.9238744
vn 0 8.742286E-08 -1.000001
vn -0.3826985 8.076766E-08 -0.9238744
vn -0.3826985 8.076766E-08 -0.9238744
vn 0 8.742286E-08 -1.000001
vn -0.7071075 6.18173E-08 -0.7071075
vn -0.7071075 6.18173E-08 -0.7071075
vn -0.9238744 3.345657E-08 -0.3826985
vn -0.9238744 3.345657E-08 -0.3826985
vn -1.000001 0 0
vn -1.000001 0 0
vn -0.9238744 -3.345657E-08 0.3826985
vn -0.9238744 -3.345657E-08 0.3826985
vn -0.7071075 -6.18173E-08 0.7071075
vn -0.7071075 -6.18173E-08 0.7071075
vn -0.3826985 -8.076766E-08 0.9238744
vn -0.3826985 -8.076766E-08 0.9238744
vn 0 -8.742286E-08 1.000001
vn 0 -8.742286E-08 1.000001
vn 0.3826985 -8.076766E-08 0.9238744
vn 0.3826985 -8.076766E-08 0.9238744
vn 0.7071075 -6.18173E-08 0.7071075
vn 0.7071075 -6.18173E-08 0.7071075
vn 0.9238744 -3.345657E-08 0.3826985
vn 0.9238744 -3.345657E-08 0.3826985
vn 1.000001 0 0
vn 1.000001 0 0
vn 0.9238744 3.345657E-08 -0.3826985
vn 0.9238744 3.345657E-08 -0.3826985
vn 0.7071075 6.18173E-08 -0.7071075
vn 0.7071075 6.18173E-08 -0.7071075
vn 0.3826985 8.076766E-08 -0.9238744
vn 0.3826985 8.076766E-08 -0.9238744
vn 0 1 8.742278E-08
vn 0 1 8.742278E-08
vn 0 1 8.742278E-08
vn 0 1 8.742278E-08
vn 0 1 8.742278E-08
vn 0 1 8.742278E-08
vn 0 1 8.742278E-08
vn 0 1 8.742278E-08
vn 0 1 8.742278E-08
vn 0 1 8.742278E-08
vn 0 1 8.742278E-08
vn 0 1 8.742278E-08
vn 0 1 8.742278E-08
vn 0 1 8.742278E-08
vn 0 1 8.742278E-08
vn 0 1 8.742278E-08
vn 0 1 8.742278E-08
vn 0 1 8.742278E-08
vn 0 1 8.742278E-08
vn 0 1 8.742278E-08
vn 0 1 8.742278E-08
vn 0 1 8.742278E-08
vn 0 1 8.742278E-08
vn 0 1 8.742278E-08
vn 0 1 8.742278E-08
vn 0 1 8.742278E-08
vn 0 1 8.742278E-08
vn 0 1 8.742278E-08
vn 0 1 8.742278E-08
vn 0 1 8.742278E-08
vn 0 1 8.742278E-08
vn 0 1 8.742278E-08
vn 0 -8.742286E-08 1.000001
vn 0.3826984 -8.076766E-08 0.9238744
vn 0.7071075 -6.18173E-08 0.7071075
vn 0.9238744 -3.345656E-08 0.3826984
vn 1.000001 0 0
vn 0.9238744 3.345656E-08 -0.3826984
vn 0.7071075 6.18173E-08 -0.7071075
vn 0.3826984 8.076766E-08 -0.9238744
vn 0 8.742286E-08 -1.000001
vn -0.3826984 8.076766E-08 -0.9238744
vn -0.7071075 6.18173E-08 -0.7071075
vn -0.9238744 3.345656E-08 -0.3826984
vn -1.000001 0 0
vn -0.9238744 -3.345656E-08 0.3826984
vn -0.7071075 -6.18173E-08 0.7071075
vn -0.3826984 -8.076766E-08 0.9238744
vn 0 8.742286E-08 -1.000001
vn -0.3826985 8.076766E-08 -0.9238744
vn -0.7071075 6.18173E-08 -0.7071075
vn -0.9238744 3.345657E-08 -0.3826985
vn -1.000001 0 0
vn -0.9238744 -3.345657E-08 0.3826985
vn -0.9238744 -3.345657E-08 0.3826985
vn -0.7071075 -6.18173E-08 0.7071075
vn -0.7071075 -6.18173E-08 0.7071075
vn -0.3826985 -8.076766E-08 0.9238744
vn -0.3826985 -8.076766E-08 0.9238744
vn 0 -8.742286E-08 1.000001
vn 0.3826985 -8.076766E-08 0.9238744
vn 0.7071075 -6.18173E-08 0.7071075
vn 0.9238744 -3.345657E-08 0.3826985
vn 1.000001 0 0
vn 0.9238744 3.345657E-08 -0.3826985
vn 0.7071075 6.18173E-08 -0.7071075
vn 0.3826985 8.076766E-08 -0.9238744
vn 0 1 8.742278E-08
vn 0 1 8.742278E-08
vn 0 1 8.742278E-08
vn 0 1 8.742278E-08
vn 0 1 8.742278E-08
vn 0 1 8.742278E-08
vn 0 1 8.742278E-08
vn 0 1 8.742278E-08
vn 0 1 8.742278E-08
vn 0 1 8.742278E-08
vn 0 1 8.742278E-08
vn 0 1 8.742278E-08
vn 0 1 8.742278E-08
vn 0 1 8.742278E-08
vn 0 1 8.742278E-08
vn 0 1 8.742278E-08
vn 0 1 8.742278E-08
vn 0 1 8.742278E-08
vn 0 1 8.742278E-08
vn 0 1 8.742278E-08
vn 0 1 8.742278E-08
vn 0 1 8.742278E-08
vn 0 1 8.742278E-08
vn 0 1 8.742278E-08
vn 0 1 8.742278E-08
vn 0 1 8.742278E-08
vn 0 1 8.742278E-08
vn 0 1 8.742278E-08
vn 0 1 8.742278E-08
vn 0 1 8.742278E-08
vn 0 1 8.742278E-08
vn 0 1 8.742278E-08
vn 0 -8.742286E-08 1.000001
vn 0.3826984 -8.076766E-08 0.9238744
vn 0.7071075 -6.18173E-08 0.7071075
vn 0.9238744 -3.345656E-08 0.3826984
vn 1.000001 0 0
vn 0.9238744 3.345656E-08 -0.3826984
vn 0.7071075 6.18173E-08 -0.7071075
vn 0.3826984 8.076766E-08 -0.9238744
vn 0 8.742286E-08 -1.000001
vn -0.3826984 8.076766E-08 -0.9238744
vn -0.7071075 6.18173E-08 -0.7071075
vn -0.9238744 3.345656E-08 -0.3826984
vn -1.000001 0 0
vn -0.9238744 -3.345656E-08 0.3826984
vn -0.7071075 -6.18173E-08 0.7071075
vn -0.3826984 -8.076766E-08 0.9238744
vn 0 8.742286E-08 -1.000001
vn -0.3826985 8.076766E-08 -0.9238744
vn -0.3826985 8.076766E-08 -0.9238744
vn -0.7071075 6.18173E-08 -0.7071075
vn -0.7071075 6.18173E-08 -0.7071075
vn -0.9238744 3.345657E-08 -0.3826985
vn -0.9238744 3.345657E-08 -0.3826985
vn -1.000001 0 0
vn -0.9238744 -3.345657E-08 0.3826985
vn -0.7071075 -6.18173E-08 0.7071075
vn -0.3826985 -8.076766E-08 0.9238744
vn 0 -8.742286E-08 1.000001
vn 0.3826985 -8.076766E-08 0.9238744
vn 0.7071075 -6.18173E-08 0.7071075
vn 0.9238744 -3.345657E-08 0.3826985
vn 1.000001 0 0
vn 0.9238744 3.345657E-08 -0.3826985
vn 0.7071075 6.18173E-08 -0.7071075
vn 0.3826985 8.076766E-08 -0.9238744
vn 0 1 8.742278E-08
vn 0 1 8.742278E-08
vn 0 1 8.742278E-08
vn 0 1 8.742278E-08
vn 0 1 8.742278E-08
vn 0 1 8.742278E-08
vn 0 1 8.742278E-08
vn 0 1 8.742278E-08
vn 0 1 8.742278E-08
vn 0 1 8.742278E-08
vn 0 1 8.742278E-08
vn 0 1 8.742278E-08
vn 0 1 8.742278E-08
vn 0 1 8.742278E-08
vn 0 1 8.742278E-08
vn 0 1 8.742278E-08
vn 0 1 8.742278E-08
vn 0 1 8.742278E-08
vn 0 1 8.742278E-08
vn 0 1 8.742278E-08
vn 0 1 8.742278E-08
vn 0 1 8.742278E-08
vn 0 1 8.742278E-08
vn 0 1 8.742278E-08
vn 0 1 8.742278E-08
vn 0 1 8.742278E-08
vn 0 1 8.742278E-08
vn 0 1 8.742278E-08
vn 0 1 8.742278E-08
vn 0 1 8.742278E-08
vn 0 1 8.742278E-08
vn 0 1 8.742278E-08
vn 0 -8.742286E-08 1.000001
vn 0.3826984 -8.076766E-08 0.9238744
vn 0.7071075 -6.18173E-08 0.7071075
vn 0.9238744 -3.345656E-08 0.3826984
vn 1.000001 0 0
vn 0.9238744 3.345656E-08 -0.3826984
vn 0.7071075 6.18173E-08 -0.7071075
vn 0.3826984 8.076766E-08 -0.9238744
vn 0 8.742286E-08 -1.000001
vn -0.3826984 8.076766E-08 -0.9238744
vn -0.7071075 6.18173E-08 -0.7071075
vn -0.9238744 3.345656E-08 -0.3826984
vn -1.000001 0 0
vn -0.9238744 -3.345656E-08 0.3826984
vn -0.7071075 -6.18173E-08 0.7071075
vn -0.3826984 -8.076766E-08 0.9238744
vn 0 8.742286E-08 -1.000001
vn -0.3826985 8.076766E-08 -0.9238744
vn -0.7071075 6.18173E-08 -0.7071075
vn -0.9238744 3.345657E-08 -0.3826985
vn -1.000001 0 0
vn -0.9238744 -3.345657E-08 0.3826985
vn -0.9238744 -3.345657E-08 0.3826985
vn -0.7071075 -6.18173E-08 0.7071075
vn -0.7071075 -6.18173E-08 0.7071075
vn -0.3826985 -8.076766E-08 0.9238744
vn -0.3826985 -8.076766E-08 0.9238744
vn 0 -8.742286E-08 1.000001
vn 0.3826985 -8.076766E-08 0.9238744
vn 0.7071075 -6.18173E-08 0.7071075
vn 0.9238744 -3.345657E-08 0.3826985
vn 1.000001 0 0
vn 0.9238744 3.345657E-08 -0.3826985
vn 0.7071075 6.18173E-08 -0.7071075
vn 0.3826985 8.076766E-08 -0.9238744
vn 0 1 8.742278E-08
vn 0 1 8.742278E-08
vn 0 1 8.742278E-08
vn 0 1 8.742278E-08
vn 0 1 8.742278E-08
vn 0 1 8.742278E-08
vn 0 1 8.742278E-08
vn 0 1 8.742278E-08
vn 0 1 8.742278E-08
vn 0 1 8.742278E-08
vn 0 1 8.742278E-08
vn 0 1 8.742278E-08
vn 0 1 8.742278E-08
vn 0 1 8.742278E-08
vn 0 1 8.742278E-08
vn 0 1 8.742278E-08
vn 0 1 8.742278E-08
vn 0 1 8.742278E-08
vn 0 1 8.742278E-08
vn 0 1 8.742278E-08
vn 0 1 8.742278E-08
vn 0 1 8.742278E-08
vn 0 1 8.742278E-08
vn 0 1 8.742278E-08
vn 0 1 8.742278E-08
vn 0 1 8.742278E-08
vn 0 1 8.742278E-08
vn 0 1 8.742278E-08
vn 0 1 8.742278E-08
vn 0 1 8.742278E-08
vn 0 1 8.742278E-08
vn 0 1 8.742278E-08
vn 0 -8.742286E-08 1.000001
vn 0.3826984 -8.076766E-08 0.9238744
vn 0.7071075 -6.18173E-08 0.7071075
vn 0.9238744 -3.345656E-08 0.3826984
vn 1.000001 0 0
vn 0.9238744 3.345656E-08 -0.3826984
vn 0.7071075 6.18173E-08 -0.7071075
vn 0.3826984 8.076766E-08 -0.9238744
vn 0 8.742286E-08 -1.000001
vn -0.3826984 8.076766E-08 -0.9238744
vn -0.7071075 6.18173E-08 -0.7071075
vn -0.9238744 3.345656E-08 -0.3826984
vn -1.000001 0 0
vn -0.9238744 -3.345656E-08 0.3826984
vn -0.7071075 -6.18173E-08 0.7071075
vn -0.3826984 -8.076766E-08 0.9238744
vn 0 8.742286E-08 -1.000001
vn -0.3826985 8.076766E-08 -0.9238744
vn -0.3826985 8.076766E-08 -0.9238744
vn -0.7071075 6.18173E-08 -0.7071075
vn -0.7071075 6.18173E-08 -0.7071075
vn -0.9238744 3.345657E-08 -0.3826985
vn -0.9238744 3.345657E-08 -0.3826985
vn -1.000001 0 0
vn -0.9238744 -3.345657E-08 0.3826985
vn -0.7071075 -6.18173E-08 0.7071075
vn -0.3826985 -8.076766E-08 0.9238744
vn 0 -8.742286E-08 1.000001
vn 0.3826985 -8.076766E-08 0.9238744
vn 0.7071075 -6.18173E-08 0.7071075
vn 0.9238744 -3.345657E-08 0.3826985
vn 1.000001 0 0
vn 0.9238744 3.345657E-08 -0.3826985
vn 0.7071075 6.18173E-08 -0.7071075
vn 0.3826985 8.076766E-08 -0.9238744
vn 0 1 8.742278E-08
vn 0 1 8.742278E-08
vn 0 1 8.742278E-08
vn 0 1 8.742278E-08
vn 0 1 8.742278E-08
vn 0 1 8.742278E-08
vn 0 1 8.742278E-08
vn 0 1 8.742278E-08
vn 0 1 8.742278E-08
vn 0 1 8.742278E-08
vn 0 1 8.742278E-08
vn 0 1 8.742278E-08
vn 0 1 8.742278E-08
vn 0 1 8.742278E-08
vn 0 1 8.742278E-08
vn 0 1 8.742278E-08
vn 0 1 8.742278E-08
vn 0 1 8.742278E-08
vn 0 1 8.742278E-08
vn 0 1 8.742278E-08
vn 0 1 8.742278E-08
vn 0 1 8.742278E-08
vn 0 1 8.742278E-08
vn 0 1 8.742278E-08
vn 0 1 8.742278E-08
vn 0 1 8.742278E-08
vn 0 1 8.742278E-08
vn 0 1 8.742278E-08
vn 0 1 8.742278E-08
vn 0 1 8.742278E-08
vn 0 1 8.742278E-08
vn 0 1 8.742278E-08
vn 0 -8.742286E-08 1.000001
vn 0.3826984 -8.076766E-08 0.9238744
vn 0.7071075 -6.18173E-08 0.7071075
vn 0.9238744 -3.345656E-08 0.3826984
vn 1.000001 0 0
vn 0.9238744 3.345656E-08 -0.3826984
vn 0.7071075 6.18173E-08 -0.7071075
vn 0.3826984 8.076766E-08 -0.9238744
vn 0 8.742286E-08 -1.000001
vn -0.3826984 8.076766E-08 -0.9238744
vn -0.7071075 6.18173E-08 -0.7071075
vn -0.9238744 3.345656E-08 -0.3826984
vn -1.000001 0 0
vn -0.9238744 -3.345656E-08 0.3826984
vn -0.7071075 -6.18173E-08 0.7071075
vn -0.3826984 -8.076766E-08 0.9238744
vn 0 8.742286E-08 -1.000001
vn -0.3826985 8.076766E-08 -0.9238744
vn -0.3826985 8.076766E-08 -0.9238744
vn 0 8.742286E-08 -1.000001
vn -0.7071075 6.18173E-08 -0.7071075
vn -0.7071075 6.18173E-08 -0.7071075
vn -0.9238744 3.345657E-08 -0.3826985
vn -0.9238744 3.345657E-08 -0.3826985
vn -1.000001 0 0
vn -1.000001 0 0
vn -0.9238744 -3.345657E-08 0.3826985
vn -0.9238744 -3.345657E-08 0.3826985
vn -0.7071075 -6.18173E-08 0.7071075
vn -0.7071075 -6.18173E-08 0.7071075
vn -0.3826985 -8.076766E-08 0.9238744
vn -0.3826985 -8.076766E-08 0.9238744
vn 0 -8.742286E-08 1.000001
vn 0 -8.742286E-08 1.000001
vn 0.3826985 -8.076766E-08 0.9238744
vn 0.3826985 -8.076766E-08 0.9238744
vn 0.7071075 -6.18173E-08 0.7071075
vn 0.7071075 -6.18173E-08 0.7071075
vn 0.9238744 -3.345657E-08 0.3826985
vn 0.9238744 -3.345657E-08 0.3826985
vn 1.000001 0 0
vn 1.000001 0 0
vn 0.9238744 3.345657E-08 -0.3826985
vn 0.9238744 3.345657E-08 -0.3826985
vn 0.7071075 6.18173E-08 -0.7071075
vn 0.7071075 6.18173E-08 -0.7071075
vn 0.3826985 8.076766E-08 -0.9238744
vn 0.3826985 8.076766E-08 -0.9238744
vn 0 1 8.742278E-08
vn 0 1 8.742278E-08
vn 0 1 8.742278E-08
vn 0 1 8.742278E-08
vn 0 1 8.742278E-08
vn 0 1 8.742278E-08
vn 0 1 8.742278E-08
vn 0 1 8.742278E-08
vn 0 1 8.742278E-08
vn 0 1 8.742278E-08
vn 0 1 8.742278E-08
vn 0 1 8.742278E-08
vn 0 1 8.742278E-08
vn 0 1 8.742278E-08
vn 0 1 8.742278E-08
vn 0 1 8.742278E-08
vn 0 1 8.742278E-08
vn 0 1 8.742278E-08
vn 0 1 8.742278E-08
vn 0 1 8.742278E-08
vn 0 1 8.742278E-08
vn 0 1 8.742278E-08
vn 0 1 8.742278E-08
vn 0 1 8.742278E-08
vn 0 1 8.742278E-08
vn 0 1 8.742278E-08
vn 0 1 8.742278E-08
vn 0 1 8.742278E-08
vn 0 1 8.742278E-08
vn 0 1 8.742278E-08
vn 0 1 8.742278E-08
vn 0 1 8.742278E-08
vn -0.8814571 -0.3290964 -0.3387162
vn -0.9008214 -0.263207 -0.3453153
vn -0.8944986 -0.2888608 -0.3412204
vn -0.9133732 -0.09787631 -0.3951828
vn -0.9452462 -0.07319337 -0.3180444
vn -0.8580498 0.09036665 -0.5055534
vn -0.9269474 0.0584999 -0.3706023
vn -0.1973867 0.9803003 -0.007064819
vn -0.3244358 0.8867617 -0.3292342
vn -0.172943 0.9797766 -0.1006407
vn -0.1181714 0.9840403 0.1330424
vn 0.1170485 0.9922815 -0.04095368
vn 0.03044826 0.985994 -0.1639779
vn 0.06620365 0.9545048 -0.2907535
vn 0.1706641 0.9851175 -0.02042877
vn 0.522832 0.09650629 -0.8469551
vn 0.4695251 -0.2122815 -0.8570195
vn 0.50278 -0.1650371 -0.8485132
vn 0.5549369 -0.04209415 -0.8308266
vn 0.4812181 -0.3507374 -0.8033755
vn -0.2280984 0.9732345 -0.02803088
vn -0.2643668 0.8628801 -0.4307528
vn -0.00547659 0.8607138 -0.5090596
vn -0.4680395 0.6816907 0.5623493
vn -0.4063317 0.7222562 0.5596788
vn -0.4322411 0.7168555 0.5470701
vn -0.4489349 0.7360902 0.5065852
vn -0.5011618 0.6769854 0.539006
vn -0.5096608 0.6953551 0.5066823
vn -0.4166051 0.8439722 0.3378626
vn -0.1113594 0.9924136 0.05209849
vn 0.05412647 0.9913075 0.1199155
vn 0.5942292 0.8042898 0.003092904
vn 0.5420249 0.8398573 0.02913269
vn 0.5809312 0.8121192 0.05460295
vn 0.6451626 0.7640005 0.008267035
vn 0.551351 0.8188089 0.1598879
vn 0.6502316 0.7523881 0.1054087
vn 0.5396965 0.8063422 0.2419503
vn 0.2503398 0.8022568 0.541954
vn -0.7081163 -0.6363828 0.3059213
vn -0.7030013 -0.3627729 0.6117066
vn -0.843321 -0.2661806 0.4668591
vn -0.3966625 -0.6301595 0.6675012
vn -0.6229549 -0.7197028 0.3065205
vn -0.1956798 -0.9360943 0.292296
vn 0.05589385 -0.9921808 0.1115932
vn -0.1688411 -0.917611 0.3598371
vn -0.2649634 -0.679634 0.6840263
vn 0.01518736 -0.9990001 -0.04204809
vn 0.8495255 -0.5113764 0.129616
vn 0.6567802 -0.6349662 0.4067648
vn 0.6766765 -0.6650442 0.3159511
vn 0.7375232 -0.648941 -0.1869095
vn 0.4417494 -0.8891457 -0.1194878
vn 0.4417494 -0.8891457 -0.1194878
vn 0.9572087 -0.2744991 -0.09165932
vn 0.7859018 -0.5569541 -0.268627
vn 0.00188815 -0.9852981 -0.1708343
vn -0.05634043 -0.9761827 -0.2095069
vn -0.02875842 -0.9947131 -0.0985836
vn 0.9549347 -0.2938144 -0.04210166
vn 0.8808082 -0.4572313 0.1229485
vn 0.9467981 -0.2110283 -0.2429817
vn 0.5281275 -0.8033789 -0.2750701
vn 0.5103182 -0.7807308 -0.3606032
vn 0.6935224 -0.6541579 -0.3018347
vn -0.7888877 -0.5856411 0.1862266
vn -0.6882909 -0.7126873 0.1353968
vn -0.7221088 -0.236339 0.6501559
vn -0.9045332 -0.08383817 0.4180798
vn 0.8962879 -0.3413007 -0.2831635
vn 0.9060448 -0.4231813 0.0004392065
vn 0.7002454 -0.4055651 0.5875146
vn 0.7002454 -0.4055651 0.5875146
vn 0.7005212 -0.5382429 0.4685773
vn -0.1196794 -0.5963987 0.7937161
vn 0.008014635 -0.6998927 0.7142029
vn -0.06161318 -0.5943441 0.801847
vn -0.1875346 -0.5689312 0.8007171
vn -0.6209122 -0.3252792 0.713205
vn -0.5828159 -0.2474103 0.7740242
vn 0.0325175 -0.9985192 -0.0436116
vn -0.01584684 -0.9878259 -0.154755
vn -0.02058601 -0.9923535 -0.1217001
vn -0.08579368 -0.9626083 -0.2569529
vn 0.01843674 -0.9994624 -0.02711368
vn -0.05548899 -0.9872245 -0.1493619
vn -0.04861243 -0.9457597 -0.3212097
vn -0.03277005 -0.9510184 -0.3073926
vn -0.09851046 -0.9305899 -0.3525594
vn -0.1121341 -0.9129478 -0.3923675
vn -0.1331618 -0.8823972 -0.4512682
vn -0.1643166 -0.8777 -0.4501585
vn -0.1749084 -0.8453495 -0.5047684
vn -0.1273394 -0.8884089 -0.4410379
vn -0.1338844 -0.9225649 -0.3618685
vn -0.1266457 -0.9043531 -0.4075613
vn -0.1300709 -0.9614734 -0.2421785
vn -0.05525732 0.8999078 0.432565
vn -0.03801703 0.9573088 0.2865565
vn 0.1051884 0.8521808 0.5125653
vn -0.01217981 0.8487498 0.5286544
vn 0.0982183 0.8100613 0.5780603
vn 0.1883964 0.8024188 0.5662427
vn 0.1648424 0.7766876 0.6079337
vn 0.3228547 0.7771088 0.5402468
vn 0.2555085 0.8296755 0.4963405
vn 0.2315978 0.9212453 0.3125215
vn 0.3222264 0.8954941 0.3070187
vn 0.3407788 0.8407967 0.4206313
vn 0.2045225 0.9659516 0.1584558
vn 0.1712348 0.9833156 0.06139224
vn -0.09729838 0.9936572 0.05637872
vn -0.1292994 0.9480777 0.2905689
vn -0.1665196 -0.8361635 -0.5225914
vn -0.1402883 -0.8634707 -0.484497
vn 0.03884402 -0.9713012 -0.2346597
vn 0.3314226 -0.8851008 -0.3267348
vn 0.4276539 -0.9025884 -0.04946056
vn 0.4789943 -0.8282642 -0.2907625
vn -0.6910775 -0.7214373 0.0440477
vn -0.6397463 -0.7685383 0.008573937
vn -0.6527368 -0.7575842 0.0009344124
vn -0.6032813 -0.7961159 -0.04744927
vn 0.04583322 -0.9913864 -0.1226883
vn 0.4104417 -0.8581231 -0.3084841
vn -0.04529623 -0.9715622 -0.2324116
vn -0.5802137 -0.8142892 -0.01688708
vn 0.8237575 -0.4747438 -0.309906
vn -0.6161976 -0.7820879 0.09294655
vn -0.01942376 -0.9746164 -0.223037
vn -0.0817431 -0.9369925 -0.3396515
vn -0.02582577 -0.9877057 -0.1541773
vn 0.04191404 -0.9292755 -0.3670017
vn -0.08823692 -0.9036478 -0.4190882
vn -0.1706402 -0.8388135 -0.5169854
vn -0.1736963 -0.8386244 -0.5162739
vn -0.1668254 -0.8341292 -0.5257356
vn 0.6863908 0.726397 -0.03485692
vn -0.5750573 0.6211328 0.5324501
vn -0.5230333 0.6850922 0.5070352
vn 0.682937 0.7291287 0.04436557
vn 0.5303826 0.8477433 0.005070626
vn 0.2854987 0.9341307 0.2142208
vn 0.40894 0.8522651 0.3262092
vn 0.4149199 0.8258448 0.3818662
vn 0.409925 0.7706285 0.487948
vn 0.3640919 0.7431963 0.5613344
vn 0.2987119 0.7158794 0.6311005
vn 0.4034357 0.4940875 0.770141
vn 0.2489268 0.6856388 0.6840575
vn 0.1776072 0.6837728 0.7077502
vn 0.04159594 0.7933688 0.6073185
vn -0.1058066 0.8324652 0.543881
vn -0.150147 0.8650895 0.4786189
vn -0.1954165 0.9101091 0.3653954
vn -0.1708482 0.9664536 0.1917769
vn -0.8703846 -0.02884181 -0.4915266
vn -0.8278486 -0.4737033 -0.3004522
vn -0.7801846 0.1303349 -0.6118207
vn 0.5858401 -0.2202219 -0.7799317
vn 0.569554 -0.3307979 -0.7524498
vn 0.8911536 -0.4104155 -0.1934015
vn 0.9399253 -0.277562 -0.1987448
vn 0.9053125 -0.3194087 -0.2799772
vn 0.8838043 -0.4673146 -0.02251006
vn 0.9370115 -0.3457866 -0.04940489
vn 0.9313765 -0.3513078 0.09550107
vn 0.8508726 -0.4890028 0.1920735
vn 0.9177889 -0.2868971 0.2745055
vn 0.8309412 -0.2994536 0.4688967
vn 0.7664067 -0.4332556 0.4742469
vn 0.7461524 -0.2295489 0.6249509
vn -0.009849696 -0.3135979 0.9495047
vn -0.1081401 -0.3625816 0.9256566
vn -0.1928672 -0.361076 0.9123739
vn -0.07273874 -0.08141243 0.9940225
vn -0.4916332 -0.2464929 0.8351873
vn -0.6027907 -0.3825863 0.7001935
vn -0.7100877 -0.5117586 0.4836098
vn -0.6532423 -0.294071 0.6977081
vn -0.7780045 -0.3992384 0.4850955
vn -0.8208202 -0.5328001 0.2058597
vn -0.8636336 -0.3333751 0.3781504
vn -0.9397002 -0.3413199 0.02154347
vn -0.8226894 -0.5365236 -0.187948
vn -0.8799917 -0.3973896 -0.2601845
vn -0.9701462 -0.008420825 -0.2423741
vn -0.9541852 -0.174975 -0.2427222
vn -0.9720447 -0.1277342 -0.1970098
vn -0.5600992 -0.1467705 0.8153203
vn -0.7428052 -0.2119386 0.6350765
vn -0.1844644 -0.000675021 0.9828389
vn 0.09056585 -0.01153324 0.9958236
vn 0.6281677 0.3034333 0.716473
vn 0.6281677 0.3034333 0.716473
vn 0.6505927 0.291313 0.7013314
vn 0.96567 -0.1595078 -0.2050332
vn 0.9661635 -0.09083677 -0.2414058
vn 0.9477935 -0.1938188 -0.2532223
vn 0.6239045 -0.1891454 -0.7582657
vn 0.6259236 -0.0896185 -0.774718
vn 0.4366696 -0.2607062 -0.8610178
vn 0.4548194 -0.3201358 -0.8310549
vn 0.5182816 -0.05685837 -0.8533177
vn -0.9083406 -0.1811222 0.3769774
vn -0.8846728 -0.1989368 0.4216374
vn 0.7295592 -0.1499092 0.6672857
vn 0.7853402 -0.1600996 0.5980039
vn 0.8998777 -0.1703134 0.4015135
vn 0.9556691 -0.2049568 0.211398
vn 0.9778554 -0.209279 0.001024391
vn -0.4316872 0.7367672 -0.5204038
vn 0 -1 -8.742278E-08
vn 0 -1 -8.742278E-08
vn 0 -1 -8.742278E-08
vn 0 -1 -8.742278E-08
vn 0 -1 -8.742278E-08
vn 0 -1 -8.742278E-08
vn 0 -1 -8.742278E-08
vn 0 -1 -8.742278E-08
vn 0 -1 -8.742278E-08
vn 0 -1 -8.742278E-08
vn 0 -1 -8.742278E-08
vn 0 -1 -8.742278E-08
vn 0 -1 -8.742278E-08
vn 0 -1 -8.742278E-08
vn 0 -1 -8.742278E-08
vn 0 -1 -8.742278E-08
vn 0 -1 -8.742278E-08
vn 0.744311 -5.838381E-08 0.667833
vn 0.9432276 -2.903719E-08 0.3321468
vn 0.9432276 -2.903719E-08 0.3321468
vn 0.744311 -5.838381E-08 0.667833
vn 0.9985366 4.727662E-09 -0.05407812
vn 0.9985366 4.727662E-09 -0.05407812
vn 0.9018396 3.777283E-08 -0.4320708
vn 0.9018396 3.777283E-08 -0.4320708
vn 0.667833 6.506973E-08 -0.744311
vn 0.667833 6.506973E-08 -0.744311
vn 0.3321468 8.245958E-08 -0.9432276
vn 0.3321468 8.245958E-08 -0.9432276
vn -0.05407812 8.729484E-08 -0.9985366
vn -0.05407812 8.729484E-08 -0.9985366
vn -0.4320708 7.884132E-08 -0.9018396
vn -0.4320708 7.884132E-08 -0.9018396
vn -0.744311 5.838381E-08 -0.667833
vn -0.744311 5.838381E-08 -0.667833
vn -0.9432276 2.903719E-08 -0.3321468
vn -0.9432276 2.903719E-08 -0.3321468
vn -0.9985366 -4.727662E-09 0.05407812
vn -0.9985366 -4.727662E-09 0.05407812
vn -0.9018396 -3.777283E-08 0.4320708
vn -0.9018396 -3.777283E-08 0.4320708
vn -0.667833 -6.506973E-08 0.744311
vn -0.667833 -6.506973E-08 0.744311
vn -0.3321468 -8.245958E-08 0.9432276
vn -0.3321468 -8.245958E-08 0.9432276
vn 0.05407812 -8.729484E-08 0.9985366
vn 0.05407812 -8.729484E-08 0.9985366
vn 0.4320708 -7.884132E-08 0.9018396
vn 0.4320708 -7.884132E-08 0.9018396
vn -0.744311 5.838381E-08 -0.667833
vn -0.9432276 2.903719E-08 -0.3321468
vn -0.9432276 2.903719E-08 -0.3321468
vn -0.744311 5.838381E-08 -0.667833
vn -0.9985366 -4.727662E-09 0.05407812
vn -0.9985366 -4.727662E-09 0.05407812
vn -0.9018396 -3.777283E-08 0.4320708
vn -0.9018396 -3.777283E-08 0.4320708
vn -0.667833 -6.506973E-08 0.744311
vn -0.667833 -6.506973E-08 0.744311
vn -0.3321468 -8.245958E-08 0.9432276
vn -0.3321468 -8.245958E-08 0.9432276
vn 0.05407812 -8.729484E-08 0.9985366
vn 0.05407812 -8.729484E-08 0.9985366
vn 0.4320708 -7.884132E-08 0.9018396
vn 0.4320708 -7.884132E-08 0.9018396
vn 0.744311 -5.838381E-08 0.667833
vn 0.744311 -5.838381E-08 0.667833
vn 0.9432276 -2.903719E-08 0.3321468
vn 0.9432276 -2.903719E-08 0.3321468
vn 0.9985366 4.727662E-09 -0.05407812
vn 0.9985366 4.727662E-09 -0.05407812
vn 0.9018396 3.777283E-08 -0.4320708
vn 0.9018396 3.777283E-08 -0.4320708
vn 0.667833 6.506973E-08 -0.744311
vn 0.667833 6.506973E-08 -0.744311
vn 0.3321468 8.245958E-08 -0.9432276
vn 0.3321468 8.245958E-08 -0.9432276
vn -0.05407812 8.729484E-08 -0.9985366
vn -0.05407812 8.729484E-08 -0.9985366
vn -0.4320708 7.884132E-08 -0.9018396
vn -0.4320708 7.884132E-08 -0.9018396
vn 0 -1 -8.742278E-08
vn 0 -1 -8.742278E-08
vn 0 -1 -8.742278E-08
vn 0 -1 -8.742278E-08
vn 0 -1 -8.742278E-08
vn 0 -1 -8.742278E-08
vn 0 -1 -8.742278E-08
vn 0 -1 -8.742278E-08
vn 0 -1 -8.742278E-08
vn 0 -1 -8.742278E-08
vn 0 -1 -8.742278E-08
vn 0 -1 -8.742278E-08
vn 0 -1 -8.742278E-08
vn 0 -1 -8.742278E-08
vn 0 -1 -8.742278E-08
vn 0 -1 -8.742278E-08
vn 0 -1 -8.742278E-08
vn 0 -1 -8.742278E-08
vn 0 -1 -8.742278E-08
vn 0 -1 -8.742278E-08
vn 0 -1 -8.742278E-08
vn 0 -1 -8.742278E-08
vn 0 -1 -8.742278E-08
vn 0 -1 -8.742278E-08
vn 0 -1 -8.742278E-08
vn 0 -1 -8.742278E-08
vn 0 -1 -8.742278E-08
vn 0 -1 -8.742278E-08
vn 0 -1 -8.742278E-08
vn 0 -1 -8.742278E-08
vn 0 -1 -8.742278E-08
vn 0 -1 -8.742278E-08
vn -0.3502983 0.92848 -0.1233534
vn -0.3502983 0.92848 -0.1233534
vn -0.2764301 0.9284768 -0.2480268
vn -0.2764302 0.9284768 -0.2480269
vn -0.3708502 0.9284755 0.02008436
vn -0.3708502 0.9284755 0.02008433
vn -0.3349276 0.92848 0.1604636
vn -0.3349276 0.92848 0.1604636
vn -0.248027 0.9284767 0.2764302
vn -0.2480269 0.9284768 0.2764302
vn -0.1233535 0.9284799 0.3502984
vn -0.1233535 0.9284799 0.3502984
vn 0.02008427 0.9284754 0.3708503
vn 0.02008425 0.9284754 0.3708503
vn 0.1604635 0.92848 0.3349276
vn 0.1604635 0.9284799 0.3349276
vn 0.2764302 0.9284768 0.248027
vn 0.2764301 0.9284768 0.248027
vn 0.3502983 0.92848 0.1233536
vn 0.3502983 0.92848 0.1233536
vn 0.3708502 0.9284755 -0.02008419
vn 0.3708502 0.9284755 -0.02008417
vn 0.3349276 0.92848 -0.1604635
vn 0.3349276 0.92848 -0.1604634
vn 0.248027 0.9284767 -0.2764301
vn 0.2480269 0.9284768 -0.27643
vn 0.1233535 0.92848 -0.3502983
vn 0.1233535 0.92848 -0.3502983
vn -0.02008427 0.9284756 -0.3708501
vn -0.02008425 0.9284756 -0.3708501
vn -0.1604635 0.92848 -0.3349275
vn -0.1604635 0.9284799 -0.3349274
vn 0 1 8.742278E-08
vn 0 1 8.742278E-08
vn 0 1 8.742278E-08
vn 0 1 8.742278E-08
vn 0 1 8.742278E-08
vn 0 1 8.742278E-08
vn 0 1 8.742278E-08
vn 0 1 8.742278E-08
vn 0 1 8.742278E-08
vn 0 1 8.742278E-08
vn 0 1 8.742278E-08
vn 0 1 8.742278E-08
vn 0 1 8.742278E-08
vn 0 1 8.742278E-08
vn 0 1 8.742278E-08
vn 0 1 8.742278E-08
vn 0 1 8.742278E-08
vn 0.744311 -5.838381E-08 0.667833
vn 0.9432276 -2.903719E-08 0.3321468
vn 0.9432276 -2.903719E-08 0.3321468
vn 0.744311 -5.838381E-08 0.667833
vn 0.9985366 4.727662E-09 -0.05407812
vn 0.9985366 4.727662E-09 -0.05407812
vn 0.9018396 3.777283E-08 -0.4320708
vn 0.9018396 3.777283E-08 -0.4320708
vn 0.667833 6.506973E-08 -0.744311
vn 0.667833 6.506973E-08 -0.744311
vn 0.3321468 8.245958E-08 -0.9432276
vn 0.3321468 8.245958E-08 -0.9432276
vn -0.05407812 8.729484E-08 -0.9985366
vn -0.05407812 8.729484E-08 -0.9985366
vn -0.4320708 7.884132E-08 -0.9018396
vn -0.4320708 7.884132E-08 -0.9018396
vn -0.744311 5.838381E-08 -0.667833
vn -0.744311 5.838381E-08 -0.667833
vn -0.9432276 2.903719E-08 -0.3321468
vn -0.9432276 2.903719E-08 -0.3321468
vn -0.9985366 -4.727662E-09 0.05407812
vn -0.9985366 -4.727662E-09 0.05407812
vn -0.9018396 -3.777283E-08 0.4320708
vn -0.9018396 -3.777283E-08 0.4320708
vn -0.667833 -6.506973E-08 0.744311
vn -0.667833 -6.506973E-08 0.744311
vn -0.3321468 -8.245958E-08 0.9432276
vn -0.3321468 -8.245958E-08 0.9432276
vn 0.05407812 -8.729484E-08 0.9985366
vn 0.05407812 -8.729484E-08 0.9985366
vn 0.4320708 -7.884132E-08 0.9018396
vn 0.4320708 -7.884132E-08 0.9018396
vn 0.7340637 -0.3290975 -0.5940076
vn 0.7494609 -0.2632079 -0.6074781
vn 0.7427532 -0.2888618 -0.6040499
vn 0.7989235 -0.09787667 -0.5934148
vn 0.7480561 -0.07319362 -0.6595867
vn 0.8668458 0.090367 -0.4903182
vn 0.7844233 0.05850014 -0.6174607
vn 0.104811 0.9803004 -0.167409
vn 0.4473415 0.8867624 -0.1163531
vn 0.1736281 0.9797767 -0.09945258
vn -0.05613252 0.9840404 -0.1688598
vn -0.02305687 0.9922815 0.1218435
vn 0.1267847 0.9859942 0.1083573
vn 0.2186979 0.9545052 0.2027097
vn -0.06763951 0.9851176 0.1580135
vn 0.4720707 0.09650652 0.8762623
vn 0.50744 -0.2122824 0.8351292
vn 0.4834459 -0.1650378 0.8596756
vn 0.4420506 -0.04209446 0.8960018
vn 0.4551362 -0.3507387 0.8184334
vn 0.1383238 0.9732347 -0.1835231
vn 0.505225 0.8628808 -0.01357304
vn 0.4435962 0.8607147 0.2497853
vn -0.2529901 0.6816922 -0.6865067
vn -0.281531 0.7222577 -0.631731
vn -0.257657 0.716857 -0.6478648
vn -0.2142492 0.7360916 -0.6420797
vn -0.2162132 0.676987 -0.7035201
vn -0.1839706 0.6953567 -0.6947185
vn -0.08429598 0.8439732 -0.5297201
vn 0.01056084 0.9924138 -0.1224888
vn -0.1309126 0.9913076 -0.01308237
vn -0.2997911 0.8042908 0.5130706
vn -0.2962402 0.8398582 0.4548405
vn -0.3377511 0.8121201 0.4757993
vn -0.3297388 0.7640017 0.5545934
vn -0.4141404 0.8188098 0.39754
vn -0.4164003 0.7523893 0.5104126
vn -0.4793813 0.8063433 0.346416
vn -0.5945144 0.8022578 -0.05417472
vn 0.08912056 -0.6363842 -0.7662064
vn -0.1782547 -0.362774 -0.9146694
vn 0.01734639 -0.2661814 -0.9637667
vn -0.3797427 -0.6301608 -0.6772684
vn 0.04602113 -0.7197041 -0.6927539
vn -0.1552961 -0.9360947 -0.3156103
vn -0.1245891 -0.9921809 -0.007390934
vn -0.2272076 -0.9176116 -0.3261378
vn -0.459903 -0.6796353 -0.5714763
vn 0.02882094 -0.9990002 0.03417636
vn -0.5370115 -0.5113779 0.6709033
vn -0.6806569 -0.6349676 0.3654069
vn -0.6119578 -0.6650457 0.428044
vn -0.2068913 -0.6489424 0.7321678
vn -0.1173939 -0.8891465 0.4423089
vn -0.1173939 -0.8891465 0.4423089
vn -0.399223 -0.2745003 0.8747974
vn -0.1603112 -0.5569555 0.8149238
vn 0.1470023 -0.9852981 0.08705151
vn 0.2096078 -0.9761829 0.05596041
vn 0.09975472 -0.9947132 0.02438583
vn -0.4410042 -0.2938156 0.8480493
vn -0.5468786 -0.4572328 0.7013285
vn -0.2629685 -0.2110292 0.9414424
vn -0.0258447 -0.8033801 0.5949053
vn 0.05713362 -0.7807322 0.6222484
vn -0.08536285 -0.6541594 0.7515242
vn 0.2331648 -0.5856426 -0.7763097
vn 0.2268863 -0.7126886 -0.6637751
vn -0.2019993 -0.2363397 -0.9504417
vn 0.09019652 -0.08383837 -0.9923888
vn -0.202915 -0.341302 0.9177899
vn -0.4534007 -0.4231828 0.7844386
vn -0.8589239 -0.4055663 0.3126747
vn -0.8589239 -0.4055663 0.3126747
vn -0.7560588 -0.5382444 0.3723817
vn -0.627539 -0.5964001 -0.5005015
vn -0.6225249 -0.699894 -0.3501586
vn -0.6636134 -0.5943455 -0.45428
vn -0.5996746 -0.5689326 -0.5627663
vn -0.3071995 -0.3252802 -0.8943272
vn -0.3789186 -0.247411 -0.8917444
vn 0.02150995 -0.9985192 0.04996641
vn 0.1419447 -0.9878259 0.06365302
vn 0.115688 -0.9923535 0.0430215
vn 0.2654237 -0.9626086 0.054176
vn 0.01426271 -0.9994624 0.02952324
vn 0.1570951 -0.9872246 0.02662551
vn 0.3024811 -0.94576 0.118504
vn 0.2825941 -0.9510188 0.1253154
vn 0.3810695 -0.9177228 0.1121203
vn 0.3958662 -0.9129484 0.09907144
vn 0.4573894 -0.882398 0.1103111
vn 0.4720058 -0.8777009 0.08277545
vn 0.5245952 -0.8453506 0.1009075
vn 0.4456185 -0.8884096 0.1102383
vn 0.3803284 -0.9225655 0.06498573
vn 0.4162802 -0.9043539 0.09410086
vn 0.2747671 -0.9614738 0.008443747
vn -0.3469831 0.8999085 -0.264135
vn -0.2291563 0.9573091 -0.1762007
vn -0.4964877 0.8521817 -0.1651851
vn -0.4517376 0.8487507 -0.2748733
vn -0.5497231 0.8100625 -0.2039687
vn -0.5845776 0.80242 -0.1199635
vn -0.6089061 0.7766889 -0.1612072
vn -0.6292932 0.7771101 0.009478487
vn -0.5575962 0.8296766 -0.02689195
vn -0.3864489 0.9212459 0.04430969
vn -0.4269975 0.8954948 0.1255476
vn -0.5346651 0.8407977 0.08480856
vn -0.2394868 0.9659517 0.09789409
vn -0.1387838 0.9833158 0.1175976
vn -0.0001763908 0.9936572 -0.1124517
vn -0.1869902 0.9480782 -0.2572596
vn 0.5358359 -0.8361646 0.1170839
vn 0.4897297 -0.8634717 0.1207537
vn 0.1837988 -0.9713014 0.1509686
vn 0.1172499 -0.8851016 0.450386
vn -0.1709915 -0.9025891 0.3950885
vn 0.01231171 -0.8282653 0.5602009
vn 0.3073902 -0.7214385 -0.620514
vn 0.3124458 -0.7685394 -0.558323
vn 0.3255571 -0.7575854 -0.5657535
vn 0.3427308 -0.7961168 -0.4987318
vn 0.08333442 -0.9913864 0.1010362
vn 0.06193518 -0.858124 0.5096933
vn 0.2239217 -0.9715624 0.07697719
vn 0.3047295 -0.8142902 -0.4940358
vn -0.1434902 -0.4747453 0.8683475
vn 0.2276028 -0.7820889 -0.5801153
vn 0.202867 -0.9746166 0.09469612
vn 0.3350174 -0.9369929 0.09903291
vn 0.1464338 -0.9877057 0.0547222
vn 0.2968753 -0.929276 0.219798
vn 0.5330412 -0.8388145 0.1107123
vn 0.5339532 -0.8386255 0.1077099
vn 0.5387118 -0.8341302 0.118391
vn -0.3130063 0.7263983 0.6118598
vn -0.173588 0.6211344 -0.7642376
vn -0.17759 0.6850938 -0.706476
vn -0.3798881 0.72913 0.5692579
vn -0.2695807 0.8477441 0.4567889
vn -0.3282685 0.9341311 0.1401392
vn -0.4869736 0.852266 0.1910485
vn -0.538164 0.8258459 0.168399
vn -0.6275361 0.7706298 0.1110328
vn -0.6681742 0.7431976 0.03464722
vn -0.6959037 0.7158808 -0.05685628
vn -0.8686786 0.4940889 -0.03568284
vn -0.7168735 0.6856403 -0.1264498
vn -0.7017323 0.6837743 -0.2000607
vn -0.5467504 0.7933699 -0.2676341
vn -0.4181111 0.8324664 -0.3635697
vn -0.3394224 0.8650904 -0.3693386
vn -0.2187335 0.9101099 -0.3519316
vn -0.08065979 0.9664539 -0.2438462
vn 0.8608657 -0.02884192 -0.5080138
vn 0.6741217 -0.4737047 -0.566713
vn 0.9199436 0.1303353 -0.3697514
vn 0.3825226 -0.2202229 0.8973172
vn 0.3668655 -0.3307992 0.8694719
vn -0.278084 -0.4104169 0.8684624
vn -0.2978424 -0.2775631 0.913372
vn -0.2101868 -0.31941 0.9240122
vn -0.4224058 -0.4673161 0.7766523
vn -0.4257177 -0.3457878 0.8361788
vn -0.5483927 -0.3513091 0.758846
vn -0.5917748 -0.4890042 0.6408411
vn -0.6966215 -0.2868981 0.6575771
vn -0.8215456 -0.2994547 0.4851696
vn -0.7939118 -0.433257 0.4266056
vn -0.9142987 -0.2295497 0.3337135
vn -0.8173712 -0.3135989 -0.4832805
vn -0.747573 -0.3625827 -0.5564785
vn -0.6937065 -0.3610771 -0.6232131
vn -0.8244806 -0.0814126 -0.5600029
vn -0.4774786 -0.2464937 -0.8433592
vn -0.3049919 -0.3825874 -0.8721277
vn -0.06377658 -0.5117599 -0.8567579
vn -0.2776138 -0.2940719 -0.9145775
vn -0.03110487 -0.3992396 -0.9163187
vn 0.2321282 -0.5328015 -0.8137806
vn 0.1043268 -0.3333762 -0.9370037
vn 0.4511908 -0.3413209 -0.8245767
vn 0.5741104 -0.5365251 -0.6184967
vn 0.6653203 -0.3973909 -0.6320041
vn 0.6949736 -0.008420816 -0.7189858
vn 0.6872945 -0.1749757 -0.7049891
vn 0.6566361 -0.1277346 -0.743312
vn -0.4260404 -0.1467709 -0.8927193
vn -0.178592 -0.2119392 -0.9608259
vn -0.7589327 -0.000674882 -0.6511685
vn -0.9076924 -0.01153317 -0.4194773
vn -0.9345668 0.3034343 0.1857748
vn -0.9345668 0.3034343 0.1857748
vn -0.9326664 0.291314 0.2127662
vn -0.3052689 -0.1595085 0.9388118
vn -0.274016 -0.09083723 0.9574255
vn -0.2545976 -0.1938196 0.9474248
vn 0.3447272 -0.1891462 0.9194492
vn 0.3579657 -0.08961899 0.9294238
vn 0.5273302 -0.2607073 0.8086745
vn 0.4923066 -0.320137 0.809411
vn 0.479856 -0.05685875 0.8755028
vn 0.127696 -0.1811228 -0.975135
vn 0.0771854 -0.1989374 -0.9769678
vn -0.9426653 -0.1499097 0.2981761
vn -0.9105558 -0.1601002 0.3811247
vn -0.7976584 -0.170314 0.578562
vn -0.6609088 -0.2049576 0.721936
vn -0.4898128 -0.2092799 0.8463364
vn 0.6665249 0.7367685 -0.1136514
vn 0.1473895 -0.3290976 0.9327223
vn 0.1513566 -0.2632081 0.952792
vn 0.1517416 -0.2888619 0.9452688
vn 0.1144461 -0.09787681 0.988596
vn 0.1971863 -0.07319377 0.9776298
vn -0.008799455 0.09036686 0.9958695
vn 0.1425204 0.05850001 0.9880614
vn 0.09257421 0.9803004 0.174474
vn -0.122908 0.8867623 0.4455852
vn -0.0006864527 0.9797768 0.2000928
vn 0.174303 0.9840404 0.03581862
vn -0.09399069 0.9922815 -0.08088989
vn -0.1572327 0.9859942 0.05561953
vn -0.2849011 0.9545052 0.08804186
vn -0.1030232 0.9851176 -0.1375846
vn -0.9949005 0.0965066 -0.02931056
vn -0.976963 -0.2122823 0.02188678
vn -0.9862239 -0.1650378 -0.01116594
vn -0.9969853 -0.04209438 -0.06517844
vn -0.9363521 -0.3507386 -0.01506156
vn 0.08977287 0.9732347 0.211554
vn -0.2408599 0.8628807 0.4443232
vn -0.4381196 0.8607147 0.259271
vn 0.7210268 0.6816922 0.124161
vn 0.6878603 0.7222576 0.07205572
vn 0.6898955 0.716857 0.1007982
vn 0.6631814 0.7360916 0.1354978
vn 0.7173721 0.6769869 0.1645173
vn 0.6936284 0.6953565 0.1880394
vn 0.5008982 0.8439731 0.19186
vn 0.1007977 0.9924138 0.07039091
vn 0.07678652 0.9913076 -0.1068319
vn -0.2944342 0.804291 -0.5161633
vn -0.2457811 0.8398584 -0.4839728
vn -0.2431763 0.8121203 -0.5304018
vn -0.3154199 0.7640018 -0.5628601
vn -0.1372069 0.8188099 -0.5574266
vn -0.2338273 0.7523894 -0.6158205
vn -0.0603117 0.8063434 -0.5883645
vn 0.3441762 0.802258 -0.4877755
vn 0.6189919 -0.6363843 0.4602867
vn 0.8812529 -0.3627741 0.3029655
vn 0.825971 -0.2661815 0.4969096
vn 0.776403 -0.6301609 0.009770916
vn 0.5769301 -0.7197042 0.386235
vn 0.3509744 -0.9360947 0.02331627
vn 0.06869567 -0.9921809 -0.1042017
vn 0.3960475 -0.9176116 -0.03369692
vn 0.7248649 -0.6796353 -0.1125463
vn -0.04400818 -0.9990002 0.007871155
vn -0.3125099 -0.5113778 -0.8005187
vn 0.02388022 -0.6349676 -0.7721696
vn -0.06471471 -0.6650456 -0.7439935
vn -0.5306278 -0.6489422 -0.5452596
vn -0.3243524 -0.8891464 -0.3228222
vn -0.3243524 -0.8891464 -0.3228222
vn -0.5579817 -0.2745001 -0.7831385
vn -0.6255866 -0.5569553 -0.5462984
vn -0.1488905 -0.9852982 0.08378116
vn -0.1532678 -0.9761829 0.1535447
vn -0.07099652 -0.9947132 0.07419675
vn -0.5139264 -0.2938154 -0.8059478
vn -0.3339253 -0.4572327 -0.8242767
vn -0.6838256 -0.2110291 -0.6984618
vn -0.5022793 -0.8033801 -0.3198372
vn -0.5674486 -0.7807321 -0.2616477
vn -0.6081555 -0.6541592 -0.4496914
vn 0.5557188 -0.5856428 0.590084
vn 0.4614005 -0.7126887 0.5283789
vn 0.9241049 -0.2363398 0.3002886
vn 0.814333 -0.08383851 0.5743106
vn -0.693369 -0.3413019 -0.6346277
vn -0.4526399 -0.4231826 -0.784878
vn 0.1586818 -0.4055662 -0.9001867
vn 0.1586818 -0.4055662 -0.9001867
vn 0.05554114 -0.5382442 -0.8409567
vn 0.7472177 -0.5964001 -0.2932106
vn 0.6145102 -0.699894 -0.3640403
vn 0.7252263 -0.5943455 -0.3475629
vn 0.7872083 -0.5689327 -0.2379468
vn 0.928109 -0.3252803 0.1811253
vn 0.9617321 -0.2474111 0.1177234
vn -0.0540272 -0.9985192 -0.006355414
vn -0.126098 -0.9878259 0.09110048
vn -0.09510214 -0.9923535 0.07867742
vn -0.1796306 -0.9626086 0.2027747
vn -0.0326993 -0.9994624 -0.002410037
vn -0.1016066 -0.9872246 0.122735
vn -0.253869 -0.94576 0.202703
vn -0.2498243 -0.9510188 0.1820747
vn -0.2876351 -0.9177228 0.2739543
vn -0.2837328 -0.9129484 0.293293
vn -0.3242286 -0.8823982 0.3409537
vn -0.3076902 -0.8777009 0.3673797
vn -0.349688 -0.8453506 0.4038574
vn -0.31828 -0.8884096 0.3307962
vn -0.2464449 -0.9225655 0.2968799
vn -0.2896353 -0.9043539 0.3134573
vn -0.1446972 -0.9614738 0.2337326
vn 0.40224 0.8999085 -0.1684267
vn 0.267173 0.9573092 -0.1103534
vn 0.3913 0.8521818 -0.3473765
vn 0.4639173 0.8487507 -0.2537773
vn 0.4515054 0.8100625 -0.3740876
vn 0.3961823 0.80242 -0.4462753
vn 0.4440647 0.7766888 -0.4467224
vn 0.3064406 0.7771102 -0.5497217
vn 0.3020895 0.8296766 -0.469445
vn 0.1548529 0.9212459 -0.3568286
vn 0.1047734 0.8954948 -0.4325639
vn 0.1938886 0.8407977 -0.5054368
vn 0.0349659 0.9659519 -0.2563484
vn -0.03244968 0.9833158 -0.1789891
vn 0.09747401 0.9936572 0.05607365
vn 0.3162887 0.9480782 -0.03330689
vn -0.3693175 -0.8361647 0.4055038
vn -0.3494423 -0.8634718 0.3637398
vn -0.2226426 -0.9713014 0.08368898
vn -0.4486702 -0.8851016 -0.1236538
vn -0.2566594 -0.902589 -0.3456285
vn -0.4913028 -0.8282652 -0.2694405
vn 0.3836831 -0.7214386 0.5764663
vn 0.3272964 -0.7685395 0.549749
vn 0.3271757 -0.7575855 0.5648189
vn 0.2605464 -0.7961169 0.5461805
vn -0.1291673 -0.9913864 0.02165092
vn -0.4723741 -0.858124 -0.2012115
vn -0.1786259 -0.9715624 0.1554324
vn 0.2754804 -0.8142903 0.5109225
vn -0.6802633 -0.4747452 -0.5584431
vn 0.3885909 -0.7820891 0.4871691
vn -0.1834434 -0.9746166 0.128339
vn -0.2532749 -0.9369929 0.2406158
vn -0.1206083 -0.9877057 0.09945364
vn -0.338789 -0.929276 0.1472009
vn -0.3624023 -0.8388146 0.4062693
vn -0.360258 -0.8386254 0.4085602
vn -0.3718875 -0.8341302 0.4073408
vn -0.3733803 0.7263984 -0.5770029
vn 0.7486422 0.6211343 0.2317907
vn 0.7006203 0.6850937 0.1994439
vn -0.3030448 0.7291301 -0.613623
vn -0.2607983 0.8477442 -0.4618593
vn 0.04277187 0.9341311 -0.3543581
vn 0.07803642 0.852266 -0.5172552
vn 0.1232467 0.825846 -0.5502625
vn 0.2176136 0.7706297 -0.5989775
vn 0.3040845 0.7431977 -0.595978
vn 0.3971936 0.7158808 -0.5742402
vn 0.465245 0.494089 -0.7344542
vn 0.4679481 0.6856404 -0.5576035
vn 0.5241262 0.6837744 -0.5076852
vn 0.5051547 0.7933699 -0.3396803
vn 0.523917 0.8324663 -0.1803075
vn 0.4895684 0.8650904 -0.1092768
vn 0.4141486 0.9101098 -0.01346091
vn 0.2515067 0.9664539 0.05207095
vn 0.009515521 -0.02884206 0.9995385
vn 0.1537231 -0.4737048 0.8671637
vn -0.1397623 0.1303352 0.9815697
vn -0.9683602 -0.2202228 -0.1173888
vn -0.936417 -0.3307991 -0.1170255
vn -0.6130654 -0.4104168 -0.6750619
vn -0.6420789 -0.2775629 -0.714628
vn -0.6951218 -0.3194098 -0.6440364
vn -0.4613943 -0.467316 -0.7541425
vn -0.5112896 -0.3457877 -0.7867742
vn -0.3829797 -0.351309 -0.8543468
vn -0.2590935 -0.4890041 -0.8329138
vn -0.2211635 -0.286898 -0.9320816
vn -0.009391991 -0.2994546 -0.9540642
vn 0.02750867 -0.4332569 -0.9008505
vn 0.1681493 -0.2295496 -0.9586619
vn 0.8272209 -0.3135989 -0.4662202
vn 0.8557125 -0.3625827 -0.3691741
vn 0.8865728 -0.3610771 -0.2891569
vn 0.8972191 -0.08141261 -0.4340156
vn 0.9691098 -0.2464937 0.008175381
vn 0.9077798 -0.3825875 0.1719373
vn 0.7738606 -0.51176 0.3731503
vn 0.9308533 -0.294072 0.2168724
vn 0.8091057 -0.3992397 0.4312254
vn 0.5886877 -0.5328016 0.6079218
vn 0.7593031 -0.3333763 0.5588549
vn 0.4885052 -0.3413211 0.8030332
vn 0.2485749 -0.5365252 0.8064436
vn 0.2146673 -0.3973911 0.8921873
vn 0.2751688 -0.008420964 0.961359
vn 0.2668869 -0.1749758 0.9477102
vn 0.3154047 -0.1277348 0.940321
vn 0.9861374 -0.146771 0.07740223
vn 0.9213941 -0.2119393 0.3257519
vn 0.9433964 -0.00067491 -0.3316664
vn 0.8171269 -0.01153315 -0.5763422
vn 0.3064019 0.3034345 -0.9022445
vn 0.3064019 0.3034345 -0.9022445
vn 0.2820764 0.2913142 -0.9140945
vn -0.6603971 -0.1595084 -0.7337796
vn -0.6921435 -0.09083708 -0.7160208
vn -0.693192 -0.1938195 -0.6942036
vn -0.9686291 -0.1891461 -0.1611865
vn -0.9838868 -0.08961889 -0.154709
vn -0.9639979 -0.2607072 0.05233964
vn -0.9471239 -0.320137 0.02164014
vn -0.9981356 -0.05685867 -0.02218851
vn 0.7806408 -0.1811229 0.598159
vn 0.8074837 -0.1989375 0.5553322
vn 0.2131091 -0.1499096 -0.9654592
vn 0.1252187 -0.1601001 -0.9791262
vn -0.1022157 -0.1703139 -0.9800739
vn -0.2947563 -0.2049575 -0.9333333
vn -0.4880385 -0.2092797 -0.8473607
vn -0.2348403 0.7367684 0.6340522
vn 1E-06 -8.742295E-08 1.000002
vn 0.3826994 -4.634658E-07 0.9238753
vn 0.3826994 -4.634658E-07 0.9238753
vn 1E-06 -8.742295E-08 1.000002
vn 0.7071082 -7.689242E-07 0.7071083
vn 0.7071082 -7.689242E-07 0.7071083
vn 0.9238747 -9.5733E-07 0.3826989
vn 0.9238747 -9.5733E-07 0.3826989
vn 1.000001 -1E-06 -8.742278E-14
vn 1.000001 -1E-06 -8.742278E-14
vn 0.923874 -8.904169E-07 -0.3826989
vn 0.923874 -8.904169E-07 -0.3826989
vn 0.7071068 -6.452894E-07 -0.7071083
vn 0.7071068 -6.452894E-07 -0.7071083
vn 0.3826975 -3.019303E-07 -0.9238753
vn 0.3826975 -3.019303E-07 -0.9238753
vn -1E-06 8.742295E-08 -1.000002
vn -1E-06 8.742295E-08 -1.000002
vn -0.3826994 4.634658E-07 -0.9238753
vn -0.3826994 4.634658E-07 -0.9238753
vn -0.7071082 7.689242E-07 -0.7071083
vn -0.7071082 7.689242E-07 -0.7071083
vn -0.9238747 9.5733E-07 -0.3826989
vn -0.9238747 9.5733E-07 -0.3826989
vn -1.000001 1E-06 8.742278E-14
vn -1.000001 1E-06 8.742278E-14
vn -0.923874 8.904169E-07 0.3826989
vn -0.923874 8.904169E-07 0.3826989
vn -0.7071068 6.452894E-07 0.7071083
vn -0.7071068 6.452894E-07 0.7071083
vn -0.3826975 3.019303E-07 0.9238753
vn -0.3826975 3.019303E-07 0.9238753
vn -1E-06 8.742295E-08 -1.000002
vn -0.3826994 4.634659E-07 -0.9238753
vn -0.3826994 4.634659E-07 -0.9238753
vn -1E-06 8.742295E-08 -1.000002
vn -0.7071082 7.689242E-07 -0.7071083
vn -0.7071082 7.689242E-07 -0.7071083
vn -0.9238747 9.5733E-07 -0.3826989
vn -0.9238747 9.5733E-07 -0.3826989
vn -1.000001 1E-06 8.742278E-14
vn -1.000001 1E-06 8.742278E-14
vn -0.923874 8.904169E-07 0.3826989
vn -0.923874 8.904169E-07 0.3826989
vn -0.7071068 6.452894E-07 0.7071083
vn -0.7071068 6.452894E-07 0.7071083
vn -0.3826976 3.019304E-07 0.9238753
vn -0.3826976 3.019304E-07 0.9238753
vn 1E-06 -8.742295E-08 1.000002
vn 1E-06 -8.742295E-08 1.000002
vn 0.3826994 -4.634659E-07 0.9238753
vn 0.3826994 -4.634659E-07 0.9238753
vn 0.7071082 -7.689242E-07 0.7071083
vn 0.7071082 -7.689242E-07 0.7071083
vn 0.9238747 -9.5733E-07 0.3826989
vn 0.9238747 -9.5733E-07 0.3826989
vn 1.000001 -1E-06 -8.742278E-14
vn 1.000001 -1E-06 -8.742278E-14
vn 0.923874 -8.904169E-07 -0.3826989
vn 0.923874 -8.904169E-07 -0.3826989
vn 0.7071068 -6.452894E-07 -0.7071083
vn 0.7071068 -6.452894E-07 -0.7071083
vn 0.3826976 -3.019304E-07 -0.9238753
vn 0.3826976 -3.019304E-07 -0.9238753
vn 1E-06 1 8.742278E-08
vn 1E-06 1 8.742278E-08
vn 1E-06 1 8.742278E-08
vn 1E-06 1 8.742278E-08
vn 1E-06 1 8.742278E-08
vn 1E-06 1 8.742278E-08
vn 1E-06 1 8.742278E-08
vn 1E-06 1 8.742278E-08
vn 1E-06 1 8.742278E-08
vn 1E-06 1 8.742278E-08
vn 1E-06 1 8.742278E-08
vn 1E-06 1 8.742278E-08
vn 1E-06 1 8.742278E-08
vn 1E-06 1 8.742278E-08
vn 1E-06 1 8.742278E-08
vn 1E-06 1 8.742278E-08
vn 1E-06 1 8.742278E-08
vn 1E-06 1 8.742278E-08
vn 1E-06 1 8.742278E-08
vn 1E-06 1 8.742278E-08
vn 1E-06 1 8.742278E-08
vn 1E-06 1 8.742278E-08
vn 1E-06 1 8.742278E-08
vn 1E-06 1 8.742278E-08
vn 1E-06 1 8.742278E-08
vn 1E-06 1 8.742278E-08
vn 1E-06 1 8.742278E-08
vn 1E-06 1 8.742278E-08
vn 1E-06 1 8.742278E-08
vn 1E-06 1 8.742278E-08
vn 1E-06 1 8.742278E-08
vn 1E-06 1 8.742278E-08
vn -1E-06 8.742295E-08 -1.000002
vn 0.3826976 -3.019304E-07 -0.9238753
vn 0.3826976 -3.019304E-07 -0.9238753
vn -1E-06 8.742295E-08 -1.000002
vn 0.7071068 -6.452894E-07 -0.7071083
vn 0.7071068 -6.452894E-07 -0.7071083
vn 0.923874 -8.904169E-07 -0.3826989
vn 0.923874 -8.904169E-07 -0.3826989
vn 1.000001 -1E-06 -8.742278E-14
vn 1.000001 -1E-06 -8.742278E-14
vn 0.9238747 -9.5733E-07 0.3826989
vn 0.9238747 -9.5733E-07 0.3826989
vn 0.7071082 -7.689242E-07 0.7071083
vn 0.7071082 -7.689242E-07 0.7071083
vn 0.3826994 -4.634659E-07 0.9238753
vn 0.3826994 -4.634659E-07 0.9238753
vn 1E-06 -8.742295E-08 1.000002
vn 1E-06 -8.742295E-08 1.000002
vn -0.3826976 3.019304E-07 0.9238753
vn -0.3826976 3.019304E-07 0.9238753
vn -0.7071068 6.452894E-07 0.7071083
vn -0.7071068 6.452894E-07 0.7071083
vn -0.923874 8.904169E-07 0.3826989
vn -0.923874 8.904169E-07 0.3826989
vn -1.000001 1E-06 8.742278E-14
vn -1.000001 1E-06 8.742278E-14
vn -0.9238747 9.5733E-07 -0.3826989
vn -0.9238747 9.5733E-07 -0.3826989
vn -0.7071082 7.689242E-07 -0.7071083
vn -0.7071082 7.689242E-07 -0.7071083
vn -0.3826994 4.634659E-07 -0.9238753
vn -0.3826994 4.634659E-07 -0.9238753
vn 1E-06 -8.742295E-08 1.000002
vn -0.3826975 3.019303E-07 0.9238753
vn -0.3826975 3.019303E-07 0.9238753
vn 1E-06 -8.742295E-08 1.000002
vn -0.7071068 6.452894E-07 0.7071083
vn -0.7071068 6.452894E-07 0.7071083
vn -0.923874 8.904169E-07 0.3826989
vn -0.923874 8.904169E-07 0.3826989
vn -1.000001 1E-06 8.742278E-14
vn -1.000001 1E-06 8.742278E-14
vn -0.9238747 9.5733E-07 -0.3826989
vn -0.9238747 9.5733E-07 -0.3826989
vn -0.7071082 7.689242E-07 -0.7071083
vn -0.7071082 7.689242E-07 -0.7071083
vn -0.3826994 4.634658E-07 -0.9238753
vn -0.3826994 4.634658E-07 -0.9238753
vn -1E-06 8.742295E-08 -1.000002
vn -1E-06 8.742295E-08 -1.000002
vn 0.3826975 -3.019303E-07 -0.9238753
vn 0.3826975 -3.019303E-07 -0.9238753
vn 0.7071068 -6.452894E-07 -0.7071083
vn 0.7071068 -6.452894E-07 -0.7071083
vn 0.923874 -8.904169E-07 -0.3826989
vn 0.923874 -8.904169E-07 -0.3826989
vn 1.000001 -1E-06 -8.742278E-14
vn 1.000001 -1E-06 -8.742278E-14
vn 0.9238747 -9.5733E-07 0.3826989
vn 0.9238747 -9.5733E-07 0.3826989
vn 0.7071082 -7.689242E-07 0.7071083
vn 0.7071082 -7.689242E-07 0.7071083
vn 0.3826994 -4.634658E-07 0.9238753
vn 0.3826994 -4.634658E-07 0.9238753
vn -1E-06 -1 -8.742278E-08
vn -1E-06 -1 -8.742278E-08
vn -1E-06 -1 -8.742278E-08
vn -1E-06 -1 -8.742278E-08
vn -1E-06 -1 -8.742278E-08
vn -1E-06 -1 -8.742278E-08
vn -1E-06 -1 -8.742278E-08
vn -1E-06 -1 -8.742278E-08
vn -1E-06 -1 -8.742278E-08
vn -1E-06 -1 -8.742278E-08
vn -1E-06 -1 -8.742278E-08
vn -1E-06 -1 -8.742278E-08
vn -1E-06 -1 -8.742278E-08
vn -1E-06 -1 -8.742278E-08
vn -1E-06 -1 -8.742278E-08
vn -1E-06 -1 -8.742278E-08
vn -1E-06 -1 -8.742278E-08
vn -1E-06 -1 -8.742278E-08
vn -1E-06 -1 -8.742278E-08
vn -1E-06 -1 -8.742278E-08
vn -1E-06 -1 -8.742278E-08
vn -1E-06 -1 -8.742278E-08
vn -1E-06 -1 -8.742278E-08
vn -1E-06 -1 -8.742278E-08
vn -1E-06 -1 -8.742278E-08
vn -1E-06 -1 -8.742278E-08
vn -1E-06 -1 -8.742278E-08
vn -1E-06 -1 -8.742278E-08
vn -1E-06 -1 -8.742278E-08
vn -1E-06 -1 -8.742278E-08
vn -1E-06 -1 -8.742278E-08
vn -1E-06 -1 -8.742278E-08
vn 1E-06 1 8.742278E-08
vn 1E-06 1 8.742278E-08
vn 1E-06 1 8.742278E-08
vn 1E-06 1 8.742278E-08
vn 1E-06 1 8.742278E-08
vn 1E-06 1 8.742278E-08
vn 1E-06 1 8.742278E-08
vn 1E-06 1 8.742278E-08
vn 1E-06 1 8.742278E-08
vn 1E-06 1 8.742278E-08
vn 1E-06 1 8.742278E-08
vn 1E-06 1 8.742278E-08
vn 1E-06 1 8.742278E-08
vn 1E-06 1 8.742278E-08
vn 1E-06 1 8.742278E-08
vn 1E-06 1 8.742278E-08
vn 1E-06 1 8.742278E-08
vn 1E-06 1 8.742278E-08
vn 1E-06 1 8.742278E-08
vn 1E-06 1 8.742278E-08
vn 1E-06 1 8.742278E-08
vn 1E-06 1 8.742278E-08
vn 1E-06 1 8.742278E-08
vn 1E-06 1 8.742278E-08
vn 1E-06 1 8.742278E-08
vn 1E-06 1 8.742278E-08
vn -1E-06 -1 -8.742278E-08
vn -1E-06 -1 -8.742278E-08
vn -1E-06 -1 -8.742278E-08
vn -1E-06 -1 -8.742278E-08
vn -1E-06 -1 -8.742278E-08
vn -1E-06 -1 -8.742278E-08
vn -1E-06 -1 -8.742278E-08
vn -1E-06 -1 -8.742278E-08
vn -1E-06 -1 -8.742278E-08
vn -1E-06 -1 -8.742278E-08
vn -1E-06 -1 -8.742278E-08
vn -1E-06 -1 -8.742278E-08
vn -1E-06 -1 -8.742278E-08
vn -1E-06 -1 -8.742278E-08
vn -1E-06 -1 -8.742278E-08
vn -1E-06 -1 -8.742278E-08
vn -1E-06 -1 -8.742278E-08
vn -1E-06 -1 -8.742278E-08
vn -1E-06 -1 -8.742278E-08
vn -1E-06 -1 -8.742278E-08
vn -1E-06 -1 -8.742278E-08
vn -1E-06 -1 -8.742278E-08
vn -1E-06 -1 -8.742278E-08
vn -1E-06 -1 -8.742278E-08
vn -1E-06 -1 -8.742278E-08
vn -1E-06 -1 -8.742278E-08
vn -1E-06 -1 -8.742278E-08
vn -1E-06 -1 -8.742278E-08
vn -1E-06 -1 -8.742278E-08
vn -1E-06 -1 -8.742278E-08
vn -1E-06 -1 -8.742278E-08
vn -1E-06 -1 -8.742278E-08
vn 1E-06 -8.742295E-08 1.000002
vn 0.3826994 -4.634658E-07 0.9238753
vn 0.7071082 -7.689242E-07 0.7071083
vn 0.9238747 -9.5733E-07 0.3826989
vn 1.000001 -1E-06 -8.742278E-14
vn 0.923874 -8.904169E-07 -0.3826989
vn 0.7071068 -6.452894E-07 -0.7071083
vn 0.3826975 -3.019303E-07 -0.9238753
vn -1E-06 8.742295E-08 -1.000002
vn -0.3826994 4.634658E-07 -0.9238753
vn -0.7071082 7.689242E-07 -0.7071083
vn -0.9238747 9.5733E-07 -0.3826989
vn -1.000001 1E-06 8.742278E-14
vn -0.923874 8.904169E-07 0.3826989
vn -0.7071068 6.452894E-07 0.7071083
vn -0.3826975 3.019303E-07 0.9238753
vn -0.005471838 9.289248E-08 -0.9999871
vn -0.005471838 9.289248E-08 -0.9999871
vn -0.3826993 4.634658E-07 -0.9238753
vn -0.3826993 4.634658E-07 -0.9238753
vn -0.7071193 7.689343E-07 -0.707097
vn -0.5556477 6.283314E-07 -0.8314205
vn 0.9998797 -1.00124E-06 0.01557003
vn 0.9998797 -1.00124E-06 0.01557003
vn 0.9238747 -9.5733E-07 0.3826988
vn 0.9238747 -9.5733E-07 0.3826988
vn 0.7070969 -7.689139E-07 0.7071193
vn 0.8314202 -8.799951E-07 0.5556474
vn 0.5556213 -6.283065E-07 0.8314381
vn 0.3826701 -4.634376E-07 0.9238875
vn 0.3826701 -4.634376E-07 0.9238875
vn 1E-06 -8.742295E-08 1.000002
vn 1E-06 -8.742295E-08 1.000002
vn -0.3826682 3.019E-07 0.9238875
vn -0.3826682 3.019E-07 0.9238875
vn -0.7071068 6.452894E-07 0.7071083
vn -0.7071068 6.452894E-07 0.7071083
vn -0.9238861 8.904316E-07 0.3826696
vn -0.9238861 8.904316E-07 0.3826696
vn -1.000001 1E-06 8.742278E-14
vn -1.000001 1E-06 8.742278E-14
vn -0.9238869 9.573397E-07 -0.3826696
vn -0.9238869 9.573397E-07 -0.3826696
vn -0.8314378 8.800103E-07 -0.555621
vn -1E-06 -1 -8.742278E-08
vn -1E-06 -1 -8.742278E-08
vn -1E-06 -1 -8.742278E-08
vn -1E-06 -1 -8.742278E-08
vn -1E-06 -1 -8.742278E-08
vn -1E-06 -1 -8.742278E-08
vn -1E-06 -1 -8.742278E-08
vn -1E-06 -1 -8.742278E-08
vn -1E-06 -1 -8.742278E-08
vn -1E-06 -1 -8.742278E-08
vn -1E-06 -1 -8.742278E-08
vn -1E-06 -1 -8.742278E-08
vn -1E-06 -1 -8.742278E-08
vn -1E-06 -1 -8.742278E-08
vn -1E-06 -1 -8.742278E-08
vn -1E-06 -1 -8.742278E-08
vn -1E-06 -1 -8.742278E-08
vn 0.01663482 -0.9998592 0.002185292
vn -0.04949489 0.9599049 0.2759221
vn 0.1223804 0.8732951 0.4715717
vn -0.04400107 0.9908801 0.1273601
vn 0.05489302 0.8187035 0.5715879
vn 0.0311462 0.7935155 0.6077539
vn 0.08446777 0.7891865 0.6083184
vn 0.1548657 0.8066542 0.5703747
vn 0.2120559 0.844758 0.4913425
vn 0.2813893 0.8345737 0.4736117
vn 0.3548172 0.8333533 0.4238255
vn 0.4329941 0.7953965 0.4241014
vn 0.468613 0.7713177 0.4306653
vn 0.4939614 0.7415599 0.4539747
vn 0.470812 0.739293 0.4814393
vn -0.3277849 0.7863693 -0.5236241
vn -0.3765192 0.7874049 -0.4880864
vn -0.3868936 0.7911833 -0.4736495
vn -0.4409531 0.7969524 -0.4128299
vn -0.4514067 0.8125477 -0.3687809
vn -0.4938085 0.818039 -0.2949008
vn -0.4966441 0.8321526 -0.2467139
vn -0.5544844 0.8209141 -0.1365577
vn -0.6032887 0.7940648 -0.07419331
vn -0.6229199 0.777896 -0.08276138
vn -0.6140356 0.7697119 -0.1746567
vn -0.4873298 0.8154619 -0.3123021
vn -0.4488194 0.8194731 -0.3564073
vn -0.2891633 0.8500347 -0.4402575
vn -0.3111017 0.9159287 -0.2535568
vn -0.3670837 0.9300548 0.01574879
vn -0.4618868 0.884685 -0.06319474
vn -0.1453669 0.9813285 -0.1259491
vn -0.124584 0.8947541 -0.4288297
vn 0.02116599 0.9607725 -0.2765293
vn 0.0655819 0.8627571 -0.5013482
vn 0.1760338 0.8969284 -0.4056256
vn 0.2240539 0.7587851 -0.6115932
vn 0.3370412 0.8004611 -0.495647
vn 0.3787291 0.6600448 -0.6487731
vn 0.5090852 0.7082034 -0.4891638
vn 0.535615 0.6442693 -0.5459255
vn 0.6613597 0.6571718 -0.3615653
vn 0.5495898 0.7865737 -0.2815201
vn 0.6538989 0.7384373 -0.164704
vn 0.4594774 0.8834216 -0.0919084
vn 0.5228697 0.8511794 0.04583927
vn 0.3025648 0.9489821 0.08881316
vn 0.2706072 0.9176605 0.2909839
vn 0.03755645 0.9524032 0.3025194
vn 0.1044168 0.8763572 0.4702088
vn -0.09891136 0.9024084 0.419376
vn 0.01231013 0.8768264 0.4806505
vn -0.09261942 0.9377734 0.3346686
vn 0.07695641 0.9439363 0.3210331
vn -0.006349745 0.9867455 0.1621517
vn 0.04692633 0.9968322 0.06421367
vn -0.01873552 0.9992801 0.03298914
vn -0.5490932 0.8354042 0.02443042
vn -0.4463654 0.8759178 0.183102
vn -0.4771934 0.8778011 0.04186031
vn -0.2894867 0.9461393 0.1449765
vn -0.1750587 0.9843408 0.02068254
vn -0.1099427 0.9921677 0.05929646
vn -0.01288956 0.9998254 -0.013535
vn -0.03539822 0.9992507 0.01565375
vn 0.3287756 0.910283 -0.2515782
vn 0.1205246 0.9774889 -0.1731742
vn -0.004042763 0.9999304 0.01108371
vn -0.1425293 0.9758754 0.1653863
vn -0.2970875 0.9114364 0.2846456
vn -0.3333909 0.8944244 0.2980871
vn -0.2929592 0.9173214 0.269623
vn -0.1432988 0.966841 0.2113857
vn -0.2490836 0.9106163 0.3297507
vn -0.188095 0.9312556 0.3120634
vn -0.05028845 0.9785948 0.1995578
vn 0.06957833 0.9931222 0.09416616
vn 0.02397168 0.98897 0.1461642
vn 0.2316553 0.9722543 -0.03251982
vn 0.1826348 0.87876 -0.4409379
vn 0.272184 0.8400429 -0.4693021
vn 0.4082491 0.8164961 -0.4082492
vn 0.03656893 0.9050552 -0.4237198
vn -0.01103256 0.9276574 -0.3732703
vn -0.1072565 0.9165702 -0.3852216
vn -0.04105714 0.9856991 -0.1634374
vn -0.1317963 0.9470658 -0.2927399
vn -0.1857303 0.8596188 -0.4759841
vn -0.1472851 0.8227849 -0.5489383
vn -0.07073412 0.7552772 -0.6515787
vn 0.0122469 0.7353081 -0.6776236
vn 0.03321885 0.7108567 -0.7025533
vn 0.06639988 0.7137975 -0.6971989
vn -0.06718999 0.7055089 0.7055103
vn -0.03361328 0.7067072 0.7067086
vn -0.03361328 0.7067072 0.7067086
vn 0.02404294 0.7339273 0.6788038
vn 0.01536787 0.7070233 0.7070248
vn 0.07135554 0.7614905 0.6442379
vn 0.1168449 0.8159071 0.5662546
vn 0.1130361 0.8439738 0.5243399
vn 0.09788764 0.8700328 0.483179
vn 0.0149987 0.8685912 0.4953035
vn 0.01550014 0.8681388 0.4960803
vn 1.364382E-06 0.8682432 0.49614
vn 1.364382E-06 0.8682431 0.49614
vn 1.364382E-06 0.8682431 0.49614
vn 0.362178 0.82159 -0.4402474
vn 0.3352891 0.9074065 -0.2533676
vn 0.3385489 0.7990859 -0.4968373
vn 0.3533784 0.7212112 -0.5958015
vn 0.4311738 0.8588414 -0.2765522
vn 0.2762547 0.9462914 -0.1679766
vn 0.3863658 0.9087936 -0.1575309
vn 0.6032574 0.7673691 -0.2173152
vn 0.563659 0.8239639 0.05807403
vn 0.5387889 0.8010394 0.2608518
vn 0.5420464 0.8120733 0.2161563
vn 0.5666633 0.7828211 0.2570698
vn 0.5021151 0.779631 0.3742425
vn 0.5196008 0.7708914 0.3684333
vn 0.4615213 0.7704944 0.4397024
vn 0.3897258 0.786219 0.4795573
vn 0.3036865 0.7793386 0.5480945
vn 0.2358066 0.7931434 0.561534
vn 0.1771725 0.7752952 0.6062416
vn 0.1406126 0.7741274 0.6172169
vn 0.05040936 0.7702631 0.6357322
vn -0.02477491 0.8071336 0.58985
vn -0.07323665 0.8315769 0.5505609
vn -0.06625869 0.8997699 0.4313057
vn -0.04607508 0.9167479 0.396801
vn 0.004886504 0.9986666 0.05139186
vn -0.06723797 0.9977358 -0.001528748
vn -0.334163 0.9389747 0.08161771
vn -0.1535532 0.9876224 0.0319919
vn -0.2708478 0.961078 0.05450431
vn -0.4502991 0.8895671 0.07682066
vn -0.4420623 0.8968031 -0.01803732
vn -0.2190709 0.9756975 0.004736756
vn -0.2814779 0.9582594 -0.0500914
vn -0.4182543 0.8995401 -0.1260608
vn -0.3770315 0.8914877 -0.2511925
vn -0.1920391 0.9678198 -0.1626224
vn -0.2286767 0.9039212 -0.3614334
vn -0.1345874 0.9528735 -0.2718799
vn -0.1502574 0.8788261 -0.4528669
vn -0.1648 0.9275705 -0.3353424
vn -0.09695607 0.8829371 -0.459372
vn -0.006708636 0.8180634 -0.5750901
vn 0.2308042 0.8052202 -0.5462152
vn 0.4077175 0.8090246 -0.4233749
vn 0.3480355 0.8677025 -0.3549145
vn 0.3316729 0.9036923 -0.270802
vn 0.401779 0.8399661 -0.3647346
vn 0.3201065 0.8873601 -0.3318498
vn 0.2097281 0.9556609 -0.2067042
vn -0.1295508 0.9863189 -0.1019405
vn -0.02586938 0.9995977 0.01163274
vn -0.1295508 0.9863189 -0.1019405
vn -0.5771363 0.8158129 0.03692685
vn -0.60827 0.7866969 0.1054338
vn -0.6148744 0.785664 0.06828069
vn -0.5397581 0.8416606 0.01640472
vn -0.4961142 0.8682011 0.00989987
vn -0.496268 0.8665957 -0.05225416
vn -0.4928403 0.8696465 -0.02869957
vn -0.4984588 0.8581054 -0.1232664
vn -0.5525353 0.8215314 -0.1406832
vn -0.6292249 0.7714304 -0.09472191
vn 0.5941488 0.8010609 0.07272869
vn 0.5375927 0.8247499 0.1754493
vn 0.5688694 0.8110284 0.1364605
vn 0.5127126 0.8161669 0.2664556
vn 0.4654865 0.8366668 0.2886382
vn 0.4497646 0.8693565 0.2047725
vn 0.4519192 0.8885049 0.07955245
vn 0.3558088 0.9305665 -0.0862912
vn 0.4534043 0.8759147 -0.1649195
vn 0.4065341 0.8623426 -0.3018207
vn -0.6845028 0.7268239 -0.05642709
vn -0.7208539 0.6920207 0.03844567
vn 0.6187745 0.7843597 0.0435757
vn 0.6140311 0.7858688 0.07332908
vn -0.008340895 0.99609 -0.08794869
vn 0.004312942 0.9987448 -0.04990324
vn 0.03126439 0.9993318 0.01892903
vn 0.05742311 0.9978998 0.02997818
vn 0.030025 0.9982237 0.05145673
vn 0.05584655 0.9966264 0.06014152
vn 0.001869456 0.9976109 0.06905779
vn 0.001164771 0.9970244 0.0770772
vn -0.0004333302 0.9974868 0.0708505
vn -0.02024397 0.995122 0.09655359
vn 0.00610926 0.9924715 0.1223233
vn -0.06296321 0.9926131 0.1037062
vn 0.08922307 0.9894931 0.1137668
vn 0.097991 0.9851328 0.1411076
vn 0.17952 0.9817646 0.06253756
vn 0.1237393 0.9920376 -0.02345548
vn 0.06867437 0.997477 -0.01798583
vn -0.005921028 0.9998648 0.01534958
vn -0.04228747 0.9986728 0.02939966
vn -0.02714049 0.9968116 -0.0750333
vn -0.05017908 0.9984987 -0.02196671
vn -0.01146234 0.9967138 -0.08018929
vn 0.001213145 0.9966915 -0.08126842
vn -0.03693455 0.986701 -0.1582945
vn 9.312661E-07 0.9977852 -0.06651905
vn 0.02553469 0.9987019 0.04407459
vn 0.02842621 0.9984661 0.04751108
vn -0.01021134 0.9920559 0.1253831
vn -0.003618373 0.9996684 0.02549601
vn -0.01026836 0.9941052 0.1079318
vn -0.03732888 0.9819588 0.185374
vn 0.07876227 0.9947201 -0.06578969
vn 0.1862796 0.9754633 -0.1173507
vn -0.1284081 0.9730796 -0.191383
vn -0.07547013 0.995398 -0.05905185
vn -0.07017129 0.9942632 0.08072491
vn -0.02340755 0.995284 0.09413777
vn -0.001772184 0.9954031 0.09575757
vn -0.01355149 0.999902 0.003504983
vn 0.2196198 0.8582693 -0.4638337
vn 1E-06 1 8.742278E-08
vn 1E-06 1 8.742278E-08
vn 0.832051 -7.835573E-07 -0.5547007
vn 0.832051 -7.835573E-07 -0.5547007
vn 0.832051 -7.835573E-07 -0.5547007
vn 0.832051 -7.835573E-07 -0.5547007
vn 0.3363359 -2.540066E-07 -0.9417439
vn 0.2013348 -1.157029E-07 -0.9795243
vn 0.2013348 -1.157029E-07 -0.9795243
vn 0.3363359 -2.540066E-07 -0.9417439
vn -0.002075673 8.949743E-08 -0.9999998
vn -0.002075673 8.949743E-08 -0.9999998
vn -0.1588861 2.451974E-07 -0.9872991
vn -0.1588862 2.451975E-07 -0.9872991
vn -0.2623228 3.46683E-07 -0.9649825
vn -0.2623228 3.46683E-07 -0.9649825
vn -0.4084992 4.882941E-07 -0.9127612
vn -0.4655784 -0.02078935 -0.8847649
vn -0.600383 -0.02847984 -0.7992079
vn -0.6005601 -0.0568639 -0.7975578
vn 0.6984215 -0.03062177 0.715034
vn 0.8918569 -9.313987E-07 0.4523212
vn 0.8918569 -9.573422E-07 0.4523212
vn 0.7409278 -0.0459303 0.6700151
vn 0.976803 -9.95523E-07 0.2141452
vn 0.976803 -9.95523E-07 0.2141452
vn 1.000001 -1E-06 2.242505E-08
vn 1.000001 -1E-06 1.868753E-08
vn 0.9967299 -9.896638E-07 -0.08081631
vn 0.9967299 -9.896638E-07 -0.08081632
vn 0.2295965 -0.9295105 -0.2886101
vn 0.2346505 -0.924278 -0.3010806
vn 0.2413894 -0.9244903 -0.2950409
vn 0.08022631 -0.9830564 -0.1648152
vn 0.09739735 -0.9815277 -0.1646725
vn -0.04648714 -0.9985952 -0.02542737
vn -0.06663594 -0.9967752 -0.04471082
vn -0.2152507 -0.9686748 0.1238406
vn -0.1562082 -0.9874503 0.02325505
vn -0.3242259 -0.924564 0.200148
vn -0.3663553 -0.9031934 0.2236641
vn -0.3607678 -0.8831475 0.2998294
vn -0.36395 -0.9199952 0.1454287
vn -0.274506 6.376838E-06 0.9615872
vn -0.3278846 2.49521E-05 0.9447195
vn -0.3278912 1.25987E-05 0.9447172
vn -0.2745093 1.904455E-07 0.9615862
vn -0.01948346 -6.792192E-08 0.9998122
vn -0.01948346 -6.792192E-08 0.9998122
vn 0.2780946 -3.620679E-07 0.9605561
vn 0.2780946 -3.620679E-07 0.9605561
vn 0.5034829 -5.790155E-07 0.8640077
vn 0.503483 -5.790156E-07 0.8640077
vn 0.6853256 -7.489889E-07 0.7282395
vn 0.6853256 -7.489889E-07 0.7282395
vn 0.7715845 -8.271954E-07 0.6361297
vn 0.7715846 -8.271954E-07 0.6361297
vn 0.8390307 -8.86595E-07 0.5440872
vn 0.8390307 -8.86595E-07 0.5440872
vn 0.8741586 -9.166137E-07 0.4856439
vn 0.8741586 -9.166137E-07 0.4856439
vn 0.8961154 -8.573148E-07 -0.4438228
vn 0.9701436 -9.489398E-07 -0.2425348
vn 0.9701436 -9.489398E-07 -0.2425348
vn 0.8961154 -8.573148E-07 -0.4438228
vn 0.7167678 -6.558068E-07 -0.6973134
vn 0.7167678 -6.558067E-07 -0.6973132
vn 0.5504906 -4.775067E-07 -0.8348427
vn 0.5504906 -4.775067E-07 -0.8348427
vn 0.4472131 -3.690201E-07 -0.894429
vn 0.4472131 -3.690201E-07 -0.894429
vn -0.16396 -0.01489988 -0.9863567
vn -1E-06 8.742295E-08 -1.000002
vn -1E-06 8.742295E-08 -1.000002
vn -0.16396 -0.01489988 -0.9863567
vn -0.3234444 -0.02939321 -0.945793
vn 0.9863948 -9.720218E-07 -0.1643992
vn 0.9863947 -9.720217E-07 -0.1643992
vn 0.3001696 -3.835599E-07 0.9538882
vn 0.2272308 -3.123657E-07 0.9738432
vn 0.2272308 -3.123657E-07 0.9738432
vn 0.3001696 -3.8356E-07 0.9538882
vn 0.542126 -0.03057124 0.8397436
vn 0.4932249 -5.69273E-07 0.8699043
vn 0.08968581 -0.990205 -0.1070063
vn 0.07579521 -0.9907596 -0.1124748
vn 0.02481637 -0.9986945 -0.04464728
vn 0.002947173 -0.9998741 -0.01559245
vn 0.01609311 -0.9998503 0.006342006
vn 0.02926733 -0.997028 -0.07126496
vn -0.01133576 -0.9998705 0.01142227
vn 0.03472309 -0.9990814 -0.02511637
vn 0.2245424 -0.9345898 -0.2759035
vn -0.04995133 -0.9987516 0.000414834
vn 0.03189339 -0.9991093 -0.02762824
vn 0.03113017 -0.9991768 -0.02601114
vn 0.01478093 -0.9995306 -0.02683464
vn -0.04816924 -0.9985529 -0.02391362
vn -0.07528852 -0.9968514 -0.0248778
vn -0.1190505 -0.9927338 -0.0175087
vn -0.1211641 -0.9924916 -0.01672296
vn -0.05184436 -0.9986174 -0.008699773
vn -0.05099963 -0.9986581 -0.008999887
vn -1E-06 -1 -8.742278E-08
vn 0.9641446 -0.05349353 -0.2599326
vn 0.9891704 -0.0536855 -0.1366072
vn 0.911682 -0.03160989 -0.4096805
vn 0.9070265 -8.702145E-07 -0.4210754
vn 0.8312808 -7.826863E-07 -0.5558541
vn 0.8312808 -7.826863E-07 -0.555854
vn 0.992262 -0.02161387 0.1222754
vn 0.9260936 -9.590768E-07 0.3772977
vn 0.9798734 -9.97324E-07 0.199626
vn -0.7161288 -0.01750067 -0.6977516
vn -0.7564963 8.136695E-07 -0.6540009
vn -0.8914685 9.310772E-07 -0.453086
vn -0.8914686 9.310774E-07 -0.4530861
vn -0.9420376 9.713676E-07 -0.3355114
vn -0.9420376 9.713676E-07 -0.3355114
vn -0.9486846 9.763289E-07 -0.3162285
vn -0.9486845 9.763289E-07 -0.3162284
vn 0.1842878 -9.836305E-08 -0.9828742
vn 0.1842878 -9.836305E-08 -0.9828742
vn 0.734848 -6.75555E-07 -0.6782333
vn 0.734848 -6.75555E-07 -0.6782333
vn 0.6804509 -6.163879E-07 -0.7327952
vn 0.6804509 -6.163879E-07 -0.7327952
vn 0.0995032 -1.251501E-08 -0.9950392
vn 0.0995032 -1.251501E-08 -0.9950392
vn 0.0995032 -1.251501E-08 -0.9950392
vn 0.0995032 -1.251501E-08 -0.9950392
vn -0.9422692 9.129944E-07 0.3348585
vn -0.9422692 9.129944E-07 0.3348585
vn -0.9230535 8.894238E-07 0.3846735
vn -0.9230535 8.894238E-07 0.3846735
vn -0.9852834 9.703392E-07 0.1709337
vn -0.9852834 9.703392E-07 0.1709337
vn -0.9931948 1.003376E-06 -0.1164738
vn -0.9931948 1.003376E-06 -0.1164738
vn -0.915945 9.510272E-07 -0.4013075
vn -0.9159449 9.510271E-07 -0.4013075
vn -0.8014008 8.536896E-07 -0.5981308
vn -0.8014008 8.536896E-07 -0.5981308
vn -0.6532732 7.194618E-07 -0.757125
vn -0.6532732 7.194618E-07 -0.757125
vn -0.506426 5.81808E-07 -0.8622859
vn -0.506426 5.81808E-07 -0.8622859
vn -0.4472152 5.254073E-07 -0.894429
vn -0.4472151 5.254072E-07 -0.8944288
vn 0.01216993 -0.9986835 -0.04983057
vn 0.01652834 -0.9995102 -0.02657212
vn -1E-06 -1 -8.742278E-08
vn 0.08376963 -0.9957508 -0.03825037
vn 0.01483949 -0.9997382 0.017418
vn 0.1066545 -0.9939573 -0.02595873
vn 0.2239329 -0.9745253 -0.0124408
vn 0.05580222 -0.9950534 -0.08218842
vn 0.02890873 -0.9990216 0.03347021
vn -0.05548766 -0.9869239 0.1513355
vn -0.08638969 -0.9753333 0.2031308
vn -0.07342437 -0.9862037 0.1483618
vn -0.06416264 -0.9720367 0.2258936
vn -0.06713229 -0.9568069 0.2828674
vn -0.09652682 -0.9790545 0.1792632
vn -0.03843326 -0.9223943 0.3843334
vn 0 8.742286E-08 -1.000001
vn -0.3826984 4.634657E-07 -0.9238744
vn -0.3826984 4.634657E-07 -0.9238744
vn 0 8.742286E-08 -1.000001
vn -0.7071075 7.689241E-07 -0.7071075
vn -0.7071075 7.689241E-07 -0.7071075
vn -0.9238744 9.5733E-07 -0.3826984
vn -0.9238744 9.5733E-07 -0.3826984
vn -1.000001 1E-06 8.742278E-14
vn -1.000001 1E-06 8.742278E-14
vn -0.9238744 8.904169E-07 0.3826984
vn -0.9238744 8.904169E-07 0.3826984
vn -0.7071075 6.452895E-07 0.7071075
vn -0.7071075 6.452895E-07 0.7071075
vn -0.3826984 3.019304E-07 0.9238744
vn -0.3826984 3.019304E-07 0.9238744
vn 0 -8.742286E-08 1.000001
vn 0 -8.742286E-08 1.000001
vn 0.3826984 -4.634657E-07 0.9238744
vn 0.3826984 -4.634657E-07 0.9238744
vn 0.7071075 -7.689241E-07 0.7071075
vn 0.7071075 -7.689241E-07 0.7071075
vn 0.9238744 -9.5733E-07 0.3826984
vn 0.9238744 -9.5733E-07 0.3826984
vn 1.000001 -1E-06 -8.742278E-14
vn 1.000001 -1E-06 -8.742278E-14
vn 0.9238744 -8.904169E-07 -0.3826984
vn 0.9238744 -8.904169E-07 -0.3826984
vn 0.7071075 -6.452895E-07 -0.7071075
vn 0.7071075 -6.452895E-07 -0.7071075
vn 0.3826984 -3.019304E-07 -0.9238744
vn 0.3826984 -3.019304E-07 -0.9238744
vn 0 -8.742286E-08 1.000001
vn 0.3826985 -4.634658E-07 0.9238744
vn 0.3826985 -4.634658E-07 0.9238744
vn 0 -8.742286E-08 1.000001
vn 0.7071075 -7.689241E-07 0.7071075
vn 0.7071075 -7.689241E-07 0.7071075
vn 0.9238744 -9.5733E-07 0.3826985
vn 0.9238744 -9.5733E-07 0.3826985
vn 1.000001 -1E-06 -8.742278E-14
vn 1.000001 -1E-06 -8.742278E-14
vn 0.9238744 -8.904169E-07 -0.3826985
vn 0.9238744 -8.904169E-07 -0.3826985
vn 0.7071075 -6.452895E-07 -0.7071075
vn 0.7071075 -6.452895E-07 -0.7071075
vn 0.3826985 -3.019304E-07 -0.9238744
vn 0.3826985 -3.019304E-07 -0.9238744
vn 0 8.742286E-08 -1.000001
vn 0 8.742286E-08 -1.000001
vn -0.3826985 4.634658E-07 -0.9238744
vn -0.3826985 4.634658E-07 -0.9238744
vn -0.7071075 7.689241E-07 -0.7071075
vn -0.7071075 7.689241E-07 -0.7071075
vn -0.9238744 9.5733E-07 -0.3826985
vn -0.9238744 9.5733E-07 -0.3826985
vn -1.000001 1E-06 8.742278E-14
vn -1.000001 1E-06 8.742278E-14
vn -0.9238744 8.904169E-07 0.3826985
vn -0.9238744 8.904169E-07 0.3826985
vn -0.7071075 6.452895E-07 0.7071075
vn -0.7071075 6.452895E-07 0.7071075
vn -0.3826985 3.019304E-07 0.9238744
vn -0.3826985 3.019304E-07 0.9238744
vn 1E-06 1 8.742278E-08
vn 1E-06 1 8.742278E-08
vn 1E-06 1 8.742278E-08
vn 1E-06 1 8.742278E-08
vn 1E-06 1 8.742278E-08
vn 1E-06 1 8.742278E-08
vn 1E-06 1 8.742278E-08
vn 1E-06 1 8.742278E-08
vn 1E-06 1 8.742278E-08
vn 1E-06 1 8.742278E-08
vn 1E-06 1 8.742278E-08
vn 1E-06 1 8.742278E-08
vn 1E-06 1 8.742278E-08
vn 1E-06 1 8.742278E-08
vn 1E-06 1 8.742278E-08
vn 1E-06 1 8.742278E-08
vn 1E-06 1 8.742278E-08
vn 1E-06 1 8.742278E-08
vn 1E-06 1 8.742278E-08
vn 1E-06 1 8.742278E-08
vn 1E-06 1 8.742278E-08
vn 1E-06 1 8.742278E-08
vn 1E-06 1 8.742278E-08
vn 1E-06 1 8.742278E-08
vn 1E-06 1 8.742278E-08
vn 1E-06 1 8.742278E-08
vn 1E-06 1 8.742278E-08
vn 1E-06 1 8.742278E-08
vn 1E-06 1 8.742278E-08
vn 1E-06 1 8.742278E-08
vn 1E-06 1 8.742278E-08
vn 1E-06 1 8.742278E-08
vn 0 -8.742286E-08 1.000001
vn -0.3826985 3.019304E-07 0.9238744
vn -0.3826985 3.019304E-07 0.9238744
vn 0 -8.742286E-08 1.000001
vn -0.7071075 6.452895E-07 0.7071075
vn -0.7071075 6.452895E-07 0.7071075
vn -0.9238744 8.904169E-07 0.3826985
vn -0.9238744 8.904169E-07 0.3826985
vn -1.000001 1E-06 8.742278E-14
vn -1.000001 1E-06 8.742278E-14
vn -0.9238744 9.5733E-07 -0.3826985
vn -0.9238744 9.5733E-07 -0.3826985
vn -0.7071075 7.689241E-07 -0.7071075
vn -0.7071075 7.689241E-07 -0.7071075
vn -0.3826985 4.634658E-07 -0.9238744
vn -0.3826985 4.634658E-07 -0.9238744
vn 0 8.742286E-08 -1.000001
vn 0 8.742286E-08 -1.000001
vn 0.3826985 -3.019304E-07 -0.9238744
vn 0.3826985 -3.019304E-07 -0.9238744
vn 0.7071075 -6.452895E-07 -0.7071075
vn 0.7071075 -6.452895E-07 -0.7071075
vn 0.9238744 -8.904169E-07 -0.3826985
vn 0.9238744 -8.904169E-07 -0.3826985
vn 1.000001 -1E-06 -8.742278E-14
vn 1.000001 -1E-06 -8.742278E-14
vn 0.9238744 -9.5733E-07 0.3826985
vn 0.9238744 -9.5733E-07 0.3826985
vn 0.7071075 -7.689241E-07 0.7071075
vn 0.7071075 -7.689241E-07 0.7071075
vn 0.3826985 -4.634658E-07 0.9238744
vn 0.3826985 -4.634658E-07 0.9238744
vn 0 8.742286E-08 -1.000001
vn 0.3826984 -3.019304E-07 -0.9238744
vn 0.3826984 -3.019304E-07 -0.9238744
vn 0 8.742286E-08 -1.000001
vn 0.7071075 -6.452895E-07 -0.7071075
vn 0.7071075 -6.452895E-07 -0.7071075
vn 0.9238744 -8.904169E-07 -0.3826984
vn 0.9238744 -8.904169E-07 -0.3826984
vn 1.000001 -1E-06 -8.742278E-14
vn 1.000001 -1E-06 -8.742278E-14
vn 0.9238744 -9.5733E-07 0.3826984
vn 0.9238744 -9.5733E-07 0.3826984
vn 0.7071075 -7.689241E-07 0.7071075
vn 0.7071075 -7.689241E-07 0.7071075
vn 0.3826984 -4.634657E-07 0.9238744
vn 0.3826984 -4.634657E-07 0.9238744
vn 0 -8.742286E-08 1.000001
vn 0 -8.742286E-08 1.000001
vn -0.3826984 3.019304E-07 0.9238744
vn -0.3826984 3.019304E-07 0.9238744
vn -0.7071075 6.452895E-07 0.7071075
vn -0.7071075 6.452895E-07 0.7071075
vn -0.9238744 8.904169E-07 0.3826984
vn -0.9238744 8.904169E-07 0.3826984
vn -1.000001 1E-06 8.742278E-14
vn -1.000001 1E-06 8.742278E-14
vn -0.9238744 9.5733E-07 -0.3826984
vn -0.9238744 9.5733E-07 -0.3826984
vn -0.7071075 7.689241E-07 -0.7071075
vn -0.7071075 7.689241E-07 -0.7071075
vn -0.3826984 4.634657E-07 -0.9238744
vn -0.3826984 4.634657E-07 -0.9238744
vn -1E-06 -1 -8.742278E-08
vn -1E-06 -1 -8.742278E-08
vn -1E-06 -1 -8.742278E-08
vn -1E-06 -1 -8.742278E-08
vn -1E-06 -1 -8.742278E-08
vn -1E-06 -1 -8.742278E-08
vn -1E-06 -1 -8.742278E-08
vn -1E-06 -1 -8.742278E-08
vn -1E-06 -1 -8.742278E-08
vn -1E-06 -1 -8.742278E-08
vn -1E-06 -1 -8.742278E-08
vn -1E-06 -1 -8.742278E-08
vn -1E-06 -1 -8.742278E-08
vn -1E-06 -1 -8.742278E-08
vn -1E-06 -1 -8.742278E-08
vn -1E-06 -1 -8.742278E-08
vn -1E-06 -1 -8.742278E-08
vn -1E-06 -1 -8.742278E-08
vn -1E-06 -1 -8.742278E-08
vn -1E-06 -1 -8.742278E-08
vn -1E-06 -1 -8.742278E-08
vn -1E-06 -1 -8.742278E-08
vn -1E-06 -1 -8.742278E-08
vn -1E-06 -1 -8.742278E-08
vn -1E-06 -1 -8.742278E-08
vn -1E-06 -1 -8.742278E-08
vn -1E-06 -1 -8.742278E-08
vn -1E-06 -1 -8.742278E-08
vn -1E-06 -1 -8.742278E-08
vn -1E-06 -1 -8.742278E-08
vn -1E-06 -1 -8.742278E-08
vn -1E-06 -1 -8.742278E-08
vn 1E-06 1 8.742278E-08
vn 1E-06 1 8.742278E-08
vn 1E-06 1 8.742278E-08
vn 1E-06 1 8.742278E-08
vn 1E-06 1 8.742278E-08
vn 1E-06 1 8.742278E-08
vn 1E-06 1 8.742278E-08
vn 1E-06 1 8.742278E-08
vn 1E-06 1 8.742278E-08
vn 1E-06 1 8.742278E-08
vn 1E-06 1 8.742278E-08
vn 1E-06 1 8.742278E-08
vn 1E-06 1 8.742278E-08
vn 1E-06 1 8.742278E-08
vn 1E-06 1 8.742278E-08
vn 1E-06 1 8.742278E-08
vn 1E-06 1 8.742278E-08
vn 1E-06 1 8.742278E-08
vn 1E-06 1 8.742278E-08
vn 1E-06 1 8.742278E-08
vn 1E-06 1 8.742278E-08
vn 1E-06 1 8.742278E-08
vn 1E-06 1 8.742278E-08
vn 1E-06 1 8.742278E-08
vn 1E-06 1 8.742278E-08
vn 1E-06 1 8.742278E-08
vn -1E-06 -1 -8.742278E-08
vn -1E-06 -1 -8.742278E-08
vn -1E-06 -1 -8.742278E-08
vn -1E-06 -1 -8.742278E-08
vn -1E-06 -1 -8.742278E-08
vn -1E-06 -1 -8.742278E-08
vn -1E-06 -1 -8.742278E-08
vn -1E-06 -1 -8.742278E-08
vn -1E-06 -1 -8.742278E-08
vn -1E-06 -1 -8.742278E-08
vn -1E-06 -1 -8.742278E-08
vn -1E-06 -1 -8.742278E-08
vn -1E-06 -1 -8.742278E-08
vn -1E-06 -1 -8.742278E-08
vn -1E-06 -1 -8.742278E-08
vn -1E-06 -1 -8.742278E-08
vn -1E-06 -1 -8.742278E-08
vn -1E-06 -1 -8.742278E-08
vn -1E-06 -1 -8.742278E-08
vn -1E-06 -1 -8.742278E-08
vn -1E-06 -1 -8.742278E-08
vn -1E-06 -1 -8.742278E-08
vn -1E-06 -1 -8.742278E-08
vn -1E-06 -1 -8.742278E-08
vn -1E-06 -1 -8.742278E-08
vn -1E-06 -1 -8.742278E-08
vn -1E-06 -1 -8.742278E-08
vn -1E-06 -1 -8.742278E-08
vn -1E-06 -1 -8.742278E-08
vn -1E-06 -1 -8.742278E-08
vn -1E-06 -1 -8.742278E-08
vn -1E-06 -1 -8.742278E-08
vn 0 8.742286E-08 -1.000001
vn -0.3826984 4.634657E-07 -0.9238744
vn -0.7071075 7.689241E-07 -0.7071075
vn -0.9238744 9.5733E-07 -0.3826984
vn -1.000001 1E-06 8.742278E-14
vn -0.9238744 8.904169E-07 0.3826984
vn -0.7071075 6.452895E-07 0.7071075
vn -0.3826984 3.019304E-07 0.9238744
vn 0 -8.742286E-08 1.000001
vn 0.3826984 -4.634657E-07 0.9238744
vn 0.7071075 -7.689241E-07 0.7071075
vn 0.9238744 -9.5733E-07 0.3826984
vn 1.000001 -1E-06 -8.742278E-14
vn 0.9238744 -8.904169E-07 -0.3826984
vn 0.7071075 -6.452895E-07 -0.7071075
vn 0.3826984 -3.019304E-07 -0.9238744
vn 0.005470838 -9.289239E-08 0.9999861
vn 0.005470838 -9.289239E-08 0.9999861
vn 0.3826984 -4.634657E-07 0.9238743
vn 0.3826984 -4.634657E-07 0.9238743
vn 0.7071186 -7.689342E-07 0.7070962
vn 0.5556468 -6.283313E-07 0.8314196
vn -0.9998797 1.00124E-06 -0.01557002
vn -0.9998797 1.00124E-06 -0.01557002
vn -0.9238743 9.5733E-07 -0.3826984
vn -0.9238743 9.5733E-07 -0.3826984
vn -0.7070962 7.689138E-07 -0.7071186
vn -0.8314196 8.799951E-07 -0.5556468
vn -0.5556204 6.283065E-07 -0.8314372
vn -0.3826692 4.634375E-07 -0.9238865
vn -0.3826692 4.634375E-07 -0.9238865
vn 0 8.742286E-08 -1.000001
vn 0 8.742286E-08 -1.000001
vn 0.3826692 -3.019001E-07 -0.9238865
vn 0.3826692 -3.019001E-07 -0.9238865
vn 0.7071075 -6.452895E-07 -0.7071075
vn 0.7071075 -6.452895E-07 -0.7071075
vn 0.9238865 -8.904316E-07 -0.3826692
vn 0.9238865 -8.904316E-07 -0.3826692
vn 1.000001 -1E-06 -8.742278E-14
vn 1.000001 -1E-06 -8.742278E-14
vn 0.9238865 -9.573397E-07 0.3826692
vn 0.9238865 -9.573397E-07 0.3826692
vn 0.8314372 -8.800102E-07 0.5556204
vn -1E-06 -1 -8.742278E-08
vn -1E-06 -1 -8.742278E-08
vn -1E-06 -1 -8.742278E-08
vn -1E-06 -1 -8.742278E-08
vn -1E-06 -1 -8.742278E-08
vn -1E-06 -1 -8.742278E-08
vn -1E-06 -1 -8.742278E-08
vn -1E-06 -1 -8.742278E-08
vn -1E-06 -1 -8.742278E-08
vn -1E-06 -1 -8.742278E-08
vn -1E-06 -1 -8.742278E-08
vn -1E-06 -1 -8.742278E-08
vn -1E-06 -1 -8.742278E-08
vn -1E-06 -1 -8.742278E-08
vn -1E-06 -1 -8.742278E-08
vn -1E-06 -1 -8.742278E-08
vn -1E-06 -1 -8.742278E-08
vn -0.01663682 -0.9998592 -0.002185464
vn 0.04949709 0.9599049 -0.2759216
vn -0.1223782 0.8732954 -0.471571
vn 0.04400318 0.99088 -0.1273598
vn -0.05489081 0.8187037 -0.5715871
vn -0.03114401 0.7935156 -0.6077531
vn -0.08446559 0.7891868 -0.6083177
vn -0.1548636 0.8066546 -0.5703739
vn -0.2120537 0.8447585 -0.4913419
vn -0.2813872 0.8345743 -0.473611
vn -0.3548151 0.8333541 -0.4238249
vn -0.4329921 0.7953975 -0.4241008
vn -0.468611 0.7713186 -0.4306647
vn -0.4939594 0.7415609 -0.4539741
vn -0.4708101 0.7392941 -0.4814387
vn 0.3277859 0.7863686 0.5236237
vn 0.3765203 0.7874041 0.488086
vn 0.3868947 0.7911825 0.4736491
vn 0.4409543 0.7969515 0.4128296
vn 0.451408 0.8125468 0.3687806
vn 0.4938099 0.8180379 0.2949006
vn 0.4966455 0.8321515 0.2467138
vn 0.5544859 0.8209129 0.1365577
vn 0.6032901 0.7940636 0.07419337
vn 0.6229214 0.7778947 0.08276144
vn 0.614037 0.7697106 0.1746567
vn 0.4873312 0.8154608 0.3123019
vn 0.4488207 0.8194721 0.3564071
vn 0.2891645 0.8500341 0.4402573
vn 0.3111033 0.9159279 0.2535567
vn 0.3670856 0.9300541 -0.01574861
vn 0.4618885 0.8846841 0.06319483
vn 0.1453687 0.9813281 0.1259492
vn 0.1245854 0.8947538 0.4288294
vn -0.02116434 0.9607725 0.2765292
vn -0.06558067 0.8627571 0.5013478
vn -0.1760324 0.8969287 0.4056253
vn -0.224053 0.7587854 0.6115927
vn -0.3370401 0.8004617 0.4956467
vn -0.3787284 0.6600454 0.6487725
vn -0.5090843 0.7082044 0.4891634
vn -0.5356143 0.6442703 0.545925
vn -0.6613588 0.6571732 0.361565
vn -0.5495885 0.7865748 0.2815199
vn -0.6538976 0.7384386 0.164704
vn -0.4594757 0.8834226 0.09190845
vn -0.522868 0.8511805 -0.04583907
vn -0.3025628 0.9489827 -0.0888129
vn -0.2706051 0.9176611 -0.2909834
vn -0.03755425 0.9524034 -0.302519
vn -0.1044145 0.8763574 -0.4702081
vn 0.09891359 0.9024082 -0.4193754
vn -0.0123079 0.8768265 -0.4806498
vn 0.09262163 0.9377733 -0.3346681
vn -0.07695419 0.9439366 -0.3210326
vn 0.00635188 0.9867455 -0.1621514
vn -0.04692427 0.9968323 -0.06421343
vn 0.01873756 0.9992801 -0.03298894
vn 0.549095 0.8354031 -0.02443025
vn 0.4463673 0.875917 -0.1831017
vn 0.4771953 0.8778001 -0.04186011
vn 0.2894888 0.9461387 -0.1449762
vn 0.1750607 0.9843405 -0.02068235
vn 0.1099447 0.9921674 -0.05929622
vn 0.01289155 0.9998254 0.01353516
vn 0.03540023 0.9992505 -0.01565356
vn -0.328774 0.9102836 0.2515781
vn -0.1205228 0.9774892 0.1731742
vn 0.004044774 0.9999304 -0.01108353
vn 0.1425314 0.9758752 -0.165386
vn 0.2970896 0.9114358 -0.2846451
vn 0.3333929 0.8944238 -0.2980866
vn 0.2929613 0.9173208 -0.2696225
vn 0.143301 0.9668408 -0.2113853
vn 0.2490858 0.9106159 -0.3297502
vn 0.1880972 0.9312553 -0.3120629
vn 0.05029061 0.9785947 -0.1995574
vn -0.06957625 0.9931223 -0.09416588
vn -0.02396955 0.9889701 -0.1461638
vn -0.2316534 0.9722548 0.03251995
vn -0.1826335 0.8787602 0.4409376
vn -0.2721828 0.8400434 0.4693017
vn -0.4082479 0.8164968 0.4082489
vn -0.03656754 0.9050552 0.4237195
vn 0.01103404 0.9276573 0.37327
vn 0.1072579 0.91657 0.3852214
vn 0.04105895 0.9856989 0.1634374
vn 0.1317979 0.9470654 0.2927397
vn 0.1857315 0.8596184 0.4759837
vn 0.1472863 0.8227845 0.5489379
vn 0.07073498 0.7552769 0.6515782
vn -0.0122461 0.735308 0.677623
vn -0.03321813 0.7108567 0.7025527
vn -0.06639915 0.7137975 0.6971982
vn 0.06719211 0.7055089 -0.7055094
vn 0.0336154 0.7067072 -0.7067077
vn 0.0336154 0.7067072 -0.7067077
vn -0.02404079 0.7339274 -0.678803
vn -0.01536575 0.7070234 -0.7070239
vn -0.07135338 0.7614907 -0.644237
vn -0.1168427 0.8159074 -0.5662538
vn -0.1130339 0.8439742 -0.5243392
vn -0.09788541 0.8700331 -0.4831783
vn -0.01499647 0.8685913 -0.4953028
vn -0.0154979 0.8681389 -0.4960797
vn 8.682432E-07 0.8682433 -0.4961393
vn 8.682431E-07 0.8682432 -0.4961393
vn 8.682431E-07 0.8682432 -0.4961393
vn -0.3621768 0.8215906 0.4402471
vn -0.3352875 0.9074071 0.2533675
vn -0.3385478 0.7990865 0.4968369
vn -0.3533776 0.7212118 0.595801
vn -0.4311723 0.8588423 0.2765521
vn -0.276253 0.9462919 0.1679766
vn -0.3863642 0.9087943 0.1575309
vn -0.603256 0.7673703 0.2173151
vn -0.5636572 0.8239651 -0.05807383
vn -0.538787 0.8010405 -0.2608514
vn -0.5420446 0.8120744 -0.2161559
vn -0.5666615 0.7828223 -0.2570694
vn -0.5021132 0.779632 -0.3742419
vn -0.5195989 0.7708924 -0.3684328
vn -0.4615193 0.7704954 -0.4397018
vn -0.3897238 0.7862198 -0.4795567
vn -0.3036844 0.7793393 -0.5480937
vn -0.2358044 0.793144 -0.5615333
vn -0.1771704 0.7752957 -0.6062408
vn -0.1406104 0.7741278 -0.6172161
vn -0.05040718 0.7702633 -0.6357314
vn 0.02477712 0.8071336 -0.5898492
vn 0.07323886 0.8315769 -0.5505602
vn 0.06626092 0.8997699 -0.4313051
vn 0.04607731 0.9167479 -0.3968004
vn -0.004884455 0.9986666 -0.05139163
vn 0.06723996 0.9977357 0.001528921
vn 0.334165 0.9389741 -0.08161745
vn 0.1535552 0.9876221 -0.03199169
vn 0.2708497 0.9610775 -0.05450408
vn 0.450301 0.8895662 -0.07682042
vn 0.442064 0.8968022 0.01803746
vn 0.2190728 0.975697 -0.00473658
vn 0.2814798 0.9582588 0.05009151
vn 0.418256 0.8995393 0.1260608
vn 0.377033 0.8914868 0.2511924
vn 0.1920408 0.9678195 0.1626224
vn 0.2286782 0.9039207 0.3614332
vn 0.134589 0.9528731 0.2718797
vn 0.1502587 0.8788258 0.4528666
vn 0.1648016 0.9275702 0.3353422
vn 0.09695737 0.8829368 0.4593716
vn 0.006709698 0.8180633 0.5750896
vn -0.2308031 0.8052205 0.5462148
vn -0.4077163 0.8090253 0.4233746
vn -0.3480341 0.8677031 0.3549142
vn -0.3316714 0.9036929 0.2708019
vn -0.4017777 0.8399668 0.3647344
vn -0.320105 0.8873607 0.3318495
vn -0.2097264 0.9556613 0.2067042
vn 0.1295527 0.9863186 0.1019406
vn 0.02587139 0.9995977 -0.01163255
vn 0.1295527 0.9863186 0.1019406
vn 0.5771379 0.8158118 -0.03692667
vn 0.6082717 0.7866957 -0.1054335
vn 0.614876 0.7856628 -0.06828048
vn 0.5397598 0.8416595 -0.01640456
vn 0.496116 0.8682002 -0.009899708
vn 0.4962696 0.8665947 0.05225425
vn 0.492842 0.8696456 0.02869969
vn 0.4984604 0.8581043 0.1232665
vn 0.5525368 0.8215303 0.1406832
vn 0.6292263 0.7714291 0.09472194
vn -0.5941471 0.8010621 -0.07272847
vn -0.5375909 0.824751 -0.1754489
vn -0.5688676 0.8110296 -0.1364602
vn -0.5127108 0.816168 -0.2664551
vn -0.4654845 0.8366678 -0.2886378
vn -0.4497627 0.8693574 -0.2047722
vn -0.4519174 0.8885059 -0.07955221
vn -0.355807 0.9305672 0.08629127
vn -0.4534027 0.8759155 0.1649195
vn -0.4065327 0.8623433 0.3018205
vn 0.6845042 0.7268224 0.05642716
vn 0.7208553 0.6920192 -0.03844551
vn -0.6187729 0.7843609 -0.04357551
vn -0.6140295 0.78587 -0.07332886
vn 0.0083428 0.99609 0.08794877
vn -0.004310995 0.9987448 0.04990336
vn -0.03126237 0.999332 -0.01892884
vn -0.05742108 0.9978999 -0.02997798
vn -0.03002295 0.9982238 -0.0514565
vn -0.0558445 0.9966266 -0.06014128
vn -0.001867392 0.9976109 -0.06905755
vn -0.0011627 0.9970244 -0.07707693
vn 0.0004353961 0.9974868 -0.07085025
vn 0.02024606 0.995122 -0.09655331
vn -0.006107152 0.9924715 -0.122323
vn 0.0629653 0.992613 -0.1037059
vn -0.08922099 0.9894933 -0.1137665
vn -0.09798889 0.9851331 -0.1411072
vn -0.1795179 0.9817649 -0.06253731
vn -0.1237374 0.9920378 0.02345563
vn -0.0686724 0.9974771 0.01798598
vn 0.005923043 0.9998648 -0.01534939
vn 0.04228949 0.9986727 -0.02939945
vn 0.02714241 0.9968115 0.07503339
vn 0.05018105 0.9984986 0.02196686
vn 0.01146425 0.9967138 0.08018938
vn -0.001211233 0.9966915 0.08126851
vn 0.03693637 0.9867009 0.1582945
vn 9.977852E-07 0.9977852 0.06651916
vn -0.02553265 0.9987019 -0.04407437
vn -0.02842416 0.9984662 -0.04751086
vn 0.01021345 0.9920559 -0.1253828
vn 0.003620397 0.9996684 -0.0254958
vn 0.01027046 0.9941052 -0.1079315
vn 0.03733103 0.9819588 -0.1853736
vn -0.07876035 0.9947202 0.0657898
vn -0.1862777 0.9754637 0.1173507
vn 0.1284098 0.9730794 0.191383
vn 0.07547206 0.9953979 0.05905195
vn 0.07017335 0.9942631 -0.08072465
vn 0.02340964 0.995284 -0.09413749
vn 0.00177427 0.9954031 -0.0957573
vn 0.01355349 0.999902 -0.003504805
vn -0.2196185 0.8582697 0.4638334
vn 1E-06 1 8.742278E-08
vn 1E-06 1 8.742278E-08
vn -0.8320515 7.835573E-07 0.5547001
vn -0.8320515 7.835573E-07 0.5547001
vn -0.8320515 7.835573E-07 0.5547001
vn -0.8320515 7.835573E-07 0.5547001
vn -0.3363368 2.540067E-07 0.9417428
vn -0.2013358 1.157029E-07 0.9795233
vn -0.2013358 1.157029E-07 0.9795233
vn -0.3363368 2.540067E-07 0.9417428
vn 0.002074673 -8.949734E-08 0.9999987
vn 0.002074673 -8.949734E-08 0.9999987
vn 0.1588852 -2.451974E-07 0.9872981
vn 0.1588852 -2.451974E-07 0.9872981
vn 0.2623218 -3.466829E-07 0.9649814
vn 0.2623218 -3.466829E-07 0.9649814
vn 0.4084983 -4.882939E-07 0.9127602
vn 0.4655775 -0.02079044 0.884764
vn 0.6003822 -0.02848118 0.799207
vn 0.6005592 -0.05686524 0.797557
vn -0.6984209 -0.03062025 -0.7150332
vn -0.8918564 9.313987E-07 -0.4523207
vn -0.8918564 9.054554E-07 -0.4523207
vn -0.7409273 -0.04592869 -0.6700144
vn -0.9768028 9.95523E-07 -0.2141449
vn -0.9768028 9.95523E-07 -0.2141449
vn -1.000001 1E-06 -2.242503E-08
vn -1.000001 1E-06 -1.868751E-08
vn -0.99673 9.896638E-07 0.08081622
vn -0.99673 9.896638E-07 0.08081623
vn -0.2295987 -0.9295101 0.2886096
vn -0.2346526 -0.9242777 0.3010801
vn -0.2413916 -0.9244899 0.2950404
vn -0.08022844 -0.9830562 0.1648148
vn -0.09739947 -0.9815276 0.1646722
vn 0.04648512 -0.9985953 0.02542717
vn 0.06663391 -0.9967753 0.0447106
vn 0.2152489 -0.9686751 -0.1238406
vn 0.1562063 -0.9874507 -0.0232552
vn 0.3242242 -0.9245646 -0.200148
vn 0.3663537 -0.9031941 -0.2236641
vn 0.3607663 -0.8831482 -0.2998292
vn 0.3639483 -0.919996 -0.1454287
vn 0.274507 5.995954E-06 -0.9615861
vn 0.3278855 2.446151E-05 -0.9447185
vn 0.3278921 1.21081E-05 -0.9447162
vn 0.2745103 -1.904456E-07 -0.9615852
vn 0.01948446 6.792182E-08 -0.9998112
vn 0.01948446 6.792182E-08 -0.9998112
vn -0.2780937 3.620678E-07 -0.960555
vn -0.2780937 3.620678E-07 -0.960555
vn -0.503482 5.790154E-07 -0.8640068
vn -0.5034821 5.790155E-07 -0.8640068
vn -0.6853248 7.489888E-07 -0.7282388
vn -0.6853248 7.489888E-07 -0.7282388
vn -0.7715839 8.271953E-07 -0.636129
vn -0.7715839 8.271954E-07 -0.636129
vn -0.8390301 8.865949E-07 -0.5440867
vn -0.8390301 8.865949E-07 -0.5440867
vn -0.8741581 9.166136E-07 -0.4856434
vn -0.8741581 9.166136E-07 -0.4856434
vn -0.8961158 8.573148E-07 0.4438223
vn -0.9701439 9.489398E-07 0.2425346
vn -0.9701439 9.489398E-07 0.2425346
vn -0.8961158 8.573148E-07 0.4438224
vn -0.7167685 6.558068E-07 0.6973126
vn -0.7167684 6.558068E-07 0.6973125
vn -0.5504915 4.775067E-07 0.8348418
vn -0.5504915 4.775067E-07 0.8348418
vn -0.447214 3.690202E-07 0.894428
vn -0.447214 3.690202E-07 0.8944281
vn 0.163959 -0.01490038 0.9863556
vn 0 -8.742286E-08 1.000001
vn 0 -8.742286E-08 1.000001
vn 0.163959 -0.01490038 0.9863556
vn 0.3234434 -0.02939402 0.945792
vn -0.986395 9.720218E-07 0.164399
vn -0.9863949 9.720217E-07 0.164399
vn -0.3001687 3.835598E-07 -0.9538872
vn -0.2272298 3.123656E-07 -0.9738422
vn -0.2272298 3.123656E-07 -0.9738422
vn -0.3001687 3.835599E-07 -0.9538872
vn -0.5421252 -0.03057002 -0.8397426
vn -0.4932241 5.69273E-07 -0.8699034
vn -0.08968789 -0.9902049 0.107006
vn -0.0757973 -0.9907594 0.1124746
vn -0.02481841 -0.9986945 0.04464706
vn -0.002949188 -0.9998741 0.01559226
vn -0.01609511 -0.9998503 -0.006342174
vn -0.02926939 -0.997028 0.07126471
vn 0.01133377 -0.9998705 -0.01142243
vn -0.03472511 -0.9990813 0.02511617
vn -0.2245445 -0.9345894 0.275903
vn 0.04994933 -0.9987517 -0.0004150081
vn -0.03189541 -0.9991093 0.02762803
vn -0.03113219 -0.9991768 0.02601094
vn -0.01478296 -0.9995306 0.02683443
vn 0.04816722 -0.998553 0.02391342
vn 0.0752865 -0.9968516 0.0248776
vn 0.1190484 -0.9927341 0.01750851
vn 0.1211621 -0.9924918 0.01672276
vn 0.05184235 -0.9986175 0.008699588
vn 0.05099762 -0.9986582 0.008999703
vn -1E-06 -1 -8.742278E-08
vn -0.964145 -0.05349164 0.2599323
vn -0.9891706 -0.05368355 0.136607
vn -0.9116825 -0.03160814 0.40968
vn -0.907027 8.702146E-07 0.4210749
vn -0.8312814 7.826864E-07 0.5558535
vn -0.8312814 7.826864E-07 0.5558534
vn -0.9922619 -0.02161187 -0.1222753
vn -0.9260933 9.590767E-07 -0.3772973
vn -0.9798732 9.97324E-07 -0.1996258
vn 0.7161281 -0.01750223 0.6977508
vn 0.7564957 -8.136694E-07 0.6540002
vn 0.891468 -9.310772E-07 0.4530855
vn 0.8914682 -9.310774E-07 0.4530856
vn 0.9420372 -9.713676E-07 0.3355111
vn 0.9420372 -9.713676E-07 0.3355111
vn 0.9486843 -9.763289E-07 0.3162281
vn 0.9486842 -9.763288E-07 0.3162281
vn -0.1842888 9.836315E-08 0.9828732
vn -0.1842888 9.836315E-08 0.9828732
vn -0.7348487 6.75555E-07 0.6782326
vn -0.7348487 6.75555E-07 0.6782326
vn -0.6804516 6.16388E-07 0.7327945
vn -0.6804516 6.16388E-07 0.7327945
vn -0.0995042 1.25151E-08 0.9950381
vn -0.0995042 1.25151E-08 0.9950381
vn -0.0995042 1.25151E-08 0.9950381
vn -0.0995042 1.25151E-08 0.9950381
vn 0.9422696 -9.129944E-07 -0.3348582
vn 0.9422696 -9.129944E-07 -0.3348582
vn 0.9230539 -8.894239E-07 -0.3846731
vn 0.9230539 -8.894239E-07 -0.3846731
vn 0.9852836 -9.703392E-07 -0.1709335
vn 0.9852836 -9.703392E-07 -0.1709335
vn 0.9931947 -1.003376E-06 0.1164736
vn 0.9931947 -1.003376E-06 0.1164736
vn 0.9159446 -9.510271E-07 0.4013071
vn 0.9159446 -9.510271E-07 0.4013071
vn 0.8014002 -8.536896E-07 0.5981302
vn 0.8014002 -8.536896E-07 0.5981302
vn 0.6532724 -7.194618E-07 0.7571241
vn 0.6532724 -7.194618E-07 0.7571241
vn 0.5064251 -5.81808E-07 0.862285
vn 0.5064251 -5.81808E-07 0.862285
vn 0.4472143 -5.254072E-07 0.894428
vn 0.4472142 -5.254072E-07 0.8944279
vn -0.01217198 -0.9986835 0.04983034
vn -0.01653037 -0.9995102 0.02657192
vn -1E-06 -1 -8.742278E-08
vn -0.08377165 -0.9957507 0.03825016
vn -0.01484147 -0.9997382 -0.01741816
vn -0.1066565 -0.993957 0.02595853
vn -0.2239349 -0.9745248 0.01244061
vn -0.05580429 -0.9950532 0.08218816
vn -0.02891069 -0.9990215 -0.03347034
vn 0.05548584 -0.9869241 -0.1513355
vn 0.08638794 -0.9753334 -0.2031308
vn 0.07342254 -0.9862038 -0.1483618
vn 0.06416093 -0.9720368 -0.2258935
vn 0.06713066 -0.956807 -0.2828673
vn 0.09652504 -0.9790546 -0.1792632
vn 0.0384318 -0.9223943 -0.3843332
vn -0.769401 9.441571E-07 0.638768
vn -0.4663735 4.638421E-07 0.8845895
vn -0.4663735 4.638421E-07 0.8845895
vn -0.769401 9.441571E-07 0.638768
vn -0.09237081 -8.704919E-08 0.9957266
vn -0.09237081 -8.704919E-08 0.9957266
vn 0.2956934 -6.246891E-07 0.9552854
vn 0.2956934 -6.246891E-07 0.9552854
vn 0.638769 -1.067263E-06 0.769402
vn 0.638769 -1.067263E-06 0.769402
vn 0.88459 -1.347343E-06 0.4663748
vn 0.88459 -1.347343E-06 0.4663748
vn 0.9957266 -1.422289E-06 0.0923722
vn 0.9957266 -1.422289E-06 0.0923722
vn 0.9552848 -1.280721E-06 -0.2956921
vn 0.9552848 -1.280721E-06 -0.2956921
vn 0.769401 -9.441571E-07 -0.638768
vn 0.769401 -9.441571E-07 -0.638768
vn 0.4663735 -4.638421E-07 -0.8845895
vn 0.4663735 -4.638421E-07 -0.8845895
vn 0.09237081 8.704919E-08 -0.9957266
vn 0.09237081 8.704919E-08 -0.9957266
vn -0.2956934 6.246891E-07 -0.9552854
vn -0.2956934 6.246891E-07 -0.9552854
vn -0.638769 1.067263E-06 -0.769402
vn -0.638769 1.067263E-06 -0.769402
vn -0.88459 1.347343E-06 -0.4663748
vn -0.88459 1.347343E-06 -0.4663748
vn -0.9957266 1.422289E-06 -0.0923722
vn -0.9957266 1.422289E-06 -0.0923722
vn -0.9552848 1.280721E-06 0.2956921
vn -0.9552848 1.280721E-06 0.2956921
vn 0.769401 -9.441571E-07 -0.638768
vn 0.4663735 -4.638421E-07 -0.8845896
vn 0.4663735 -4.638421E-07 -0.8845896
vn 0.769401 -9.441571E-07 -0.638768
vn 0.09237081 8.704919E-08 -0.9957266
vn 0.09237081 8.704919E-08 -0.9957266
vn -0.2956934 6.246891E-07 -0.9552854
vn -0.2956934 6.246891E-07 -0.9552854
vn -0.638769 1.067263E-06 -0.769402
vn -0.638769 1.067263E-06 -0.769402
vn -0.88459 1.347343E-06 -0.4663748
vn -0.88459 1.347343E-06 -0.4663748
vn -0.9957266 1.422289E-06 -0.0923722
vn -0.9957266 1.422289E-06 -0.0923722
vn -0.9552849 1.280721E-06 0.2956921
vn -0.9552849 1.280721E-06 0.2956921
vn -0.769401 9.441571E-07 0.638768
vn -0.769401 9.441571E-07 0.638768
vn -0.4663735 4.638421E-07 0.8845896
vn -0.4663735 4.638421E-07 0.8845896
vn -0.09237081 -8.704919E-08 0.9957266
vn -0.09237081 -8.704919E-08 0.9957266
vn 0.2956934 -6.246891E-07 0.9552854
vn 0.2956934 -6.246891E-07 0.9552854
vn 0.638769 -1.067263E-06 0.769402
vn 0.638769 -1.067263E-06 0.769402
vn 0.88459 -1.347343E-06 0.4663748
vn 0.88459 -1.347343E-06 0.4663748
vn 0.9957266 -1.422289E-06 0.0923722
vn 0.9957266 -1.422289E-06 0.0923722
vn 0.9552849 -1.280721E-06 -0.2956921
vn 0.9552849 -1.280721E-06 -0.2956921
vn 1E-06 1 8.742278E-08
vn 1E-06 1 8.742278E-08
vn 1E-06 1 8.742278E-08
vn 1E-06 1 8.742278E-08
vn 1E-06 1 8.742278E-08
vn 1E-06 1 8.742278E-08
vn 1E-06 1 8.742278E-08
vn 1E-06 1 8.742278E-08
vn 1E-06 1 8.742278E-08
vn 1E-06 1 8.742278E-08
vn 1E-06 1 8.742278E-08
vn 1E-06 1 8.742278E-08
vn 1E-06 1 8.742278E-08
vn 1E-06 1 8.742278E-08
vn 1E-06 1 8.742278E-08
vn 1E-06 1 8.742278E-08
vn 1E-06 1 8.742278E-08
vn 1E-06 1 8.742278E-08
vn 1E-06 1 8.742278E-08
vn 1E-06 1 8.742278E-08
vn 1E-06 1 8.742278E-08
vn 1E-06 1 8.742278E-08
vn 1E-06 1 8.742278E-08
vn 1E-06 1 8.742278E-08
vn 1E-06 1 8.742278E-08
vn 1E-06 1 8.742278E-08
vn 1E-06 1 8.742278E-08
vn 1E-06 1 8.742278E-08
vn 1E-06 1 8.742278E-08
vn 1E-06 1 8.742278E-08
vn 1E-06 1 8.742278E-08
vn 1E-06 1 8.742278E-08
vn 0.769401 -9.441571E-07 -0.638768
vn 0.9552849 -1.280721E-06 -0.2956921
vn 0.9552849 -1.280721E-06 -0.2956921
vn 0.769401 -9.441571E-07 -0.638768
vn 0.9957266 -1.422289E-06 0.0923722
vn 0.9957266 -1.422289E-06 0.0923722
vn 0.88459 -1.347343E-06 0.4663748
vn 0.88459 -1.347343E-06 0.4663748
vn 0.638769 -1.067263E-06 0.769402
vn 0.638769 -1.067263E-06 0.769402
vn 0.2956934 -6.246891E-07 0.9552854
vn 0.2956934 -6.246891E-07 0.9552854
vn -0.09237081 -8.704919E-08 0.9957266
vn -0.09237081 -8.704919E-08 0.9957266
vn -0.4663735 4.638421E-07 0.8845896
vn -0.4663735 4.638421E-07 0.8845896
vn -0.769401 9.441571E-07 0.638768
vn -0.769401 9.441571E-07 0.638768
vn -0.9552849 1.280721E-06 0.2956921
vn -0.9552849 1.280721E-06 0.2956921
vn -0.9957266 1.422289E-06 -0.0923722
vn -0.9957266 1.422289E-06 -0.0923722
vn -0.88459 1.347343E-06 -0.4663748
vn -0.88459 1.347343E-06 -0.4663748
vn -0.638769 1.067263E-06 -0.769402
vn -0.638769 1.067263E-06 -0.769402
vn -0.2956934 6.246891E-07 -0.9552854
vn -0.2956934 6.246891E-07 -0.9552854
vn 0.09237081 8.704919E-08 -0.9957266
vn 0.09237081 8.704919E-08 -0.9957266
vn 0.4663735 -4.638421E-07 -0.8845896
vn 0.4663735 -4.638421E-07 -0.8845896
vn -0.769401 9.441571E-07 0.638768
vn -0.9552848 1.280721E-06 0.2956921
vn -0.9552848 1.280721E-06 0.2956921
vn -0.769401 9.441571E-07 0.638768
vn -0.9957266 1.422289E-06 -0.0923722
vn -0.9957266 1.422289E-06 -0.0923722
vn -0.88459 1.347343E-06 -0.4663748
vn -0.88459 1.347343E-06 -0.4663748
vn -0.638769 1.067263E-06 -0.769402
vn -0.638769 1.067263E-06 -0.769402
vn -0.2956934 6.246891E-07 -0.9552854
vn -0.2956934 6.246891E-07 -0.9552854
vn 0.09237081 8.704919E-08 -0.9957266
vn 0.09237081 8.704919E-08 -0.9957266
vn 0.4663735 -4.638421E-07 -0.8845895
vn 0.4663735 -4.638421E-07 -0.8845895
vn 0.769401 -9.441571E-07 -0.638768
vn 0.769401 -9.441571E-07 -0.638768
vn 0.9552848 -1.280721E-06 -0.2956921
vn 0.9552848 -1.280721E-06 -0.2956921
vn 0.9957266 -1.422289E-06 0.0923722
vn 0.9957266 -1.422289E-06 0.0923722
vn 0.88459 -1.347343E-06 0.4663748
vn 0.88459 -1.347343E-06 0.4663748
vn 0.638769 -1.067263E-06 0.769402
vn 0.638769 -1.067263E-06 0.769402
vn 0.2956934 -6.246891E-07 0.9552854
vn 0.2956934 -6.246891E-07 0.9552854
vn -0.09237081 -8.704919E-08 0.9957266
vn -0.09237081 -8.704919E-08 0.9957266
vn -0.4663735 4.638421E-07 0.8845895
vn -0.4663735 4.638421E-07 0.8845895
vn -1E-06 -1 -8.742278E-08
vn -1E-06 -1 -8.742278E-08
vn -1E-06 -1 -8.742278E-08
vn -1E-06 -1 -8.742278E-08
vn -1E-06 -1 -8.742278E-08
vn -1E-06 -1 -8.742278E-08
vn -1E-06 -1 -8.742278E-08
vn -1E-06 -1 -8.742278E-08
vn -1E-06 -1 -8.742278E-08
vn -1E-06 -1 -8.742278E-08
vn -1E-06 -1 -8.742278E-08
vn -1E-06 -1 -8.742278E-08
vn -1E-06 -1 -8.742278E-08
vn -1E-06 -1 -8.742278E-08
vn -1E-06 -1 -8.742278E-08
vn -1E-06 -1 -8.742278E-08
vn -1E-06 -1 -8.742278E-08
vn -1E-06 -1 -8.742278E-08
vn -1E-06 -1 -8.742278E-08
vn -1E-06 -1 -8.742278E-08
vn -1E-06 -1 -8.742278E-08
vn -1E-06 -1 -8.742278E-08
vn -1E-06 -1 -8.742278E-08
vn -1E-06 -1 -8.742278E-08
vn -1E-06 -1 -8.742278E-08
vn -1E-06 -1 -8.742278E-08
vn -1E-06 -1 -8.742278E-08
vn -1E-06 -1 -8.742278E-08
vn -1E-06 -1 -8.742278E-08
vn -1E-06 -1 -8.742278E-08
vn -1E-06 -1 -8.742278E-08
vn -1E-06 -1 -8.742278E-08
vn 1E-06 1 8.742278E-08
vn 1E-06 1 8.742278E-08
vn 1E-06 1 8.742278E-08
vn 1E-06 1 8.742278E-08
vn 1E-06 1 8.742278E-08
vn 1E-06 1 8.742278E-08
vn 1E-06 1 8.742278E-08
vn 1E-06 1 8.742278E-08
vn 1E-06 1 8.742278E-08
vn 1E-06 1 8.742278E-08
vn 1E-06 1 8.742278E-08
vn 1E-06 1 8.742278E-08
vn 1E-06 1 8.742278E-08
vn 1E-06 1 8.742278E-08
vn 1E-06 1 8.742278E-08
vn 1E-06 1 8.742278E-08
vn 1E-06 1 8.742278E-08
vn 1E-06 1 8.742278E-08
vn 1E-06 1 8.742278E-08
vn 1E-06 1 8.742278E-08
vn 1E-06 1 8.742278E-08
vn 1E-06 1 8.742278E-08
vn 1E-06 1 8.742278E-08
vn 1E-06 1 8.742278E-08
vn 1E-06 1 8.742278E-08
vn 1E-06 1 8.742278E-08
vn -1E-06 -1 -8.742278E-08
vn -1E-06 -1 -8.742278E-08
vn -1E-06 -1 -8.742278E-08
vn -1E-06 -1 -8.742278E-08
vn -1E-06 -1 -8.742278E-08
vn -1E-06 -1 -8.742278E-08
vn -1E-06 -1 -8.742278E-08
vn -1E-06 -1 -8.742278E-08
vn -1E-06 -1 -8.742278E-08
vn -1E-06 -1 -8.742278E-08
vn -1E-06 -1 -8.742278E-08
vn -1E-06 -1 -8.742278E-08
vn -1E-06 -1 -8.742278E-08
vn -1E-06 -1 -8.742278E-08
vn -1E-06 -1 -8.742278E-08
vn -1E-06 -1 -8.742278E-08
vn -1E-06 -1 -8.742278E-08
vn -1E-06 -1 -8.742278E-08
vn -1E-06 -1 -8.742278E-08
vn -1E-06 -1 -8.742278E-08
vn -1E-06 -1 -8.742278E-08
vn -1E-06 -1 -8.742278E-08
vn -1E-06 -1 -8.742278E-08
vn -1E-06 -1 -8.742278E-08
vn -1E-06 -1 -8.742278E-08
vn -1E-06 -1 -8.742278E-08
vn -1E-06 -1 -8.742278E-08
vn -1E-06 -1 -8.742278E-08
vn -1E-06 -1 -8.742278E-08
vn -1E-06 -1 -8.742278E-08
vn -1E-06 -1 -8.742278E-08
vn -1E-06 -1 -8.742278E-08
vn -0.769401 9.441571E-07 0.638768
vn -0.4663735 4.638421E-07 0.8845895
vn -0.09237081 -8.704919E-08 0.9957266
vn 0.2956934 -6.246891E-07 0.9552854
vn 0.638769 -1.067263E-06 0.769402
vn 0.88459 -1.347343E-06 0.4663748
vn 0.9957266 -1.422289E-06 0.0923722
vn 0.9552848 -1.280721E-06 -0.2956921
vn 0.769401 -9.441571E-07 -0.638768
vn 0.4663735 -4.638421E-07 -0.8845895
vn 0.09237081 8.704919E-08 -0.9957266
vn -0.2956934 6.246891E-07 -0.9552854
vn -0.638769 1.067263E-06 -0.769402
vn -0.88459 1.347343E-06 -0.4663748
vn -0.9957266 1.422289E-06 -0.0923722
vn -0.9552848 1.280721E-06 0.2956921
vn 0.7658949 -9.383043E-07 -0.6429678
vn 0.7658949 -9.383043E-07 -0.6429678
vn 0.4663735 -4.638421E-07 -0.8845894
vn 0.4663735 -4.638421E-07 -0.8845894
vn 0.09235506 8.707165E-08 -0.995728
vn 0.2847649 -1.919692E-07 -0.9585992
vn 0.626712 -1.052433E-06 0.7792544
vn 0.626712 -1.052433E-06 0.7792544
vn 0.2956934 -6.246891E-07 0.9552854
vn 0.2956934 -6.246891E-07 0.9552854
vn -0.09238654 -8.70267E-08 0.9957251
vn 0.1035698 -3.627254E-07 0.9946244
vn -0.2847953 1.920139E-07 0.95859
vn -0.4664016 4.638849E-07 0.8845748
vn -0.4664016 4.638849E-07 0.8845748
vn -0.769401 9.441571E-07 0.638768
vn -0.769401 9.441571E-07 0.638768
vn -0.9552755 1.280702E-06 0.2957225
vn -0.9552755 1.280702E-06 0.2957225
vn -0.9957266 1.422289E-06 -0.0923722
vn -0.9957266 1.422289E-06 -0.0923722
vn -0.8845752 1.347329E-06 -0.4664029
vn -0.8845752 1.347329E-06 -0.4664029
vn -0.638769 1.067263E-06 -0.769402
vn -0.638769 1.067263E-06 -0.769402
vn -0.2957237 6.247298E-07 -0.9552761
vn -0.2957237 6.247298E-07 -0.9552761
vn -0.1036013 3.62769E-07 -0.994621
vn -1E-06 -1 -8.742278E-08
vn -1E-06 -1 -8.742278E-08
vn -1E-06 -1 -8.742278E-08
vn -1E-06 -1 -8.742278E-08
vn -1E-06 -1 -8.742278E-08
vn -1E-06 -1 -8.742278E-08
vn -1E-06 -1 -8.742278E-08
vn -1E-06 -1 -8.742278E-08
vn -1E-06 -1 -8.742278E-08
vn -1E-06 -1 -8.742278E-08
vn -1E-06 -1 -8.742278E-08
vn -1E-06 -1 -8.742278E-08
vn -1E-06 -1 -8.742278E-08
vn -1E-06 -1 -8.742278E-08
vn -1E-06 -1 -8.742278E-08
vn -1E-06 -1 -8.742278E-08
vn -1E-06 -1 -8.742278E-08
vn 0.008944007 -0.9998592 0.01419548
vn -0.2439098 0.9599052 0.1381675
vn -0.2846541 0.8732955 0.3953829
vn -0.1260969 0.9908802 0.04749809
vn -0.4047155 0.8187041 0.4073451
vn -0.4477103 0.7935161 0.4121758
vn -0.4140846 0.7891871 0.4535621
vn -0.3399226 0.8066548 0.4834892
vn -0.242584 0.8447585 0.4770084
vn -0.1846539 0.8345742 0.5190277
vn -0.09944501 0.8333537 0.5437215
vn -0.04972036 0.7953969 0.6040472
vn -0.0320184 0.771318 0.6356452
vn -0.03376099 0.7415603 0.6700376
vn -0.06967931 0.7392935 0.6697699
vn 0.1934981 0.7863688 -0.5866719
vn 0.1350255 0.7874044 -0.601468
vn 0.1172909 0.7911828 -0.6002282
vn 0.03596481 0.796952 -0.6029722
vn -0.004603912 0.8125474 -0.5828782
vn -0.08853222 0.8180387 -0.5683101
vn -0.1274185 0.8321524 -0.5397117
vn -0.2491193 0.820914 -0.51385
vn -0.328277 0.7940648 -0.5115638
vn -0.3342246 0.777896 -0.5321411
vn -0.2578453 0.7697117 -0.5840051
vn -0.07100523 0.8154616 -0.5744408
vn -0.01247146 0.8194727 -0.5729837
vn 0.1540262 0.8500343 -0.5037048
vn -0.003634923 0.9159284 -0.4013261
vn -0.2465982 0.9300548 -0.2723756
vn -0.2464163 0.884685 -0.3957436
vn 0.004049924 0.9813284 -0.1922982
vn 0.2503616 0.8947536 -0.3697776
vn 0.2262823 0.9607722 -0.1603531
vn 0.4276294 0.8627566 -0.269786
vn 0.4245335 0.896928 -0.1236598
vn 0.6136788 0.7587844 -0.2182781
vn 0.5966425 0.8004606 -0.0572831
vn 0.7410865 0.6600441 -0.12302
vn 0.7015505 0.7082029 0.07922913
vn 0.7621693 0.6442688 0.06338383
vn 0.7006443 0.6571714 0.2778949
vn 0.5676625 0.7865734 0.243029
vn 0.5444135 0.7384371 0.3979028
vn 0.3642143 0.8834215 0.2948139
vn 0.2987243 0.8511794 0.4315766
vn 0.1249364 0.9489822 0.2895239
vn -0.05102734 0.9176608 0.3940755
vn -0.2087682 0.9524035 0.2221344
vn -0.2950802 0.8763577 0.3806911
vn -0.385849 0.9024088 0.1917799
vn -0.3619488 0.8768269 0.3164939
vn -0.316656 0.9377738 0.1425127
vn -0.1978452 0.9439367 0.2642747
vn -0.1288151 0.9867457 0.09869075
vn -0.01943052 0.9968323 0.07712195
vn -0.03734908 0.9992802 0.006656469
vn -0.3695398 0.8354043 -0.4068684
vn -0.4260024 0.875918 -0.2264754
vn -0.337023 0.8778011 -0.340415
vn -0.2964595 0.9461394 -0.1301261
vn -0.1277347 0.9843408 -0.1214798
vn -0.1158502 0.9921677 -0.04671423
vn 0.002180817 0.9998254 -0.01856368
vn -0.03465483 0.9992507 -0.01723709
vn 0.4035761 0.9102827 0.09226011
vn 0.210228 0.9774888 -0.01788671
vn -0.01110977 0.9999304 0.003968655
vn -0.218291 0.9758756 -0.004019807
vn -0.4087761 0.9114367 -0.04675825
vn -0.4423074 0.8944247 -0.06610413
vn -0.3945806 0.9173217 -0.0531779
vn -0.2541745 0.9668413 0.02477095
vn -0.4128166 0.9106167 0.01898761
vn -0.3602504 0.9312559 0.05461425
vn -0.185662 0.978595 0.088778
vn -0.02800659 0.9931222 0.1136831
vn -0.09714594 0.9889702 0.1118078
vn 0.1729952 0.9722542 0.1574626
vn 0.4559194 0.8787595 -0.1411373
vn 0.5349439 0.8400425 -0.09035607
vn 0.5748839 0.8164957 0.05333111
vn 0.3493695 0.9050548 -0.2425223
vn 0.2801473 0.927657 -0.2469215
vn 0.2278779 0.9165699 -0.3285904
vn 0.09952321 0.9856989 -0.1359884
vn 0.1410472 0.9470655 -0.2883973
vn 0.2475839 0.8596184 -0.4469441
vn 0.3282725 0.8227844 -0.4639651
vn 0.4561423 0.7552765 -0.4706298
vn 0.5291869 0.7353074 -0.4234206
vn 0.5617641 0.710856 -0.423209
vn 0.5788393 0.7137967 -0.3942593
vn -0.5857382 0.7055096 0.3989593
vn -0.5652125 0.706708 0.4255588
vn -0.5652125 0.706708 0.4255588
vn -0.5069135 0.733928 0.4520949
vn -0.5341681 0.707024 0.4634469
vn -0.4500967 0.7614911 0.4664177
vn -0.3610392 0.8159077 0.4516042
vn -0.331223 0.8439744 0.4219
vn -0.3092301 0.8700333 0.3839525
vn -0.3715055 0.8685917 0.3279224
vn -0.3717829 0.8681393 0.3288044
vn -0.3817289 0.8682437 0.3169177
vn -0.3817289 0.8682436 0.3169177
vn -0.3817289 0.8682436 0.3169177
vn 0.5700746 0.8215895 -0.002555471
vn 0.4091135 0.9074062 0.09612858
vn 0.5985213 0.7990853 -0.05688341
vn 0.684137 0.7212105 -0.1086884
vn 0.4881998 0.8588411 0.1550929
vn 0.3057044 0.9462911 0.1052523
vn 0.368003 0.9087934 0.1966443
vn 0.5525444 0.7673689 0.3253329
vn 0.3153657 0.823964 0.470775
vn 0.1434623 0.8010396 0.5811675
vn 0.1799318 0.8120735 0.5551239
vn 0.1641774 0.7828213 0.6001983
vn 0.03279341 0.7796313 0.6253808
vn 0.04843226 0.7708917 0.6351237
vn -0.0435015 0.7704948 0.6359614
vn -0.1200266 0.7862195 0.6061799
vn -0.2277182 0.7793391 0.5837603
vn -0.2814182 0.793144 0.5401181
vn -0.3532698 0.7752958 0.5235627
vn -0.3850675 0.774128 0.5024441
vn -0.4569322 0.7702637 0.4448686
vn -0.4696558 0.8071342 0.3577137
vn -0.4703825 0.8315775 0.2953306
vn -0.3741702 0.8997704 0.2245232
vn -0.3347296 0.9167483 0.218012
vn -0.03641913 0.9986667 0.03658632
vn -0.04177284 0.9977358 -0.05271022
vn -0.2762491 0.9389749 -0.2049716
vn -0.1226991 0.9876224 -0.09770939
vn -0.2149442 0.9610781 -0.1735758
vn -0.3467423 0.8895672 -0.297391
vn -0.2684971 0.8968031 -0.3516456
vn -0.1435796 0.9756975 -0.1655285
vn -0.1412584 0.9582593 -0.2485669
vn -0.170176 0.89954 -0.4023294
vn -0.04756786 0.8914874 -0.4505424
vn 0.002453594 0.9678197 -0.2516335
vn 0.1320158 0.9039208 -0.4068162
vn 0.1232146 0.9528732 -0.27722
vn 0.2524565 0.8788257 -0.4048848
vn 0.1527438 0.9275702 -0.3410034
vn 0.2915088 0.8829366 -0.36803
vn 0.4381894 0.8180628 -0.3725102
vn 0.5676888 0.8052196 -0.1713232
vn 0.5861821 0.8090242 0.04326029
vn 0.4953856 0.8677021 0.04107106
vn 0.4202176 0.903692 0.08220979
vn 0.5372709 0.8399656 0.07614855
vn 0.4597995 0.8873597 0.03431536
vn 0.2930063 0.9556607 0.02932872
vn -0.004319484 0.9863188 -0.1647934
vn -0.02547434 0.9995978 -0.01247407
vn -0.004319484 0.9863188 -0.1647934
vn -0.3970676 0.815813 -0.4204624
vn -0.469664 0.7866971 -0.4006568
vn -0.4452971 0.7856641 -0.4294703
vn -0.3574018 0.8416606 -0.4048124
vn -0.3245187 0.8682012 -0.3753879
vn -0.2767955 0.8665957 -0.415208
vn -0.292729 0.8696465 -0.3975249
vn -0.2235582 0.8581053 -0.4622539
vn -0.2447 0.8215313 -0.5149857
vn -0.3290496 0.7714304 -0.5446321
vn 0.3235663 0.801061 0.5035949
vn 0.2084069 0.8247501 0.525695
vn 0.2583834 0.8110285 0.5248545
vn 0.122494 0.8161671 0.5646839
vn 0.07526011 0.8366671 0.5425175
vn 0.1297438 0.8693566 0.4768506
vn 0.2274644 0.888505 0.398522
vn 0.2936723 0.9305664 0.2186392
vn 0.4165098 0.8759145 0.2435042
vn 0.4919024 0.8623422 0.1199944
vn -0.3938234 0.7268238 -0.5627016
vn -0.4900385 0.6920208 -0.5300686
vn 0.3617268 0.7843597 0.50392
vn 0.3358046 0.7858688 0.5192758
vn 0.06234026 0.9960899 -0.06259686
vn 0.04115096 0.9987447 -0.02855884
vn 0.005407132 0.9993319 0.03614534
vn 0.01361527 0.9978998 0.06332972
vn -0.02041136 0.9982238 0.05596935
vn -0.01059945 0.9966265 0.08138403
vn -0.0519385 0.997611 0.0455494
vn -0.05855875 0.9970245 0.05012973
vn -0.05478875 0.9974869 0.04492275
vn -0.08721912 0.9951221 0.04609867
vn -0.09021277 0.9924716 0.08283573
vn -0.12001 0.9926132 0.01779925
vn -0.03053889 0.9894932 0.141318
vn -0.04597421 0.9851329 0.1655284
vn 0.06655569 0.9817646 0.178069
vn 0.09708785 0.9920375 0.08022192
vn 0.05770574 0.9974769 0.04134868
vn -0.0155917 0.9998648 0.005248404
vn -0.04963157 0.9986728 -0.01375727
vn 0.04039457 0.9968115 -0.06881138
vn -0.01515119 0.9984987 -0.05264017
vn 0.0543763 0.9967138 -0.06004206
vn 0.06330328 0.9966914 -0.05097884
vn 0.09819961 0.9867008 -0.1295314
vn 0.05118079 0.9977851 -0.04249013
vn -0.01759981 0.9987019 0.04779904
vn -0.01839684 0.9984661 0.05221889
vn -0.102992 0.992056 0.07223312
vn -0.0219275 0.9996684 0.01350126
vn -0.08960144 0.9941053 0.06104195
vn -0.1664708 0.981959 0.08968896
vn 0.1009299 0.99472 0.01857484
vn 0.2092795 0.9754632 0.06836338
vn 0.06522755 0.9730794 -0.221047
vn -0.002773013 0.995398 -0.09578786
vn -0.1069325 0.9942634 -0.00242629
vn -0.08738118 0.9952841 0.04212147
vn -0.07480747 0.9954032 0.05980242
vn -0.01135257 0.999902 -0.008188409
vn 0.4971603 0.8582689 -0.1273061
vn 1E-06 1 8.742278E-08
vn 1E-06 1 8.742278E-08
vn 0.9582746 -1.411741E-06 0.2858572
vn 0.9582746 -1.411741E-06 0.2858572
vn 0.9582746 -1.411741E-06 0.2858572
vn 0.9582746 -1.411741E-06 0.2858572
vn 0.9394185 -1.248112E-06 -0.3427767
vn 0.8822524 -1.139701E-06 -0.4707795
vn 0.8822524 -1.139701E-06 -0.4707795
vn 0.9394185 -1.248112E-06 -0.3427767
vn 0.7680741 -9.419408E-07 -0.6403629
vn 0.7680741 -9.419408E-07 -0.6403629
vn 0.6581366 -7.625915E-07 -0.7529003
vn 0.6581365 -7.625915E-07 -0.7529003
vn 0.5748941 -6.311271E-07 -0.8182294
vn 0.5748941 -6.311271E-07 -0.8182294
vn 0.4413421 -4.258134E-07 -0.8973406
vn 0.3833415 -0.02079023 -0.9233743
vn 0.2314049 -0.02848062 -0.9724423
vn 0.2300223 -0.05686468 -0.9715244
vn -0.1040177 -0.03062108 0.9941058
vn 0.221674 -5.247833E-07 0.9751232
vn 0.221674 -5.507267E-07 0.9751232
vn -0.04222843 -0.04592965 0.9980537
vn 0.4591875 -8.403185E-07 0.8883421
vn 0.4591875 -8.403185E-07 0.8883421
vn 0.638769 -1.067263E-06 0.769402
vn 0.638769 -1.067263E-06 0.769402
vn 0.6988596 -1.140075E-06 0.7152625
vn 0.6988596 -1.140075E-06 0.7152625
vn 0.3687152 -0.9295108 -0.007701734
vn 0.3815383 -0.9242784 -0.01177897
vn 0.381196 -0.9244906 -0.00273605
vn 0.1780544 -0.9830565 -0.04355138
vn 0.188913 -0.9815279 -0.03024883
vn -0.01013112 -0.9985952 -0.05200867
vn -0.008164851 -0.9967752 -0.0798288
vn -0.2327787 -0.9686746 -0.08650827
vn -0.1176737 -0.9874503 -0.1053315
vn -0.3610995 -0.9245638 -0.1216114
vn -0.4061038 -0.9031932 -0.1390045
vn -0.4611362 -0.8831472 -0.08605377
vn -0.344373 -0.9199951 -0.187128
vn -0.915191 7.387255E-06 0.4030239
vn -0.9363096 2.59487E-05 0.3511798
vn -0.936312 1.359531E-05 0.3511733
vn -0.9151924 1.200861E-06 0.4030207
vn -0.781701 9.64773E-07 0.6236554
vn -0.781701 9.64773E-07 0.6236554
vn -0.5614139 6.101151E-07 0.8275369
vn -0.5614139 6.101151E-07 0.8275369
vn -0.3431587 2.7841E-07 0.9392791
vn -0.3431586 2.7841E-07 0.9392792
vn -0.1225433 -4.385019E-08 0.992465
vn -0.1225433 -4.385019E-08 0.992465
vn 0.003425559 -2.228772E-07 0.9999961
vn 0.003425551 -2.228772E-07 0.9999962
vn 0.1173255 -3.817624E-07 0.9930958
vn 0.1173255 -3.817624E-07 0.9930958
vn 0.1847304 -4.744327E-07 0.9827916
vn 0.1847304 -4.744327E-07 0.9827916
vn 0.9138875 -1.375428E-06 0.4059735
vn 0.8063033 -1.264388E-06 0.5915067
vn 0.8063033 -1.264388E-06 0.5915067
vn 0.9138875 -1.375428E-06 0.4059734
vn 0.9943616 -1.423352E-06 0.1060621
vn 0.9943615 -1.423352E-06 0.1060621
vn 0.9939641 -1.37574E-06 -0.109721
vn 0.9939641 -1.37574E-06 -0.109721
vn 0.9738393 -1.321774E-06 -0.2272444
vn 0.9738394 -1.321775E-06 -0.2272445
vn 0.6541705 -0.01490088 -0.756202
vn 0.769401 -9.441571E-07 -0.638768
vn 0.769401 -9.441571E-07 -0.638768
vn 0.6541705 -0.01490088 -0.756202
vn 0.5210872 -0.02939417 -0.8529989
vn 0.7565665 -1.207961E-06 0.6539208
vn 0.7565665 -1.20796E-06 0.6539208
vn -0.5421828 5.802598E-07 0.8402622
vn -0.6041272 6.769454E-07 0.7968895
vn -0.6041272 6.769453E-07 0.7968896
vn -0.5421828 5.802598E-07 0.8402622
vn -0.2998058 -0.03057042 0.9535121
vn -0.354248 2.949253E-07 0.9351531
vn 0.1396187 -0.9902052 0.0006531334
vn 0.1349533 -0.9907597 -0.01352744
vn 0.0502031 -0.9986945 -0.00942468
vn 0.01387897 -0.9998741 -0.007691632
vn 0.005399802 -0.9998503 0.01643386
vn 0.07352588 -0.9970281 -0.02300258
vn -0.01602965 -0.9998705 -0.001424853
vn 0.04150412 -0.9990814 0.01067324
vn 0.3557103 -0.9345901 -0.003473841
vn -0.03222693 -0.9987516 -0.0381669
vn 0.04162923 -0.9991094 0.006891571
vn 0.03989751 -0.9991769 0.0073373
vn 0.03008774 -0.9995307 -0.005767844
vn -0.01237027 -0.998553 -0.05233594
vn -0.02895137 -0.9968514 -0.07381744
vn -0.06257489 -0.9927338 -0.1027808
vn -0.06452958 -0.9924916 -0.1039051
vn -0.02642336 -0.9986174 -0.0454455
vn -0.02565286 -0.9986581 -0.04498726
vn -1E-06 -1 -8.742278E-08
vn 0.8158572 -0.05349386 0.5757781
vn 0.7369563 -0.05368571 0.6738089
vn 0.8975618 -0.03161037 0.4397594
vn 0.9033553 -1.365596E-06 0.4288988
vn 0.9586701 -1.412008E-06 0.2845279
vn 0.95867 -1.412008E-06 0.2845279
vn 0.5397469 -0.02161381 0.841553
vn 0.3012664 -6.321568E-07 0.9535426
vn 0.4723198 -8.573037E-07 0.8814301
vn 0.07940966 -0.01750134 -0.9966904
vn 0.01996244 1.899009E-07 -0.9998028
vn -0.2208374 5.236466E-07 -0.9753129
vn -0.2208375 5.236467E-07 -0.9753131
vn -0.3436013 6.886259E-07 -0.9391182
vn -0.3436013 6.886259E-07 -0.9391182
vn -0.3626835 7.139262E-07 -0.9319152
vn -0.3626835 7.139261E-07 -0.931915
vn 0.8739408 -1.12467E-06 -0.4860353
vn 0.8739408 -1.12467E-06 -0.4860353
vn 0.9912304 -1.424634E-06 0.1321607
vn 0.9912304 -1.424634E-06 0.1321607
vn 0.9984632 -1.418093E-06 0.0554551
vn 0.9984632 -1.418093E-06 0.0554551
vn 0.8291427 -1.045668E-06 -0.5590392
vn 0.8291427 -1.045668E-06 -0.5590392
vn 0.8291427 -1.045668E-06 -0.5590392
vn 0.8291427 -1.045668E-06 -0.5590392
vn -0.8595319 1.321807E-06 -0.5110869
vn -0.8595319 1.321807E-06 -0.5110869
vn -0.8855852 1.348332E-06 -0.4644822
vn -0.8855852 1.348332E-06 -0.4644822
vn -0.7608843 1.212944E-06 -0.6488917
vn -0.7608843 1.212944E-06 -0.6488917
vn -0.5448065 9.500299E-07 -0.8385649
vn -0.5448065 9.500299E-07 -0.8385649
vn -0.2763107 5.986565E-07 -0.9610709
vn -0.2763106 5.986565E-07 -0.9610708
vn -0.05170758 2.905759E-07 -0.9986644
vn -0.05170758 2.905759E-07 -0.9986644
vn 0.1652417 -1.763042E-08 -0.9862549
vn 0.1652417 -1.763042E-08 -0.9862549
vn 0.339954 -2.736434E-07 -0.9404437
vn 0.339954 -2.736434E-07 -0.9404437
vn 0.4025069 -3.671849E-07 -0.9154187
vn 0.4025068 -3.671848E-07 -0.9154186
vn 0.04611299 -0.9986836 -0.02246577
vn 0.03100195 -0.9995103 -0.004255702
vn -1E-06 -1 -8.742278E-08
vn 0.0829388 -0.9957508 0.04002016
vn -0.003922843 -0.9997382 0.02254428
vn 0.08809972 -0.9939573 0.06547926
vn 0.1526128 -0.9745253 0.1643482
vn 0.09888005 -0.9950534 -0.009564128
vn -0.007286426 -0.9990216 0.04362278
vn -0.1518818 -0.9869238 0.05397643
vn -0.2114723 -0.975333 0.06328542
vn -0.1610512 -0.9862035 0.03827639
vn -0.214788 -0.9720365 0.09492701
vn -0.2605206 -0.9568066 0.1290351
vn -0.1995838 -0.9790542 0.04024009
vn -0.3202565 -0.9223939 0.2159292
vt 8 0
vt 8 -2.2962
vt 3 -2.2962
vt 3 0
vt 8 -4.2426
vt 3 -4.2426
vt 2.2962 8
vt 2.2962 3
vt 0 8
vt 0 3
vt -2.2962 8
vt -2.2962 3
vt 8 -4.2426
vt 3 -4.2426
vt 8 -2.2962
vt 3 -2.2962
vt 8 0
vt 3 0
vt 8 2.2962
vt 3 2.2962
vt 8 4.2426
vt 3 4.2426
vt -2.2962 8
vt -2.2962 3
vt 0 8
vt 0 3
vt 2.2962 8
vt 2.2962 3
vt 8 4.2426
vt 3 4.2426
vt 8 2.2962
vt 3 2.2962
vt 8 0
vt 8 -3.0616
vt 3 -3.0616
vt 3 0
vt 8 -5.6568
vt 3 -5.6568
vt 3.0616 8
vt 3.0616 3
vt 0 8
vt 0 3
vt -3.0616 8
vt -3.0616 3
vt 8 -5.6568
vt 3 -5.6568
vt 8 -3.0616
vt 3 -3.0616
vt 8 0
vt 3 0
vt 8 3.0616
vt 3 3.0616
vt 8 5.6568
vt 3 5.6568
vt -3.0616 8
vt -3.0616 3
vt 0 8
vt 0 3
vt 3.0616 8
vt 3.0616 3
vt 8 5.6568
vt 3 5.6568
vt 8 3.0616
vt 3 3.0616
vt -8 0
vt -6 0
vt -5.5434 -2.2962
vt -7.3912 -3.0616
vt -4.2426 -4.2426
vt -5.6568 -5.6568
vt -2.2962 -5.5434
vt -3.0616 -7.3912
vt 0 -6
vt 0 -8
vt 2.2962 -5.5434
vt 3.0616 -7.3912
vt 4.2426 -4.2426
vt 5.6568 -5.6568
vt 5.5434 -2.2962
vt 7.3912 -3.0616
vt 6 0
vt 8 0
vt 5.5434 2.2962
vt 7.3912 3.0616
vt 4.2426 4.2426
vt 5.6568 5.6568
vt 2.2962 5.5434
vt 3.0616 7.3912
vt 0 6
vt 0 8
vt -2.2962 5.5434
vt -3.0616 7.3912
vt -4.2426 4.2426
vt -5.6568 5.6568
vt -5.5434 2.2962
vt -7.3912 3.0616
vt 8 60
vt 8 57.7038
vt 3 57.7038
vt 3 60
vt 8 55.7574
vt 3 55.7574
vt 2.2962 8
vt 2.2962 3
vt 0 8
vt 0 3
vt -2.2962 8
vt -2.2962 3
vt 8 55.7574
vt 3 55.7574
vt 8 57.7038
vt 3 57.7038
vt 8 60
vt 3 60
vt 8 62.2962
vt 3 62.2962
vt 8 64.2426
vt 3 64.2426
vt -2.2962 8
vt -2.2962 3
vt 0 8
vt 0 3
vt 2.2962 8
vt 2.2962 3
vt 8 64.2426
vt 3 64.2426
vt 8 62.2962
vt 3 62.2962
vt 8 60
vt 8 56.9384
vt 3 56.9384
vt 3 60
vt 8 54.3432
vt 3 54.3432
vt 3.0616 8
vt 3.0616 3
vt 0 8
vt 0 3
vt -3.0616 8
vt -3.0616 3
vt 8 54.3432
vt 3 54.3432
vt 8 56.9384
vt 3 56.9384
vt 8 60
vt 3 60
vt 8 63.0616
vt 3 63.0616
vt 8 65.6568
vt 3 65.6568
vt -3.0616 8
vt -3.0616 3
vt 0 8
vt 0 3
vt 3.0616 8
vt 3.0616 3
vt 8 65.6568
vt 3 65.6568
vt 8 63.0616
vt 3 63.0616
vt 52 0
vt 54 0
vt 54.4566 -2.2962
vt 52.6088 -3.0616
vt 55.7574 -4.2426
vt 54.3432 -5.6568
vt 57.7038 -5.5434
vt 56.9384 -7.3912
vt 60 -6
vt 60 -8
vt 62.2962 -5.5434
vt 63.0616 -7.3912
vt 64.2426 -4.2426
vt 65.6568 -5.6568
vt 65.5434 -2.2962
vt 67.3912 -3.0616
vt 66 0
vt 68 0
vt 65.5434 2.2962
vt 67.3912 3.0616
vt 64.2426 4.2426
vt 65.6568 5.6568
vt 62.2962 5.5434
vt 63.0616 7.3912
vt 60 6
vt 60 8
vt 57.7038 5.5434
vt 56.9384 7.3912
vt 55.7574 4.2426
vt 54.3432 5.6568
vt 54.4566 2.2962
vt 52.6088 3.0616
vt 0 0
vt 0 -1.5308
vt 3 -1.5308
vt 3 0
vt 0 -2.8284
vt 3 -2.8284
vt 1.5308 0
vt 1.5308 3
vt 0 0
vt 0 3
vt -1.5308 0
vt -1.5308 3
vt 0 -2.8284
vt 3 -2.8284
vt 0 -1.5308
vt 3 -1.5308
vt 0 0
vt 3 0
vt 0 1.5308
vt 3 1.5308
vt 0 2.8284
vt 3 2.8284
vt -1.5308 0
vt -1.5308 3
vt 0 0
vt 0 3
vt 1.5308 0
vt 1.5308 3
vt 0 2.8284
vt 3 2.8284
vt 0 1.5308
vt 3 1.5308
vt 0 20
vt 0 18.4692
vt 3 18.4692
vt 3 20
vt 0 17.1716
vt 3 17.1716
vt 21.5308 0
vt 21.5308 3
vt 20 0
vt 20 3
vt 18.4692 0
vt 18.4692 3
vt 0 17.1716
vt 3 17.1716
vt 0 18.4692
vt 3 18.4692
vt 0 20
vt 3 20
vt 0 21.5308
vt 3 21.5308
vt 0 22.8284
vt 3 22.8284
vt 18.4692 0
vt 18.4692 3
vt 20 0
vt 20 3
vt 21.5308 0
vt 21.5308 3
vt 0 22.8284
vt 3 22.8284
vt 0 21.5308
vt 3 21.5308
vt 0 20
vt 0 18.4692
vt 3 18.4692
vt 3 20
vt 0 17.1716
vt 3 17.1716
vt -18.4692 0
vt -18.4692 3
vt -20 0
vt -20 3
vt -21.5308 0
vt -21.5308 3
vt 0 17.1716
vt 3 17.1716
vt 0 18.4692
vt 3 18.4692
vt 0 20
vt 3 20
vt 0 21.5308
vt 3 21.5308
vt 0 22.8284
vt 3 22.8284
vt -21.5308 0
vt -21.5308 3
vt -20 0
vt -20 3
vt -18.4692 0
vt -18.4692 3
vt 0 22.8284
vt 3 22.8284
vt 0 21.5308
vt 3 21.5308
vt 0 40
vt 0 38.4692
vt 3 38.4692
vt 3 40
vt 0 37.1716
vt 3 37.1716
vt 21.5308 0
vt 21.5308 3
vt 20 0
vt 20 3
vt 18.4692 0
vt 18.4692 3
vt 0 37.1716
vt 3 37.1716
vt 0 38.4692
vt 3 38.4692
vt 0 40
vt 3 40
vt 0 41.5308
vt 3 41.5308
vt 0 42.8284
vt 3 42.8284
vt 18.4692 0
vt 18.4692 3
vt 20 0
vt 20 3
vt 21.5308 0
vt 21.5308 3
vt 0 42.8284
vt 3 42.8284
vt 0 41.5308
vt 3 41.5308
vt 0 40
vt 0 38.4692
vt 3 38.4692
vt 3 40
vt 0 37.1716
vt 3 37.1716
vt -18.4692 0
vt -18.4692 3
vt -20 0
vt -20 3
vt -21.5308 0
vt -21.5308 3
vt 0 37.1716
vt 3 37.1716
vt 0 38.4692
vt 3 38.4692
vt 0 40
vt 3 40
vt 0 41.5308
vt 3 41.5308
vt 0 42.8284
vt 3 42.8284
vt -21.5308 0
vt -21.5308 3
vt -20 0
vt -20 3
vt -18.4692 0
vt -18.4692 3
vt 0 42.8284
vt 3 42.8284
vt 0 41.5308
vt 3 41.5308
vt 0 60
vt 0 58.4692
vt 3 58.4692
vt 3 60
vt 0 57.1716
vt 3 57.1716
vt 1.5308 0
vt 1.5308 3
vt 0 0
vt 0 3
vt -1.5308 0
vt -1.5308 3
vt 0 57.1716
vt 3 57.1716
vt 0 58.4692
vt 3 58.4692
vt 0 60
vt 3 60
vt 0 61.5308
vt 3 61.5308
vt 0 62.8284
vt 3 62.8284
vt -1.5308 0
vt -1.5308 3
vt 0 0
vt 0 3
vt 1.5308 0
vt 1.5308 3
vt 0 62.8284
vt 3 62.8284
vt 0 61.5308
vt 3 61.5308
vt 3 0
vt 0 0
vt 0 -3.827
vt 3 -3.827
vt 0 -7.071
vt 3 -7.071
vt 3.827 0
vt 3.827 3
vt 0 0
vt 0 3
vt -3.827 0
vt -3.827 3
vt 0 -7.071
vt 3 -7.071
vt 0 -3.827
vt 3 -3.827
vt 0 0
vt 3 0
vt 0 3.68
vt 3 3.68
vt -9.28 3
vt -9.28 0
vt -19.67 0
vt -19.67 3
vt -19.67 3
vt -19.67 0
vt -20 0
vt -20 3
vt 3 20
vt 0 20
vt 0 22.2962
vt 3 22.2962
vt 0 24.2426
vt 3 24.2426
vt -17.7038 0
vt -17.7038 3
vt -20 0
vt -20 3
vt -22.2962 0
vt -22.2962 3
vt 0 24.2426
vt 3 24.2426
vt 0 22.2962
vt 3 22.2962
vt 0 20
vt 3 20
vt 0 17.7038
vt 3 17.7038
vt 0 15.7574
vt 3 15.7574
vt -22.2962 0
vt -22.2962 3
vt 0 19.67
vt 3 19.67
vt 3 19.67
vt 0 19.67
vt 0 9.6
vt 3 9.6
vt 3 9.6
vt 0 9.6
vt 0 18.4
vt 3 18.4
vt 3 18.4
vt 0 18.4
vt 0 34.07
vt 3 34.07
vt -19.67 3
vt -19.67 0
vt -20 0
vt -20 3
vt 3 40
vt 0 40
vt 0 42.2962
vt 3 42.2962
vt 0 44.2426
vt 3 44.2426
vt -17.7038 0
vt -17.7038 3
vt -20 0
vt -20 3
vt -22.2962 0
vt -22.2962 3
vt 0 44.2426
vt 3 44.2426
vt 0 42.2962
vt 3 42.2962
vt 0 40
vt 3 40
vt 0 37.7038
vt 3 37.7038
vt 0 35.7574
vt 3 35.7574
vt -22.2962 0
vt -22.2962 3
vt 0 39.67
vt 3 39.67
vt -14.07 3
vt -14.07 0
vt -4 0
vt -4 3
vt 3 29.6
vt 0 29.6
vt 0 53.3
vt 3 53.3
vt -4 3
vt -4 0
vt -5.6 0
vt -5.6 3
vt 0 60
vt 0 56.9384
vt 0 54.3432
vt 0 60
vt 0 63.0616
vt 0 65.6568
vt 3.0616 0
vt 0 0
vt -3.0616 0
vt 0 65.6568
vt 0 63.0616
vt 0 56.9384
vt 0 54.3432
vt 5.6 3
vt 5.6 0
vt 4 0
vt 4 3
vt 3 53.3
vt 0 53.3
vt 0 29.6
vt 3 29.6
vt 4 3
vt 4 0
vt 14.07 0
vt 14.07 3
vt 3 39.67
vt 0 39.67
vt 0 40
vt 3 40
vt 0 42.2962
vt 3 42.2962
vt 0 44.2426
vt 3 44.2426
vt 17.7038 0
vt 17.7038 3
vt 20 0
vt 20 3
vt 22.2962 0
vt 22.2962 3
vt 0 44.2426
vt 3 44.2426
vt 0 42.2962
vt 3 42.2962
vt 0 40
vt 3 40
vt 0 37.7038
vt 3 37.7038
vt 0 35.7574
vt 3 35.7574
vt 22.2962 0
vt 22.2962 3
vt 20 0
vt 20 3
vt 19.67 0
vt 19.67 3
vt 3 34.07
vt 0 34.07
vt 0 18.4
vt 3 18.4
vt 3 18.4
vt 0 18.4
vt 0 9.6
vt 3 9.6
vt 3 9.6
vt 0 9.6
vt 0 19.67
vt 3 19.67
vt 3 19.67
vt 0 19.67
vt 0 20
vt 3 20
vt 0 22.2962
vt 3 22.2962
vt 0 24.2426
vt 3 24.2426
vt 17.7038 0
vt 17.7038 3
vt 20 0
vt 20 3
vt 22.2962 0
vt 22.2962 3
vt 0 24.2426
vt 3 24.2426
vt 0 22.2962
vt 3 22.2962
vt 0 20
vt 3 20
vt 0 17.7038
vt 3 17.7038
vt 0 15.7574
vt 3 15.7574
vt 22.2962 0
vt 22.2962 3
vt 20 0
vt 20 3
vt 19.67 0
vt 19.67 3
vt 19.67 3
vt 19.67 0
vt 9.28 0
vt 9.28 3
vt 3 3.68
vt 0 3.68
vt 19.67 -14.07
vt 9.6 -4
vt 4 -9.6
vt 14.07 -19.67
vt 39.67 -14.07
vt 29.6 -4
vt 18.4 -4
vt 34.07 -19.67
vt 53.3 4
vt 9.6 4
vt 53.3 -4
vt 39.67 14.07
vt 34.07 19.67
vt 18.4 4
vt 29.6 4
vt 19.67 14.07
vt 14.07 19.67
vt 4 9.6
vt -6 0
vt -4 0
vt -3.6956 1.5308
vt -5.5434 2.2962
vt -2.8284 2.8284
vt -4.2426 4.2426
vt -1.5308 3.6956
vt -2.2962 5.5434
vt 0 4
vt 0 6
vt 1.5308 3.6956
vt 2.2962 5.5434
vt 2.8284 2.8284
vt 4.2426 4.2426
vt 3.6956 1.5308
vt 5.5434 2.2962
vt 4 0
vt 6 0
vt 3.6956 -1.5308
vt 5.5434 -2.2962
vt 2.8284 -2.8284
vt 4.2426 -4.2426
vt 1.5308 -3.6956
vt 2.2962 -5.5434
vt 0 -4
vt 0 -6
vt -1.5308 -3.6956
vt -2.2962 -5.5434
vt -2.8284 -2.8284
vt -4.2426 -4.2426
vt -3.6956 -1.5308
vt -5.5434 -2.2962
vt -10 0
vt -8 0
vt -7.3912 3.0616
vt -9.239 3.827
vt -5.6568 5.6568
vt -7.071 7.071
vt -3.0616 7.3912
vt -3.827 9.239
vt 0 8
vt 0 10
vt 3.0616 7.3912
vt 3.827 9.239
vt 5.6568 5.6568
vt 7.071 7.071
vt 7.3912 3.0616
vt 9.239 3.827
vt 8 0
vt 10 0
vt 7.3912 -3.0616
vt 9.239 -3.827
vt 5.6568 -5.6568
vt 7.071 -7.071
vt 3.0616 -7.3912
vt 3.827 -9.239
vt 0 -8
vt 0 -10
vt -3.0616 -7.3912
vt -3.827 -9.239
vt -5.6568 -5.6568
vt -7.071 -7.071
vt -7.3912 -3.0616
vt -9.239 -3.827
vt 14 -20
vt 16 -20
vt 16.3044 -18.4692
vt 14.4566 -17.7038
vt 17.1716 -17.1716
vt 15.7574 -15.7574
vt 18.4692 -16.3044
vt 17.7038 -14.4566
vt 20 -16
vt 20 -14
vt 21.5308 -16.3044
vt 22.2962 -14.4566
vt 22.8284 -17.1716
vt 24.2426 -15.7574
vt 23.6956 -18.4692
vt 25.5434 -17.7038
vt 24 -20
vt 26 -20
vt 23.6956 -21.5308
vt 25.5434 -22.2962
vt 22.8284 -22.8284
vt 24.2426 -24.2426
vt 21.5308 -23.6956
vt 22.2962 -25.5434
vt 20 -24
vt 20 -26
vt 18.4692 -23.6956
vt 17.7038 -25.5434
vt 17.1716 -22.8284
vt 15.7574 -24.2426
vt 16.3044 -21.5308
vt 14.4566 -22.2962
vt 14 20
vt 16 20
vt 16.3044 21.5308
vt 14.4566 22.2962
vt 17.1716 22.8284
vt 15.7574 24.2426
vt 18.4692 23.6956
vt 17.7038 25.5434
vt 20 24
vt 20 26
vt 21.5308 23.6956
vt 22.2962 25.5434
vt 22.8284 22.8284
vt 24.2426 24.2426
vt 23.6956 21.5308
vt 25.5434 22.2962
vt 24 20
vt 26 20
vt 23.6956 18.4692
vt 25.5434 17.7038
vt 22.8284 17.1716
vt 24.2426 15.7574
vt 21.5308 16.3044
vt 22.2962 14.4566
vt 20 16
vt 20 14
vt 18.4692 16.3044
vt 17.7038 14.4566
vt 17.1716 17.1716
vt 15.7574 15.7574
vt 16.3044 18.4692
vt 14.4566 17.7038
vt 34 -20
vt 36 -20
vt 36.3044 -18.4692
vt 34.4566 -17.7038
vt 37.1716 -17.1716
vt 35.7574 -15.7574
vt 38.4692 -16.3044
vt 37.7038 -14.4566
vt 40 -16
vt 40 -14
vt 41.5308 -16.3044
vt 42.2962 -14.4566
vt 42.8284 -17.1716
vt 44.2426 -15.7574
vt 43.6956 -18.4692
vt 45.5434 -17.7038
vt 44 -20
vt 46 -20
vt 43.6956 -21.5308
vt 45.5434 -22.2962
vt 42.8284 -22.8284
vt 44.2426 -24.2426
vt 41.5308 -23.6956
vt 42.2962 -25.5434
vt 40 -24
vt 40 -26
vt 38.4692 -23.6956
vt 37.7038 -25.5434
vt 37.1716 -22.8284
vt 35.7574 -24.2426
vt 36.3044 -21.5308
vt 34.4566 -22.2962
vt 34 20
vt 36 20
vt 36.3044 21.5308
vt 34.4566 22.2962
vt 37.1716 22.8284
vt 35.7574 24.2426
vt 38.4692 23.6956
vt 37.7038 25.5434
vt 40 24
vt 40 26
vt 41.5308 23.6956
vt 42.2962 25.5434
vt 42.8284 22.8284
vt 44.2426 24.2426
vt 43.6956 21.5308
vt 45.5434 22.2962
vt 44 20
vt 46 20
vt 43.6956 18.4692
vt 45.5434 17.7038
vt 42.8284 17.1716
vt 44.2426 15.7574
vt 41.5308 16.3044
vt 42.2962 14.4566
vt 40 16
vt 40 14
vt 38.4692 16.3044
vt 37.7038 14.4566
vt 37.1716 17.1716
vt 35.7574 15.7574
vt 36.3044 18.4692
vt 34.4566 17.7038
vt 54 0
vt 56 0
vt 56.3044 1.5308
vt 54.4566 2.2962
vt 57.1716 2.8284
vt 55.7574 4.2426
vt 58.4692 3.6956
vt 57.7038 5.5434
vt 60 4
vt 60 6
vt 61.5308 3.6956
vt 62.2962 5.5434
vt 62.8284 2.8284
vt 64.2426 4.2426
vt 63.6956 1.5308
vt 65.5434 2.2962
vt 64 0
vt 66 0
vt 63.6956 -1.5308
vt 65.5434 -2.2962
vt 62.8284 -2.8284
vt 64.2426 -4.2426
vt 61.5308 -3.6956
vt 62.2962 -5.5434
vt 60 -4
vt 60 -6
vt 58.4692 -3.6956
vt 57.7038 -5.5434
vt 57.1716 -2.8284
vt 55.7574 -4.2426
vt 56.3044 -1.5308
vt 54.4566 -2.2962
vt 19.67 -14.07
vt 14.07 -19.67
vt 4 -9.6
vt 9.6 -4
vt 39.67 -14.07
vt 34.07 -19.67
vt 18.4 -4
vt 29.6 -4
vt 53.3 4
vt 53.3 -4
vt 9.6 4
vt 39.67 14.07
vt 29.6 4
vt 18.4 4
vt 34.07 19.67
vt 19.67 14.07
vt 4 9.6
vt 14.07 19.67
vt -8 0
vt -6 0
vt -5.5434 -2.2962
vt -7.3912 -3.0616
vt -4.2426 -4.2426
vt -5.6568 -5.6568
vt -2.2962 -5.5434
vt -3.0616 -7.3912
vt 0 -6
vt 0 -8
vt 2.2962 -5.5434
vt 3.0616 -7.3912
vt 4.2426 -4.2426
vt 5.6568 -5.6568
vt 5.5434 -2.2962
vt 7.3912 -3.0616
vt 6 0
vt 8 0
vt 5.5434 2.2962
vt 7.3912 3.0616
vt 4.2426 4.2426
vt 5.6568 5.6568
vt 2.2962 5.5434
vt 3.0616 7.3912
vt 0 6
vt 0 8
vt -2.2962 5.5434
vt -3.0616 7.3912
vt -4.2426 4.2426
vt -5.6568 5.6568
vt -5.5434 2.2962
vt -7.3912 3.0616
vt -10 0
vt -9.239 -3.827
vt -7.071 -7.071
vt -3.827 -9.239
vt 0 -10
vt 3.827 -9.239
vt 7.071 -7.071
vt 9.239 -3.827
vt 10 0
vt 9.239 3.827
vt 7.071 7.071
vt 3.827 9.239
vt 0 10
vt -3.827 9.239
vt -7.071 7.071
vt -9.239 3.827
vt 52 0
vt 54 0
vt 54.4566 -2.2962
vt 52.6088 -3.0616
vt 55.7574 -4.2426
vt 54.3432 -5.6568
vt 57.7038 -5.5434
vt 56.9384 -7.3912
vt 60 -6
vt 60 -8
vt 62.2962 -5.5434
vt 63.0616 -7.3912
vt 64.2426 -4.2426
vt 65.6568 -5.6568
vt 65.5434 -2.2962
vt 67.3912 -3.0616
vt 66 0
vt 68 0
vt 65.5434 2.2962
vt 67.3912 3.0616
vt 64.2426 4.2426
vt 65.6568 5.6568
vt 62.2962 5.5434
vt 63.0616 7.3912
vt 60 6
vt 60 8
vt 57.7038 5.5434
vt 56.9384 7.3912
vt 55.7574 4.2426
vt 54.3432 5.6568
vt 54.4566 2.2962
vt 52.6088 3.0616
vt -4 0
vt -4 -1.5308
vt -4 -2.8284
vt 1.5308 -4
vt 0 -4
vt -1.5308 -4
vt -4 -2.8284
vt -4 -1.5308
vt -4 0
vt -4 1.5308
vt -4 2.8284
vt -1.5308 -4
vt 0 -4
vt 1.5308 -4
vt -4 2.8284
vt -4 1.5308
vt -4 0
vt -4 -2.2962
vt 0 -2.2962
vt 0 0
vt -4 -4.2426
vt 0 -4.2426
vt 2.2962 -4
vt 2.2962 0
vt 0 -4
vt 0 0
vt -2.2962 -4
vt -2.2962 0
vt -4 -4.2426
vt 0 -4.2426
vt -4 -2.2962
vt 0 -2.2962
vt -4 0
vt 0 0
vt -4 2.2962
vt 0 2.2962
vt -4 4.2426
vt 0 4.2426
vt -2.2962 -4
vt -2.2962 0
vt 0 -4
vt 0 0
vt 2.2962 -4
vt 2.2962 0
vt -4 4.2426
vt 0 4.2426
vt -4 2.2962
vt 0 2.2962
vt -6 0
vt -4 0
vt -3.6956 -1.5308
vt -5.5434 -2.2962
vt -2.8284 -2.8284
vt -4.2426 -4.2426
vt -1.5308 -3.6956
vt -2.2962 -5.5434
vt 0 -4
vt 0 -6
vt 1.5308 -3.6956
vt 2.2962 -5.5434
vt 2.8284 -2.8284
vt 4.2426 -4.2426
vt 3.6956 -1.5308
vt 5.5434 -2.2962
vt 4 0
vt 6 0
vt 3.6956 1.5308
vt 5.5434 2.2962
vt 2.8284 2.8284
vt 4.2426 4.2426
vt 1.5308 3.6956
vt 2.2962 5.5434
vt 0 4
vt 0 6
vt -1.5308 3.6956
vt -2.2962 5.5434
vt -2.8284 2.8284
vt -4.2426 4.2426
vt -3.6956 1.5308
vt -5.5434 2.2962
vt -4 20
vt -4 18.4692
vt -4 17.1716
vt 21.5308 -4
vt 20 -4
vt 18.4692 -4
vt -4 17.1716
vt -4 18.4692
vt -4 20
vt -4 21.5308
vt -4 22.8284
vt 18.4692 -4
vt 20 -4
vt 21.5308 -4
vt -4 22.8284
vt -4 21.5308
vt -4 20
vt -4 17.7038
vt -4 15.7574
vt 22.2962 -4
vt 20 -4
vt 17.7038 -4
vt 17.7038 0
vt -4 15.7574
vt 0 15.7574
vt -4 17.7038
vt 0 17.7038
vt -4 20
vt -4 22.2962
vt -4 24.2426
vt 17.7038 -4
vt 20 -4
vt 22.2962 -4
vt -4 24.2426
vt -4 22.2962
vt 14 20
vt 16 20
vt 16.3044 18.4692
vt 14.4566 17.7038
vt 17.1716 17.1716
vt 15.7574 15.7574
vt 18.4692 16.3044
vt 17.7038 14.4566
vt 20 16
vt 20 14
vt 21.5308 16.3044
vt 22.2962 14.4566
vt 22.8284 17.1716
vt 24.2426 15.7574
vt 23.6956 18.4692
vt 25.5434 17.7038
vt 24 20
vt 26 20
vt 23.6956 21.5308
vt 25.5434 22.2962
vt 22.8284 22.8284
vt 24.2426 24.2426
vt 21.5308 23.6956
vt 22.2962 25.5434
vt 20 24
vt 20 26
vt 18.4692 23.6956
vt 17.7038 25.5434
vt 17.1716 22.8284
vt 15.7574 24.2426
vt 16.3044 21.5308
vt 14.4566 22.2962
vt -4 20
vt -4 18.4692
vt -4 17.1716
vt -18.4692 -4
vt -20 -4
vt -21.5308 -4
vt -4 17.1716
vt -4 18.4692
vt -4 20
vt -4 21.5308
vt -4 22.8284
vt -21.5308 -4
vt -20 -4
vt -18.4692 -4
vt -4 22.8284
vt -4 21.5308
vt -4 20
vt -4 17.7038
vt 0 17.7038
vt -4 15.7574
vt 0 15.7574
vt -17.7038 -4
vt -17.7038 0
vt -20 -4
vt -22.2962 -4
vt -4 15.7574
vt -4 17.7038
vt -4 20
vt -4 22.2962
vt -4 24.2426
vt -22.2962 -4
vt -20 -4
vt -17.7038 -4
vt -4 24.2426
vt -4 22.2962
vt 14 -20
vt 16 -20
vt 16.3044 -21.5308
vt 14.4566 -22.2962
vt 17.1716 -22.8284
vt 15.7574 -24.2426
vt 18.4692 -23.6956
vt 17.7038 -25.5434
vt 20 -24
vt 20 -26
vt 21.5308 -23.6956
vt 22.2962 -25.5434
vt 22.8284 -22.8284
vt 24.2426 -24.2426
vt 23.6956 -21.5308
vt 25.5434 -22.2962
vt 24 -20
vt 26 -20
vt 23.6956 -18.4692
vt 25.5434 -17.7038
vt 22.8284 -17.1716
vt 24.2426 -15.7574
vt 21.5308 -16.3044
vt 22.2962 -14.4566
vt 20 -16
vt 20 -14
vt 18.4692 -16.3044
vt 17.7038 -14.4566
vt 17.1716 -17.1716
vt 15.7574 -15.7574
vt 16.3044 -18.4692
vt 14.4566 -17.7038
vt -4 40
vt -4 38.4692
vt -4 37.1716
vt 21.5308 -4
vt 20 -4
vt 18.4692 -4
vt -4 37.1716
vt -4 38.4692
vt -4 40
vt -4 41.5308
vt -4 42.8284
vt 18.4692 -4
vt 20 -4
vt 21.5308 -4
vt -4 42.8284
vt -4 41.5308
vt -4 40
vt -4 37.7038
vt -4 35.7574
vt 22.2962 -4
vt 20 -4
vt 17.7038 -4
vt 17.7038 0
vt -4 35.7574
vt 0 35.7574
vt -4 37.7038
vt 0 37.7038
vt -4 40
vt -4 42.2962
vt -4 44.2426
vt 17.7038 -4
vt 20 -4
vt 22.2962 -4
vt -4 44.2426
vt -4 42.2962
vt 34 20
vt 36 20
vt 36.3044 18.4692
vt 34.4566 17.7038
vt 37.1716 17.1716
vt 35.7574 15.7574
vt 38.4692 16.3044
vt 37.7038 14.4566
vt 40 16
vt 40 14
vt 41.5308 16.3044
vt 42.2962 14.4566
vt 42.8284 17.1716
vt 44.2426 15.7574
vt 43.6956 18.4692
vt 45.5434 17.7038
vt 44 20
vt 46 20
vt 43.6956 21.5308
vt 45.5434 22.2962
vt 42.8284 22.8284
vt 44.2426 24.2426
vt 41.5308 23.6956
vt 42.2962 25.5434
vt 40 24
vt 40 26
vt 38.4692 23.6956
vt 37.7038 25.5434
vt 37.1716 22.8284
vt 35.7574 24.2426
vt 36.3044 21.5308
vt 34.4566 22.2962
vt -4 40
vt -4 38.4692
vt -4 37.1716
vt -18.4692 -4
vt -20 -4
vt -21.5308 -4
vt -4 37.1716
vt -4 38.4692
vt -4 40
vt -4 41.5308
vt -4 42.8284
vt -21.5308 -4
vt -20 -4
vt -18.4692 -4
vt -4 42.8284
vt -4 41.5308
vt -4 40
vt -4 37.7038
vt 0 37.7038
vt -4 35.7574
vt 0 35.7574
vt -17.7038 -4
vt -17.7038 0
vt -20 -4
vt -22.2962 -4
vt -4 35.7574
vt -4 37.7038
vt -4 40
vt -4 42.2962
vt -4 44.2426
vt -22.2962 -4
vt -20 -4
vt -17.7038 -4
vt -4 44.2426
vt -4 42.2962
vt 34 -20
vt 36 -20
vt 36.3044 -21.5308
vt 34.4566 -22.2962
vt 37.1716 -22.8284
vt 35.7574 -24.2426
vt 38.4692 -23.6956
vt 37.7038 -25.5434
vt 40 -24
vt 40 -26
vt 41.5308 -23.6956
vt 42.2962 -25.5434
vt 42.8284 -22.8284
vt 44.2426 -24.2426
vt 43.6956 -21.5308
vt 45.5434 -22.2962
vt 44 -20
vt 46 -20
vt 43.6956 -18.4692
vt 45.5434 -17.7038
vt 42.8284 -17.1716
vt 44.2426 -15.7574
vt 41.5308 -16.3044
vt 42.2962 -14.4566
vt 40 -16
vt 40 -14
vt 38.4692 -16.3044
vt 37.7038 -14.4566
vt 37.1716 -17.1716
vt 35.7574 -15.7574
vt 36.3044 -18.4692
vt 34.4566 -17.7038
vt -4 60
vt -4 58.4692
vt -4 57.1716
vt 1.5308 -4
vt 0 -4
vt -1.5308 -4
vt -4 57.1716
vt -4 58.4692
vt -4 60
vt -4 61.5308
vt -4 62.8284
vt -1.5308 -4
vt 0 -4
vt 1.5308 -4
vt -4 62.8284
vt -4 61.5308
vt -4 60
vt -4 57.7038
vt 0 57.7038
vt 0 60
vt -4 55.7574
vt 0 55.7574
vt 2.2962 -4
vt 2.2962 0
vt 0 -4
vt 0 0
vt -2.2962 -4
vt -2.2962 0
vt -4 55.7574
vt 0 55.7574
vt -4 57.7038
vt 0 57.7038
vt -4 60
vt 0 60
vt -4 62.2962
vt 0 62.2962
vt -4 64.2426
vt 0 64.2426
vt -2.2962 -4
vt -2.2962 0
vt 0 -4
vt 0 0
vt 2.2962 -4
vt 2.2962 0
vt -4 64.2426
vt 0 64.2426
vt -4 62.2962
vt 0 62.2962
vt 54 0
vt 56 0
vt 56.3044 -1.5308
vt 54.4566 -2.2962
vt 57.1716 -2.8284
vt 55.7574 -4.2426
vt 58.4692 -3.6956
vt 57.7038 -5.5434
vt 60 -4
vt 60 -6
vt 61.5308 -3.6956
vt 62.2962 -5.5434
vt 62.8284 -2.8284
vt 64.2426 -4.2426
vt 63.6956 -1.5308
vt 65.5434 -2.2962
vt 64 0
vt 66 0
vt 63.6956 1.5308
vt 65.5434 2.2962
vt 62.8284 2.8284
vt 64.2426 4.2426
vt 61.5308 3.6956
vt 62.2962 5.5434
vt 60 4
vt 60 6
vt 58.4692 3.6956
vt 57.7038 5.5434
vt 57.1716 2.8284
vt 55.7574 4.2426
vt 56.3044 1.5308
vt 54.4566 2.2962
vt -28.2308 -3.6428
vt -28.9686 -4.465
vt -28.8741 -6.5021
vt -30.0685 -5.1646
vt -30.2936 -7.3675
vt -30.9528 -4.3573
vt -31.0853 -6.6113
vt -6.6113 -1.7135
vt -4.3573 -1.0798
vt -4.4984 -2.3407
vt -6.7763 -3.7778
vt -0.4204 -6.3802
vt -1.0511 -4.5181
vt 1.1851 -4.7988
vt 2.0185 -7.9143
vt -4.7988 -31.0638
vt -4.3993 -29.8173
vt -6.2672 -29.565
vt -7.9143 -30.9265
vt -6.1837 -28.1538
vt -2.141 -3.1829
vt -1.7537 -1.583
vt 1.1259 -3.4103
vt -13.412 -28.6265
vt -7.8386 -15.1561
vt -6.8646 -12.9278
vt -4.909 -8.147799
vt -10.3704 -29.7391
vt -6.3486 -31.1888
vt -3.3399 -4.5183
vt -2.6214 -4.3975
vt -3.2905 -6.716
vt -3.8715 -4.3898
vt -3.3399 -4.5183
vt -4.909 -8.1478
vt -5.8276 -8.804
vt -6.8646 -12.9278
vt -7.2743 -12.5588
vt -8.0745 -14.3543
vt -7.8386 -15.1561
vt -5.2109 -26.4691
vt -2.9321 -25.8938
vt -2.9113 -28.1628
vt -4.644 -25.1665
vt -4.1473 -6.5285
vt -3.601 -4.644
vt -4.1473 -6.5285
vt -3.4959 -5.7093
vt -5.09 -24.698
vt -3.696 -7.7165
vt -25.8613 -2.0518
vt -24.698 -2.9445
vt -25.1838 -3.4959
vt -3.696 -7.7165
vt -2.0518 -5.9018
vt -3.4959 -5.7093
vt -4.9021 -26.2788
vt -6.2428 -27.5194
vt -0.7013 -5.866
vt -0.8376999 -7.6585
vt 0.4236 -5.561
vt -25.1178 0.1021
vt -24.4869 -1.0441
vt -3.7903 -28.207
vt -4.4968 -9.5039
vt -5.2453 -11.2628
vt -8.7528 -26.5193
vt -6.2983 -27.2753
vt -6.185 -7.8571
vt -1.6309 -25.2256
vt -1.1901 -28.2308
vt -5.866 -28.0673
vt -22.3726 -1.4931
vt -24.4869 -1.0441
vt -22.3726 -1.4931
vt -23.277 -2.3028
vt -3.982 -23.277
vt -1.4931 -3.5536
vt -2.687 -22.7887
vt -3.4385 -23.8945
vt -3.4385 -23.8945
vt -2.687 -22.7887
vt -3.6428 -1.1901
vt -6.6147 -2.4569
vt -5.047 -2.5923
vt -8.4284 -5.4597
vt 0.5753 -3.7903
vt -4.3776 -2.9113
vt -3.3591 -9.5014
vt -0.2533 -10.4677
vt -0.045 -12.701
vt -2.6949 -12.7998
vt -7.0629 -13.8716
vt -2.8658 -14.8968
vt -6.2618 -14.8361
vt -8.477099 -13.9506
vt -7.4918 -9.8375
vt -9.878099 -10.237
vt -5.9091 -6.2983
vt -9.459599 -7.6594
vt -6.154 -7.7255
vt -7.5598 -11.789
vt -10.059 -10.0688
vt -9.9667 -12.3792
vt -8.0745 -14.3543
vt -10.2725 -14.6465
vt -5.3803 -15.3108
vt -6.1285 -13.412
vt -4.6253 -10.4208
vt -1.9334 -11.9427
vt -3.3738 -13.6805
vt 0.248 -10.2415
vt -0.6874 -8.1926
vt -3.8715 -4.3898
vt -9.2205 -4.9478
vt -9.517099 -15.5447
vt -11.4635 -11.4805
vt -8.0044 -13.3504
vt -7.304 -13.461
vt -8.477099 -13.9506
vt -7.0629 -13.8716
vt -7.4918 -9.8375
vt -7.2629 -10.4253
vt -8.477099 -13.9506
vt -8.0044 -13.3504
vt -5.0185 -8.121799
vt -6.4707 -10.8688
vt -6.4707 -10.8688
vt -6.4707 -10.8688
vt -9.5014 -26.8844
vt -5.0185 -8.121799
vt -8.8944 -3.7672
vt -10.574 -5.4775
vt 1.1186 -6.1837
vt 1.5514 -10.9024
vt -0.045 -12.701
vt -7.6855 -16.8283
vt -10.4985 -15.8098
vt -9.5625 -16.912
vt -6.154 -7.7255
vt -10.4208 -30.504
vt -6.716 -31.529
vt -7.5598 -11.789
vt -2.141 -3.1829
vt 2.153 -11.043
vt 0.9107 -12.715
vt -1.0458 -14.7286
vt -4.011 -16.4328
vt -6.374 -17.2583
vt -7.6911 -17.2453
vt -23.9164 -9.6621
vt -9.600699 -16.4529
vt -11.1598 -15.6595
vt -12.2685 -12.1285
vt -12.3968 -9.3718
vt -11.8006 -6.5376
vt -10.726 -3.8443
vt -9.316999 -2.978
vt -29.4361 -3.8663
vt -28.0294 -6.6147
vt -30.6733 -3.0933
vt -8.789 -29.2897
vt -10.9024 -27.7025
vt -12.701 -26.523
vt -13.0473 -27.4708
vt -10.9024 -27.7025
vt -25.0095 -2.8658
vt -26.472 -1.6999
vt -25.3466 -3.9008
vt -22.5302 -7.6855
vt -24.1621 -6.1901
vt -23.058 -8.0956
vt -21.8205 -9.5625
vt -22.4822 -9.686399
vt -17.1828 -22.4822
vt -16.912 -21.8205
vt -15.8098 -22.151
vt -16.6275 -23.0814
vt -14.9633 -24.1017
vt -15.8098 -22.151
vt -11.4805 -24.2665
vt -11.8102 -25.3814
vt -9.2003 -26.3261
vt -5.4775 -26.904
vt -6.5466 -27.429
vt -28.419 -10.4864
vt -27.4667 -8.8944
vt -28.2776 -8.9575
vt -30.623 -9.316999
vt -29.7103 -8.8894
vt -30.0495 -10.726
vt -12.1285 -26.835
vt -9.371799 -27.8325
vt -15.6595 -25.0125
vt -23.9164 -9.6621
vt -25.2531 -7.6911
vt -24.3434 -8.1699
vt -25.6063 -6.374
vt -12.715 -29.4225
vt -11.043 -30.435
vt -11.026 -29.4043
vt -11.026 -29.4043
vt -11.043 -30.435
vt -3.7788 -29.4294
vt -3.7903 -28.207
vt -3.4103 -30.5346
vt -3.8443 -30.0495
vt -6.5376 -29.0035
vt -23.9164 -9.6621
vt -24.3434 -8.1699
vt -25.6063 -6.374
vt -26.7976 -4.011
vt -28.3136 -1.0458
vt -3.0933 -0.9590999
vt -0.7654 1.8478
vt 0 2
vt 0 0
vt -1.4142 1.4142
vt -1.8478 0.7654
vt -2 0
vt -1.8478 -0.7654
vt -1.4142 -1.4142
vt -0.7654 -1.8478
vt 0 -2
vt 0.7654 -1.8478
vt 1.4142 -1.4142
vt 1.8478 -0.7654
vt 2 0
vt 1.8478 0.7654
vt 1.4142 1.4142
vt 0.7654 1.8478
vt -15 0
vt -15 -0.7654
vt 0 -0.7654
vt 0 0
vt -15 -1.4142
vt 0 -1.4142
vt 0.7654 -15
vt 0.7654 0
vt 0 -15
vt 0 0
vt -0.7654 -15
vt -0.7654 0
vt -15 -1.4142
vt 0 -1.4142
vt -15 -0.7654
vt 0 -0.7654
vt -15 0
vt 0 0
vt -15 0.7654
vt 0 0.7654
vt -15 1.4142
vt 0 1.4142
vt -0.7654 -15
vt -0.7654 0
vt 0 -15
vt 0 0
vt 0.7654 -15
vt 0.7654 0
vt -15 1.4142
vt 0 1.4142
vt -15 0.7654
vt 0 0.7654
vt 0 0
vt 0 -1.5308
vt -30.5 -1.5308
vt -30.5 0
vt 0 -2.8284
vt -30.5 -2.8284
vt 1.5308 0
vt 1.5308 -30.5
vt 0 0
vt 0 -30.5
vt -1.5308 0
vt -1.5308 -30.5
vt 0 -2.8284
vt -30.5 -2.8284
vt 0 -1.5308
vt -30.5 -1.5308
vt 0 0
vt -30.5 0
vt 0 1.5308
vt -30.5 1.5308
vt 0 2.8284
vt -30.5 2.8284
vt -1.5308 0
vt -1.5308 -30.5
vt 0 0
vt 0 -30.5
vt 1.5308 0
vt 1.5308 -30.5
vt 0 2.8284
vt -30.5 2.8284
vt 0 1.5308
vt -30.5 1.5308
vt -4 0
vt -2 0
vt -1.8478 -0.7654
vt -3.6956 -1.5308
vt -1.4142 -1.4142
vt -2.8284 -2.8284
vt -0.7654 -1.8478
vt -1.5308 -3.6956
vt 0 -2
vt 0 -4
vt 0.7654 -1.8478
vt 1.5308 -3.6956
vt 1.4142 -1.4142
vt 2.8284 -2.8284
vt 1.8478 -0.7654
vt 3.6956 -1.5308
vt 2 0
vt 4 0
vt 1.8478 0.7654
vt 3.6956 1.5308
vt 1.4142 1.4142
vt 2.8284 2.8284
vt 0.7654 1.8478
vt 1.5308 3.6956
vt 0 2
vt 0 4
vt -0.7654 1.8478
vt -1.5308 3.6956
vt -1.4142 1.4142
vt -2.8284 2.8284
vt -1.8478 0.7654
vt -3.6956 1.5308
vt -1.5308 3.6956
vt -0.7654 1.8478
vt 0 2
vt 0 4
vt -2.8284 2.8284
vt -1.4142 1.4142
vt -3.6956 1.5308
vt -1.8478 0.7654
vt -4 0
vt -2 0
vt -3.6956 -1.5308
vt -1.8478 -0.7654
vt -2.8284 -2.8284
vt -1.4142 -1.4142
vt -1.5308 -3.6956
vt -0.7654 -1.8478
vt 0 -4
vt 0 -2
vt 1.5308 -3.6956
vt 0.7654 -1.8478
vt 2.8284 -2.8284
vt 1.4142 -1.4142
vt 3.6956 -1.5308
vt 1.8478 -0.7654
vt 4 0
vt 2 0
vt 3.6956 1.5308
vt 1.8478 0.7654
vt 2.8284 2.8284
vt 1.4142 1.4142
vt 1.5308 3.6956
vt 0.7654 1.8478
vt -0.7654 1.8478
vt 0 2
vt 0 0
vt -1.4142 1.4142
vt -1.8478 0.7654
vt -2 0
vt -1.8478 -0.7654
vt -1.4142 -1.4142
vt -0.7654 -1.8478
vt 0 -2
vt 0.7654 -1.8478
vt 1.4142 -1.4142
vt 1.8478 -0.7654
vt 2 0
vt 1.8478 0.7654
vt 1.4142 1.4142
vt 0.7654 1.8478
vt -24 0
vt -24 -0.7654
vt -31.3 -0.7654
vt -31.3 0
vt -24 -1.4142
vt -31.3 -1.4142
vt 0.7654 -24
vt 0.7654 -31.3
vt 0 -24
vt 0 -31.3
vt -0.7654 -24
vt -0.7654 -31.3
vt -24 -1.4142
vt -31.3 -1.4142
vt -24 -0.7654
vt -31.3 -0.7654
vt -24 0
vt -31.3 0
vt -24 0.7654
vt -31.3 0.7654
vt -24 1.4142
vt -31.3 1.4142
vt -0.7654 -24
vt -0.7654 -31.3
vt 0 -24
vt 0 -31.3
vt 0.7654 -24
vt 0.7654 -31.3
vt -24 1.4142
vt -31.3 1.4142
vt -24 0.7654
vt -31.3 0.7654
vt 3.749824 -28.2308
vt 4.509724 -28.9686
vt 6.605363 -28.8741
vt 5.089948 -30.0685
vt 7.371776 -30.2936
vt 4.313452 -30.9528
vt 6.582334 -31.0853
vt 1.821708 6.582334
vt 1.243511 4.313452
vt 0.2220836 5.066099
vt 0.116462 7.757379
vt -5.315245 3.554179
vt -3.38726 3.169334
vt -4.748455 1.373068
vt -7.863271 2.209069
vt -31.0638 -4.748455
vt -29.8173 -4.444876
vt -29.565 -6.266733
vt -30.9265 -7.863271
vt -28.1538 -5.914569
vt -1.685987 3.44562
vt -0.4940755 2.310256
vt -3.516372 0.7300868
vt -8.550943 12.01346
vt -9.206336 14.36651
vt -7.763562 12.40885
vt -4.601739 8.325241
vt -6.395427 9.6637
vt -3.705278 6.279537
vt -2.243033 5.151604
vt -2.497667 4.468961
vt -4.171007 6.207671
vt -1.865948 5.547735
vt -2.243033 5.151604
vt -4.60174 8.325241
vt -4.710728 9.448876
vt -7.763562 12.40885
vt -7.239147 12.57916
vt -8.394003 14.16991
vt -9.206336 14.36651
vt -2.166996 6.668516
vt -25.8938 -0.6252364
vt 5.246783 -28.1628
vt -25.1665 -2.221344
vt -3.580226 6.855936
vt -2.221344 5.440574
vt -3.580226 6.855936
vt -3.196475 5.882204
vt -24.698 -2.935843
vt -4.83472 7.059096
vt 4.72782 -25.8613
vt 5.095025 -24.698
vt 5.882204 -25.1838
vt 7.059096 -25.6595
vt -4.085236 4.72782
vt -3.196475 5.882204
vt 2.929099 -26.2788
vt 4.121578 -27.5194
vt -4.729482 3.540347
vt -6.21364 4.554723
vt -5.027793 2.41365
vt 1.834378 -25.1178
vt 3.142872 -24.4869
vt 1.396923 -28.207
vt -5.982263 8.646314
vt -7.131271 10.17399
vt -5.980137 7.147782
vt 8.266607 -27.2753
vt -3.711984 9.284945
vt -25.2256 0.3662417
vt 3.749824 -28.2308
vt 3.540347 -28.0673
vt 3.069869 -22.3726
vt 3.142872 -24.4869
vt 3.069869 -22.3726
vt 3.985294 -23.277
vt -23.277 -2.297131
vt -2.330974 3.069869
vt -22.7887 -0.9061226
vt -23.8945 -1.447594
vt -23.8945 -1.447594
vt -22.7887 -0.9061226
vt 0.7907377 3.749824
vt 1.179601 6.956978
vt 0.2784905 5.667004
vt -0.5140634 10.0291
vt -3.570163 1.396923
vt -0.3324733 5.246783
vt -6.548947 7.659781
vt -8.938692 5.453216
vt -10.97695 6.389472
vt -9.73756 8.733765
vt -8.481771 13.05248
vt -11.46818 9.930269
vt -9.717607 12.84096
vt -7.843088 14.31672
vt -4.773669 11.40687
vt -3.926498 13.67323
vt -2.499966 8.266607
vt -1.90347 12.022
vt -3.613514 9.192298
vt -6.429728 12.44151
vt -3.690383 13.7458
vt -5.737409 14.82106
vt -8.394003 14.16991
vt -7.548058 16.21954
vt -10.56946 12.3149
vt -8.550943 12.01346
vt -6.712075 9.216049
vt -9.376036 7.645732
vt -10.16082 9.762062
vt -8.993445 4.905974
vt -6.751338 4.691609
vt -1.865948 5.547735
vt 0.3253074 10.45913
vt -8.703627 16.01444
vt -4.210706 15.66798
vt -7.559647 13.60725
vt -8.005629 13.05598
vt -7.843088 14.31672
vt -8.481771 13.05248
vt -4.773669 11.40687
vt -5.397172 11.50254
vt -7.843088 14.31672
vt -7.559647 13.60725
vt -4.524472 8.407071
vt -6.177357 11.03822
vt -6.177357 11.03822
vt -6.177357 11.03822
vt 7.659781 -26.8844
vt -4.524472 8.407071
vt 1.184692 9.586417
vt 0.5433207 11.89615
vt -5.914569 2.123109
vt -10.2175 4.107641
vt -10.73106 15.07002
vt -8.442511 16.99691
vt -9.865047 16.73741
vt -3.613514 9.192298
vt -30.504 -6.712075
vt -4.171007 6.207671
vt -6.429728 12.44151
vt -1.685987 3.44562
vt -10.64007 3.656937
vt -11.46692 5.568807
vt -12.23251 8.269994
vt -12.2258 11.69005
vt -11.7592 14.14923
vt -11.0894 15.28337
vt -23.9164 -10.2383
vt -9.448355 16.54094
vt -7.981696 17.49447
vt -4.369395 16.68914
vt -1.917861 15.4219
vt 0.2385426 13.48847
vt 2.033721 11.21119
vt 2.079463 9.557801
vt 3.772032 -29.4361
vt 6.956978 -28.0294
vt 3.15844 -30.6733
vt -29.2897 -8.578087
vt -27.7025 -10.2175
vt 6.389471 -26.523
vt 6.371315 -27.4708
vt 4.107641 -27.7025
vt 9.930269 -25.0095
vt 8.841414 -26.472
vt 11.36226 -25.3466
vt 15.07002 -22.5302
vt 13.81776 -24.1621
vt 15.63788 -23.058
vt 16.73741 -21.8205
vt 16.98011 -22.4822
vt -22.4822 -10.03762
vt -21.8205 -9.865047
vt -22.151 -8.442511
vt -23.0814 -9.160062
vt -24.1017 -7.296766
vt -22.151 -8.442511
vt -24.2665 -4.210706
vt -25.3814 -4.232488
vt 15.00056 -26.3261
vt 11.89615 -26.904
vt 13.18363 -27.429
vt 11.10119 -28.419
vt 9.586417 -27.4667
vt 9.392612 -28.2776
vt 9.557801 -30.623
vt 9.106286 -29.7103
vt 11.21119 -30.0495
vt -26.835 -4.369395
vt -27.8325 -1.91786
vt -25.0125 -7.981696
vt -23.9164 -10.2383
vt 15.28337 -25.2531
vt 15.81513 -24.3434
vt 14.14923 -25.6063
vt 5.568807 -29.4225
vt 3.656937 -30.435
vt 3.736773 -29.4043
vt -29.4043 -10.57435
vt -30.435 -10.64007
vt -29.4294 -3.771004
vt -28.207 -3.570163
vt -30.5346 -3.516372
vt 11.21119 -30.0495
vt 13.48847 -29.0035
vt 17.06792 -23.9164
vt 15.81513 -24.3434
vt 14.14923 -25.6063
vt 11.69005 -26.7976
vt 8.269994 -28.3136
vt 0.7160406 3.15844
vt -28.2308 2.852062
vt -28.9686 3.346041
vt -28.8741 4.938683
vt -30.0685 3.651414
vt -30.2936 5.400741
vt -3.233652 -30.9528
vt -31.0853 4.789592
vt 4.789592 -4.868834
vt 3.113789 -3.233652
vt 4.276316 -2.725399
vt 6.659838 -3.979579
vt 5.735644 2.826021
vt 4.43836 1.348766
vt 3.563355 3.425732
vt 5.844771 5.705231
vt -31.0638 3.563355
vt -29.8173 3.174976
vt -29.565 4.588433
vt -30.9265 5.844771
vt -28.1538 4.795969
vt 3.826987 -0.2627202
vt 2.247775 -0.7272567
vt 2.390472 2.680213
vt 14.67944 1.398535
vt 17.04494 0.7895875
vt 14.62816 0.5189505
vt 9.510738 -0.1774411
vt 11.56673 0.7066989
vt 7.290878 0.06906295
vt 5.582933 -0.6333034
vt 5.119067 -0.07146096
vt 7.461507 0.5083282
vt 5.737449 -1.157935
vt 5.582933 -0.6333034
vt 9.510739 -0.1774406
vt 10.53833 -0.6448765
vt 14.62816 0.5189505
vt 14.51345 -0.0203619
vt 16.4685 0.1843905
vt 17.04494 0.7895875
vt -26.4691 6.858595
vt -25.8938 4.453336
vt -28.1628 4.710073
vt 5.822343 -0.7965739
vt 7.727526 -0.3274362
vt 5.822343 -0.7965739
vt 7.727526 -0.3274362
vt 6.692375 -0.172904
vt 5.880342 -0.005025387
vt 8.53072 0.6574032
vt -25.8613 6.137035
vt 5.880342 -0.005025387
vt 6.692375 -0.172904
vt -25.6595 8.53072
vt 6.137035 1.17398
vt 6.692375 -0.172904
vt -26.2788 4.521366
vt -27.5194 5.983902
vt 5.430781 2.325653
vt 7.05134 3.103776
vt 4.604193 3.14735
vt -25.1178 3.279355
vt -24.4869 4.399526
vt -28.207 2.994864
vt 10.47906 0.8575861
vt 12.37657 1.088813
vt -26.5193 9.180237
vt -27.2753 8.409066
vt 9.896984 -1.427845
vt -25.2256 3.191058
vt -28.2308 2.852062
vt -28.0673 5.430781
vt -22.3726 3.824074
vt 1.334428 -24.4869
vt 0.4837307 -22.3726
vt -0.003293872 -23.277
vt -0.003293872 -23.277
vt 3.824074 0.4837307
vt -1.117584 -22.7887
vt -0.9312346 -23.8945
vt -23.8945 4.508094
vt -22.7887 3.747922
vt 2.852062 -2.559724
vt 5.435099 -4.500079
vt 4.768509 -3.074703
vt 8.942463 -4.569397
vt 2.994864 2.393377
vt 4.710073 -2.335483
vt 9.908048 1.841619
vt 9.191992 5.014484
vt 11.02195 6.311529
vt 12.43246 4.066036
vt 15.54467 0.8191166
vt 14.33397 4.966531
vt 15.97941 1.995143
vt 16.32019 -0.3661222
vt 12.26547 -1.569374
vt 13.8046 -3.436231
vt 8.409066 -1.968308
vt 11.36307 -4.362597
vt 9.767514 -1.466799
vt 13.98953 -0.6525135
vt 13.74938 -3.676995
vt 15.70411 -2.44186
vt 16.4685 0.1843905
vt 17.82056 -1.573043
vt 15.94976 2.995899
vt 14.67944 1.398535
vt 11.33737 1.204751
vt 11.30943 4.296968
vt 13.53462 3.918438
vt 8.745446 5.335526
vt 7.438737 3.500991
vt 5.737449 -1.157935
vt 8.895193 -5.51133
vt 18.22073 -0.4697433
vt 15.67421 -4.187485
vt 15.56405 -0.2568507
vt 15.30963 0.4050169
vt 16.32019 -0.3661222
vt 15.54467 0.8191166
vt 12.26547 -1.569374
vt 12.66007 -1.077239
vt 16.32019 -0.3661222
vt 15.56405 -0.2568507
vt 9.542972 -0.2852716
vt 12.64806 -0.1694198
vt 12.64806 -0.1694198
vt 12.64806 -0.1694198
vt -26.8844 9.908048
vt 9.542972 -0.2852716
vt 7.709708 -5.819217
vt 10.03068 -6.41865
vt 4.795969 4.060591
vt 8.666105 6.794759
vt 18.41656 1.758277
vt 18.94101 -1.187116
vt 19.42755 0.1745872
vt 9.767514 -1.466799
vt -30.504 11.33737
vt 7.461507 0.5083282
vt 13.98953 -0.6525135
vt 3.826987 -0.2627202
vt 8.487068 7.386062
vt 10.55622 7.146194
vt 13.27831 6.458606
vt 16.2368 4.742754
vt 18.1332 3.109074
vt 18.7805 1.961927
vt 0.3325815 -23.9164
vt -0.08804321 -25.1708
vt -1.834971 -25.0125
vt 16.63789 -4.560638
vt 14.31466 -6.0501
vt 11.56206 -6.950873
vt 8.692279 -7.366888
vt 7.237537 -6.579801
vt -2.924632 -29.4361
vt -28.0294 5.435099
vt -2.199341 -30.6733
vt -29.2897 6.644987
vt -27.7025 8.666105
vt -26.523 11.02195
vt -27.4708 11.2114
vt -27.7025 8.666105
vt -25.0095 14.33397
vt -26.472 13.61393
vt -25.3466 15.77925
vt -22.5302 18.41656
vt -24.1621 17.74299
vt 1.615818 -23.058
vt 0.1745872 -21.8205
vt 0.2026882 -22.4822
vt 0.2026882 -22.4822
vt 0.1745872 -21.8205
vt -1.187116 -22.151
vt -0.7619848 -23.0814
vt -24.1017 18.62057
vt -22.151 18.94101
vt -24.2665 15.67421
vt -25.3814 16.22349
vt -26.3261 13.97239
vt -26.904 10.03068
vt -27.429 11.39125
vt -28.419 8.741355
vt -27.4667 7.709708
vt -28.2776 7.310927
vt -30.623 7.237537
vt -29.7103 6.883094
vt -30.0495 8.692279
vt -26.835 16.63789
vt -27.8325 14.31466
vt -1.834971 -25.0125
vt 0.3325815 -23.9164
vt 1.961927 -25.2531
vt 1.664371 -24.3434
vt 3.109074 -25.6063
vt -29.4225 10.55622
vt -30.435 8.487068
vt -29.4043 8.523346
vt -29.4043 8.523346
vt -30.435 8.487068
vt 2.752745 -29.4294
vt -28.207 2.994864
vt -30.5346 2.390472
vt -30.0495 8.692279
vt -29.0035 11.56206
vt 0.3325815 -23.9164
vt 1.664371 -24.3434
vt -25.6063 18.1332
vt -26.7976 16.2368
vt -28.3136 13.27831
vt 2.377259 -2.199341
vt -4 0
vt -4 -1.5308
vt 0 -1.5308
vt 0 0
vt -4 -2.8284
vt 0 -2.8284
vt 1.5308 -4
vt 1.5308 0
vt 0 -4
vt 0 0
vt -1.5308 -4
vt -1.5308 0
vt -4 -2.8284
vt 0 -2.8284
vt -4 -1.5308
vt 0 -1.5308
vt -4 0
vt 0 0
vt -4 1.5308
vt 0 1.5308
vt -4 2.8284
vt 0 2.8284
vt -1.5308 -4
vt -1.5308 0
vt 0 -4
vt 0 0
vt 1.5308 -4
vt 1.5308 0
vt -4 2.8284
vt 0 2.8284
vt -4 1.5308
vt 0 1.5308
vt -4 0
vt -4 -2.2962
vt 0 -2.2962
vt 0 0
vt -4 -4.2426
vt 0 -4.2426
vt 2.2962 -4
vt 2.2962 0
vt 0 -4
vt 0 0
vt -2.2962 -4
vt -2.2962 0
vt -4 -4.2426
vt 0 -4.2426
vt -4 -2.2962
vt 0 -2.2962
vt -4 0
vt 0 0
vt -4 2.2962
vt 0 2.2962
vt -4 4.2426
vt 0 4.2426
vt -2.2962 -4
vt -2.2962 0
vt 0 -4
vt 0 0
vt 2.2962 -4
vt 2.2962 0
vt -4 4.2426
vt 0 4.2426
vt -4 2.2962
vt 0 2.2962
vt -6 0
vt -4 0
vt -3.6956 -1.5308
vt -5.5434 -2.2962
vt -2.8284 -2.8284
vt -4.2426 -4.2426
vt -1.5308 -3.6956
vt -2.2962 -5.5434
vt 0 -4
vt 0 -6
vt 1.5308 -3.6956
vt 2.2962 -5.5434
vt 2.8284 -2.8284
vt 4.2426 -4.2426
vt 3.6956 -1.5308
vt 5.5434 -2.2962
vt 4 0
vt 6 0
vt 3.6956 1.5308
vt 5.5434 2.2962
vt 2.8284 2.8284
vt 4.2426 4.2426
vt 1.5308 3.6956
vt 2.2962 5.5434
vt 0 4
vt 0 6
vt -1.5308 3.6956
vt -2.2962 5.5434
vt -2.8284 2.8284
vt -4.2426 4.2426
vt -3.6956 1.5308
vt -5.5434 2.2962
vt 8 0
vt 8 -2.2962
vt 3 -2.2962
vt 3 0
vt 8 -4.2426
vt 3 -4.2426
vt -2.2962 8
vt -2.2962 3
vt 0 8
vt 0 3
vt 2.2962 8
vt 2.2962 3
vt 8 -4.2426
vt 3 -4.2426
vt 8 -2.2962
vt 3 -2.2962
vt 8 0
vt 3 0
vt 8 2.2962
vt 3 2.2962
vt 8 4.2426
vt 3 4.2426
vt 2.2962 8
vt 2.2962 3
vt 0 8
vt 0 3
vt -2.2962 8
vt -2.2962 3
vt 8 4.2426
vt 3 4.2426
vt 8 2.2962
vt 3 2.2962
vt 8 0
vt 8 -3.0616
vt 3 -3.0616
vt 3 0
vt 8 -5.6568
vt 3 -5.6568
vt -3.0616 8
vt -3.0616 3
vt 0 8
vt 0 3
vt 3.0616 8
vt 3.0616 3
vt 8 -5.6568
vt 3 -5.6568
vt 8 -3.0616
vt 3 -3.0616
vt 8 0
vt 3 0
vt 8 3.0616
vt 3 3.0616
vt 8 5.6568
vt 3 5.6568
vt 3.0616 8
vt 3.0616 3
vt 0 8
vt 0 3
vt -3.0616 8
vt -3.0616 3
vt 8 5.6568
vt 3 5.6568
vt 8 3.0616
vt 3 3.0616
vt -8 0
vt -6 0
vt -5.5434 2.2962
vt -7.3912 3.0616
vt -4.2426 4.2426
vt -5.6568 5.6568
vt -2.2962 5.5434
vt -3.0616 7.3912
vt 0 6
vt 0 8
vt 2.2962 5.5434
vt 3.0616 7.3912
vt 4.2426 4.2426
vt 5.6568 5.6568
vt 5.5434 2.2962
vt 7.3912 3.0616
vt 6 0
vt 8 0
vt 5.5434 -2.2962
vt 7.3912 -3.0616
vt 4.2426 -4.2426
vt 5.6568 -5.6568
vt 2.2962 -5.5434
vt 3.0616 -7.3912
vt 0 -6
vt 0 -8
vt -2.2962 -5.5434
vt -3.0616 -7.3912
vt -4.2426 -4.2426
vt -5.6568 -5.6568
vt -5.5434 -2.2962
vt -7.3912 -3.0616
vt 0 5
vt -1.9135 4.6195
vt -3.827 9.239
vt 0 10
vt -3.5355 3.5355
vt -7.071 7.071
vt -4.6195 1.9135
vt -9.239 3.827
vt -5 0
vt -10 0
vt -4.6195 -1.9135
vt -9.239 -3.827
vt -3.5355 -3.5355
vt -7.071 -7.071
vt -1.9135 -4.6195
vt -3.827 -9.239
vt 0 -5
vt 0 -10
vt 1.9135 -4.6195
vt 3.827 -9.239
vt 3.5355 -3.5355
vt 7.071 -7.071
vt 4.6195 -1.9135
vt 9.239 -3.827
vt 5 0
vt 10 0
vt -6 0
vt -4 0
vt -3.6956 -1.5308
vt -5.5434 -2.2962
vt -2.8284 -2.8284
vt -4.2426 -4.2426
vt -1.5308 -3.6956
vt -2.2962 -5.5434
vt 0 -4
vt 0 -6
vt 1.5308 -3.6956
vt 2.2962 -5.5434
vt 2.8284 -2.8284
vt 4.2426 -4.2426
vt 3.6956 -1.5308
vt 5.5434 -2.2962
vt 4 0
vt 6 0
vt 3.6956 1.5308
vt 5.5434 2.2962
vt 2.8284 2.8284
vt 4.2426 4.2426
vt 1.5308 3.6956
vt 2.2962 5.5434
vt 0 4
vt 0 6
vt -1.5308 3.6956
vt -2.2962 5.5434
vt -2.8284 2.8284
vt -4.2426 4.2426
vt -3.6956 1.5308
vt -5.5434 2.2962
vt 3 0
vt 3 -1.5308
vt 3 -2.8284
vt 1.5308 3
vt 0 3
vt -1.5308 3
vt 3 -2.8284
vt 3 -1.5308
vt 3 0
vt 3 1.5308
vt 3 2.8284
vt -1.5308 3
vt 0 3
vt 1.5308 3
vt 3 2.8284
vt 3 1.5308
vt 1 0
vt 0 0
vt 0 -3.827
vt 1 -3.827
vt 7.071 0
vt 1 -7.071
vt 0 1
vt 0 0
vt -3.827 0
vt -3.827 1
vt 0 7.071
vt -7.071 1
vt 3 7.07107
vt 0 3.826863
vt 3 3.826863
vt 0 0
vt 3 0
vt 0 -3.826863
vt 3 -3.826863
vt 0 -7.07107
vt 3 -7.07107
vt -3.826863 0
vt -3.826863 3
vt 0 0
vt 0 3
vt 3.826863 0
vt 3.826863 3
vt 7.07107 3
vt -5.65684 5.65684
vt -7.391227 3.061482
vt -9.239034 3.826853
vt -7.07105 7.07105
vt -7.999903 0
vt -9.999879 0
vt -7.391227 -3.061482
vt -9.239034 -3.826853
vt -5.65684 -5.65684
vt -7.07105 -7.07105
vt -3.061482 -7.391227
vt -3.826853 -9.239034
vt 0 -7.999903
vt 0 -9.999879
vt 3.061482 -7.391227
vt 3.826853 -9.239034
vt 5.65684 -5.65684
vt 7.07105 -7.07105
vt 8.4 9.099999
vt 9.599999 9.2
vt 7.8 8.099999
vt 10.1 10.7
vt 11.3 10.6
vt 11.9 12.3
vt 12.7 12.2
vt 13.9 14.3
vt 14.5 13.9
vt 16.1 16.5
vt 16.7 16.2
vt 17.8 18.1
vt 18.2 17.8
vt 19.7 19
vt 19.7 19
vt 18.5 17.4
vt 18.2 17.8
vt 17.1 15.9
vt 16.7 16.2
vt 14.9 13.5
vt 14.5 13.9
vt 13.2 11.8
vt 12.7 12.2
vt 11.7 10.2
vt 11.3 10.6
vt 9.8 8.7
vt 9.599999 9.2
vt 7.8 8.099999
vt 8.7 20.3
vt 8 18.2
vt 6.8 19.1
vt 10.6 19.5
vt 10.8 20.9
vt 13.8 20.4
vt 13.9 21.7
vt 16.6 20.6
vt 16.9 21.9
vt 19.2 20.6
vt 20.1 21.7
vt 20.7 20.3
vt 21.5 21.2
vt 20 -0.679
vt 21.2 18.8
vt 22.6 16.3
vt 21.3 15.7
vt 22.3 12.6
vt 20.8 12.6
vt 20.8 8.5
vt 18.8 8.599999
vt 18.4 4.9
vt 17.1 5.7
vt 16.3 3.3
vt 15 4.2
vt 12.8 1.9
vt 12.4 3.1
vt 9.8 1.2
vt 9.5 2.6
vt 5.1 17.6
vt 5.8 16.5
vt 3.6 15.3
vt 4.5 13.8
vt 2.5 12.4
vt 3.7 11.7
vt 1.6 9.7
vt 3 9.4
vt 19.7 19
vt 17.8 18.1
vt 16.1 16.5
vt 13.9 14.3
vt 11.9 12.3
vt 8 18.2
vt 10.1 10.7
vt 9.8 8.7
vt 11.7 10.2
vt 13.2 11.8
vt 14.9 13.5
vt 17.1 15.9
vt 20.8 12.6
vt 18.5 17.4
vt 12.6 -2.2
vt 12.4 -2.8
vt 11.1 -1.5
vt 14 -3.2
vt 14.2 -2.2
vt 15.9 -2.1
vt 15.9 -3.1
vt 17.8 -2.3
vt 17.6 -1.5
vt 19.8 -1.6
vt 19.8 -1.1
vt 21.9 -1.5
vt 22 -1.1
vt 24.1 -1.3
vt 24.1 -1.3
vt 22 -1.1
vt 22 -0.7
vt 19.8 -1.1
vt 19.8 -0.7
vt 17.5 -1
vt 17.6 -1.5
vt 15.8 -1.4
vt 15.9 -2.1
vt 14.2 -2.2
vt 14.2 -1.5
vt 12.6 -2.2
vt 12.7 -1.5
vt 11.1 -1.5
vt 21.4 4.2
vt 20.9 3.5
vt 18.5499 5.1248
vt 18.8 5.5
vt 24 2
vt 23.1 1.5
vt 24.4 -0.2
vt 25.6 0
vt 25.8 -0.8
vt 25.3 -1.7
vt 24.4 -0.2
vt 24.1 -1.3
vt 22.9 -2.9
vt 24.1 -3.3
vt 22.2 -5.4
vt 21 -5.2
vt 19.7 -7.4
vt 18.8 -6.8
vt 16.7 -8.599999
vt 15.9 -7.8
vt 14 -9.099999
vt 13.9 -8
vt 10.9 -8.4
vt 11.3 -7.1
vt 7.071 -7.071
vt 7.9141 -5.8094
vt -7.071 7.071
vt -8.5 10.5
vt -6.9 10.9
vt -8.2 13.7
vt -9.3 13.2
vt -9.4 15
vt -8.099999 15.3
vt -7.1 18.4
vt -8.3 18.7
vt -5.8 22.9
vt -4.8 22.3
vt -3.4 25.5
vt -2.4 24.5
vt -1.2 27
vt -0.4 25.9
vt 0.6 25.9
vt 0 27.6
vt 1 27.5
vt 2.4 26.2
vt 0.6 25.9
vt 2.2 24.1
vt 3.9 24.3
vt 5.3 21.8
vt 3.8 21.4
vt 6.6598 18.8663
vt 5.1 17.6
vt 3.8 21.4
vt -1.3 13.2
vt -1.1 11.3
vt -1.8 13.1
vt -1.9 15.1
vt -1.2 15.1
vt -0.4 17.8
vt -1.1 17.9
vt -0.09999999 21
vt 0.6 21.1
vt 0.6 24.1
vt 0.6 24.1
vt -0.09999999 21
vt -0.7 21
vt -1.7 18
vt -1.1 17.9
vt -2.7 15.2
vt -1.9 15.1
vt -2.5 12.9
vt -1.8 13.1
vt -1.1 11.3
vt 1 23.8
vt 25.9 0
vt 0.6 25.9
vt 0.09999999 24.2
vt 10 0
vt 11.1 -1.5
vt 12.4 -2.8
vt 11.3 -7.1
vt 15.9 -7.8
vt 13.9 -8
vt 14 -3.2
vt 18.8 -6.8
vt 21 -5.2
vt 15.9 -3.1
vt 19.8 -1.6
vt 17.8 -2.3
vt 22.9 -2.9
vt 21.9 -1.5
vt 24.1 -1.3
vt 22 -0.7
vt 20.9 3.5
vt 18.5499 5.1248
vt 19.8 -0.7
vt 12.8 1.9
vt 17.5 -1
vt 15.8 -1.4
vt 14.2 -1.5
vt 9.8 1.2
vt 12.7 -1.5
vt -1.1 11.3
vt 1.6 9.7
vt 3.6 15.3
vt -1.3 13.2
vt -1.2 15.1
vt -0.4 17.8
vt 0.6 21.1
vt 1 23.8
vt 0.09999999 24.2
vt -0.7 21
vt -1.7 18
vt -2.7 15.2
vt -7.1 18.4
vt -2.5 12.9
vt 6.6598 18.8663
vt 6 0
vt 0 6
vt 20 -0.679
vt 21.2 -0.5984
vt 21.2 1.7016
vt 20 1.621
vt -0.5984 21.5
vt -1.0732 20.1
vt 1.2268 20.1
vt 1.7016 21.5
vt -2.3075 16.9
vt -0.0075 16.9
vt -3.0617 13.9
vt -0.7617 13.9
vt -3.2189 10.8
vt -0.9189 10.8
vt -3.0077 8.7
vt -0.7077 8.7
vt -2.4335 6.8
vt 0.1849 6.5956
vt -0.8943 18.4
vt 8.5 -2.2287
vt 8.5 0.0713
vt 5.5 1.4057
vt 12.6 -2.398
vt 12.6 -0.098
vt 16.3 -1.8126
vt 16.3 0.4874
vt 20 -0.679
vt 20 1.621
vt 18.8 5.5
vt 6.5956 18.7594
vt 6.6 14.9
vt 8.7 20.3
vt 20.8 8.5
vt 22.3 12.6
vt 10.8 20.9
vt 22.6 16.3
vt 13.9 21.7
vt 16.9 21.9
vt 21.5 21.2
vt 22.3 20
vt 20.1 21.7
vt 2.8 10.9
vt 3 7.0711
vt 0.5 7.071
vt 1.1 10.9
vt 3.1 14
vt 1.4 14
vt 3.1 16.7
vt 1.4 16.7
vt 2.9 19.7
vt 1.3 19.7
vt 2.9 22.2
vt 1.2 22.2
vt -3.3 3.1
vt -3.3 1.4
vt -1.7 3.2
vt -1.7 1.5
vt -0.8 3.2
vt -0.8 1.5
vt 0 3.2
vt -0.8 3.2
vt -0.8 1.5
vt 0 1.5
vt 2 3
vt 2 1
vt 2.6 21.4
vt 0.6 21.4
vt 2.6 18.8
vt 0.4 18.8
vt 2.75 15.45
vt 2.6 18.8
vt 0.4 18.8
vt 2.1844 15.3986
vt 2.7993 13.7
vt 1.2 0
vt 1.2 0.6
vt 0.6 12.8
vt 0.6 9.8
vt 0 9.8
vt 0.4 12.8
vt 0.1698 16.3
vt 0.0428 16.3
vt 13.7 4.9
vt 5.5 12.2
vt 5.6568 5.6568
vt 11.9 3
vt 8 0
vt 3.0616 7.3912
vt 10.9 -8.4
vt 16.7 -8.599999
vt 15.3986 5.5
vt 14 -9.099999
vt 15.45 5.5
vt 18.8 5.5
vt 19.7 -7.4
vt 21.4 4.2
vt 22.2 -5.4
vt 24.1 -3.3
vt 24 2
vt 25.3 -1.7
vt 25.6 0
vt 25.8 -0.8
vt 18.6 2
vt 18.8663 -0.6375
vt 21.8 0.6
vt 21.8 2.7
vt 24.3 3
vt 24.3 0.9
vt 14.9 2.3
vt 12.2 2.5847
vt 14.9 1.5913
vt 17.6 -0.5635
vt 17.6 -1.2783
vt 15.3 0.2287
vt 15.3 -0.1299
vt 12.4 0.3916
vt 12.4 0.1
vt 9.7 0.553
vt 9.7 0
vt 0 1.6
vt 0.553 1.6
vt 26.2 3.2
vt 26.2 1.1
vt 3.3 1
vt 1.2 1
vt 1.2 0
vt 3.3 0
vt 3.3 1
vt 1.2 1
vt 10.5 3
vt 10.5 0.9
vt 7.071 0.3
vt 7.071 3
vt 13.2 3
vt 13.2 0.9
vt 15 3
vt 15 0.9
vt 18.7 2.7
vt 18.7 0.6
vt 22.9 2.5
vt 22.9 0.4
vt 2.7 -3.4
vt 0.6 -3.4
vt 3 -1.2
vt 0.9 -1.2
vt 1.2 0
vt 3.3 0
vt 0 8
vt -8.5 10.5
vt -3.0616 7.3912
vt -9.3 13.2
vt 6.5 18.6
vt -8.3 18.7
vt -9.4 15
vt 6.6 14.9
vt -5.8 22.9
vt -3.4 25.5
vt 5.3 21.8
vt 3.9 24.3
vt -1.2 27
vt 1 27.5
vt 2.4 26.2
vt 0 27.6
vt -4 0
vt -4 -1.5308
vt 0 -1.5308
vt 0 0
vt -4 -2.8284
vt 0 -2.8284
vt 1.5308 -4
vt 1.5308 0
vt 0 -4
vt 0 0
vt -1.5308 -4
vt -1.5308 0
vt -4 -2.8284
vt 0 -2.8284
vt -4 -1.5308
vt 0 -1.5308
vt -4 0
vt 0 0
vt -4 1.5308
vt 0 1.5308
vt -4 2.8284
vt 0 2.8284
vt -1.5308 -4
vt -1.5308 0
vt 0 -4
vt 0 0
vt 1.5308 -4
vt 1.5308 0
vt -4 2.8284
vt 0 2.8284
vt -4 1.5308
vt 0 1.5308
vt -4 0
vt -4 -2.2962
vt 0 -2.2962
vt 0 0
vt -4 -4.2426
vt 0 -4.2426
vt 2.2962 -4
vt 2.2962 0
vt 0 -4
vt 0 0
vt -2.2962 -4
vt -2.2962 0
vt -4 -4.2426
vt 0 -4.2426
vt -4 -2.2962
vt 0 -2.2962
vt -4 0
vt 0 0
vt -4 2.2962
vt 0 2.2962
vt -4 4.2426
vt 0 4.2426
vt -2.2962 -4
vt -2.2962 0
vt 0 -4
vt 0 0
vt 2.2962 -4
vt 2.2962 0
vt -4 4.2426
vt 0 4.2426
vt -4 2.2962
vt 0 2.2962
vt -6 0
vt -4 0
vt -3.6956 -1.5308
vt -5.5434 -2.2962
vt -2.8284 -2.8284
vt -4.2426 -4.2426
vt -1.5308 -3.6956
vt -2.2962 -5.5434
vt 0 -4
vt 0 -6
vt 1.5308 -3.6956
vt 2.2962 -5.5434
vt 2.8284 -2.8284
vt 4.2426 -4.2426
vt 3.6956 -1.5308
vt 5.5434 -2.2962
vt 4 0
vt 6 0
vt 3.6956 1.5308
vt 5.5434 2.2962
vt 2.8284 2.8284
vt 4.2426 4.2426
vt 1.5308 3.6956
vt 2.2962 5.5434
vt 0 4
vt 0 6
vt -1.5308 3.6956
vt -2.2962 5.5434
vt -2.8284 2.8284
vt -4.2426 4.2426
vt -3.6956 1.5308
vt -5.5434 2.2962
vt 8 0
vt 8 -2.2962
vt 3 -2.2962
vt 3 0
vt 8 -4.2426
vt 3 -4.2426
vt -2.2962 8
vt -2.2962 3
vt 0 8
vt 0 3
vt 2.2962 8
vt 2.2962 3
vt 8 -4.2426
vt 3 -4.2426
vt 8 -2.2962
vt 3 -2.2962
vt 8 0
vt 3 0
vt 8 2.2962
vt 3 2.2962
vt 8 4.2426
vt 3 4.2426
vt 2.2962 8
vt 2.2962 3
vt 0 8
vt 0 3
vt -2.2962 8
vt -2.2962 3
vt 8 4.2426
vt 3 4.2426
vt 8 2.2962
vt 3 2.2962
vt 8 0
vt 8 -3.0616
vt 3 -3.0616
vt 3 0
vt 8 -5.6568
vt 3 -5.6568
vt -3.0616 8
vt -3.0616 3
vt 0 8
vt 0 3
vt 3.0616 8
vt 3.0616 3
vt 8 -5.6568
vt 3 -5.6568
vt 8 -3.0616
vt 3 -3.0616
vt 8 0
vt 3 0
vt 8 3.0616
vt 3 3.0616
vt 8 5.6568
vt 3 5.6568
vt 3.0616 8
vt 3.0616 3
vt 0 8
vt 0 3
vt -3.0616 8
vt -3.0616 3
vt 8 5.6568
vt 3 5.6568
vt 8 3.0616
vt 3 3.0616
vt -8 0
vt -6 0
vt -5.5434 2.2962
vt -7.3912 3.0616
vt -4.2426 4.2426
vt -5.6568 5.6568
vt -2.2962 5.5434
vt -3.0616 7.3912
vt 0 6
vt 0 8
vt 2.2962 5.5434
vt 3.0616 7.3912
vt 4.2426 4.2426
vt 5.6568 5.6568
vt 5.5434 2.2962
vt 7.3912 3.0616
vt 6 0
vt 8 0
vt 5.5434 -2.2962
vt 7.3912 -3.0616
vt 4.2426 -4.2426
vt 5.6568 -5.6568
vt 2.2962 -5.5434
vt 3.0616 -7.3912
vt 0 -6
vt 0 -8
vt -2.2962 -5.5434
vt -3.0616 -7.3912
vt -4.2426 -4.2426
vt -5.6568 -5.6568
vt -5.5434 -2.2962
vt -7.3912 -3.0616
vt 0 5
vt -1.9135 4.6195
vt -3.827 9.239
vt 0 10
vt -3.5355 3.5355
vt -7.071 7.071
vt -4.6195 1.9135
vt -9.239 3.827
vt -5 0
vt -10 0
vt -4.6195 -1.9135
vt -9.239 -3.827
vt -3.5355 -3.5355
vt -7.071 -7.071
vt -1.9135 -4.6195
vt -3.827 -9.239
vt 0 -5
vt 0 -10
vt 1.9135 -4.6195
vt 3.827 -9.239
vt 3.5355 -3.5355
vt 7.071 -7.071
vt 4.6195 -1.9135
vt 9.239 -3.827
vt 5 0
vt 10 0
vt -6 0
vt -4 0
vt -3.6956 -1.5308
vt -5.5434 -2.2962
vt -2.8284 -2.8284
vt -4.2426 -4.2426
vt -1.5308 -3.6956
vt -2.2962 -5.5434
vt 0 -4
vt 0 -6
vt 1.5308 -3.6956
vt 2.2962 -5.5434
vt 2.8284 -2.8284
vt 4.2426 -4.2426
vt 3.6956 -1.5308
vt 5.5434 -2.2962
vt 4 0
vt 6 0
vt 3.6956 1.5308
vt 5.5434 2.2962
vt 2.8284 2.8284
vt 4.2426 4.2426
vt 1.5308 3.6956
vt 2.2962 5.5434
vt 0 4
vt 0 6
vt -1.5308 3.6956
vt -2.2962 5.5434
vt -2.8284 2.8284
vt -4.2426 4.2426
vt -3.6956 1.5308
vt -5.5434 2.2962
vt 3 0
vt 3 -1.5308
vt 3 -2.8284
vt 1.5308 3
vt 0 3
vt -1.5308 3
vt 3 -2.8284
vt 3 -1.5308
vt 3 0
vt 3 1.5308
vt 3 2.8284
vt -1.5308 3
vt 0 3
vt 1.5308 3
vt 3 2.8284
vt 3 1.5308
vt 1 0
vt 0 0
vt 0 -3.827
vt 1 -3.827
vt 7.071 0
vt 1 -7.071
vt 0 1
vt 0 0
vt -3.827 0
vt -3.827 1
vt 0 7.071
vt -7.071 1
vt 3 7.07107
vt 0 3.826863
vt 3 3.826863
vt 0 0
vt 3 0
vt 0 -3.826863
vt 3 -3.826863
vt 0 -7.07107
vt 3 -7.07107
vt -3.826863 0
vt -3.826863 3
vt 0 0
vt 0 3
vt 3.826863 0
vt 3.826863 3
vt 7.07107 3
vt -5.65684 5.65684
vt -7.391227 3.061482
vt -9.239034 3.826853
vt -7.07105 7.07105
vt -7.999903 0
vt -9.999879 0
vt -7.391227 -3.061482
vt -9.239034 -3.826853
vt -5.65684 -5.65684
vt -7.07105 -7.07105
vt -3.061482 -7.391227
vt -3.826853 -9.239034
vt 0 -7.999903
vt 0 -9.999879
vt 3.061482 -7.391227
vt 3.826853 -9.239034
vt 5.65684 -5.65684
vt 7.07105 -7.07105
vt 8.4 9.099999
vt 9.599999 9.2
vt 7.8 8.099999
vt 10.1 10.7
vt 11.3 10.6
vt 11.9 12.3
vt 12.7 12.2
vt 13.9 14.3
vt 14.5 13.9
vt 16.1 16.5
vt 16.7 16.2
vt 17.8 18.1
vt 18.2 17.8
vt 19.7 19
vt 19.7 19
vt 18.5 17.4
vt 18.2 17.8
vt 17.1 15.9
vt 16.7 16.2
vt 14.9 13.5
vt 14.5 13.9
vt 13.2 11.8
vt 12.7 12.2
vt 11.7 10.2
vt 11.3 10.6
vt 9.8 8.7
vt 9.599999 9.2
vt 7.8 8.099999
vt 8.7 20.3
vt 8 18.2
vt 6.8 19.1
vt 10.6 19.5
vt 10.8 20.9
vt 13.8 20.4
vt 13.9 21.7
vt 16.6 20.6
vt 16.9 21.9
vt 19.2 20.6
vt 20.1 21.7
vt 20.7 20.3
vt 21.5 21.2
vt 20 -0.679
vt 21.2 18.8
vt 22.6 16.3
vt 21.3 15.7
vt 22.3 12.6
vt 20.8 12.6
vt 20.8 8.5
vt 18.8 8.599999
vt 18.4 4.9
vt 17.1 5.7
vt 16.3 3.3
vt 15 4.2
vt 12.8 1.9
vt 12.4 3.1
vt 9.8 1.2
vt 9.5 2.6
vt 5.1 17.6
vt 5.8 16.5
vt 3.6 15.3
vt 4.5 13.8
vt 2.5 12.4
vt 3.7 11.7
vt 1.6 9.7
vt 3 9.4
vt 19.7 19
vt 17.8 18.1
vt 16.1 16.5
vt 13.9 14.3
vt 11.9 12.3
vt 8 18.2
vt 10.1 10.7
vt 9.8 8.7
vt 11.7 10.2
vt 13.2 11.8
vt 14.9 13.5
vt 17.1 15.9
vt 20.8 12.6
vt 18.5 17.4
vt 12.6 -2.2
vt 12.4 -2.8
vt 11.1 -1.5
vt 14 -3.2
vt 14.2 -2.2
vt 15.9 -2.1
vt 15.9 -3.1
vt 17.8 -2.3
vt 17.6 -1.5
vt 19.8 -1.6
vt 19.8 -1.1
vt 21.9 -1.5
vt 22 -1.1
vt 24.1 -1.3
vt 24.1 -1.3
vt 22 -1.1
vt 22 -0.7
vt 19.8 -1.1
vt 19.8 -0.7
vt 17.5 -1
vt 17.6 -1.5
vt 15.8 -1.4
vt 15.9 -2.1
vt 14.2 -2.2
vt 14.2 -1.5
vt 12.6 -2.2
vt 12.7 -1.5
vt 11.1 -1.5
vt 21.4 4.2
vt 20.9 3.5
vt 18.5499 5.1248
vt 18.8 5.5
vt 24 2
vt 23.1 1.5
vt 24.4 -0.2
vt 25.6 0
vt 25.8 -0.8
vt 25.3 -1.7
vt 24.4 -0.2
vt 24.1 -1.3
vt 22.9 -2.9
vt 24.1 -3.3
vt 22.2 -5.4
vt 21 -5.2
vt 19.7 -7.4
vt 18.8 -6.8
vt 16.7 -8.599999
vt 15.9 -7.8
vt 14 -9.099999
vt 13.9 -8
vt 10.9 -8.4
vt 11.3 -7.1
vt 7.071 -7.071
vt 7.9141 -5.8094
vt -7.071 7.071
vt -8.5 10.5
vt -6.9 10.9
vt -8.2 13.7
vt -9.3 13.2
vt -9.4 15
vt -8.099999 15.3
vt -7.1 18.4
vt -8.3 18.7
vt -5.8 22.9
vt -4.8 22.3
vt -3.4 25.5
vt -2.4 24.5
vt -1.2 27
vt -0.4 25.9
vt 0.6 25.9
vt 0 27.6
vt 1 27.5
vt 2.4 26.2
vt 0.6 25.9
vt 2.2 24.1
vt 3.9 24.3
vt 5.3 21.8
vt 3.8 21.4
vt 6.6598 18.8663
vt 5.1 17.6
vt 3.8 21.4
vt -1.3 13.2
vt -1.1 11.3
vt -1.8 13.1
vt -1.9 15.1
vt -1.2 15.1
vt -0.4 17.8
vt -1.1 17.9
vt -0.09999999 21
vt 0.6 21.1
vt 0.6 24.1
vt 0.6 24.1
vt -0.09999999 21
vt -0.7 21
vt -1.7 18
vt -1.1 17.9
vt -2.7 15.2
vt -1.9 15.1
vt -2.5 12.9
vt -1.8 13.1
vt -1.1 11.3
vt 1 23.8
vt 25.9 0
vt 0.6 25.9
vt 0.09999999 24.2
vt 10 0
vt 11.1 -1.5
vt 12.4 -2.8
vt 11.3 -7.1
vt 15.9 -7.8
vt 13.9 -8
vt 14 -3.2
vt 18.8 -6.8
vt 21 -5.2
vt 15.9 -3.1
vt 19.8 -1.6
vt 17.8 -2.3
vt 22.9 -2.9
vt 21.9 -1.5
vt 24.1 -1.3
vt 22 -0.7
vt 20.9 3.5
vt 18.5499 5.1248
vt 19.8 -0.7
vt 12.8 1.9
vt 17.5 -1
vt 15.8 -1.4
vt 14.2 -1.5
vt 9.8 1.2
vt 12.7 -1.5
vt -1.1 11.3
vt 1.6 9.7
vt 3.6 15.3
vt -1.3 13.2
vt -1.2 15.1
vt -0.4 17.8
vt 0.6 21.1
vt 1 23.8
vt 0.09999999 24.2
vt -0.7 21
vt -1.7 18
vt -2.7 15.2
vt -7.1 18.4
vt -2.5 12.9
vt 6.6598 18.8663
vt 6 0
vt 0 6
vt 20 -0.679
vt 21.2 -0.5984
vt 21.2 1.7016
vt 20 1.621
vt -0.5984 21.5
vt -1.0732 20.1
vt 1.2268 20.1
vt 1.7016 21.5
vt -2.3075 16.9
vt -0.0075 16.9
vt -3.0617 13.9
vt -0.7617 13.9
vt -3.2189 10.8
vt -0.9189 10.8
vt -3.0077 8.7
vt -0.7077 8.7
vt -2.4335 6.8
vt 0.1849 6.5956
vt -0.8943 18.4
vt 8.5 -2.2287
vt 8.5 0.0713
vt 5.5 1.4057
vt 12.6 -2.398
vt 12.6 -0.098
vt 16.3 -1.8126
vt 16.3 0.4874
vt 20 -0.679
vt 20 1.621
vt 18.8 5.5
vt 6.5956 18.7594
vt 6.6 14.9
vt 8.7 20.3
vt 20.8 8.5
vt 22.3 12.6
vt 10.8 20.9
vt 22.6 16.3
vt 13.9 21.7
vt 16.9 21.9
vt 21.5 21.2
vt 22.3 20
vt 20.1 21.7
vt 2.8 10.9
vt 3 7.0711
vt 0.5 7.071
vt 1.1 10.9
vt 3.1 14
vt 1.4 14
vt 3.1 16.7
vt 1.4 16.7
vt 2.9 19.7
vt 1.3 19.7
vt 2.9 22.2
vt 1.2 22.2
vt -3.3 3.1
vt -3.3 1.4
vt -1.7 3.2
vt -1.7 1.5
vt -0.8 3.2
vt -0.8 1.5
vt 0 3.2
vt -0.8 3.2
vt -0.8 1.5
vt 0 1.5
vt 2 3
vt 2 1
vt 2.6 21.4
vt 0.6 21.4
vt 2.6 18.8
vt 0.4 18.8
vt 2.75 15.45
vt 2.6 18.8
vt 0.4 18.8
vt 2.1844 15.3986
vt 2.7993 13.7
vt 1.2 0
vt 1.2 0.6
vt 0.6 12.8
vt 0.6 9.8
vt 0 9.8
vt 0.4 12.8
vt 0.1698 16.3
vt 0.0428 16.3
vt 13.7 4.9
vt 5.5 12.2
vt 5.6568 5.6568
vt 11.9 3
vt 8 0
vt 3.0616 7.3912
vt 10.9 -8.4
vt 16.7 -8.599999
vt 15.3986 5.5
vt 14 -9.099999
vt 15.45 5.5
vt 18.8 5.5
vt 19.7 -7.4
vt 21.4 4.2
vt 22.2 -5.4
vt 24.1 -3.3
vt 24 2
vt 25.3 -1.7
vt 25.6 0
vt 25.8 -0.8
vt 18.6 2
vt 18.8663 -0.6375
vt 21.8 0.6
vt 21.8 2.7
vt 24.3 3
vt 24.3 0.9
vt 14.9 2.3
vt 12.2 2.5847
vt 14.9 1.5913
vt 17.6 -0.5635
vt 17.6 -1.2783
vt 15.3 0.2287
vt 15.3 -0.1299
vt 12.4 0.3916
vt 12.4 0.1
vt 9.7 0.553
vt 9.7 0
vt 0 1.6
vt 0.553 1.6
vt 26.2 3.2
vt 26.2 1.1
vt 3.3 1
vt 1.2 1
vt 1.2 0
vt 3.3 0
vt 3.3 1
vt 1.2 1
vt 10.5 3
vt 10.5 0.9
vt 7.071 0.3
vt 7.071 3
vt 13.2 3
vt 13.2 0.9
vt 15 3
vt 15 0.9
vt 18.7 2.7
vt 18.7 0.6
vt 22.9 2.5
vt 22.9 0.4
vt 2.7 -3.4
vt 0.6 -3.4
vt 3 -1.2
vt 0.9 -1.2
vt 1.2 0
vt 3.3 0
vt 0 8
vt -8.5 10.5
vt -3.0616 7.3912
vt -9.3 13.2
vt 6.5 18.6
vt -8.3 18.7
vt -9.4 15
vt 6.6 14.9
vt -5.8 22.9
vt -3.4 25.5
vt 5.3 21.8
vt 3.9 24.3
vt -1.2 27
vt 1 27.5
vt 2.4 26.2
vt 0 27.6
vt -4 0
vt -4 -1.5308
vt 0 -1.5308
vt 0 0
vt -4 -2.8284
vt 0 -2.8284
vt 1.5308 -4
vt 1.5308 0
vt 0 -4
vt 0 0
vt -1.5308 -4
vt -1.5308 0
vt -4 -2.8284
vt 0 -2.8284
vt -4 -1.5308
vt 0 -1.5308
vt -4 0
vt 0 0
vt -4 1.5308
vt 0 1.5308
vt -4 2.8284
vt 0 2.8284
vt -1.5308 -4
vt -1.5308 0
vt 0 -4
vt 0 0
vt 1.5308 -4
vt 1.5308 0
vt -4 2.8284
vt 0 2.8284
vt -4 1.5308
vt 0 1.5308
vt -4 0
vt -4 -2.2962
vt 0 -2.2962
vt 0 0
vt -4 -4.2426
vt 0 -4.2426
vt 2.2962 -4
vt 2.2962 0
vt 0 -4
vt 0 0
vt -2.2962 -4
vt -2.2962 0
vt -4 -4.2426
vt 0 -4.2426
vt -4 -2.2962
vt 0 -2.2962
vt -4 0
vt 0 0
vt -4 2.2962
vt 0 2.2962
vt -4 4.2426
vt 0 4.2426
vt -2.2962 -4
vt -2.2962 0
vt 0 -4
vt 0 0
vt 2.2962 -4
vt 2.2962 0
vt -4 4.2426
vt 0 4.2426
vt -4 2.2962
vt 0 2.2962
vt -6 0
vt -4 0
vt -3.6956 -1.5308
vt -5.5434 -2.2962
vt -2.8284 -2.8284
vt -4.2426 -4.2426
vt -1.5308 -3.6956
vt -2.2962 -5.5434
vt 0 -4
vt 0 -6
vt 1.5308 -3.6956
vt 2.2962 -5.5434
vt 2.8284 -2.8284
vt 4.2426 -4.2426
vt 3.6956 -1.5308
vt 5.5434 -2.2962
vt 4 0
vt 6 0
vt 3.6956 1.5308
vt 5.5434 2.2962
vt 2.8284 2.8284
vt 4.2426 4.2426
vt 1.5308 3.6956
vt 2.2962 5.5434
vt 0 4
vt 0 6
vt -1.5308 3.6956
vt -2.2962 5.5434
vt -2.8284 2.8284
vt -4.2426 4.2426
vt -3.6956 1.5308
vt -5.5434 2.2962
vt 8 0
vt 8 -2.2962
vt 3 -2.2962
vt 3 0
vt 8 -4.2426
vt 3 -4.2426
vt -2.2962 8
vt -2.2962 3
vt 0 8
vt 0 3
vt 2.2962 8
vt 2.2962 3
vt 8 -4.2426
vt 3 -4.2426
vt 8 -2.2962
vt 3 -2.2962
vt 8 0
vt 3 0
vt 8 2.2962
vt 3 2.2962
vt 8 4.2426
vt 3 4.2426
vt 2.2962 8
vt 2.2962 3
vt 0 8
vt 0 3
vt -2.2962 8
vt -2.2962 3
vt 8 4.2426
vt 3 4.2426
vt 8 2.2962
vt 3 2.2962
vt 8 0
vt 8 -3.0616
vt 3 -3.0616
vt 3 0
vt 8 -5.6568
vt 3 -5.6568
vt -3.0616 8
vt -3.0616 3
vt 0 8
vt 0 3
vt 3.0616 8
vt 3.0616 3
vt 8 -5.6568
vt 3 -5.6568
vt 8 -3.0616
vt 3 -3.0616
vt 8 0
vt 3 0
vt 8 3.0616
vt 3 3.0616
vt 8 5.6568
vt 3 5.6568
vt 3.0616 8
vt 3.0616 3
vt 0 8
vt 0 3
vt -3.0616 8
vt -3.0616 3
vt 8 5.6568
vt 3 5.6568
vt 8 3.0616
vt 3 3.0616
vt -8 0
vt -6 0
vt -5.5434 2.2962
vt -7.3912 3.0616
vt -4.2426 4.2426
vt -5.6568 5.6568
vt -2.2962 5.5434
vt -3.0616 7.3912
vt 0 6
vt 0 8
vt 2.2962 5.5434
vt 3.0616 7.3912
vt 4.2426 4.2426
vt 5.6568 5.6568
vt 5.5434 2.2962
vt 7.3912 3.0616
vt 6 0
vt 8 0
vt 5.5434 -2.2962
vt 7.3912 -3.0616
vt 4.2426 -4.2426
vt 5.6568 -5.6568
vt 2.2962 -5.5434
vt 3.0616 -7.3912
vt 0 -6
vt 0 -8
vt -2.2962 -5.5434
vt -3.0616 -7.3912
vt -4.2426 -4.2426
vt -5.6568 -5.6568
vt -5.5434 -2.2962
vt -7.3912 -3.0616
vt 0 5
vt -1.9135 4.6195
vt -3.827 9.239
vt 0 10
vt -3.5355 3.5355
vt -7.071 7.071
vt -4.6195 1.9135
vt -9.239 3.827
vt -5 0
vt -10 0
vt -4.6195 -1.9135
vt -9.239 -3.827
vt -3.5355 -3.5355
vt -7.071 -7.071
vt -1.9135 -4.6195
vt -3.827 -9.239
vt 0 -5
vt 0 -10
vt 1.9135 -4.6195
vt 3.827 -9.239
vt 3.5355 -3.5355
vt 7.071 -7.071
vt 4.6195 -1.9135
vt 9.239 -3.827
vt 5 0
vt 10 0
vt -6 0
vt -4 0
vt -3.6956 -1.5308
vt -5.5434 -2.2962
vt -2.8284 -2.8284
vt -4.2426 -4.2426
vt -1.5308 -3.6956
vt -2.2962 -5.5434
vt 0 -4
vt 0 -6
vt 1.5308 -3.6956
vt 2.2962 -5.5434
vt 2.8284 -2.8284
vt 4.2426 -4.2426
vt 3.6956 -1.5308
vt 5.5434 -2.2962
vt 4 0
vt 6 0
vt 3.6956 1.5308
vt 5.5434 2.2962
vt 2.8284 2.8284
vt 4.2426 4.2426
vt 1.5308 3.6956
vt 2.2962 5.5434
vt 0 4
vt 0 6
vt -1.5308 3.6956
vt -2.2962 5.5434
vt -2.8284 2.8284
vt -4.2426 4.2426
vt -3.6956 1.5308
vt -5.5434 2.2962
vt 3 0
vt 3 -1.5308
vt 3 -2.8284
vt 1.5308 3
vt 0 3
vt -1.5308 3
vt 3 -2.8284
vt 3 -1.5308
vt 3 0
vt 3 1.5308
vt 3 2.8284
vt -1.5308 3
vt 0 3
vt 1.5308 3
vt 3 2.8284
vt 3 1.5308
vt 1 0
vt 0 0
vt 0 -3.827
vt 1 -3.827
vt 7.071 0
vt 1 -7.071
vt 0 1
vt 0 0
vt -3.827 0
vt -3.827 1
vt 0 7.071
vt -7.071 1
vt 3 7.07107
vt 0 3.826863
vt 3 3.826863
vt 0 0
vt 3 0
vt 0 -3.826863
vt 3 -3.826863
vt 0 -7.07107
vt 3 -7.07107
vt -3.826863 0
vt -3.826863 3
vt 0 0
vt 0 3
vt 3.826863 0
vt 3.826863 3
vt 7.07107 3
vt -5.65684 5.65684
vt -7.391227 3.061482
vt -9.239034 3.826853
vt -7.07105 7.07105
vt -7.999903 0
vt -9.999879 0
vt -7.391227 -3.061482
vt -9.239034 -3.826853
vt -5.65684 -5.65684
vt -7.07105 -7.07105
vt -3.061482 -7.391227
vt -3.826853 -9.239034
vt 0 -7.999903
vt 0 -9.999879
vt 3.061482 -7.391227
vt 3.826853 -9.239034
vt 5.65684 -5.65684
vt 7.07105 -7.07105
vt 8.4 9.099999
vt 9.599999 9.2
vt 7.8 8.099999
vt 10.1 10.7
vt 11.3 10.6
vt 11.9 12.3
vt 12.7 12.2
vt 13.9 14.3
vt 14.5 13.9
vt 16.1 16.5
vt 16.7 16.2
vt 17.8 18.1
vt 18.2 17.8
vt 19.7 19
vt 19.7 19
vt 18.5 17.4
vt 18.2 17.8
vt 17.1 15.9
vt 16.7 16.2
vt 14.9 13.5
vt 14.5 13.9
vt 13.2 11.8
vt 12.7 12.2
vt 11.7 10.2
vt 11.3 10.6
vt 9.8 8.7
vt 9.599999 9.2
vt 7.8 8.099999
vt 8.7 20.3
vt 8 18.2
vt 6.8 19.1
vt 10.6 19.5
vt 10.8 20.9
vt 13.8 20.4
vt 13.9 21.7
vt 16.6 20.6
vt 16.9 21.9
vt 19.2 20.6
vt 20.1 21.7
vt 20.7 20.3
vt 21.5 21.2
vt 20 -0.679
vt 21.2 18.8
vt 22.6 16.3
vt 21.3 15.7
vt 22.3 12.6
vt 20.8 12.6
vt 20.8 8.5
vt 18.8 8.599999
vt 18.4 4.9
vt 17.1 5.7
vt 16.3 3.3
vt 15 4.2
vt 12.8 1.9
vt 12.4 3.1
vt 9.8 1.2
vt 9.5 2.6
vt 5.1 17.6
vt 5.8 16.5
vt 3.6 15.3
vt 4.5 13.8
vt 2.5 12.4
vt 3.7 11.7
vt 1.6 9.7
vt 3 9.4
vt 19.7 19
vt 17.8 18.1
vt 16.1 16.5
vt 13.9 14.3
vt 11.9 12.3
vt 8 18.2
vt 10.1 10.7
vt 9.8 8.7
vt 11.7 10.2
vt 13.2 11.8
vt 14.9 13.5
vt 17.1 15.9
vt 20.8 12.6
vt 18.5 17.4
vt 12.6 -2.2
vt 12.4 -2.8
vt 11.1 -1.5
vt 14 -3.2
vt 14.2 -2.2
vt 15.9 -2.1
vt 15.9 -3.1
vt 17.8 -2.3
vt 17.6 -1.5
vt 19.8 -1.6
vt 19.8 -1.1
vt 21.9 -1.5
vt 22 -1.1
vt 24.1 -1.3
vt 24.1 -1.3
vt 22 -1.1
vt 22 -0.7
vt 19.8 -1.1
vt 19.8 -0.7
vt 17.5 -1
vt 17.6 -1.5
vt 15.8 -1.4
vt 15.9 -2.1
vt 14.2 -2.2
vt 14.2 -1.5
vt 12.6 -2.2
vt 12.7 -1.5
vt 11.1 -1.5
vt 21.4 4.2
vt 20.9 3.5
vt 18.5499 5.1248
vt 18.8 5.5
vt 24 2
vt 23.1 1.5
vt 24.4 -0.2
vt 25.6 0
vt 25.8 -0.8
vt 25.3 -1.7
vt 24.4 -0.2
vt 24.1 -1.3
vt 22.9 -2.9
vt 24.1 -3.3
vt 22.2 -5.4
vt 21 -5.2
vt 19.7 -7.4
vt 18.8 -6.8
vt 16.7 -8.599999
vt 15.9 -7.8
vt 14 -9.099999
vt 13.9 -8
vt 10.9 -8.4
vt 11.3 -7.1
vt 7.071 -7.071
vt 7.9141 -5.8094
vt -7.071 7.071
vt -8.5 10.5
vt -6.9 10.9
vt -8.2 13.7
vt -9.3 13.2
vt -9.4 15
vt -8.099999 15.3
vt -7.1 18.4
vt -8.3 18.7
vt -5.8 22.9
vt -4.8 22.3
vt -3.4 25.5
vt -2.4 24.5
vt -1.2 27
vt -0.4 25.9
vt 0.6 25.9
vt 0 27.6
vt 1 27.5
vt 2.4 26.2
vt 0.6 25.9
vt 2.2 24.1
vt 3.9 24.3
vt 5.3 21.8
vt 3.8 21.4
vt 6.6598 18.8663
vt 5.1 17.6
vt 3.8 21.4
vt -1.3 13.2
vt -1.1 11.3
vt -1.8 13.1
vt -1.9 15.1
vt -1.2 15.1
vt -0.4 17.8
vt -1.1 17.9
vt -0.09999999 21
vt 0.6 21.1
vt 0.6 24.1
vt 0.6 24.1
vt -0.09999999 21
vt -0.7 21
vt -1.7 18
vt -1.1 17.9
vt -2.7 15.2
vt -1.9 15.1
vt -2.5 12.9
vt -1.8 13.1
vt -1.1 11.3
vt 1 23.8
vt 25.9 0
vt 0.6 25.9
vt 0.09999999 24.2
vt 10 0
vt 11.1 -1.5
vt 12.4 -2.8
vt 11.3 -7.1
vt 15.9 -7.8
vt 13.9 -8
vt 14 -3.2
vt 18.8 -6.8
vt 21 -5.2
vt 15.9 -3.1
vt 19.8 -1.6
vt 17.8 -2.3
vt 22.9 -2.9
vt 21.9 -1.5
vt 24.1 -1.3
vt 22 -0.7
vt 20.9 3.5
vt 18.5499 5.1248
vt 19.8 -0.7
vt 12.8 1.9
vt 17.5 -1
vt 15.8 -1.4
vt 14.2 -1.5
vt 9.8 1.2
vt 12.7 -1.5
vt -1.1 11.3
vt 1.6 9.7
vt 3.6 15.3
vt -1.3 13.2
vt -1.2 15.1
vt -0.4 17.8
vt 0.6 21.1
vt 1 23.8
vt 0.09999999 24.2
vt -0.7 21
vt -1.7 18
vt -2.7 15.2
vt -7.1 18.4
vt -2.5 12.9
vt 6.6598 18.8663
vt 6 0
vt 0 6
vt 20 -0.679
vt 21.2 -0.5984
vt 21.2 1.7016
vt 20 1.621
vt -0.5984 21.5
vt -1.0732 20.1
vt 1.2268 20.1
vt 1.7016 21.5
vt -2.3075 16.9
vt -0.0075 16.9
vt -3.0617 13.9
vt -0.7617 13.9
vt -3.2189 10.8
vt -0.9189 10.8
vt -3.0077 8.7
vt -0.7077 8.7
vt -2.4335 6.8
vt 0.1849 6.5956
vt -0.8943 18.4
vt 8.5 -2.2287
vt 8.5 0.0713
vt 5.5 1.4057
vt 12.6 -2.398
vt 12.6 -0.098
vt 16.3 -1.8126
vt 16.3 0.4874
vt 20 -0.679
vt 20 1.621
vt 18.8 5.5
vt 6.5956 18.7594
vt 6.6 14.9
vt 8.7 20.3
vt 20.8 8.5
vt 22.3 12.6
vt 10.8 20.9
vt 22.6 16.3
vt 13.9 21.7
vt 16.9 21.9
vt 21.5 21.2
vt 22.3 20
vt 20.1 21.7
vt 2.8 10.9
vt 3 7.0711
vt 0.5 7.071
vt 1.1 10.9
vt 3.1 14
vt 1.4 14
vt 3.1 16.7
vt 1.4 16.7
vt 2.9 19.7
vt 1.3 19.7
vt 2.9 22.2
vt 1.2 22.2
vt -3.3 3.1
vt -3.3 1.4
vt -1.7 3.2
vt -1.7 1.5
vt -0.8 3.2
vt -0.8 1.5
vt 0 3.2
vt -0.8 3.2
vt -0.8 1.5
vt 0 1.5
vt 2 3
vt 2 1
vt 2.6 21.4
vt 0.6 21.4
vt 2.6 18.8
vt 0.4 18.8
vt 2.75 15.45
vt 2.6 18.8
vt 0.4 18.8
vt 2.1844 15.3986
vt 2.7993 13.7
vt 1.2 0
vt 1.2 0.6
vt 0.6 12.8
vt 0.6 9.8
vt 0 9.8
vt 0.4 12.8
vt 0.1698 16.3
vt 0.0428 16.3
vt 13.7 4.9
vt 5.5 12.2
vt 5.6568 5.6568
vt 11.9 3
vt 8 0
vt 3.0616 7.3912
vt 10.9 -8.4
vt 16.7 -8.599999
vt 15.3986 5.5
vt 14 -9.099999
vt 15.45 5.5
vt 18.8 5.5
vt 19.7 -7.4
vt 21.4 4.2
vt 22.2 -5.4
vt 24.1 -3.3
vt 24 2
vt 25.3 -1.7
vt 25.6 0
vt 25.8 -0.8
vt 18.6 2
vt 18.8663 -0.6375
vt 21.8 0.6
vt 21.8 2.7
vt 24.3 3
vt 24.3 0.9
vt 14.9 2.3
vt 12.2 2.5847
vt 14.9 1.5913
vt 17.6 -0.5635
vt 17.6 -1.2783
vt 15.3 0.2287
vt 15.3 -0.1299
vt 12.4 0.3916
vt 12.4 0.1
vt 9.7 0.553
vt 9.7 0
vt 0 1.6
vt 0.553 1.6
vt 26.2 3.2
vt 26.2 1.1
vt 3.3 1
vt 1.2 1
vt 1.2 0
vt 3.3 0
vt 3.3 1
vt 1.2 1
vt 10.5 3
vt 10.5 0.9
vt 7.071 0.3
vt 7.071 3
vt 13.2 3
vt 13.2 0.9
vt 15 3
vt 15 0.9
vt 18.7 2.7
vt 18.7 0.6
vt 22.9 2.5
vt 22.9 0.4
vt 2.7 -3.4
vt 0.6 -3.4
vt 3 -1.2
vt 0.9 -1.2
vt 1.2 0
vt 3.3 0
vt 0 8
vt -8.5 10.5
vt -3.0616 7.3912
vt -9.3 13.2
vt 6.5 18.6
vt -8.3 18.7
vt -9.4 15
vt 6.6 14.9
vt -5.8 22.9
vt -3.4 25.5
vt 5.3 21.8
vt 3.9 24.3
vt -1.2 27
vt 1 27.5
vt 2.4 26.2
vt 0 27.6
usemtl 2
f 3/3/3 2/2/2 1/1/1
f 4/4/4 3/3/3 1/1/1
f 6/6/6 5/5/5 2/2/2
f 3/3/3 6/6/6 2/2/2
f 8/8/8 7/7/7 5/5/5
f 6/6/6 8/8/8 5/5/5
f 10/10/10 9/9/9 7/7/7
f 8/8/8 10/10/10 7/7/7
f 12/12/12 11/11/11 9/9/9
f 10/10/10 12/12/12 9/9/9
f 14/14/14 13/13/13 11/11/11
f 12/12/12 14/14/14 11/11/11
f 16/16/16 15/15/15 13/13/13
f 14/14/14 16/16/16 13/13/13
f 18/18/18 17/17/17 15/15/15
f 16/16/16 18/18/18 15/15/15
f 20/20/20 19/19/19 17/17/17
f 18/18/18 20/20/20 17/17/17
f 22/22/22 21/21/21 19/19/19
f 20/20/20 22/22/22 19/19/19
f 24/24/24 23/23/23 21/21/21
f 22/22/22 24/24/24 21/21/21
f 26/26/26 25/25/25 23/23/23
f 24/24/24 26/26/26 23/23/23
f 28/28/28 27/27/27 25/25/25
f 26/26/26 28/28/28 25/25/25
f 30/30/30 29/29/29 27/27/27
f 28/28/28 30/30/30 27/27/27
f 32/32/32 31/31/31 29/29/29
f 30/30/30 32/32/32 29/29/29
f 4/4/4 1/1/1 31/31/31
f 32/32/32 4/4/4 31/31/31
f 33/33/33 34/34/34 35/35/35
f 33/33/33 35/35/35 36/36/36
f 34/34/34 37/37/37 38/38/38
f 34/34/34 38/38/38 35/35/35
f 37/37/37 39/39/39 40/40/40
f 37/37/37 40/40/40 38/38/38
f 39/39/39 41/41/41 42/42/42
f 39/39/39 42/42/42 40/40/40
f 41/41/41 43/43/43 44/44/44
f 41/41/41 44/44/44 42/42/42
f 43/43/43 45/45/45 46/46/46
f 43/43/43 46/46/46 44/44/44
f 45/45/45 47/47/47 48/48/48
f 45/45/45 48/48/48 46/46/46
f 47/47/47 49/49/49 50/50/50
f 47/47/47 50/50/50 48/48/48
f 49/49/49 51/51/51 52/52/52
f 49/49/49 52/52/52 50/50/50
f 51/51/51 53/53/53 54/54/54
f 51/51/51 54/54/54 52/52/52
f 53/53/53 55/55/55 56/56/56
f 53/53/53 56/56/56 54/54/54
f 55/55/55 57/57/57 58/58/58
f 55/55/55 58/58/58 56/56/56
f 57/57/57 59/59/59 60/60/60
f 57/57/57 60/60/60 58/58/58
f 59/59/59 61/61/61 62/62/62
f 59/59/59 62/62/62 60/60/60
f 61/61/61 63/63/63 64/64/64
f 61/61/61 64/64/64 62/62/62
f 63/63/63 33/33/33 36/36/36
f 63/63/63 36/36/36 64/64/64
f 65/65/65 66/66/66 67/67/67
f 65/65/65 67/67/67 68/68/68
f 68/68/68 67/67/67 69/69/69
f 68/68/68 69/69/69 70/70/70
f 70/70/70 69/69/69 71/71/71
f 70/70/70 71/71/71 72/72/72
f 72/72/72 71/71/71 73/73/73
f 72/72/72 73/73/73 74/74/74
f 74/74/74 73/73/73 75/75/75
f 74/74/74 75/75/75 76/76/76
f 76/76/76 75/75/75 77/77/77
f 76/76/76 77/77/77 78/78/78
f 78/78/78 77/77/77 79/79/79
f 78/78/78 79/79/79 80/80/80
f 80/80/80 79/79/79 81/81/81
f 80/80/80 81/81/81 82/82/82
f 82/82/82 81/81/81 83/83/83
f 82/82/82 83/83/83 84/84/84
f 84/84/84 83/83/83 85/85/85
f 84/84/84 85/85/85 86/86/86
f 86/86/86 85/85/85 87/87/87
f 86/86/86 87/87/87 88/88/88
f 88/88/88 87/87/87 89/89/89
f 88/88/88 89/89/89 90/90/90
f 90/90/90 89/89/89 91/91/91
f 90/90/90 91/91/91 92/92/92
f 92/92/92 91/91/91 93/93/93
f 92/92/92 93/93/93 94/94/94
f 94/94/94 93/93/93 95/95/95
f 94/94/94 95/95/95 96/96/96
f 96/96/96 95/95/95 66/66/66
f 96/96/96 66/66/66 65/65/65
f 99/99/99 98/98/98 97/97/97
f 100/100/100 99/99/99 97/97/97
f 102/102/102 101/101/101 98/98/98
f 99/99/99 102/102/102 98/98/98
f 104/104/104 103/103/103 101/101/101
f 102/102/102 104/104/104 101/101/101
f 106/106/106 105/105/105 103/103/103
f 104/104/104 106/106/106 103/103/103
f 108/108/108 107/107/107 105/105/105
f 106/106/106 108/108/108 105/105/105
f 110/110/110 109/109/109 107/107/107
f 108/108/108 110/110/110 107/107/107
f 112/112/112 111/111/111 109/109/109
f 110/110/110 112/112/112 109/109/109
f 114/114/114 113/113/113 111/111/111
f 112/112/112 114/114/114 111/111/111
f 116/116/116 115/115/115 113/113/113
f 114/114/114 116/116/116 113/113/113
f 118/118/118 117/117/117 115/115/115
f 116/116/116 118/118/118 115/115/115
f 120/120/120 119/119/119 117/117/117
f 118/118/118 120/120/120 117/117/117
f 122/122/122 121/121/121 119/119/119
f 120/120/120 122/122/122 119/119/119
f 124/124/124 123/123/123 121/121/121
f 122/122/122 124/124/124 121/121/121
f 126/126/126 125/125/125 123/123/123
f 124/124/124 126/126/126 123/123/123
f 128/128/128 127/127/127 125/125/125
f 126/126/126 128/128/128 125/125/125
f 100/100/100 97/97/97 127/127/127
f 128/128/128 100/100/100 127/127/127
f 129/129/129 130/130/130 131/131/131
f 129/129/129 131/131/131 132/132/132
f 130/130/130 133/133/133 134/134/134
f 130/130/130 134/134/134 131/131/131
f 133/133/133 135/135/135 136/136/136
f 133/133/133 136/136/136 134/134/134
f 135/135/135 137/137/137 138/138/138
f 135/135/135 138/138/138 136/136/136
f 137/137/137 139/139/139 140/140/140
f 137/137/137 140/140/140 138/138/138
f 139/139/139 141/141/141 142/142/142
f 139/139/139 142/142/142 140/140/140
f 141/141/141 143/143/143 144/144/144
f 141/141/141 144/144/144 142/142/142
f 143/143/143 145/145/145 146/146/146
f 143/143/143 146/146/146 144/144/144
f 145/145/145 147/147/147 148/148/148
f 145/145/145 148/148/148 146/146/146
f 147/147/147 149/149/149 150/150/150
f 147/147/147 150/150/150 148/148/148
f 149/149/149 151/151/151 152/152/152
f 149/149/149 152/152/152 150/150/150
f 151/151/151 153/153/153 154/154/154
f 151/151/151 154/154/154 152/152/152
f 153/153/153 155/155/155 156/156/156
f 153/153/153 156/156/156 154/154/154
f 155/155/155 157/157/157 158/158/158
f 155/155/155 158/158/158 156/156/156
f 157/157/157 159/159/159 160/160/160
f 157/157/157 160/160/160 158/158/158
f 159/159/159 129/129/129 132/132/132
f 159/159/159 132/132/132 160/160/160
f 161/161/161 162/162/162 163/163/163
f 161/161/161 163/163/163 164/164/164
f 164/164/164 163/163/163 165/165/165
f 164/164/164 165/165/165 166/166/166
f 166/166/166 165/165/165 167/167/167
f 166/166/166 167/167/167 168/168/168
f 168/168/168 167/167/167 169/169/169
f 168/168/168 169/169/169 170/170/170
f 170/170/170 169/169/169 171/171/171
f 170/170/170 171/171/171 172/172/172
f 172/172/172 171/171/171 173/173/173
f 172/172/172 173/173/173 174/174/174
f 174/174/174 173/173/173 175/175/175
f 174/174/174 175/175/175 176/176/176
f 176/176/176 175/175/175 177/177/177
f 176/176/176 177/177/177 178/178/178
f 178/178/178 177/177/177 179/179/179
f 178/178/178 179/179/179 180/180/180
f 180/180/180 179/179/179 181/181/181
f 180/180/180 181/181/181 182/182/182
f 182/182/182 181/181/181 183/183/183
f 182/182/182 183/183/183 184/184/184
f 184/184/184 183/183/183 185/185/185
f 184/184/184 185/185/185 186/186/186
f 186/186/186 185/185/185 187/187/187
f 186/186/186 187/187/187 188/188/188
f 188/188/188 187/187/187 189/189/189
f 188/188/188 189/189/189 190/190/190
f 190/190/190 189/189/189 191/191/191
f 190/190/190 191/191/191 192/192/192
f 192/192/192 191/191/191 162/162/162
f 192/192/192 162/162/162 161/161/161
f 193/193/193 194/194/194 195/195/195
f 193/193/193 195/195/195 196/196/196
f 194/194/194 197/197/197 198/198/198
f 194/194/194 198/198/198 195/195/195
f 197/197/197 199/199/199 200/200/200
f 197/197/197 200/200/200 198/198/198
f 199/199/199 201/201/201 202/202/202
f 199/199/199 202/202/202 200/200/200
f 201/201/201 203/203/203 204/204/204
f 201/201/201 204/204/204 202/202/202
f 203/203/203 205/205/205 206/206/206
f 203/203/203 206/206/206 204/204/204
f 205/205/205 207/207/207 208/208/208
f 205/205/205 208/208/208 206/206/206
f 207/207/207 209/209/209 210/210/210
f 207/207/207 210/210/210 208/208/208
f 209/209/209 211/211/211 212/212/212
f 209/209/209 212/212/212 210/210/210
f 211/211/211 213/213/213 214/214/214
f 211/211/211 214/214/214 212/212/212
f 213/213/213 215/215/215 216/216/216
f 213/213/213 216/216/216 214/214/214
f 215/215/215 217/217/217 218/218/218
f 215/215/215 218/218/218 216/216/216
f 217/217/217 219/219/219 220/220/220
f 217/217/217 220/220/220 218/218/218
f 219/219/219 221/221/221 222/222/222
f 219/219/219 222/222/222 220/220/220
f 221/221/221 223/223/223 224/224/224
f 221/221/221 224/224/224 222/222/222
f 223/223/223 193/193/193 196/196/196
f 223/223/223 196/196/196 224/224/224
f 225/225/225 226/226/226 227/227/227
f 225/225/225 227/227/227 228/228/228
f 226/226/226 229/229/229 230/230/230
f 226/226/226 230/230/230 227/227/227
f 229/229/229 231/231/231 232/232/232
f 229/229/229 232/232/232 230/230/230
f 231/231/231 233/233/233 234/234/234
f 231/231/231 234/234/234 232/232/232
f 233/233/233 235/235/235 236/236/236
f 233/233/233 236/236/236 234/234/234
f 235/235/235 237/237/237 238/238/238
f 235/235/235 238/238/238 236/236/236
f 237/237/237 239/239/239 240/240/240
f 237/237/237 240/240/240 238/238/238
f 239/239/239 241/241/241 242/242/242
f 239/239/239 242/242/242 240/240/240
f 241/241/241 243/243/243 244/244/244
f 241/241/241 244/244/244 242/242/242
f 243/243/243 245/245/245 246/246/246
f 243/243/243 246/246/246 244/244/244
f 245/245/245 247/247/247 248/248/248
f 245/245/245 248/248/248 246/246/246
f 247/247/247 249/249/249 250/250/250
f 247/247/247 250/250/250 248/248/248
f 249/249/249 251/251/251 252/252/252
f 249/249/249 252/252/252 250/250/250
f 251/251/251 253/253/253 254/254/254
f 251/251/251 254/254/254 252/252/252
f 253/253/253 255/255/255 256/256/256
f 253/253/253 256/256/256 254/254/254
f 255/255/255 225/225/225 228/228/228
f 255/255/255 228/228/228 256/256/256
f 257/257/257 258/258/258 259/259/259
f 257/257/257 259/259/259 260/260/260
f 258/258/258 261/261/261 262/262/262
f 258/258/258 262/262/262 259/259/259
f 261/261/261 263/263/263 264/264/264
f 261/261/261 264/264/264 262/262/262
f 263/263/263 265/265/265 266/266/266
f 263/263/263 266/266/266 264/264/264
f 265/265/265 267/267/267 268/268/268
f 265/265/265 268/268/268 266/266/266
f 267/267/267 269/269/269 270/270/270
f 267/267/267 270/270/270 268/268/268
f 269/269/269 271/271/271 272/272/272
f 269/269/269 272/272/272 270/270/270
f 271/271/271 273/273/273 274/274/274
f 271/271/271 274/274/274 272/272/272
f 273/273/273 275/275/275 276/276/276
f 273/273/273 276/276/276 274/274/274
f 275/275/275 277/277/277 278/278/278
f 275/275/275 278/278/278 276/276/276
f 277/277/277 279/279/279 280/280/280
f 277/277/277 280/280/280 278/278/278
f 279/279/279 281/281/281 282/282/282
f 279/279/279 282/282/282 280/280/280
f 281/281/281 283/283/283 284/284/284
f 281/281/281 284/284/284 282/282/282
f 283/283/283 285/285/285 286/286/286
f 283/283/283 286/286/286 284/284/284
f 285/285/285 287/287/287 288/288/288
f 285/285/285 288/288/288 286/286/286
f 287/287/287 257/257/257 260/260/260
f 287/287/287 260/260/260 288/288/288
f 289/289/289 290/290/290 291/291/291
f 289/289/289 291/291/291 292/292/292
f 290/290/290 293/293/293 294/294/294
f 290/290/290 294/294/294 291/291/291
f 293/293/293 295/295/295 296/296/296
f 293/293/293 296/296/296 294/294/294
f 295/295/295 297/297/297 298/298/298
f 295/295/295 298/298/298 296/296/296
f 297/297/297 299/299/299 300/300/300
f 297/297/297 300/300/300 298/298/298
f 299/299/299 301/301/301 302/302/302
f 299/299/299 302/302/302 300/300/300
f 301/301/301 303/303/303 304/304/304
f 301/301/301 304/304/304 302/302/302
f 303/303/303 305/305/305 306/306/306
f 303/303/303 306/306/306 304/304/304
f 305/305/305 307/307/307 308/308/308
f 305/305/305 308/308/308 306/306/306
f 307/307/307 309/309/309 310/310/310
f 307/307/307 310/310/310 308/308/308
f 309/309/309 311/311/311 312/312/312
f 309/309/309 312/312/312 310/310/310
f 311/311/311 313/313/313 314/314/314
f 311/311/311 314/314/314 312/312/312
f 313/313/313 315/315/315 316/316/316
f 313/313/313 316/316/316 314/314/314
f 315/315/315 317/317/317 318/318/318
f 315/315/315 318/318/318 316/316/316
f 317/317/317 319/319/319 320/320/320
f 317/317/317 320/320/320 318/318/318
f 319/319/319 289/289/289 292/292/292
f 319/319/319 292/292/292 320/320/320
f 321/321/321 322/322/322 323/323/323
f 321/321/321 323/323/323 324/324/324
f 322/322/322 325/325/325 326/326/326
f 322/322/322 326/326/326 323/323/323
f 325/325/325 327/327/327 328/328/328
f 325/325/325 328/328/328 326/326/326
f 327/327/327 329/329/329 330/330/330
f 327/327/327 330/330/330 328/328/328
f 329/329/329 331/331/331 332/332/332
f 329/329/329 332/332/332 330/330/330
f 331/331/331 333/333/333 334/334/334
f 331/331/331 334/334/334 332/332/332
f 333/333/333 335/335/335 336/336/336
f 333/333/333 336/336/336 334/334/334
f 335/335/335 337/337/337 338/338/338
f 335/335/335 338/338/338 336/336/336
f 337/337/337 339/339/339 340/340/340
f 337/337/337 340/340/340 338/338/338
f 339/339/339 341/341/341 342/342/342
f 339/339/339 342/342/342 340/340/340
f 341/341/341 343/343/343 344/344/344
f 341/341/341 344/344/344 342/342/342
f 343/343/343 345/345/345 346/346/346
f 343/343/343 346/346/346 344/344/344
f 345/345/345 347/347/347 348/348/348
f 345/345/345 348/348/348 346/346/346
f 347/347/347 349/349/349 350/350/350
f 347/347/347 350/350/350 348/348/348
f 349/349/349 351/351/351 352/352/352
f 349/349/349 352/352/352 350/350/350
f 351/351/351 321/321/321 324/324/324
f 351/351/351 324/324/324 352/352/352
f 353/353/353 354/354/354 355/355/355
f 353/353/353 355/355/355 356/356/356
f 354/354/354 357/357/357 358/358/358
f 354/354/354 358/358/358 355/355/355
f 357/357/357 359/359/359 360/360/360
f 357/357/357 360/360/360 358/358/358
f 359/359/359 361/361/361 362/362/362
f 359/359/359 362/362/362 360/360/360
f 361/361/361 363/363/363 364/364/364
f 361/361/361 364/364/364 362/362/362
f 363/363/363 365/365/365 366/366/366
f 363/363/363 366/366/366 364/364/364
f 365/365/365 367/367/367 368/368/368
f 365/365/365 368/368/368 366/366/366
f 367/367/367 369/369/369 370/370/370
f 367/367/367 370/370/370 368/368/368
f 369/369/369 371/371/371 372/372/372
f 369/369/369 372/372/372 370/370/370
f 371/371/371 373/373/373 374/374/374
f 371/371/371 374/374/374 372/372/372
f 373/373/373 375/375/375 376/376/376
f 373/373/373 376/376/376 374/374/374
f 375/375/375 377/377/377 378/378/378
f 375/375/375 378/378/378 376/376/376
f 377/377/377 379/379/379 380/380/380
f 377/377/377 380/380/380 378/378/378
f 379/379/379 381/381/381 382/382/382
f 379/379/379 382/382/382 380/380/380
f 381/381/381 383/383/383 384/384/384
f 381/381/381 384/384/384 382/382/382
f 383/383/383 353/353/353 356/356/356
f 383/383/383 356/356/356 384/384/384
f 387/387/387 386/386/386 385/385/385
f 388/388/388 387/387/387 385/385/385
f 389/389/389 387/387/387 388/388/388
f 390/390/390 389/389/389 388/388/388
f 391/391/391 389/389/389 390/390/390
f 392/392/392 391/391/391 390/390/390
f 393/393/393 391/391/391 392/392/392
f 394/394/394 393/393/393 392/392/392
f 395/395/395 393/393/393 394/394/394
f 396/396/396 395/395/395 394/394/394
f 397/397/397 395/395/395 396/396/396
f 398/398/398 397/397/397 396/396/396
f 399/399/399 397/397/397 398/398/398
f 400/400/400 399/399/399 398/398/398
f 401/401/401 399/399/399 400/400/400
f 402/402/402 401/401/401 400/400/400
f 403/403/403 401/401/401 402/402/402
f 404/404/404 403/403/403 402/402/402
f 407/407/407 406/406/406 405/405/405
f 408/408/408 407/407/407 405/405/405
f 411/411/411 410/410/410 409/409/409
f 412/412/412 411/411/411 409/409/409
f 413/413/413 414/414/414 415/415/415
f 413/413/413 415/415/415 416/416/416
f 416/416/416 415/415/415 417/417/417
f 416/416/416 417/417/417 418/418/418
f 418/418/418 417/417/417 419/419/419
f 418/418/418 419/419/419 420/420/420
f 420/420/420 419/419/419 421/421/421
f 420/420/420 421/421/421 422/422/422
f 422/422/422 421/421/421 423/423/423
f 422/422/422 423/423/423 424/424/424
f 424/424/424 423/423/423 425/425/425
f 424/424/424 425/425/425 426/426/426
f 426/426/426 425/425/425 427/427/427
f 426/426/426 427/427/427 428/428/428
f 428/428/428 427/427/427 429/429/429
f 428/428/428 429/429/429 430/430/430
f 430/430/430 429/429/429 431/431/431
f 430/430/430 431/431/431 432/432/432
f 432/432/432 431/431/431 433/433/433
f 432/432/432 433/433/433 434/434/434
f 434/434/434 433/433/433 435/435/435
f 434/434/434 435/435/435 436/436/436
f 436/436/436 435/435/435 411/411/411
f 436/436/436 411/411/411 412/412/412
f 437/437/437 414/414/414 413/413/413
f 438/438/438 437/437/437 413/413/413
f 441/441/441 440/440/440 439/439/439
f 442/442/442 441/441/441 439/439/439
f 445/445/445 444/444/444 443/443/443
f 446/446/446 445/445/445 443/443/443
f 449/449/449 448/448/448 447/447/447
f 450/450/450 449/449/449 447/447/447
f 453/453/453 452/452/452 451/451/451
f 454/454/454 453/453/453 451/451/451
f 455/455/455 456/456/456 457/457/457
f 455/455/455 457/457/457 458/458/458
f 458/458/458 457/457/457 459/459/459
f 458/458/458 459/459/459 460/460/460
f 460/460/460 459/459/459 461/461/461
f 460/460/460 461/461/461 462/462/462
f 462/462/462 461/461/461 463/463/463
f 462/462/462 463/463/463 464/464/464
f 464/464/464 463/463/463 465/465/465
f 464/464/464 465/465/465 466/466/466
f 466/466/466 465/465/465 467/467/467
f 466/466/466 467/467/467 468/468/468
f 468/468/468 467/467/467 469/469/469
f 468/468/468 469/469/469 470/470/470
f 470/470/470 469/469/469 471/471/471
f 470/470/470 471/471/471 472/472/472
f 472/472/472 471/471/471 473/473/473
f 472/472/472 473/473/473 474/474/474
f 474/474/474 473/473/473 475/475/475
f 474/474/474 475/475/475 476/476/476
f 476/476/476 475/475/475 477/477/477
f 476/476/476 477/477/477 478/478/478
f 478/478/478 477/477/477 453/453/453
f 478/478/478 453/453/453 454/454/454
f 479/479/479 456/456/456 455/455/455
f 480/480/480 479/479/479 455/455/455
f 483/483/483 482/482/482 481/481/481
f 484/484/484 483/483/483 481/481/481
f 487/487/487 486/486/486 485/485/485
f 488/488/488 487/487/487 485/485/485
f 491/491/491 490/490/490 489/489/489
f 492/492/492 491/491/491 489/489/489
f 146/146/146 493/493/493 494/494/494
f 146/146/146 494/494/494 144/144/144
f 144/144/144 494/494/494 495/495/495
f 144/144/144 495/495/495 142/142/142
f 132/132/132 496/496/496 497/497/497
f 132/132/132 497/497/497 160/160/160
f 160/160/160 497/497/497 498/498/498
f 160/160/160 498/498/498 158/158/158
f 158/158/158 498/498/498 499/499/499
f 158/158/158 499/499/499 156/156/156
f 156/156/156 499/499/499 500/500/500
f 156/156/156 500/500/500 154/154/154
f 154/154/154 500/500/500 501/501/501
f 154/154/154 501/501/501 152/152/152
f 152/152/152 501/501/501 502/502/502
f 152/152/152 502/502/502 150/150/150
f 150/150/150 502/502/502 503/503/503
f 150/150/150 503/503/503 148/148/148
f 148/148/148 503/503/503 493/493/493
f 148/148/148 493/493/493 146/146/146
f 504/504/504 496/496/496 132/132/132
f 131/131/131 504/504/504 132/132/132
f 505/505/505 504/504/504 131/131/131
f 134/134/134 505/505/505 131/131/131
f 508/508/508 507/507/507 506/506/506
f 509/509/509 508/508/508 506/506/506
f 512/512/512 511/511/511 510/510/510
f 513/513/513 512/512/512 510/510/510
f 516/516/516 515/515/515 514/514/514
f 517/517/517 516/516/516 514/514/514
f 520/520/520 519/519/519 518/518/518
f 521/521/521 520/520/520 518/518/518
f 522/522/522 520/520/520 521/521/521
f 523/523/523 522/522/522 521/521/521
f 524/524/524 522/522/522 523/523/523
f 525/525/525 524/524/524 523/523/523
f 526/526/526 524/524/524 525/525/525
f 527/527/527 526/526/526 525/525/525
f 528/528/528 526/526/526 527/527/527
f 529/529/529 528/528/528 527/527/527
f 530/530/530 528/528/528 529/529/529
f 531/531/531 530/530/530 529/529/529
f 532/532/532 530/530/530 531/531/531
f 533/533/533 532/532/532 531/531/531
f 534/534/534 532/532/532 533/533/533
f 535/535/535 534/534/534 533/533/533
f 536/536/536 534/534/534 535/535/535
f 537/537/537 536/536/536 535/535/535
f 538/538/538 536/536/536 537/537/537
f 539/539/539 538/538/538 537/537/537
f 540/540/540 538/538/538 539/539/539
f 541/541/541 540/540/540 539/539/539
f 542/542/542 540/540/540 541/541/541
f 543/543/543 542/542/542 541/541/541
f 544/544/544 542/542/542 543/543/543
f 545/545/545 544/544/544 543/543/543
f 546/546/546 544/544/544 545/545/545
f 547/547/547 546/546/546 545/545/545
f 550/550/550 549/549/549 548/548/548
f 551/551/551 550/550/550 548/548/548
f 554/554/554 553/553/553 552/552/552
f 555/555/555 554/554/554 552/552/552
f 558/558/558 557/557/557 556/556/556
f 559/559/559 558/558/558 556/556/556
f 562/562/562 561/561/561 560/560/560
f 563/563/563 562/562/562 560/560/560
f 564/564/564 562/562/562 563/563/563
f 565/565/565 564/564/564 563/563/563
f 566/566/566 564/564/564 565/565/565
f 567/567/567 566/566/566 565/565/565
f 568/568/568 566/566/566 567/567/567
f 569/569/569 568/568/568 567/567/567
f 570/570/570 568/568/568 569/569/569
f 571/571/571 570/570/570 569/569/569
f 572/572/572 570/570/570 571/571/571
f 573/573/573 572/572/572 571/571/571
f 574/574/574 572/572/572 573/573/573
f 575/575/575 574/574/574 573/573/573
f 576/576/576 574/574/574 575/575/575
f 577/577/577 576/576/576 575/575/575
f 578/578/578 576/576/576 577/577/577
f 579/579/579 578/578/578 577/577/577
f 580/580/580 578/578/578 579/579/579
f 581/581/581 580/580/580 579/579/579
f 582/582/582 580/580/580 581/581/581
f 583/583/583 582/582/582 581/581/581
f 584/584/584 582/582/582 583/583/583
f 585/585/585 584/584/584 583/583/583
f 586/586/586 584/584/584 585/585/585
f 587/587/587 586/586/586 585/585/585
f 588/588/588 586/586/586 587/587/587
f 589/589/589 588/588/588 587/587/587
f 592/592/592 591/591/591 590/590/590
f 593/593/593 592/592/592 590/590/590
f 386/386/386 595/595/595 594/594/594
f 385/385/385 386/386/386 594/594/594
f 598/598/598 597/597/597 596/596/596
f 599/599/599 598/598/598 596/596/596
f 602/602/602 601/601/601 600/600/600
f 603/603/603 602/602/602 600/600/600
f 597/597/597 605/605/605 604/604/604
f 606/606/606 597/597/597 604/604/604
f 609/609/609 608/608/608 607/607/607
f 610/610/610 609/609/609 607/607/607
f 613/613/613 612/612/612 611/611/611
f 605/605/605 613/613/613 611/611/611
f 605/605/605 597/597/597 598/598/598
f 613/613/613 605/605/605 598/598/598
f 616/616/616 615/615/615 614/614/614
f 617/617/617 616/616/616 614/614/614
f 618/618/618 616/616/616 617/617/617
f 619/619/619 618/618/618 617/617/617
f 620/620/620 618/618/618 619/619/619
f 621/621/621 620/620/620 619/619/619
f 622/622/622 620/620/620 621/621/621
f 623/623/623 622/622/622 621/621/621
f 624/624/624 622/622/622 623/623/623
f 625/625/625 624/624/624 623/623/623
f 626/626/626 624/624/624 625/625/625
f 627/627/627 626/626/626 625/625/625
f 628/628/628 626/626/626 627/627/627
f 629/629/629 628/628/628 627/627/627
f 630/630/630 628/628/628 629/629/629
f 631/631/631 630/630/630 629/629/629
f 632/632/632 630/630/630 631/631/631
f 633/633/633 632/632/632 631/631/631
f 634/634/634 632/632/632 633/633/633
f 635/635/635 634/634/634 633/633/633
f 636/636/636 634/634/634 635/635/635
f 637/637/637 636/636/636 635/635/635
f 638/638/638 636/636/636 637/637/637
f 639/639/639 638/638/638 637/637/637
f 640/640/640 638/638/638 639/639/639
f 641/641/641 640/640/640 639/639/639
f 642/642/642 640/640/640 641/641/641
f 643/643/643 642/642/642 641/641/641
f 644/644/644 642/642/642 643/643/643
f 645/645/645 644/644/644 643/643/643
f 615/615/615 644/644/644 645/645/645
f 614/614/614 615/615/615 645/645/645
f 648/648/648 647/647/647 646/646/646
f 649/649/649 648/648/648 646/646/646
f 650/650/650 648/648/648 649/649/649
f 651/651/651 650/650/650 649/649/649
f 652/652/652 650/650/650 651/651/651
f 653/653/653 652/652/652 651/651/651
f 654/654/654 652/652/652 653/653/653
f 655/655/655 654/654/654 653/653/653
f 656/656/656 654/654/654 655/655/655
f 657/657/657 656/656/656 655/655/655
f 658/658/658 656/656/656 657/657/657
f 659/659/659 658/658/658 657/657/657
f 660/660/660 658/658/658 659/659/659
f 661/661/661 660/660/660 659/659/659
f 662/662/662 660/660/660 661/661/661
f 663/663/663 662/662/662 661/661/661
f 664/664/664 662/662/662 663/663/663
f 665/665/665 664/664/664 663/663/663
f 666/666/666 664/664/664 665/665/665
f 667/667/667 666/666/666 665/665/665
f 668/668/668 666/666/666 667/667/667
f 669/669/669 668/668/668 667/667/667
f 670/670/670 668/668/668 669/669/669
f 671/671/671 670/670/670 669/669/669
f 672/672/672 670/670/670 671/671/671
f 673/673/673 672/672/672 671/671/671
f 674/674/674 672/672/672 673/673/673
f 675/675/675 674/674/674 673/673/673
f 676/676/676 674/674/674 675/675/675
f 677/677/677 676/676/676 675/675/675
f 647/647/647 676/676/676 677/677/677
f 646/646/646 647/647/647 677/677/677
f 680/680/680 679/679/679 678/678/678
f 681/681/681 680/680/680 678/678/678
f 682/682/682 680/680/680 681/681/681
f 683/683/683 682/682/682 681/681/681
f 684/684/684 682/682/682 683/683/683
f 685/685/685 684/684/684 683/683/683
f 686/686/686 684/684/684 685/685/685
f 687/687/687 686/686/686 685/685/685
f 688/688/688 686/686/686 687/687/687
f 689/689/689 688/688/688 687/687/687
f 690/690/690 688/688/688 689/689/689
f 691/691/691 690/690/690 689/689/689
f 692/692/692 690/690/690 691/691/691
f 693/693/693 692/692/692 691/691/691
f 694/694/694 692/692/692 693/693/693
f 695/695/695 694/694/694 693/693/693
f 696/696/696 694/694/694 695/695/695
f 697/697/697 696/696/696 695/695/695
f 698/698/698 696/696/696 697/697/697
f 699/699/699 698/698/698 697/697/697
f 700/700/700 698/698/698 699/699/699
f 701/701/701 700/700/700 699/699/699
f 702/702/702 700/700/700 701/701/701
f 703/703/703 702/702/702 701/701/701
f 704/704/704 702/702/702 703/703/703
f 705/705/705 704/704/704 703/703/703
f 706/706/706 704/704/704 705/705/705
f 707/707/707 706/706/706 705/705/705
f 708/708/708 706/706/706 707/707/707
f 709/709/709 708/708/708 707/707/707
f 679/679/679 708/708/708 709/709/709
f 678/678/678 679/679/679 709/709/709
f 712/712/712 711/711/711 710/710/710
f 713/713/713 712/712/712 710/710/710
f 714/714/714 712/712/712 713/713/713
f 715/715/715 714/714/714 713/713/713
f 716/716/716 714/714/714 715/715/715
f 717/717/717 716/716/716 715/715/715
f 718/718/718 716/716/716 717/717/717
f 719/719/719 718/718/718 717/717/717
f 720/720/720 718/718/718 719/719/719
f 721/721/721 720/720/720 719/719/719
f 722/722/722 720/720/720 721/721/721
f 723/723/723 722/722/722 721/721/721
f 724/724/724 722/722/722 723/723/723
f 725/725/725 724/724/724 723/723/723
f 726/726/726 724/724/724 725/725/725
f 727/727/727 726/726/726 725/725/725
f 728/728/728 726/726/726 727/727/727
f 729/729/729 728/728/728 727/727/727
f 730/730/730 728/728/728 729/729/729
f 731/731/731 730/730/730 729/729/729
f 732/732/732 730/730/730 731/731/731
f 733/733/733 732/732/732 731/731/731
f 734/734/734 732/732/732 733/733/733
f 735/735/735 734/734/734 733/733/733
f 736/736/736 734/734/734 735/735/735
f 737/737/737 736/736/736 735/735/735
f 738/738/738 736/736/736 737/737/737
f 739/739/739 738/738/738 737/737/737
f 740/740/740 738/738/738 739/739/739
f 741/741/741 740/740/740 739/739/739
f 711/711/711 740/740/740 741/741/741
f 710/710/710 711/711/711 741/741/741
f 744/744/744 743/743/743 742/742/742
f 745/745/745 744/744/744 742/742/742
f 746/746/746 744/744/744 745/745/745
f 747/747/747 746/746/746 745/745/745
f 748/748/748 746/746/746 747/747/747
f 749/749/749 748/748/748 747/747/747
f 750/750/750 748/748/748 749/749/749
f 751/751/751 750/750/750 749/749/749
f 752/752/752 750/750/750 751/751/751
f 753/753/753 752/752/752 751/751/751
f 754/754/754 752/752/752 753/753/753
f 755/755/755 754/754/754 753/753/753
f 756/756/756 754/754/754 755/755/755
f 757/757/757 756/756/756 755/755/755
f 758/758/758 756/756/756 757/757/757
f 759/759/759 758/758/758 757/757/757
f 760/760/760 758/758/758 759/759/759
f 761/761/761 760/760/760 759/759/759
f 762/762/762 760/760/760 761/761/761
f 763/763/763 762/762/762 761/761/761
f 764/764/764 762/762/762 763/763/763
f 765/765/765 764/764/764 763/763/763
f 766/766/766 764/764/764 765/765/765
f 767/767/767 766/766/766 765/765/765
f 768/768/768 766/766/766 767/767/767
f 769/769/769 768/768/768 767/767/767
f 770/770/770 768/768/768 769/769/769
f 771/771/771 770/770/770 769/769/769
f 772/772/772 770/770/770 771/771/771
f 773/773/773 772/772/772 771/771/771
f 743/743/743 772/772/772 773/773/773
f 742/742/742 743/743/743 773/773/773
f 776/776/776 775/775/775 774/774/774
f 777/777/777 776/776/776 774/774/774
f 778/778/778 776/776/776 777/777/777
f 779/779/779 778/778/778 777/777/777
f 780/780/780 778/778/778 779/779/779
f 781/781/781 780/780/780 779/779/779
f 782/782/782 780/780/780 781/781/781
f 783/783/783 782/782/782 781/781/781
f 784/784/784 782/782/782 783/783/783
f 785/785/785 784/784/784 783/783/783
f 786/786/786 784/784/784 785/785/785
f 787/787/787 786/786/786 785/785/785
f 788/788/788 786/786/786 787/787/787
f 789/789/789 788/788/788 787/787/787
f 790/790/790 788/788/788 789/789/789
f 791/791/791 790/790/790 789/789/789
f 792/792/792 790/790/790 791/791/791
f 793/793/793 792/792/792 791/791/791
f 794/794/794 792/792/792 793/793/793
f 795/795/795 794/794/794 793/793/793
f 796/796/796 794/794/794 795/795/795
f 797/797/797 796/796/796 795/795/795
f 798/798/798 796/796/796 797/797/797
f 799/799/799 798/798/798 797/797/797
f 800/800/800 798/798/798 799/799/799
f 801/801/801 800/800/800 799/799/799
f 802/802/802 800/800/800 801/801/801
f 803/803/803 802/802/802 801/801/801
f 804/804/804 802/802/802 803/803/803
f 805/805/805 804/804/804 803/803/803
f 775/775/775 804/804/804 805/805/805
f 774/774/774 775/775/775 805/805/805
f 808/808/808 807/807/807 806/806/806
f 809/809/809 808/808/808 806/806/806
f 810/810/810 808/808/808 809/809/809
f 811/811/811 810/810/810 809/809/809
f 812/812/812 810/810/810 811/811/811
f 813/813/813 812/812/812 811/811/811
f 814/814/814 812/812/812 813/813/813
f 815/815/815 814/814/814 813/813/813
f 816/816/816 814/814/814 815/815/815
f 817/817/817 816/816/816 815/815/815
f 818/818/818 816/816/816 817/817/817
f 819/819/819 818/818/818 817/817/817
f 820/820/820 818/818/818 819/819/819
f 821/821/821 820/820/820 819/819/819
f 822/822/822 820/820/820 821/821/821
f 823/823/823 822/822/822 821/821/821
f 824/824/824 822/822/822 823/823/823
f 825/825/825 824/824/824 823/823/823
f 826/826/826 824/824/824 825/825/825
f 827/827/827 826/826/826 825/825/825
f 828/828/828 826/826/826 827/827/827
f 829/829/829 828/828/828 827/827/827
f 830/830/830 828/828/828 829/829/829
f 831/831/831 830/830/830 829/829/829
f 832/832/832 830/830/830 831/831/831
f 833/833/833 832/832/832 831/831/831
f 834/834/834 832/832/832 833/833/833
f 835/835/835 834/834/834 833/833/833
f 836/836/836 834/834/834 835/835/835
f 837/837/837 836/836/836 835/835/835
f 807/807/807 836/836/836 837/837/837
f 806/806/806 807/807/807 837/837/837
f 840/840/840 839/839/839 838/838/838
f 841/841/841 840/840/840 838/838/838
f 844/844/844 843/843/843 842/842/842
f 845/845/845 844/844/844 842/842/842
f 841/841/841 847/847/847 846/846/846
f 848/848/848 841/841/841 846/846/846
f 851/851/851 850/850/850 849/849/849
f 852/852/852 851/851/851 849/849/849
f 854/854/854 848/848/848 853/853/853
f 855/855/855 854/854/854 853/853/853
f 848/848/848 854/854/854 840/840/840
f 841/841/841 848/848/848 840/840/840
f 858/858/858 857/857/857 856/856/856
f 859/859/859 858/858/858 856/856/856
f 860/860/860 858/858/858 859/859/859
f 861/861/861 860/860/860 859/859/859
f 862/862/862 860/860/860 861/861/861
f 863/863/863 862/862/862 861/861/861
f 864/864/864 862/862/862 863/863/863
f 865/865/865 864/864/864 863/863/863
f 866/866/866 864/864/864 865/865/865
f 867/867/867 866/866/866 865/865/865
f 868/868/868 866/866/866 867/867/867
f 869/869/869 868/868/868 867/867/867
f 870/870/870 868/868/868 869/869/869
f 871/871/871 870/870/870 869/869/869
f 872/872/872 870/870/870 871/871/871
f 873/873/873 872/872/872 871/871/871
f 874/874/874 872/872/872 873/873/873
f 875/875/875 874/874/874 873/873/873
f 876/876/876 874/874/874 875/875/875
f 877/877/877 876/876/876 875/875/875
f 878/878/878 876/876/876 877/877/877
f 879/879/879 878/878/878 877/877/877
f 880/880/880 878/878/878 879/879/879
f 881/881/881 880/880/880 879/879/879
f 882/882/882 880/880/880 881/881/881
f 883/883/883 882/882/882 881/881/881
f 884/884/884 882/882/882 883/883/883
f 885/885/885 884/884/884 883/883/883
f 886/886/886 884/884/884 885/885/885
f 887/887/887 886/886/886 885/885/885
f 857/857/857 886/886/886 887/887/887
f 856/856/856 857/857/857 887/887/887
f 859/859/859 856/856/856 888/888/888
f 889/889/889 859/859/859 888/888/888
f 861/861/861 859/859/859 889/889/889
f 890/890/890 861/861/861 889/889/889
f 863/863/863 861/861/861 890/890/890
f 891/891/891 863/863/863 890/890/890
f 865/865/865 863/863/863 891/891/891
f 892/892/892 865/865/865 891/891/891
f 867/867/867 865/865/865 892/892/892
f 893/893/893 867/867/867 892/892/892
f 869/869/869 867/867/867 893/893/893
f 894/894/894 869/869/869 893/893/893
f 871/871/871 869/869/869 894/894/894
f 895/895/895 871/871/871 894/894/894
f 873/873/873 871/871/871 895/895/895
f 896/896/896 873/873/873 895/895/895
f 875/875/875 873/873/873 896/896/896
f 897/897/897 875/875/875 896/896/896
f 877/877/877 875/875/875 897/897/897
f 898/898/898 877/877/877 897/897/897
f 879/879/879 877/877/877 898/898/898
f 899/899/899 879/879/879 898/898/898
f 881/881/881 879/879/879 899/899/899
f 900/900/900 881/881/881 899/899/899
f 883/883/883 881/881/881 900/900/900
f 901/901/901 883/883/883 900/900/900
f 885/885/885 883/883/883 901/901/901
f 902/902/902 885/885/885 901/901/901
f 887/887/887 885/885/885 902/902/902
f 903/903/903 887/887/887 902/902/902
f 856/856/856 887/887/887 903/903/903
f 888/888/888 856/856/856 903/903/903
f 906/906/906 905/905/905 904/904/904
f 907/907/907 906/906/906 904/904/904
f 908/908/908 906/906/906 907/907/907
f 909/909/909 908/908/908 907/907/907
f 910/910/910 908/908/908 909/909/909
f 911/911/911 910/910/910 909/909/909
f 912/912/912 910/910/910 911/911/911
f 913/913/913 912/912/912 911/911/911
f 914/914/914 912/912/912 913/913/913
f 915/915/915 914/914/914 913/913/913
f 916/916/916 914/914/914 915/915/915
f 917/917/917 916/916/916 915/915/915
f 918/918/918 916/916/916 917/917/917
f 919/919/919 918/918/918 917/917/917
f 920/920/920 918/918/918 919/919/919
f 921/921/921 920/920/920 919/919/919
f 922/922/922 920/920/920 921/921/921
f 923/923/923 922/922/922 921/921/921
f 924/924/924 922/922/922 923/923/923
f 925/925/925 924/924/924 923/923/923
f 926/926/926 924/924/924 925/925/925
f 927/927/927 926/926/926 925/925/925
f 928/928/928 926/926/926 927/927/927
f 929/929/929 928/928/928 927/927/927
f 930/930/930 928/928/928 929/929/929
f 931/931/931 930/930/930 929/929/929
f 932/932/932 930/930/930 931/931/931
f 933/933/933 932/932/932 931/931/931
f 934/934/934 932/932/932 933/933/933
f 935/935/935 934/934/934 933/933/933
f 905/905/905 934/934/934 935/935/935
f 904/904/904 905/905/905 935/935/935
f 936/936/936 937/937/937 194/194/194
f 936/936/936 194/194/194 193/193/193
f 937/937/937 938/938/938 197/197/197
f 937/937/937 197/197/197 194/194/194
f 938/938/938 939/939/939 199/199/199
f 938/938/938 199/199/199 197/197/197
f 939/939/939 940/940/940 201/201/201
f 939/939/939 201/201/201 199/199/199
f 940/940/940 941/941/941 203/203/203
f 940/940/940 203/203/203 201/201/201
f 941/941/941 942/942/942 205/205/205
f 941/941/941 205/205/205 203/203/203
f 942/942/942 943/943/943 207/207/207
f 942/942/942 207/207/207 205/205/205
f 943/943/943 944/944/944 209/209/209
f 943/943/943 209/209/209 207/207/207
f 944/944/944 945/945/945 211/211/211
f 944/944/944 211/211/211 209/209/209
f 945/945/945 946/946/946 213/213/213
f 945/945/945 213/213/213 211/211/211
f 946/946/946 947/947/947 215/215/215
f 946/946/946 215/215/215 213/213/213
f 947/947/947 948/948/948 217/217/217
f 947/947/947 217/217/217 215/215/215
f 948/948/948 949/949/949 219/219/219
f 948/948/948 219/219/219 217/217/217
f 949/949/949 950/950/950 221/221/221
f 949/949/949 221/221/221 219/219/219
f 950/950/950 951/951/951 223/223/223
f 950/950/950 223/223/223 221/221/221
f 951/951/951 936/936/936 193/193/193
f 951/951/951 193/193/193 223/223/223
f 954/954/954 953/953/953 952/952/952
f 955/955/955 954/954/954 952/952/952
f 957/957/957 956/956/956 953/953/953
f 954/954/954 957/957/957 953/953/953
f 959/959/959 958/958/958 956/956/956
f 957/957/957 959/959/959 956/956/956
f 961/961/961 960/960/960 958/958/958
f 959/959/959 961/961/961 958/958/958
f 963/963/963 962/962/962 960/960/960
f 961/961/961 963/963/963 960/960/960
f 965/965/965 964/964/964 962/962/962
f 963/963/963 965/965/965 962/962/962
f 967/967/967 966/966/966 964/964/964
f 965/965/965 967/967/967 964/964/964
f 969/969/969 968/968/968 966/966/966
f 967/967/967 969/969/969 966/966/966
f 971/971/971 970/970/970 968/968/968
f 969/969/969 971/971/971 968/968/968
f 973/973/973 972/972/972 970/970/970
f 971/971/971 973/973/973 970/970/970
f 975/975/975 974/974/974 972/972/972
f 973/973/973 975/975/975 972/972/972
f 977/977/977 976/976/976 974/974/974
f 975/975/975 977/977/977 974/974/974
f 979/979/979 978/978/978 976/976/976
f 977/977/977 979/979/979 976/976/976
f 981/981/981 980/980/980 978/978/978
f 979/979/979 981/981/981 978/978/978
f 983/983/983 982/982/982 980/980/980
f 981/981/981 983/983/983 980/980/980
f 955/955/955 952/952/952 982/982/982
f 983/983/983 955/955/955 982/982/982
f 986/986/986 985/985/985 984/984/984
f 987/987/987 986/986/986 984/984/984
f 988/988/988 986/986/986 987/987/987
f 989/989/989 988/988/988 987/987/987
f 990/990/990 988/988/988 989/989/989
f 991/991/991 990/990/990 989/989/989
f 992/992/992 990/990/990 991/991/991
f 993/993/993 992/992/992 991/991/991
f 994/994/994 992/992/992 993/993/993
f 995/995/995 994/994/994 993/993/993
f 996/996/996 994/994/994 995/995/995
f 997/997/997 996/996/996 995/995/995
f 998/998/998 996/996/996 997/997/997
f 999/999/999 998/998/998 997/997/997
f 1000/1000/1000 998/998/998 999/999/999
f 1001/1001/1001 1000/1000/1000 999/999/999
f 1002/1002/1002 1000/1000/1000 1001/1001/1001
f 1003/1003/1003 1002/1002/1002 1001/1001/1001
f 1004/1004/1004 1002/1002/1002 1003/1003/1003
f 1005/1005/1005 1004/1004/1004 1003/1003/1003
f 1006/1006/1006 1004/1004/1004 1005/1005/1005
f 1007/1007/1007 1006/1006/1006 1005/1005/1005
f 1008/1008/1008 1006/1006/1006 1007/1007/1007
f 1009/1009/1009 1008/1008/1008 1007/1007/1007
f 1010/1010/1010 1008/1008/1008 1009/1009/1009
f 1011/1011/1011 1010/1010/1010 1009/1009/1009
f 1012/1012/1012 1010/1010/1010 1011/1011/1011
f 1013/1013/1013 1012/1012/1012 1011/1011/1011
f 1014/1014/1014 1012/1012/1012 1013/1013/1013
f 1015/1015/1015 1014/1014/1014 1013/1013/1013
f 985/985/985 1014/1014/1014 1015/1015/1015
f 984/984/984 985/985/985 1015/1015/1015
f 1016/1016/1016 1017/1017/1017 226/226/226
f 1016/1016/1016 226/226/226 225/225/225
f 1017/1017/1017 1018/1018/1018 229/229/229
f 1017/1017/1017 229/229/229 226/226/226
f 1018/1018/1018 1019/1019/1019 231/231/231
f 1018/1018/1018 231/231/231 229/229/229
f 1019/1019/1019 1020/1020/1020 233/233/233
f 1019/1019/1019 233/233/233 231/231/231
f 1020/1020/1020 1021/1021/1021 235/235/235
f 1020/1020/1020 235/235/235 233/233/233
f 1021/1021/1021 1022/1022/1022 237/237/237
f 1021/1021/1021 237/237/237 235/235/235
f 1022/1022/1022 1023/1023/1023 239/239/239
f 1022/1022/1022 239/239/239 237/237/237
f 1023/1023/1023 1024/1024/1024 241/241/241
f 1023/1023/1023 241/241/241 239/239/239
f 1024/1024/1024 1025/1025/1025 243/243/243
f 1024/1024/1024 243/243/243 241/241/241
f 1025/1025/1025 1026/1026/1026 245/245/245
f 1025/1025/1025 245/245/245 243/243/243
f 1026/1026/1026 1027/1027/1027 247/247/247
f 1026/1026/1026 247/247/247 245/245/245
f 1027/1027/1027 1028/1028/1028 249/249/249
f 1027/1027/1027 249/249/249 247/247/247
f 1028/1028/1028 1029/1029/1029 251/251/251
f 1028/1028/1028 251/251/251 249/249/249
f 1029/1029/1029 1030/1030/1030 253/253/253
f 1029/1029/1029 253/253/253 251/251/251
f 1030/1030/1030 1031/1031/1031 255/255/255
f 1030/1030/1030 255/255/255 253/253/253
f 1031/1031/1031 1016/1016/1016 225/225/225
f 1031/1031/1031 225/225/225 255/255/255
f 580/580/580 1033/1033/1033 1032/1032/1032
f 578/578/578 580/580/580 1032/1032/1032
f 582/582/582 1034/1034/1034 1033/1033/1033
f 580/580/580 582/582/582 1033/1033/1033
f 584/584/584 1035/1035/1035 1034/1034/1034
f 582/582/582 584/584/584 1034/1034/1034
f 586/586/586 1036/1036/1036 1035/1035/1035
f 584/584/584 586/586/586 1035/1035/1035
f 1038/1038/1038 1037/1037/1037 1036/1036/1036
f 586/586/586 1038/1038/1038 1036/1036/1036
f 1040/1040/1040 1039/1039/1039 1037/1037/1037
f 1038/1038/1038 1040/1040/1040 1037/1037/1037
f 1042/1042/1042 1041/1041/1041 1039/1039/1039
f 1040/1040/1040 1042/1042/1042 1039/1039/1039
f 562/562/562 1043/1043/1043 1041/1041/1041
f 1042/1042/1042 562/562/562 1041/1041/1041
f 564/564/564 1044/1044/1044 1043/1043/1043
f 562/562/562 564/564/564 1043/1043/1043
f 566/566/566 1045/1045/1045 1044/1044/1044
f 564/564/564 566/566/566 1044/1044/1044
f 568/568/568 1046/1046/1046 1045/1045/1045
f 566/566/566 568/568/568 1045/1045/1045
f 570/570/570 1047/1047/1047 1046/1046/1046
f 568/568/568 570/570/570 1046/1046/1046
f 572/572/572 1048/1048/1048 1047/1047/1047
f 570/570/570 572/572/572 1047/1047/1047
f 574/574/574 1049/1049/1049 1048/1048/1048
f 572/572/572 574/574/574 1048/1048/1048
f 576/576/576 1050/1050/1050 1049/1049/1049
f 574/574/574 576/576/576 1049/1049/1049
f 578/578/578 1032/1032/1032 1050/1050/1050
f 576/576/576 578/578/578 1050/1050/1050
f 1053/1053/1053 1052/1052/1052 1051/1051/1051
f 1054/1054/1054 1053/1053/1053 1051/1051/1051
f 1055/1055/1055 1053/1053/1053 1054/1054/1054
f 1056/1056/1056 1055/1055/1055 1054/1054/1054
f 1057/1057/1057 1055/1055/1055 1056/1056/1056
f 1058/1058/1058 1057/1057/1057 1056/1056/1056
f 1059/1059/1059 1057/1057/1057 1058/1058/1058
f 1060/1060/1060 1059/1059/1059 1058/1058/1058
f 1061/1061/1061 1059/1059/1059 1060/1060/1060
f 1062/1062/1062 1061/1061/1061 1060/1060/1060
f 1063/1063/1063 1061/1061/1061 1062/1062/1062
f 1064/1064/1064 1063/1063/1063 1062/1062/1062
f 1065/1065/1065 1063/1063/1063 1064/1064/1064
f 1066/1066/1066 1065/1065/1065 1064/1064/1064
f 1067/1067/1067 1065/1065/1065 1066/1066/1066
f 1068/1068/1068 1067/1067/1067 1066/1066/1066
f 1069/1069/1069 1067/1067/1067 1068/1068/1068
f 1070/1070/1070 1069/1069/1069 1068/1068/1068
f 1071/1071/1071 1069/1069/1069 1070/1070/1070
f 1072/1072/1072 1071/1071/1071 1070/1070/1070
f 1073/1073/1073 1071/1071/1071 1072/1072/1072
f 1074/1074/1074 1073/1073/1073 1072/1072/1072
f 1075/1075/1075 1073/1073/1073 1074/1074/1074
f 1076/1076/1076 1075/1075/1075 1074/1074/1074
f 1077/1077/1077 1075/1075/1075 1076/1076/1076
f 1078/1078/1078 1077/1077/1077 1076/1076/1076
f 1079/1079/1079 1077/1077/1077 1078/1078/1078
f 1080/1080/1080 1079/1079/1079 1078/1078/1078
f 1081/1081/1081 1079/1079/1079 1080/1080/1080
f 1082/1082/1082 1081/1081/1081 1080/1080/1080
f 1052/1052/1052 1081/1081/1081 1082/1082/1082
f 1051/1051/1051 1052/1052/1052 1082/1082/1082
f 1083/1083/1083 1084/1084/1084 258/258/258
f 1083/1083/1083 258/258/258 257/257/257
f 1084/1084/1084 1085/1085/1085 261/261/261
f 1084/1084/1084 261/261/261 258/258/258
f 1085/1085/1085 1086/1086/1086 263/263/263
f 1085/1085/1085 263/263/263 261/261/261
f 1086/1086/1086 1087/1087/1087 265/265/265
f 1086/1086/1086 265/265/265 263/263/263
f 1087/1087/1087 1088/1088/1088 267/267/267
f 1087/1087/1087 267/267/267 265/265/265
f 1088/1088/1088 1089/1089/1089 269/269/269
f 1088/1088/1088 269/269/269 267/267/267
f 1089/1089/1089 1090/1090/1090 271/271/271
f 1089/1089/1089 271/271/271 269/269/269
f 1090/1090/1090 1091/1091/1091 273/273/273
f 1090/1090/1090 273/273/273 271/271/271
f 1091/1091/1091 1092/1092/1092 275/275/275
f 1091/1091/1091 275/275/275 273/273/273
f 1092/1092/1092 1093/1093/1093 277/277/277
f 1092/1092/1092 277/277/277 275/275/275
f 1093/1093/1093 1094/1094/1094 279/279/279
f 1093/1093/1093 279/279/279 277/277/277
f 1094/1094/1094 1095/1095/1095 281/281/281
f 1094/1094/1094 281/281/281 279/279/279
f 1095/1095/1095 1096/1096/1096 283/283/283
f 1095/1095/1095 283/283/283 281/281/281
f 1096/1096/1096 1097/1097/1097 285/285/285
f 1096/1096/1096 285/285/285 283/283/283
f 1097/1097/1097 1098/1098/1098 287/287/287
f 1097/1097/1097 287/287/287 285/285/285
f 1098/1098/1098 1083/1083/1083 257/257/257
f 1098/1098/1098 257/257/257 287/287/287
f 1101/1101/1101 1100/1100/1100 1099/1099/1099
f 414/414/414 1101/1101/1101 1099/1099/1099
f 1103/1103/1103 1102/1102/1102 1100/1100/1100
f 1101/1101/1101 1103/1103/1103 1100/1100/1100
f 1105/1105/1105 1104/1104/1104 1102/1102/1102
f 1103/1103/1103 1105/1105/1105 1102/1102/1102
f 411/411/411 1106/1106/1106 1104/1104/1104
f 1105/1105/1105 411/411/411 1104/1104/1104
f 435/435/435 1107/1107/1107 1106/1106/1106
f 411/411/411 435/435/435 1106/1106/1106
f 433/433/433 1108/1108/1108 1107/1107/1107
f 435/435/435 433/433/433 1107/1107/1107
f 431/431/431 1109/1109/1109 1108/1108/1108
f 433/433/433 431/431/431 1108/1108/1108
f 429/429/429 1110/1110/1110 1109/1109/1109
f 431/431/431 429/429/429 1109/1109/1109
f 427/427/427 1111/1111/1111 1110/1110/1110
f 429/429/429 427/427/427 1110/1110/1110
f 425/425/425 1112/1112/1112 1111/1111/1111
f 427/427/427 425/425/425 1111/1111/1111
f 423/423/423 1113/1113/1113 1112/1112/1112
f 425/425/425 423/423/423 1112/1112/1112
f 421/421/421 1114/1114/1114 1113/1113/1113
f 423/423/423 421/421/421 1113/1113/1113
f 419/419/419 1115/1115/1115 1114/1114/1114
f 421/421/421 419/419/419 1114/1114/1114
f 417/417/417 1116/1116/1116 1115/1115/1115
f 419/419/419 417/417/417 1115/1115/1115
f 415/415/415 1117/1117/1117 1116/1116/1116
f 417/417/417 415/415/415 1116/1116/1116
f 414/414/414 1099/1099/1099 1117/1117/1117
f 415/415/415 414/414/414 1117/1117/1117
f 1120/1120/1120 1119/1119/1119 1118/1118/1118
f 1121/1121/1121 1120/1120/1120 1118/1118/1118
f 1122/1122/1122 1120/1120/1120 1121/1121/1121
f 1123/1123/1123 1122/1122/1122 1121/1121/1121
f 1124/1124/1124 1122/1122/1122 1123/1123/1123
f 1125/1125/1125 1124/1124/1124 1123/1123/1123
f 1126/1126/1126 1124/1124/1124 1125/1125/1125
f 1127/1127/1127 1126/1126/1126 1125/1125/1125
f 1128/1128/1128 1126/1126/1126 1127/1127/1127
f 1129/1129/1129 1128/1128/1128 1127/1127/1127
f 1130/1130/1130 1128/1128/1128 1129/1129/1129
f 1131/1131/1131 1130/1130/1130 1129/1129/1129
f 1132/1132/1132 1130/1130/1130 1131/1131/1131
f 1133/1133/1133 1132/1132/1132 1131/1131/1131
f 1134/1134/1134 1132/1132/1132 1133/1133/1133
f 1135/1135/1135 1134/1134/1134 1133/1133/1133
f 1136/1136/1136 1134/1134/1134 1135/1135/1135
f 1137/1137/1137 1136/1136/1136 1135/1135/1135
f 1138/1138/1138 1136/1136/1136 1137/1137/1137
f 1139/1139/1139 1138/1138/1138 1137/1137/1137
f 1140/1140/1140 1138/1138/1138 1139/1139/1139
f 1141/1141/1141 1140/1140/1140 1139/1139/1139
f 1142/1142/1142 1140/1140/1140 1141/1141/1141
f 1143/1143/1143 1142/1142/1142 1141/1141/1141
f 1144/1144/1144 1142/1142/1142 1143/1143/1143
f 1145/1145/1145 1144/1144/1144 1143/1143/1143
f 1146/1146/1146 1144/1144/1144 1145/1145/1145
f 1147/1147/1147 1146/1146/1146 1145/1145/1145
f 1148/1148/1148 1146/1146/1146 1147/1147/1147
f 1149/1149/1149 1148/1148/1148 1147/1147/1147
f 1119/1119/1119 1148/1148/1148 1149/1149/1149
f 1118/1118/1118 1119/1119/1119 1149/1149/1149
f 1150/1150/1150 1151/1151/1151 290/290/290
f 1150/1150/1150 290/290/290 289/289/289
f 1151/1151/1151 1152/1152/1152 293/293/293
f 1151/1151/1151 293/293/293 290/290/290
f 1152/1152/1152 1153/1153/1153 295/295/295
f 1152/1152/1152 295/295/295 293/293/293
f 1153/1153/1153 1154/1154/1154 297/297/297
f 1153/1153/1153 297/297/297 295/295/295
f 1154/1154/1154 1155/1155/1155 299/299/299
f 1154/1154/1154 299/299/299 297/297/297
f 1155/1155/1155 1156/1156/1156 301/301/301
f 1155/1155/1155 301/301/301 299/299/299
f 1156/1156/1156 1157/1157/1157 303/303/303
f 1156/1156/1156 303/303/303 301/301/301
f 1157/1157/1157 1158/1158/1158 305/305/305
f 1157/1157/1157 305/305/305 303/303/303
f 1158/1158/1158 1159/1159/1159 307/307/307
f 1158/1158/1158 307/307/307 305/305/305
f 1159/1159/1159 1160/1160/1160 309/309/309
f 1159/1159/1159 309/309/309 307/307/307
f 1160/1160/1160 1161/1161/1161 311/311/311
f 1160/1160/1160 311/311/311 309/309/309
f 1161/1161/1161 1162/1162/1162 313/313/313
f 1161/1161/1161 313/313/313 311/311/311
f 1162/1162/1162 1163/1163/1163 315/315/315
f 1162/1162/1162 315/315/315 313/313/313
f 1163/1163/1163 1164/1164/1164 317/317/317
f 1163/1163/1163 317/317/317 315/315/315
f 1164/1164/1164 1165/1165/1165 319/319/319
f 1164/1164/1164 319/319/319 317/317/317
f 1165/1165/1165 1150/1150/1150 289/289/289
f 1165/1165/1165 289/289/289 319/319/319
f 538/538/538 1167/1167/1167 1166/1166/1166
f 536/536/536 538/538/538 1166/1166/1166
f 540/540/540 1168/1168/1168 1167/1167/1167
f 538/538/538 540/540/540 1167/1167/1167
f 542/542/542 1169/1169/1169 1168/1168/1168
f 540/540/540 542/542/542 1168/1168/1168
f 544/544/544 1170/1170/1170 1169/1169/1169
f 542/542/542 544/544/544 1169/1169/1169
f 1172/1172/1172 1171/1171/1171 1170/1170/1170
f 544/544/544 1172/1172/1172 1170/1170/1170
f 1174/1174/1174 1173/1173/1173 1171/1171/1171
f 1172/1172/1172 1174/1174/1174 1171/1171/1171
f 1176/1176/1176 1175/1175/1175 1173/1173/1173
f 1174/1174/1174 1176/1176/1176 1173/1173/1173
f 520/520/520 1177/1177/1177 1175/1175/1175
f 1176/1176/1176 520/520/520 1175/1175/1175
f 522/522/522 1178/1178/1178 1177/1177/1177
f 520/520/520 522/522/522 1177/1177/1177
f 524/524/524 1179/1179/1179 1178/1178/1178
f 522/522/522 524/524/524 1178/1178/1178
f 526/526/526 1180/1180/1180 1179/1179/1179
f 524/524/524 526/526/526 1179/1179/1179
f 528/528/528 1181/1181/1181 1180/1180/1180
f 526/526/526 528/528/528 1180/1180/1180
f 530/530/530 1182/1182/1182 1181/1181/1181
f 528/528/528 530/530/530 1181/1181/1181
f 532/532/532 1183/1183/1183 1182/1182/1182
f 530/530/530 532/532/532 1182/1182/1182
f 534/534/534 1184/1184/1184 1183/1183/1183
f 532/532/532 534/534/534 1183/1183/1183
f 536/536/536 1166/1166/1166 1184/1184/1184
f 534/534/534 536/536/536 1184/1184/1184
f 1187/1187/1187 1186/1186/1186 1185/1185/1185
f 1188/1188/1188 1187/1187/1187 1185/1185/1185
f 1189/1189/1189 1187/1187/1187 1188/1188/1188
f 1190/1190/1190 1189/1189/1189 1188/1188/1188
f 1191/1191/1191 1189/1189/1189 1190/1190/1190
f 1192/1192/1192 1191/1191/1191 1190/1190/1190
f 1193/1193/1193 1191/1191/1191 1192/1192/1192
f 1194/1194/1194 1193/1193/1193 1192/1192/1192
f 1195/1195/1195 1193/1193/1193 1194/1194/1194
f 1196/1196/1196 1195/1195/1195 1194/1194/1194
f 1197/1197/1197 1195/1195/1195 1196/1196/1196
f 1198/1198/1198 1197/1197/1197 1196/1196/1196
f 1199/1199/1199 1197/1197/1197 1198/1198/1198
f 1200/1200/1200 1199/1199/1199 1198/1198/1198
f 1201/1201/1201 1199/1199/1199 1200/1200/1200
f 1202/1202/1202 1201/1201/1201 1200/1200/1200
f 1203/1203/1203 1201/1201/1201 1202/1202/1202
f 1204/1204/1204 1203/1203/1203 1202/1202/1202
f 1205/1205/1205 1203/1203/1203 1204/1204/1204
f 1206/1206/1206 1205/1205/1205 1204/1204/1204
f 1207/1207/1207 1205/1205/1205 1206/1206/1206
f 1208/1208/1208 1207/1207/1207 1206/1206/1206
f 1209/1209/1209 1207/1207/1207 1208/1208/1208
f 1210/1210/1210 1209/1209/1209 1208/1208/1208
f 1211/1211/1211 1209/1209/1209 1210/1210/1210
f 1212/1212/1212 1211/1211/1211 1210/1210/1210
f 1213/1213/1213 1211/1211/1211 1212/1212/1212
f 1214/1214/1214 1213/1213/1213 1212/1212/1212
f 1215/1215/1215 1213/1213/1213 1214/1214/1214
f 1216/1216/1216 1215/1215/1215 1214/1214/1214
f 1186/1186/1186 1215/1215/1215 1216/1216/1216
f 1185/1185/1185 1186/1186/1186 1216/1216/1216
f 1217/1217/1217 1218/1218/1218 322/322/322
f 1217/1217/1217 322/322/322 321/321/321
f 1218/1218/1218 1219/1219/1219 325/325/325
f 1218/1218/1218 325/325/325 322/322/322
f 1219/1219/1219 1220/1220/1220 327/327/327
f 1219/1219/1219 327/327/327 325/325/325
f 1220/1220/1220 1221/1221/1221 329/329/329
f 1220/1220/1220 329/329/329 327/327/327
f 1221/1221/1221 1222/1222/1222 331/331/331
f 1221/1221/1221 331/331/331 329/329/329
f 1222/1222/1222 1223/1223/1223 333/333/333
f 1222/1222/1222 333/333/333 331/331/331
f 1223/1223/1223 1224/1224/1224 335/335/335
f 1223/1223/1223 335/335/335 333/333/333
f 1224/1224/1224 1225/1225/1225 337/337/337
f 1224/1224/1224 337/337/337 335/335/335
f 1225/1225/1225 1226/1226/1226 339/339/339
f 1225/1225/1225 339/339/339 337/337/337
f 1226/1226/1226 1227/1227/1227 341/341/341
f 1226/1226/1226 341/341/341 339/339/339
f 1227/1227/1227 1228/1228/1228 343/343/343
f 1227/1227/1227 343/343/343 341/341/341
f 1228/1228/1228 1229/1229/1229 345/345/345
f 1228/1228/1228 345/345/345 343/343/343
f 1229/1229/1229 1230/1230/1230 347/347/347
f 1229/1229/1229 347/347/347 345/345/345
f 1230/1230/1230 1231/1231/1231 349/349/349
f 1230/1230/1230 349/349/349 347/347/347
f 1231/1231/1231 1232/1232/1232 351/351/351
f 1231/1231/1231 351/351/351 349/349/349
f 1232/1232/1232 1217/1217/1217 321/321/321
f 1232/1232/1232 321/321/321 351/351/351
f 1235/1235/1235 1234/1234/1234 1233/1233/1233
f 456/456/456 1235/1235/1235 1233/1233/1233
f 1237/1237/1237 1236/1236/1236 1234/1234/1234
f 1235/1235/1235 1237/1237/1237 1234/1234/1234
f 1239/1239/1239 1238/1238/1238 1236/1236/1236
f 1237/1237/1237 1239/1239/1239 1236/1236/1236
f 453/453/453 1240/1240/1240 1238/1238/1238
f 1239/1239/1239 453/453/453 1238/1238/1238
f 477/477/477 1241/1241/1241 1240/1240/1240
f 453/453/453 477/477/477 1240/1240/1240
f 475/475/475 1242/1242/1242 1241/1241/1241
f 477/477/477 475/475/475 1241/1241/1241
f 473/473/473 1243/1243/1243 1242/1242/1242
f 475/475/475 473/473/473 1242/1242/1242
f 471/471/471 1244/1244/1244 1243/1243/1243
f 473/473/473 471/471/471 1243/1243/1243
f 469/469/469 1245/1245/1245 1244/1244/1244
f 471/471/471 469/469/469 1244/1244/1244
f 467/467/467 1246/1246/1246 1245/1245/1245
f 469/469/469 467/467/467 1245/1245/1245
f 465/465/465 1247/1247/1247 1246/1246/1246
f 467/467/467 465/465/465 1246/1246/1246
f 463/463/463 1248/1248/1248 1247/1247/1247
f 465/465/465 463/463/463 1247/1247/1247
f 461/461/461 1249/1249/1249 1248/1248/1248
f 463/463/463 461/461/461 1248/1248/1248
f 459/459/459 1250/1250/1250 1249/1249/1249
f 461/461/461 459/459/459 1249/1249/1249
f 457/457/457 1251/1251/1251 1250/1250/1250
f 459/459/459 457/457/457 1250/1250/1250
f 456/456/456 1233/1233/1233 1251/1251/1251
f 457/457/457 456/456/456 1251/1251/1251
f 1254/1254/1254 1253/1253/1253 1252/1252/1252
f 1255/1255/1255 1254/1254/1254 1252/1252/1252
f 1256/1256/1256 1254/1254/1254 1255/1255/1255
f 1257/1257/1257 1256/1256/1256 1255/1255/1255
f 1258/1258/1258 1256/1256/1256 1257/1257/1257
f 1259/1259/1259 1258/1258/1258 1257/1257/1257
f 1260/1260/1260 1258/1258/1258 1259/1259/1259
f 1261/1261/1261 1260/1260/1260 1259/1259/1259
f 1262/1262/1262 1260/1260/1260 1261/1261/1261
f 1263/1263/1263 1262/1262/1262 1261/1261/1261
f 1264/1264/1264 1262/1262/1262 1263/1263/1263
f 1265/1265/1265 1264/1264/1264 1263/1263/1263
f 1266/1266/1266 1264/1264/1264 1265/1265/1265
f 1267/1267/1267 1266/1266/1266 1265/1265/1265
f 1268/1268/1268 1266/1266/1266 1267/1267/1267
f 1269/1269/1269 1268/1268/1268 1267/1267/1267
f 1270/1270/1270 1268/1268/1268 1269/1269/1269
f 1271/1271/1271 1270/1270/1270 1269/1269/1269
f 1272/1272/1272 1270/1270/1270 1271/1271/1271
f 1273/1273/1273 1272/1272/1272 1271/1271/1271
f 1274/1274/1274 1272/1272/1272 1273/1273/1273
f 1275/1275/1275 1274/1274/1274 1273/1273/1273
f 1276/1276/1276 1274/1274/1274 1275/1275/1275
f 1277/1277/1277 1276/1276/1276 1275/1275/1275
f 1278/1278/1278 1276/1276/1276 1277/1277/1277
f 1279/1279/1279 1278/1278/1278 1277/1277/1277
f 1280/1280/1280 1278/1278/1278 1279/1279/1279
f 1281/1281/1281 1280/1280/1280 1279/1279/1279
f 1282/1282/1282 1280/1280/1280 1281/1281/1281
f 1283/1283/1283 1282/1282/1282 1281/1281/1281
f 1253/1253/1253 1282/1282/1282 1283/1283/1283
f 1252/1252/1252 1253/1253/1253 1283/1283/1283
f 1284/1284/1284 1285/1285/1285 354/354/354
f 1284/1284/1284 354/354/354 353/353/353
f 1285/1285/1285 1286/1286/1286 357/357/357
f 1285/1285/1285 357/357/357 354/354/354
f 1286/1286/1286 1287/1287/1287 359/359/359
f 1286/1286/1286 359/359/359 357/357/357
f 1287/1287/1287 1288/1288/1288 361/361/361
f 1287/1287/1287 361/361/361 359/359/359
f 1288/1288/1288 1289/1289/1289 363/363/363
f 1288/1288/1288 363/363/363 361/361/361
f 1289/1289/1289 1290/1290/1290 365/365/365
f 1289/1289/1289 365/365/365 363/363/363
f 1290/1290/1290 1291/1291/1291 367/367/367
f 1290/1290/1290 367/367/367 365/365/365
f 1291/1291/1291 1292/1292/1292 369/369/369
f 1291/1291/1291 369/369/369 367/367/367
f 1292/1292/1292 1293/1293/1293 371/371/371
f 1292/1292/1292 371/371/371 369/369/369
f 1293/1293/1293 1294/1294/1294 373/373/373
f 1293/1293/1293 373/373/373 371/371/371
f 1294/1294/1294 1295/1295/1295 375/375/375
f 1294/1294/1294 375/375/375 373/373/373
f 1295/1295/1295 1296/1296/1296 377/377/377
f 1295/1295/1295 377/377/377 375/375/375
f 1296/1296/1296 1297/1297/1297 379/379/379
f 1296/1296/1296 379/379/379 377/377/377
f 1297/1297/1297 1298/1298/1298 381/381/381
f 1297/1297/1297 381/381/381 379/379/379
f 1298/1298/1298 1299/1299/1299 383/383/383
f 1298/1298/1298 383/383/383 381/381/381
f 1299/1299/1299 1284/1284/1284 353/353/353
f 1299/1299/1299 353/353/353 383/383/383
f 1302/1302/1302 1301/1301/1301 1300/1300/1300
f 1303/1303/1303 1302/1302/1302 1300/1300/1300
f 1305/1305/1305 1304/1304/1304 1301/1301/1301
f 1302/1302/1302 1305/1305/1305 1301/1301/1301
f 1307/1307/1307 1306/1306/1306 1304/1304/1304
f 1305/1305/1305 1307/1307/1307 1304/1304/1304
f 1309/1309/1309 1308/1308/1308 1306/1306/1306
f 1307/1307/1307 1309/1309/1309 1306/1306/1306
f 1311/1311/1311 1310/1310/1310 1308/1308/1308
f 1309/1309/1309 1311/1311/1311 1308/1308/1308
f 1313/1313/1313 1312/1312/1312 1310/1310/1310
f 1311/1311/1311 1313/1313/1313 1310/1310/1310
f 1315/1315/1315 1314/1314/1314 1312/1312/1312
f 1313/1313/1313 1315/1315/1315 1312/1312/1312
f 1317/1317/1317 1316/1316/1316 1314/1314/1314
f 1315/1315/1315 1317/1317/1317 1314/1314/1314
f 1319/1319/1319 1318/1318/1318 1316/1316/1316
f 1317/1317/1317 1319/1319/1319 1316/1316/1316
f 1321/1321/1321 1320/1320/1320 1318/1318/1318
f 1319/1319/1319 1321/1321/1321 1318/1318/1318
f 1323/1323/1323 1322/1322/1322 1320/1320/1320
f 1321/1321/1321 1323/1323/1323 1320/1320/1320
f 1325/1325/1325 1324/1324/1324 1322/1322/1322
f 1323/1323/1323 1325/1325/1325 1322/1322/1322
f 1327/1327/1327 1326/1326/1326 1324/1324/1324
f 1325/1325/1325 1327/1327/1327 1324/1324/1324
f 1329/1329/1329 1328/1328/1328 1326/1326/1326
f 1327/1327/1327 1329/1329/1329 1326/1326/1326
f 1331/1331/1331 1330/1330/1330 1328/1328/1328
f 1329/1329/1329 1331/1331/1331 1328/1328/1328
f 1303/1303/1303 1300/1300/1300 1330/1330/1330
f 1331/1331/1331 1303/1303/1303 1330/1330/1330
f 1334/1334/1334 1333/1333/1333 1332/1332/1332
f 1335/1335/1335 1334/1334/1334 1332/1332/1332
f 1336/1336/1336 1334/1334/1334 1335/1335/1335
f 1337/1337/1337 1336/1336/1336 1335/1335/1335
f 1338/1338/1338 1336/1336/1336 1337/1337/1337
f 1339/1339/1339 1338/1338/1338 1337/1337/1337
f 1340/1340/1340 1338/1338/1338 1339/1339/1339
f 1341/1341/1341 1340/1340/1340 1339/1339/1339
f 1342/1342/1342 1340/1340/1340 1341/1341/1341
f 1343/1343/1343 1342/1342/1342 1341/1341/1341
f 1344/1344/1344 1342/1342/1342 1343/1343/1343
f 1345/1345/1345 1344/1344/1344 1343/1343/1343
f 1346/1346/1346 1344/1344/1344 1345/1345/1345
f 1347/1347/1347 1346/1346/1346 1345/1345/1345
f 1348/1348/1348 1346/1346/1346 1347/1347/1347
f 1349/1349/1349 1348/1348/1348 1347/1347/1347
f 1350/1350/1350 1348/1348/1348 1349/1349/1349
f 1351/1351/1351 1350/1350/1350 1349/1349/1349
f 1352/1352/1352 1350/1350/1350 1351/1351/1351
f 1353/1353/1353 1352/1352/1352 1351/1351/1351
f 1354/1354/1354 1352/1352/1352 1353/1353/1353
f 1355/1355/1355 1354/1354/1354 1353/1353/1353
f 1356/1356/1356 1354/1354/1354 1355/1355/1355
f 1357/1357/1357 1356/1356/1356 1355/1355/1355
f 1358/1358/1358 1356/1356/1356 1357/1357/1357
f 1359/1359/1359 1358/1358/1358 1357/1357/1357
f 1360/1360/1360 1358/1358/1358 1359/1359/1359
f 1361/1361/1361 1360/1360/1360 1359/1359/1359
f 1362/1362/1362 1360/1360/1360 1361/1361/1361
f 1363/1363/1363 1362/1362/1362 1361/1361/1361
f 1333/1333/1333 1362/1362/1362 1363/1363/1363
f 1332/1332/1332 1333/1333/1333 1363/1363/1363
f 2198/2198/2198 2199/2199/2199 2200/2200/2200
f 2198/2198/2198 2200/2200/2200 2201/2201/2201
f 2199/2199/2199 2202/2202/2202 2203/2203/2203
f 2199/2199/2199 2203/2203/2203 2200/2200/2200
f 2202/2202/2202 2204/2204/2204 2205/2205/2205
f 2202/2202/2202 2205/2205/2205 2203/2203/2203
f 2204/2204/2204 2206/2206/2206 2207/2207/2207
f 2204/2204/2204 2207/2207/2207 2205/2205/2205
f 2206/2206/2206 2208/2208/2208 2209/2209/2209
f 2206/2206/2206 2209/2209/2209 2207/2207/2207
f 2208/2208/2208 2210/2210/2210 2211/2211/2211
f 2208/2208/2208 2211/2211/2211 2209/2209/2209
f 2210/2210/2210 2212/2212/2212 2213/2213/2213
f 2210/2210/2210 2213/2213/2213 2211/2211/2211
f 2212/2212/2212 2214/2214/2214 2215/2215/2215
f 2212/2212/2212 2215/2215/2215 2213/2213/2213
f 2214/2214/2214 2216/2216/2216 2217/2217/2217
f 2214/2214/2214 2217/2217/2217 2215/2215/2215
f 2216/2216/2216 2218/2218/2218 2219/2219/2219
f 2216/2216/2216 2219/2219/2219 2217/2217/2217
f 2218/2218/2218 2220/2220/2220 2221/2221/2221
f 2218/2218/2218 2221/2221/2221 2219/2219/2219
f 2220/2220/2220 2222/2222/2222 2223/2223/2223
f 2220/2220/2220 2223/2223/2223 2221/2221/2221
f 2222/2222/2222 2224/2224/2224 2225/2225/2225
f 2222/2222/2222 2225/2225/2225 2223/2223/2223
f 2224/2224/2224 2226/2226/2226 2227/2227/2227
f 2224/2224/2224 2227/2227/2227 2225/2225/2225
f 2226/2226/2226 2228/2228/2228 2229/2229/2229
f 2226/2226/2226 2229/2229/2229 2227/2227/2227
f 2228/2228/2228 2198/2198/2198 2201/2201/2201
f 2228/2228/2228 2201/2201/2201 2229/2229/2229
f 2232/2232/2232 2231/2231/2231 2230/2230/2230
f 2233/2233/2233 2232/2232/2232 2230/2230/2230
f 2235/2235/2235 2234/2234/2234 2231/2231/2231
f 2232/2232/2232 2235/2235/2235 2231/2231/2231
f 2237/2237/2237 2236/2236/2236 2234/2234/2234
f 2235/2235/2235 2237/2237/2237 2234/2234/2234
f 2239/2239/2239 2238/2238/2238 2236/2236/2236
f 2237/2237/2237 2239/2239/2239 2236/2236/2236
f 2241/2241/2241 2240/2240/2240 2238/2238/2238
f 2239/2239/2239 2241/2241/2241 2238/2238/2238
f 2243/2243/2243 2242/2242/2242 2240/2240/2240
f 2241/2241/2241 2243/2243/2243 2240/2240/2240
f 2245/2245/2245 2244/2244/2244 2242/2242/2242
f 2243/2243/2243 2245/2245/2245 2242/2242/2242
f 2247/2247/2247 2246/2246/2246 2244/2244/2244
f 2245/2245/2245 2247/2247/2247 2244/2244/2244
f 2249/2249/2249 2248/2248/2248 2246/2246/2246
f 2247/2247/2247 2249/2249/2249 2246/2246/2246
f 2251/2251/2251 2250/2250/2250 2248/2248/2248
f 2249/2249/2249 2251/2251/2251 2248/2248/2248
f 2253/2253/2253 2252/2252/2252 2250/2250/2250
f 2251/2251/2251 2253/2253/2253 2250/2250/2250
f 2255/2255/2255 2254/2254/2254 2252/2252/2252
f 2253/2253/2253 2255/2255/2255 2252/2252/2252
f 2257/2257/2257 2256/2256/2256 2254/2254/2254
f 2255/2255/2255 2257/2257/2257 2254/2254/2254
f 2259/2259/2259 2258/2258/2258 2256/2256/2256
f 2257/2257/2257 2259/2259/2259 2256/2256/2256
f 2261/2261/2261 2260/2260/2260 2258/2258/2258
f 2259/2259/2259 2261/2261/2261 2258/2258/2258
f 2233/2233/2233 2230/2230/2230 2260/2260/2260
f 2261/2261/2261 2233/2233/2233 2260/2260/2260
f 2264/2264/2264 2263/2263/2263 2262/2262/2262
f 2265/2265/2265 2264/2264/2264 2262/2262/2262
f 2266/2266/2266 2264/2264/2264 2265/2265/2265
f 2267/2267/2267 2266/2266/2266 2265/2265/2265
f 2268/2268/2268 2266/2266/2266 2267/2267/2267
f 2269/2269/2269 2268/2268/2268 2267/2267/2267
f 2270/2270/2270 2268/2268/2268 2269/2269/2269
f 2271/2271/2271 2270/2270/2270 2269/2269/2269
f 2272/2272/2272 2270/2270/2270 2271/2271/2271
f 2273/2273/2273 2272/2272/2272 2271/2271/2271
f 2274/2274/2274 2272/2272/2272 2273/2273/2273
f 2275/2275/2275 2274/2274/2274 2273/2273/2273
f 2276/2276/2276 2274/2274/2274 2275/2275/2275
f 2277/2277/2277 2276/2276/2276 2275/2275/2275
f 2278/2278/2278 2276/2276/2276 2277/2277/2277
f 2279/2279/2279 2278/2278/2278 2277/2277/2277
f 2280/2280/2280 2278/2278/2278 2279/2279/2279
f 2281/2281/2281 2280/2280/2280 2279/2279/2279
f 2282/2282/2282 2280/2280/2280 2281/2281/2281
f 2283/2283/2283 2282/2282/2282 2281/2281/2281
f 2284/2284/2284 2282/2282/2282 2283/2283/2283
f 2285/2285/2285 2284/2284/2284 2283/2283/2283
f 2286/2286/2286 2284/2284/2284 2285/2285/2285
f 2287/2287/2287 2286/2286/2286 2285/2285/2285
f 2288/2288/2288 2286/2286/2286 2287/2287/2287
f 2289/2289/2289 2288/2288/2288 2287/2287/2287
f 2290/2290/2290 2288/2288/2288 2289/2289/2289
f 2291/2291/2291 2290/2290/2290 2289/2289/2289
f 2292/2292/2292 2290/2290/2290 2291/2291/2291
f 2293/2293/2293 2292/2292/2292 2291/2291/2291
f 2263/2263/2263 2292/2292/2292 2293/2293/2293
f 2262/2262/2262 2263/2263/2263 2293/2293/2293
f 2294/2294/2294 2295/2295/2295 2296/2296/2296
f 2294/2294/2294 2296/2296/2296 2297/2297/2297
f 2295/2295/2295 2298/2298/2298 2299/2299/2299
f 2295/2295/2295 2299/2299/2299 2296/2296/2296
f 2298/2298/2298 2300/2300/2300 2301/2301/2301
f 2298/2298/2298 2301/2301/2301 2299/2299/2299
f 2300/2300/2300 2302/2302/2302 2303/2303/2303
f 2300/2300/2300 2303/2303/2303 2301/2301/2301
f 2302/2302/2302 2304/2304/2304 2305/2305/2305
f 2302/2302/2302 2305/2305/2305 2303/2303/2303
f 2304/2304/2304 2306/2306/2306 2307/2307/2307
f 2304/2304/2304 2307/2307/2307 2305/2305/2305
f 2306/2306/2306 2308/2308/2308 2309/2309/2309
f 2306/2306/2306 2309/2309/2309 2307/2307/2307
f 2308/2308/2308 2310/2310/2310 2311/2311/2311
f 2308/2308/2308 2311/2311/2311 2309/2309/2309
f 2310/2310/2310 2312/2312/2312 2313/2313/2313
f 2310/2310/2310 2313/2313/2313 2311/2311/2311
f 2312/2312/2312 2314/2314/2314 2315/2315/2315
f 2312/2312/2312 2315/2315/2315 2313/2313/2313
f 2314/2314/2314 2316/2316/2316 2317/2317/2317
f 2314/2314/2314 2317/2317/2317 2315/2315/2315
f 2316/2316/2316 2318/2318/2318 2319/2319/2319
f 2316/2316/2316 2319/2319/2319 2317/2317/2317
f 2318/2318/2318 2320/2320/2320 2321/2321/2321
f 2318/2318/2318 2321/2321/2321 2319/2319/2319
f 2320/2320/2320 2322/2322/2322 2323/2323/2323
f 2320/2320/2320 2323/2323/2323 2321/2321/2321
f 2322/2322/2322 2324/2324/2324 2325/2325/2325
f 2322/2322/2322 2325/2325/2325 2323/2323/2323
f 2324/2324/2324 2294/2294/2294 2297/2297/2297
f 2324/2324/2324 2297/2297/2297 2325/2325/2325
f 2328/2328/2328 2327/2327/2327 2326/2326/2326
f 2329/2329/2329 2328/2328/2328 2326/2326/2326
f 2331/2331/2331 2330/2330/2330 2327/2327/2327
f 2328/2328/2328 2331/2331/2331 2327/2327/2327
f 2333/2333/2333 2332/2332/2332 2330/2330/2330
f 2331/2331/2331 2333/2333/2333 2330/2330/2330
f 2335/2335/2335 2334/2334/2334 2332/2332/2332
f 2333/2333/2333 2335/2335/2335 2332/2332/2332
f 2337/2337/2337 2336/2336/2336 2334/2334/2334
f 2335/2335/2335 2337/2337/2337 2334/2334/2334
f 2339/2339/2339 2338/2338/2338 2336/2336/2336
f 2337/2337/2337 2339/2339/2339 2336/2336/2336
f 2341/2341/2341 2340/2340/2340 2338/2338/2338
f 2339/2339/2339 2341/2341/2341 2338/2338/2338
f 2343/2343/2343 2342/2342/2342 2340/2340/2340
f 2341/2341/2341 2343/2343/2343 2340/2340/2340
f 2345/2345/2345 2344/2344/2344 2342/2342/2342
f 2343/2343/2343 2345/2345/2345 2342/2342/2342
f 2347/2347/2347 2346/2346/2346 2344/2344/2344
f 2345/2345/2345 2347/2347/2347 2344/2344/2344
f 2349/2349/2349 2348/2348/2348 2346/2346/2346
f 2347/2347/2347 2349/2349/2349 2346/2346/2346
f 2351/2351/2351 2350/2350/2350 2348/2348/2348
f 2349/2349/2349 2351/2351/2351 2348/2348/2348
f 2353/2353/2353 2352/2352/2352 2350/2350/2350
f 2351/2351/2351 2353/2353/2353 2350/2350/2350
f 2355/2355/2355 2354/2354/2354 2352/2352/2352
f 2353/2353/2353 2355/2355/2355 2352/2352/2352
f 2357/2357/2357 2356/2356/2356 2354/2354/2354
f 2355/2355/2355 2357/2357/2357 2354/2354/2354
f 2329/2329/2329 2326/2326/2326 2356/2356/2356
f 2357/2357/2357 2329/2329/2329 2356/2356/2356
f 2360/2360/2360 2359/2359/2359 2358/2358/2358
f 2361/2361/2361 2360/2360/2360 2358/2358/2358
f 2362/2362/2362 2360/2360/2360 2361/2361/2361
f 2363/2363/2363 2362/2362/2362 2361/2361/2361
f 2364/2364/2364 2362/2362/2362 2363/2363/2363
f 2365/2365/2365 2364/2364/2364 2363/2363/2363
f 2366/2366/2366 2364/2364/2364 2365/2365/2365
f 2367/2367/2367 2366/2366/2366 2365/2365/2365
f 2368/2368/2368 2366/2366/2366 2367/2367/2367
f 2369/2369/2369 2368/2368/2368 2367/2367/2367
f 2370/2370/2370 2368/2368/2368 2369/2369/2369
f 2371/2371/2371 2370/2370/2370 2369/2369/2369
f 2372/2372/2372 2370/2370/2370 2371/2371/2371
f 2373/2373/2373 2372/2372/2372 2371/2371/2371
f 2374/2374/2374 2372/2372/2372 2373/2373/2373
f 2375/2375/2375 2374/2374/2374 2373/2373/2373
f 2376/2376/2376 2374/2374/2374 2375/2375/2375
f 2377/2377/2377 2376/2376/2376 2375/2375/2375
f 2378/2378/2378 2376/2376/2376 2377/2377/2377
f 2379/2379/2379 2378/2378/2378 2377/2377/2377
f 2380/2380/2380 2378/2378/2378 2379/2379/2379
f 2381/2381/2381 2380/2380/2380 2379/2379/2379
f 2382/2382/2382 2380/2380/2380 2381/2381/2381
f 2383/2383/2383 2382/2382/2382 2381/2381/2381
f 2384/2384/2384 2382/2382/2382 2383/2383/2383
f 2385/2385/2385 2384/2384/2384 2383/2383/2383
f 2386/2386/2386 2384/2384/2384 2385/2385/2385
f 2387/2387/2387 2386/2386/2386 2385/2385/2385
f 2388/2388/2388 2386/2386/2386 2387/2387/2387
f 2389/2389/2389 2388/2388/2388 2387/2387/2387
f 2359/2359/2359 2388/2388/2388 2389/2389/2389
f 2358/2358/2358 2359/2359/2359 2389/2389/2389
f 2392/2392/2392 2391/2391/2391 2390/2390/2390
f 2393/2393/2393 2392/2392/2392 2390/2390/2390
f 2395/2395/2395 2394/2394/2394 2391/2391/2391
f 2392/2392/2392 2395/2395/2395 2391/2391/2391
f 2397/2397/2397 2396/2396/2396 2394/2394/2394
f 2395/2395/2395 2397/2397/2397 2394/2394/2394
f 2399/2399/2399 2398/2398/2398 2396/2396/2396
f 2397/2397/2397 2399/2399/2399 2396/2396/2396
f 2401/2401/2401 2400/2400/2400 2398/2398/2398
f 2399/2399/2399 2401/2401/2401 2398/2398/2398
f 2403/2403/2403 2402/2402/2402 2400/2400/2400
f 2401/2401/2401 2403/2403/2403 2400/2400/2400
f 2405/2405/2405 2404/2404/2404 2402/2402/2402
f 2403/2403/2403 2405/2405/2405 2402/2402/2402
f 2407/2407/2407 2406/2406/2406 2404/2404/2404
f 2405/2405/2405 2407/2407/2407 2404/2404/2404
f 2409/2409/2409 2408/2408/2408 2406/2406/2406
f 2407/2407/2407 2409/2409/2409 2406/2406/2406
f 2411/2411/2411 2410/2410/2410 2408/2408/2408
f 2409/2409/2409 2411/2411/2411 2408/2408/2408
f 2413/2413/2413 2412/2412/2412 2410/2410/2410
f 2411/2411/2411 2413/2413/2413 2410/2410/2410
f 2415/2415/2415 2414/2414/2414 2412/2412/2412
f 2413/2413/2413 2415/2415/2415 2412/2412/2412
f 2416/2416/2416 2417/2417/2417 2418/2418/2418
f 2416/2416/2416 2418/2418/2418 2419/2419/2419
f 2419/2419/2419 2418/2418/2418 2420/2420/2420
f 2419/2419/2419 2420/2420/2420 2421/2421/2421
f 2421/2421/2421 2420/2420/2420 2422/2422/2422
f 2421/2421/2421 2422/2422/2422 2423/2423/2423
f 2423/2423/2423 2422/2422/2422 2424/2424/2424
f 2423/2423/2423 2424/2424/2424 2425/2425/2425
f 2425/2425/2425 2424/2424/2424 2426/2426/2426
f 2425/2425/2425 2426/2426/2426 2427/2427/2427
f 2427/2427/2427 2426/2426/2426 2428/2428/2428
f 2427/2427/2427 2428/2428/2428 2429/2429/2429
f 2429/2429/2429 2428/2428/2428 2430/2430/2430
f 2429/2429/2429 2430/2430/2430 2431/2431/2431
f 2431/2431/2431 2430/2430/2430 2432/2432/2432
f 2431/2431/2431 2432/2432/2432 2433/2433/2433
f 2433/2433/2433 2432/2432/2432 2434/2434/2434
f 2433/2433/2433 2434/2434/2434 2435/2435/2435
f 2435/2435/2435 2434/2434/2434 2436/2436/2436
f 2435/2435/2435 2436/2436/2436 2437/2437/2437
f 2437/2437/2437 2436/2436/2436 2438/2438/2438
f 2437/2437/2437 2438/2438/2438 2439/2439/2439
f 2439/2439/2439 2438/2438/2438 2440/2440/2440
f 2439/2439/2439 2440/2440/2440 2441/2441/2441
f 2441/2441/2441 2440/2440/2440 2442/2442/2442
f 2441/2441/2441 2442/2442/2442 2443/2443/2443
f 2443/2443/2443 2442/2442/2442 2444/2444/2444
f 2443/2443/2443 2444/2444/2444 2445/2445/2445
f 2445/2445/2445 2444/2444/2444 2446/2446/2446
f 2445/2445/2445 2446/2446/2446 2447/2447/2447
f 2447/2447/2447 2446/2446/2446 2417/2417/2417
f 2447/2447/2447 2417/2417/2417 2416/2416/2416
f 2200/2200/2200 2449/2449/2449 2448/2448/2448
f 2201/2201/2201 2200/2200/2200 2448/2448/2448
f 2203/2203/2203 2450/2450/2450 2449/2449/2449
f 2200/2200/2200 2203/2203/2203 2449/2449/2449
f 2205/2205/2205 2451/2451/2451 2450/2450/2450
f 2203/2203/2203 2205/2205/2205 2450/2450/2450
f 2207/2207/2207 2452/2452/2452 2451/2451/2451
f 2205/2205/2205 2207/2207/2207 2451/2451/2451
f 2209/2209/2209 2453/2453/2453 2452/2452/2452
f 2207/2207/2207 2209/2209/2209 2452/2452/2452
f 2211/2211/2211 2454/2454/2454 2453/2453/2453
f 2209/2209/2209 2211/2211/2211 2453/2453/2453
f 2213/2213/2213 2455/2455/2455 2454/2454/2454
f 2211/2211/2211 2213/2213/2213 2454/2454/2454
f 2215/2215/2215 2456/2456/2456 2455/2455/2455
f 2213/2213/2213 2215/2215/2215 2455/2455/2455
f 2217/2217/2217 2457/2457/2457 2456/2456/2456
f 2215/2215/2215 2217/2217/2217 2456/2456/2456
f 2219/2219/2219 2458/2458/2458 2457/2457/2457
f 2217/2217/2217 2219/2219/2219 2457/2457/2457
f 2221/2221/2221 2459/2459/2459 2458/2458/2458
f 2219/2219/2219 2221/2221/2221 2458/2458/2458
f 2223/2223/2223 2460/2460/2460 2459/2459/2459
f 2221/2221/2221 2223/2223/2223 2459/2459/2459
f 2225/2225/2225 2461/2461/2461 2460/2460/2460
f 2223/2223/2223 2225/2225/2225 2460/2460/2460
f 2227/2227/2227 2462/2462/2462 2461/2461/2461
f 2225/2225/2225 2227/2227/2227 2461/2461/2461
f 2229/2229/2229 2463/2463/2463 2462/2462/2462
f 2227/2227/2227 2229/2229/2229 2462/2462/2462
f 2201/2201/2201 2448/2448/2448 2463/2463/2463
f 2229/2229/2229 2201/2201/2201 2463/2463/2463
f 2466/2466/2466 2465/2465/2465 2464/2464/2464
f 2467/2467/2467 2466/2466/2466 2464/2464/2464
f 2468/2468/2468 2466/2466/2466 2467/2467/2467
f 2469/2469/2469 2468/2468/2468 2467/2467/2467
f 2470/2470/2470 2471/2471/2471 2472/2472/2472
f 2470/2470/2470 2472/2472/2472 2473/2473/2473
f 2473/2473/2473 2472/2472/2472 2474/2474/2474
f 2473/2473/2473 2474/2474/2474 2475/2475/2475
f 2476/2476/2476 2474/2474/2474 2477/2477/2477
f 2476/2476/2476 2477/2477/2477 2478/2478/2478
f 2478/2478/2478 2477/2477/2477 2479/2479/2479
f 2478/2478/2478 2479/2479/2479 2480/2480/2480
f 2480/2480/2480 2479/2479/2479 2481/2481/2481
f 2480/2480/2480 2481/2481/2481 2482/2482/2482
f 2482/2482/2482 2481/2481/2481 2483/2483/2483
f 2482/2482/2482 2483/2483/2483 2484/2484/2484
f 2484/2484/2484 2483/2483/2483 2485/2485/2485
f 2484/2484/2484 2485/2485/2485 2486/2486/2486
f 2486/2486/2486 2485/2485/2485 2487/2487/2487
f 2486/2486/2486 2487/2487/2487 2488/2488/2488
f 2488/2488/2488 2487/2487/2487 2489/2489/2489
f 2488/2488/2488 2489/2489/2489 2490/2490/2490
f 2490/2490/2490 2489/2489/2489 2468/2468/2468
f 2490/2490/2490 2468/2468/2468 2491/2491/2491
f 2492/2492/2492 2493/2493/2493 2494/2494/2494
f 2492/2492/2492 2494/2494/2494 2495/2495/2495
f 2493/2493/2493 2496/2496/2496 2497/2497/2497
f 2493/2493/2493 2497/2497/2497 2494/2494/2494
f 2496/2496/2496 2498/2498/2498 2499/2499/2499
f 2496/2496/2496 2499/2499/2499 2497/2497/2497
f 2498/2498/2498 2500/2500/2500 2501/2501/2501
f 2498/2498/2498 2501/2501/2501 2499/2499/2499
f 2500/2500/2500 2502/2502/2502 2503/2503/2503
f 2500/2500/2500 2503/2503/2503 2501/2501/2501
f 2502/2502/2502 2504/2504/2504 2505/2505/2505
f 2502/2502/2502 2505/2505/2505 2503/2503/2503
f 2504/2504/2504 2506/2506/2506 2507/2507/2507
f 2504/2504/2504 2507/2507/2507 2505/2505/2505
f 2506/2506/2506 2508/2508/2508 2509/2509/2509
f 2506/2506/2506 2509/2509/2509 2507/2507/2507
f 2512/2512/2512 2511/2511/2511 2510/2510/2510
f 2510/2510/2510 2511/2511/2511 2513/2513/2513
f 2511/2511/2511 2514/2514/2514 2513/2513/2513
f 2513/2513/2513 2514/2514/2514 2515/2515/2515
f 2514/2514/2514 2516/2516/2516 2515/2515/2515
f 2515/2515/2515 2516/2516/2516 2517/2517/2517
f 2516/2516/2516 2518/2518/2518 2517/2517/2517
f 2517/2517/2517 2518/2518/2518 2519/2519/2519
f 2518/2518/2518 2520/2520/2520 2519/2519/2519
f 2519/2519/2519 2520/2520/2520 2521/2521/2521
f 2520/2520/2520 2522/2522/2522 2521/2521/2521
f 2521/2521/2521 2522/2522/2522 2523/2523/2523
f 2526/2526/2526 2525/2525/2525 2524/2524/2524
f 2527/2527/2527 2525/2525/2525 2526/2526/2526
f 2528/2528/2528 2527/2527/2527 2526/2526/2526
f 2529/2529/2529 2527/2527/2527 2528/2528/2528
f 2530/2530/2530 2529/2529/2529 2528/2528/2528
f 2531/2531/2531 2529/2529/2529 2530/2530/2530
f 2532/2532/2532 2531/2531/2531 2530/2530/2530
f 2533/2533/2533 2531/2531/2531 2532/2532/2532
f 2534/2534/2534 2533/2533/2533 2532/2532/2532
f 2535/2535/2535 2533/2533/2533 2534/2534/2534
f 2536/2536/2536 2535/2535/2535 2534/2534/2534
f 2537/2537/2537 2535/2535/2535 2536/2536/2536
f 2540/2540/2540 2539/2539/2539 2538/2538/2538
f 2539/2539/2539 2541/2541/2541 2538/2538/2538
f 2538/2538/2538 2541/2541/2541 2542/2542/2542
f 2541/2541/2541 2543/2543/2543 2542/2542/2542
f 2542/2542/2542 2543/2543/2543 2544/2544/2544
f 2543/2543/2543 2545/2545/2545 2544/2544/2544
f 2544/2544/2544 2545/2545/2545 2546/2546/2546
f 2545/2545/2545 2547/2547/2547 2546/2546/2546
f 2546/2546/2546 2547/2547/2547 2548/2548/2548
f 2547/2547/2547 2549/2549/2549 2548/2548/2548
f 2548/2548/2548 2549/2549/2549 2550/2550/2550
f 2549/2549/2549 2551/2551/2551 2550/2550/2550
f 2549/2549/2549 2552/2552/2552 2551/2551/2551
f 2552/2552/2552 2553/2553/2553 2551/2551/2551
f 2552/2552/2552 2554/2554/2554 2553/2553/2553
f 2554/2554/2554 2555/2555/2555 2553/2553/2553
f 2556/2556/2556 2555/2555/2555 2554/2554/2554
f 2556/2556/2556 2557/2557/2557 2555/2555/2555
f 2558/2558/2558 2557/2557/2557 2556/2556/2556
f 2559/2559/2559 2557/2557/2557 2558/2558/2558
f 2560/2560/2560 2559/2559/2559 2558/2558/2558
f 2561/2561/2561 2559/2559/2559 2560/2560/2560
f 2562/2562/2562 2561/2561/2561 2560/2560/2560
f 2563/2563/2563 2561/2561/2561 2562/2562/2562
f 2564/2564/2564 2563/2563/2563 2562/2562/2562
f 2565/2565/2565 2563/2563/2563 2564/2564/2564
f 2566/2566/2566 2565/2565/2565 2564/2564/2564
f 2567/2567/2567 2539/2539/2539 2540/2540/2540
f 2567/2567/2567 2568/2568/2568 2539/2539/2539
f 2569/2569/2569 2568/2568/2568 2567/2567/2567
f 2569/2569/2569 2570/2570/2570 2568/2568/2568
f 2571/2571/2571 2570/2570/2570 2569/2569/2569
f 2571/2571/2571 2572/2572/2572 2570/2570/2570
f 2573/2573/2573 2572/2572/2572 2571/2571/2571
f 2573/2573/2573 2574/2574/2574 2572/2572/2572
f 2552/2552/2552 2549/2549/2549 2547/2547/2547
f 2547/2547/2547 2575/2575/2575 2552/2552/2552
f 2575/2575/2575 2547/2547/2547 2545/2545/2545
f 2545/2545/2545 2576/2576/2576 2575/2575/2575
f 2543/2543/2543 2576/2576/2576 2545/2545/2545
f 2543/2543/2543 2577/2577/2577 2576/2576/2576
f 2541/2541/2541 2577/2577/2577 2543/2543/2543
f 2541/2541/2541 2578/2578/2578 2577/2577/2577
f 2539/2539/2539 2578/2578/2578 2541/2541/2541
f 2539/2539/2539 2579/2579/2579 2578/2578/2578
f 2568/2568/2568 2579/2579/2579 2580/2580/2580
f 2568/2568/2568 2581/2581/2581 2579/2579/2579
f 2570/2570/2570 2581/2581/2581 2568/2568/2568
f 2570/2570/2570 2510/2510/2510 2581/2581/2581
f 2572/2572/2572 2510/2510/2510 2570/2570/2570
f 2572/2572/2572 2512/2512/2512 2510/2510/2510
f 2574/2574/2574 2512/2512/2512 2572/2572/2572
f 2574/2574/2574 2566/2566/2566 2512/2512/2512
f 2512/2512/2512 2566/2566/2566 2564/2564/2564
f 2512/2512/2512 2564/2564/2564 2582/2582/2582
f 2582/2582/2582 2564/2564/2564 2562/2562/2562
f 2582/2582/2582 2562/2562/2562 2583/2583/2583
f 2583/2583/2583 2562/2562/2562 2560/2560/2560
f 2583/2583/2583 2560/2560/2560 2584/2584/2584
f 2584/2584/2584 2560/2560/2560 2558/2558/2558
f 2584/2584/2584 2558/2558/2558 2585/2585/2585
f 2558/2558/2558 2587/2587/2587 2586/2586/2586
f 2585/2585/2585 2558/2558/2558 2586/2586/2586
f 2556/2556/2556 2554/2554/2554 2588/2588/2588
f 2588/2588/2588 2586/2586/2586 2556/2556/2556
f 2554/2554/2554 2552/2552/2552 2575/2575/2575
f 2575/2575/2575 2588/2588/2588 2554/2554/2554
f 2591/2591/2591 2590/2590/2590 2589/2589/2589
f 2590/2590/2590 2592/2592/2592 2589/2589/2589
f 2589/2589/2589 2592/2592/2592 2593/2593/2593
f 2592/2592/2592 2595/2595/2595 2594/2594/2594
f 2593/2593/2593 2592/2592/2592 2594/2594/2594
f 2594/2594/2594 2595/2595/2595 2596/2596/2596
f 2594/2594/2594 2596/2596/2596 2597/2597/2597
f 2597/2597/2597 2596/2596/2596 2598/2598/2598
f 2597/2597/2597 2598/2598/2598 2599/2599/2599
f 2599/2599/2599 2598/2598/2598 2600/2600/2600
f 2599/2599/2599 2600/2600/2600 2601/2601/2601
f 2600/2600/2600 2602/2602/2602 2601/2601/2601
f 2605/2605/2605 2604/2604/2604 2603/2603/2603
f 2605/2605/2605 2607/2607/2607 2606/2606/2606
f 2604/2604/2604 2605/2605/2605 2606/2606/2606
f 2608/2608/2608 2606/2606/2606 2607/2607/2607
f 2608/2608/2608 2609/2609/2609 2606/2606/2606
f 2610/2610/2610 2609/2609/2609 2608/2608/2608
f 2610/2610/2610 2611/2611/2611 2609/2609/2609
f 2610/2610/2610 2613/2613/2613 2612/2612/2612
f 2611/2611/2611 2610/2610/2610 2612/2612/2612
f 2613/2613/2613 2615/2615/2615 2614/2614/2614
f 2612/2612/2612 2613/2613/2613 2614/2614/2614
f 2616/2616/2616 2614/2614/2614 2615/2615/2615
f 2619/2619/2619 2618/2618/2618 2617/2617/2617
f 2617/2617/2617 2620/2620/2620 2619/2619/2619
f 2618/2618/2618 2622/2622/2622 2621/2621/2621
f 2621/2621/2621 2617/2617/2617 2618/2618/2618
f 2622/2622/2622 2623/2623/2623 2621/2621/2621
f 2621/2621/2621 2623/2623/2623 2624/2624/2624
f 2623/2623/2623 2625/2625/2625 2624/2624/2624
f 2627/2627/2627 2626/2626/2626 2625/2625/2625
f 2628/2628/2628 2626/2626/2626 2627/2627/2627
f 2626/2626/2626 2628/2628/2628 2629/2629/2629
f 2630/2630/2630 2626/2626/2626 2629/2629/2629
f 2631/2631/2631 2630/2630/2630 2629/2629/2629
f 2632/2632/2632 2631/2631/2631 2629/2629/2629
f 2633/2633/2633 2631/2631/2631 2632/2632/2632
f 2634/2634/2634 2633/2633/2633 2632/2632/2632
f 2635/2635/2635 2633/2633/2633 2634/2634/2634
f 2636/2636/2636 2635/2635/2635 2634/2634/2634
f 2637/2637/2637 2635/2635/2635 2636/2636/2636
f 2638/2638/2638 2637/2637/2637 2636/2636/2636
f 2639/2639/2639 2637/2637/2637 2638/2638/2638
f 2639/2639/2639 2638/2638/2638 2640/2640/2640
f 2641/2641/2641 2639/2639/2639 2640/2640/2640
f 2641/2641/2641 2640/2640/2640 2642/2642/2642
f 2645/2645/2645 2644/2644/2644 2643/2643/2643
f 2644/2644/2644 2645/2645/2645 2646/2646/2646
f 2646/2646/2646 2647/2647/2647 2644/2644/2644
f 2648/2648/2648 2647/2647/2647 2646/2646/2646
f 2648/2648/2648 2646/2646/2646 2649/2649/2649
f 2648/2648/2648 2649/2649/2649 2650/2650/2650
f 2651/2651/2651 2648/2648/2648 2650/2650/2650
f 2651/2651/2651 2650/2650/2650 2652/2652/2652
f 2650/2650/2650 2653/2653/2653 2652/2652/2652
f 2652/2652/2652 2653/2653/2653 2654/2654/2654
f 2653/2653/2653 2655/2655/2655 2654/2654/2654
f 2654/2654/2654 2655/2655/2655 2656/2656/2656
f 2655/2655/2655 2657/2657/2657 2656/2656/2656
f 2656/2656/2656 2657/2657/2657 2658/2658/2658
f 2658/2658/2658 2659/2659/2659 2656/2656/2656
f 2658/2658/2658 2660/2660/2660 2659/2659/2659
f 2662/2662/2662 2661/2661/2661 2660/2660/2660
f 2662/2662/2662 2663/2663/2663 2661/2661/2661
f 2663/2663/2663 2664/2664/2664 2661/2661/2661
f 2663/2663/2663 2666/2666/2666 2665/2665/2665
f 2665/2665/2665 2664/2664/2664 2663/2663/2663
f 2669/2669/2669 2668/2668/2668 2667/2667/2667
f 2672/2672/2672 2671/2671/2671 2670/2670/2670
f 2673/2673/2673 2672/2672/2672 2670/2670/2670
f 2673/2673/2673 2670/2670/2670 2674/2674/2674
f 2673/2673/2673 2674/2674/2674 2675/2675/2675
f 2676/2676/2676 2673/2673/2673 2675/2675/2675
f 2676/2676/2676 2675/2675/2675 2677/2677/2677
f 2675/2675/2675 2678/2678/2678 2677/2677/2677
f 2677/2677/2677 2678/2678/2678 2679/2679/2679
f 2682/2682/2682 2681/2681/2681 2680/2680/2680
f 2683/2683/2683 2681/2681/2681 2682/2682/2682
f 2683/2683/2683 2684/2684/2684 2681/2681/2681
f 2685/2685/2685 2684/2684/2684 2683/2683/2683
f 2685/2685/2685 2686/2686/2686 2684/2684/2684
f 2685/2685/2685 2687/2687/2687 2686/2686/2686
f 2687/2687/2687 2688/2688/2688 2686/2686/2686
f 2687/2687/2687 2689/2689/2689 2688/2688/2688
f 2679/2679/2679 2678/2678/2678 2690/2690/2690
f 2691/2691/2691 2679/2679/2679 2690/2690/2690
f 2693/2693/2693 2680/2680/2680 2692/2692/2692
f 2682/2682/2682 2680/2680/2680 2693/2693/2693
f 2642/2642/2642 2695/2695/2695 2694/2694/2694
f 2642/2642/2642 2697/2697/2697 2696/2696/2696
f 2696/2696/2696 2695/2695/2695 2642/2642/2642
f 2697/2697/2697 2699/2699/2699 2698/2698/2698
f 2698/2698/2698 2696/2696/2696 2697/2697/2697
f 2696/2696/2696 2698/2698/2698 2700/2700/2700
f 2700/2700/2700 2698/2698/2698 2701/2701/2701
f 2700/2700/2700 2701/2701/2701 2595/2595/2595
f 2703/2703/2703 2701/2701/2701 2702/2702/2702
f 2595/2595/2595 2702/2702/2702 2596/2596/2596
f 2705/2705/2705 2702/2702/2702 2704/2704/2704
f 2704/2704/2704 2702/2702/2702 2706/2706/2706
f 2704/2704/2704 2706/2706/2706 2707/2707/2707
f 2707/2707/2707 2706/2706/2706 2708/2708/2708
f 2709/2709/2709 2708/2708/2708 2623/2623/2623
f 2709/2709/2709 2623/2623/2623 2622/2622/2622
f 2618/2618/2618 2709/2709/2709 2622/2622/2622
f 2711/2711/2711 2709/2709/2709 2710/2710/2710
f 2711/2711/2711 2712/2712/2712 2709/2709/2709
f 2712/2712/2712 2711/2711/2711 2713/2713/2713
f 2714/2714/2714 2712/2712/2712 2713/2713/2713
f 2713/2713/2713 2715/2715/2715 2714/2714/2714
f 2713/2713/2713 2716/2716/2716 2715/2715/2715
f 2717/2717/2717 2694/2694/2694 2713/2713/2713
f 2694/2694/2694 2716/2716/2716 2713/2713/2713
f 2694/2694/2694 2718/2718/2718 2716/2716/2716
f 2694/2694/2694 2695/2695/2695 2718/2718/2718
f 2643/2643/2643 2720/2720/2720 2719/2719/2719
f 2643/2643/2643 2719/2719/2719 2687/2687/2687
f 2721/2721/2721 2719/2719/2719 2720/2720/2720
f 2721/2721/2721 2722/2722/2722 2719/2719/2719
f 2721/2721/2721 2723/2723/2723 2722/2722/2722
f 2723/2723/2723 2721/2721/2721 2724/2724/2724
f 2724/2724/2724 2721/2721/2721 2668/2668/2668
f 2668/2668/2668 2725/2725/2725 2724/2724/2724
f 2725/2725/2725 2668/2668/2668 2666/2666/2666
f 2666/2666/2666 2726/2726/2726 2725/2725/2725
f 2726/2726/2726 2666/2666/2666 2663/2663/2663
f 2662/2662/2662 2726/2726/2726 2663/2663/2663
f 2657/2657/2657 2727/2727/2727 2658/2658/2658
f 2655/2655/2655 2727/2727/2727 2657/2657/2657
f 2655/2655/2655 2728/2728/2728 2727/2727/2727
f 2653/2653/2653 2728/2728/2728 2655/2655/2655
f 2653/2653/2653 2729/2729/2729 2728/2728/2728
f 2650/2650/2650 2729/2729/2729 2653/2653/2653
f 2650/2650/2650 2730/2730/2730 2729/2729/2729
f 2730/2730/2730 2731/2731/2731 2649/2649/2649
f 2730/2730/2730 2649/2649/2649 2646/2646/2646
f 2732/2732/2732 2730/2730/2730 2646/2646/2646
f 2732/2732/2732 2646/2646/2646 2645/2645/2645
f 2732/2732/2732 2645/2645/2645 2643/2643/2643
f 2733/2733/2733 2665/2665/2665 2666/2666/2666
f 2735/2735/2735 2734/2734/2734 2415/2415/2415
f 2393/2393/2393 2735/2735/2735 2415/2415/2415
f 2565/2565/2565 2573/2573/2573 2393/2393/2393
f 2415/2415/2415 2565/2565/2565 2393/2393/2393
f 2566/2566/2566 2574/2574/2574 2573/2573/2573
f 2565/2565/2565 2566/2566/2566 2573/2573/2573
f 2738/2738/2738 2737/2737/2737 2736/2736/2736
f 2739/2739/2739 2738/2738/2738 2736/2736/2736
f 2742/2742/2742 2741/2741/2741 2740/2740/2740
f 2743/2743/2743 2742/2742/2742 2740/2740/2740
f 2745/2745/2745 2744/2744/2744 2741/2741/2741
f 2742/2742/2742 2745/2745/2745 2741/2741/2741
f 2747/2747/2747 2746/2746/2746 2744/2744/2744
f 2745/2745/2745 2747/2747/2747 2744/2744/2744
f 2749/2749/2749 2748/2748/2748 2746/2746/2746
f 2747/2747/2747 2749/2749/2749 2746/2746/2746
f 2751/2751/2751 2750/2750/2750 2748/2748/2748
f 2749/2749/2749 2751/2751/2751 2748/2748/2748
f 2751/2751/2751 2753/2753/2753 2752/2752/2752
f 2752/2752/2752 2750/2750/2750 2751/2751/2751
f 2756/2756/2756 2755/2755/2755 2754/2754/2754
f 2757/2757/2757 2756/2756/2756 2754/2754/2754
f 2759/2759/2759 2758/2758/2758 2755/2755/2755
f 2756/2756/2756 2759/2759/2759 2755/2755/2755
f 2761/2761/2761 2760/2760/2760 2758/2758/2758
f 2759/2759/2759 2761/2761/2761 2758/2758/2758
f 2763/2763/2763 2762/2762/2762 2760/2760/2760
f 2761/2761/2761 2763/2763/2763 2760/2760/2760
f 2766/2766/2766 2765/2765/2765 2764/2764/2764
f 2764/2764/2764 2765/2765/2765 2767/2767/2767
f 2768/2768/2768 2764/2764/2764 2767/2767/2767
f 2767/2767/2767 2769/2769/2769 2768/2768/2768
f 2769/2769/2769 2767/2767/2767 2770/2770/2770
f 2770/2770/2770 2771/2771/2771 2769/2769/2769
f 2771/2771/2771 2770/2770/2770 2772/2772/2772
f 2772/2772/2772 2773/2773/2773 2771/2771/2771
f 2771/2771/2771 2773/2773/2773 2774/2774/2774
f 2775/2775/2775 2771/2771/2771 2774/2774/2774
f 2776/2776/2776 2774/2774/2774 2773/2773/2773
f 2779/2779/2779 2778/2778/2778 2777/2777/2777
f 2780/2780/2780 2779/2779/2779 2777/2777/2777
f 2780/2780/2780 2777/2777/2777 2781/2781/2781
f 2782/2782/2782 2780/2780/2780 2781/2781/2781
f 2782/2782/2782 2781/2781/2781 2783/2783/2783
f 2784/2784/2784 2782/2782/2782 2783/2783/2783
f 2784/2784/2784 2783/2783/2783 2785/2785/2785
f 2786/2786/2786 2784/2784/2784 2785/2785/2785
f 2786/2786/2786 2785/2785/2785 2787/2787/2787
f 2788/2788/2788 2786/2786/2786 2787/2787/2787
f 2788/2788/2788 2787/2787/2787 2789/2789/2789
f 2790/2790/2790 2788/2788/2788 2789/2789/2789
f 2790/2790/2790 2789/2789/2789 2791/2791/2791
f 2792/2792/2792 2790/2790/2790 2791/2791/2791
f 2792/2792/2792 2791/2791/2791 2793/2793/2793
f 2794/2794/2794 2792/2792/2792 2793/2793/2793
f 2797/2797/2797 2796/2796/2796 2795/2795/2795
f 2798/2798/2798 2797/2797/2797 2795/2795/2795
f 2798/2798/2798 2795/2795/2795 2799/2799/2799
f 2800/2800/2800 2798/2798/2798 2799/2799/2799
f 2800/2800/2800 2799/2799/2799 2801/2801/2801
f 2802/2802/2802 2800/2800/2800 2801/2801/2801
f 2802/2802/2802 2801/2801/2801 2803/2803/2803
f 2804/2804/2804 2802/2802/2802 2803/2803/2803
f 2807/2807/2807 2806/2806/2806 2805/2805/2805
f 2808/2808/2808 2807/2807/2807 2805/2805/2805
f 2809/2809/2809 2808/2808/2808 2805/2805/2805
f 2470/2470/2470 2811/2811/2811 2810/2810/2810
f 2471/2471/2471 2470/2470/2470 2810/2810/2810
f 2814/2814/2814 2813/2813/2813 2812/2812/2812
f 2815/2815/2815 2814/2814/2814 2812/2812/2812
f 2815/2815/2815 2812/2812/2812 2816/2816/2816
f 2817/2817/2817 2815/2815/2815 2816/2816/2816
f 2754/2754/2754 2817/2817/2817 2816/2816/2816
f 2816/2816/2816 2757/2757/2757 2754/2754/2754
f 2820/2820/2820 2819/2819/2819 2818/2818/2818
f 2821/2821/2821 2820/2820/2820 2818/2818/2818
f 2820/2820/2820 2821/2821/2821 2822/2822/2822
f 2823/2823/2823 2819/2819/2819 2820/2820/2820
f 2509/2509/2509 2508/2508/2508 2822/2822/2822
f 2509/2509/2509 2822/2822/2822 2824/2824/2824
f 2824/2824/2824 2822/2822/2822 2821/2821/2821
f 2821/2821/2821 2818/2818/2818 2825/2825/2825
f 2764/2764/2764 2826/2826/2826 2819/2819/2819
f 2766/2766/2766 2764/2764/2764 2819/2819/2819
f 2819/2819/2819 2826/2826/2826 2818/2818/2818
f 2827/2827/2827 2824/2824/2824 2821/2821/2821
f 2825/2825/2825 2827/2827/2827 2821/2821/2821
f 2825/2825/2825 2818/2818/2818 2828/2828/2828
f 2825/2825/2825 2828/2828/2828 2829/2829/2829
f 2830/2830/2830 2825/2825/2825 2829/2829/2829
f 2830/2830/2830 2829/2829/2829 2831/2831/2831
f 2831/2831/2831 2832/2832/2832 2830/2830/2830
f 2831/2831/2831 2834/2834/2834 2833/2833/2833
f 2832/2832/2832 2831/2831/2831 2833/2833/2833
f 2834/2834/2834 2836/2836/2836 2835/2835/2835
f 2833/2833/2833 2834/2834/2834 2835/2835/2835
f 2835/2835/2835 2836/2836/2836 2837/2837/2837
f 2840/2840/2840 2839/2839/2839 2838/2838/2838
f 2838/2838/2838 2841/2841/2841 2840/2840/2840
f 2840/2840/2840 2841/2841/2841 2842/2842/2842
f 2843/2843/2843 2840/2840/2840 2842/2842/2842
f 2846/2846/2846 2845/2845/2845 2844/2844/2844
f 2839/2839/2839 2846/2846/2846 2844/2844/2844
f 2844/2844/2844 2838/2838/2838 2839/2839/2839
f 2752/2752/2752 2753/2753/2753 2847/2847/2847
f 2847/2847/2847 2848/2848/2848 2752/2752/2752
f 2848/2848/2848 2847/2847/2847 2849/2849/2849
f 2850/2850/2850 2848/2848/2848 2849/2849/2849
f 2850/2850/2850 2849/2849/2849 2851/2851/2851
f 2852/2852/2852 2850/2850/2850 2851/2851/2851
f 2852/2852/2852 2851/2851/2851 2853/2853/2853
f 2854/2854/2854 2852/2852/2852 2853/2853/2853
f 2464/2464/2464 2465/2465/2465 2855/2855/2855
f 2856/2856/2856 2464/2464/2464 2855/2855/2855
f 2843/2843/2843 2842/2842/2842 2857/2857/2857
f 2858/2858/2858 2843/2843/2843 2857/2857/2857
f 2858/2858/2858 2857/2857/2857 2859/2859/2859
f 2860/2860/2860 2858/2858/2858 2859/2859/2859
f 2863/2863/2863 2862/2862/2862 2861/2861/2861
f 2864/2864/2864 2863/2863/2863 2861/2861/2861
f 2867/2867/2867 2866/2866/2866 2865/2865/2865
f 2868/2868/2868 2867/2867/2867 2865/2865/2865
f 2866/2866/2866 2870/2870/2870 2869/2869/2869
f 2865/2865/2865 2866/2866/2866 2869/2869/2869
f 2870/2870/2870 2872/2872/2872 2871/2871/2871
f 2869/2869/2869 2870/2870/2870 2871/2871/2871
f 2872/2872/2872 2874/2874/2874 2873/2873/2873
f 2871/2871/2871 2872/2872/2872 2873/2873/2873
f 2874/2874/2874 2876/2876/2876 2875/2875/2875
f 2873/2873/2873 2874/2874/2874 2875/2875/2875
f 2876/2876/2876 2878/2878/2878 2877/2877/2877
f 2875/2875/2875 2876/2876/2876 2877/2877/2877
f 2878/2878/2878 2880/2880/2880 2879/2879/2879
f 2877/2877/2877 2878/2878/2878 2879/2879/2879
f 2879/2879/2879 2880/2880/2880 2881/2881/2881
f 2882/2882/2882 2879/2879/2879 2881/2881/2881
f 2495/2495/2495 2884/2884/2884 2883/2883/2883
f 2885/2885/2885 2495/2495/2495 2883/2883/2883
f 2823/2823/2823 2883/2883/2883 2819/2819/2819
f 2492/2492/2492 2495/2495/2495 2885/2885/2885
f 2884/2884/2884 2819/2819/2819 2883/2883/2883
f 2819/2819/2819 2884/2884/2884 2886/2886/2886
f 2819/2819/2819 2886/2886/2886 2887/2887/2887
f 2886/2886/2886 2889/2889/2889 2888/2888/2888
f 2887/2887/2887 2890/2890/2890 2819/2819/2819
f 2888/2888/2888 2887/2887/2887 2886/2886/2886
f 2888/2888/2888 2891/2891/2891 2887/2887/2887
f 2887/2887/2887 2891/2891/2891 2892/2892/2892
f 2892/2892/2892 2893/2893/2893 2887/2887/2887
f 2892/2892/2892 2894/2894/2894 2893/2893/2893
f 2894/2894/2894 2892/2892/2892 2895/2895/2895
f 2894/2894/2894 2895/2895/2895 2896/2896/2896
f 2897/2897/2897 2894/2894/2894 2896/2896/2896
f 2896/2896/2896 2895/2895/2895 2898/2898/2898
f 2899/2899/2899 2900/2900/2900 2901/2901/2901
f 2899/2899/2899 2901/2901/2901 2902/2902/2902
f 2900/2900/2900 2903/2903/2903 2904/2904/2904
f 2900/2900/2900 2904/2904/2904 2901/2901/2901
f 2903/2903/2903 2905/2905/2905 2906/2906/2906
f 2903/2903/2903 2906/2906/2906 2904/2904/2904
f 2905/2905/2905 2907/2907/2907 2908/2908/2908
f 2905/2905/2905 2908/2908/2908 2906/2906/2906
f 2907/2907/2907 2909/2909/2909 2910/2910/2910
f 2907/2907/2907 2910/2910/2910 2908/2908/2908
f 2909/2909/2909 2911/2911/2911 2912/2912/2912
f 2909/2909/2909 2912/2912/2912 2910/2910/2910
f 2911/2911/2911 2913/2913/2913 2914/2914/2914
f 2911/2911/2911 2914/2914/2914 2912/2912/2912
f 2913/2913/2913 2915/2915/2915 2916/2916/2916
f 2913/2913/2913 2916/2916/2916 2914/2914/2914
f 2915/2915/2915 2917/2917/2917 2918/2918/2918
f 2915/2915/2915 2918/2918/2918 2916/2916/2916
f 2917/2917/2917 2919/2919/2919 2920/2920/2920
f 2917/2917/2917 2920/2920/2920 2918/2918/2918
f 2919/2919/2919 2921/2921/2921 2922/2922/2922
f 2919/2919/2919 2922/2922/2922 2920/2920/2920
f 2921/2921/2921 2923/2923/2923 2924/2924/2924
f 2921/2921/2921 2924/2924/2924 2922/2922/2922
f 2923/2923/2923 2925/2925/2925 2926/2926/2926
f 2923/2923/2923 2926/2926/2926 2924/2924/2924
f 2925/2925/2925 2927/2927/2927 2928/2928/2928
f 2925/2925/2925 2928/2928/2928 2926/2926/2926
f 2927/2927/2927 2929/2929/2929 2930/2930/2930
f 2927/2927/2927 2930/2930/2930 2928/2928/2928
f 2929/2929/2929 2899/2899/2899 2902/2902/2902
f 2929/2929/2929 2902/2902/2902 2930/2930/2930
f 2933/2933/2933 2932/2932/2932 2931/2931/2931
f 2934/2934/2934 2933/2933/2933 2931/2931/2931
f 2936/2936/2936 2935/2935/2935 2932/2932/2932
f 2933/2933/2933 2936/2936/2936 2932/2932/2932
f 2938/2938/2938 2937/2937/2937 2935/2935/2935
f 2936/2936/2936 2938/2938/2938 2935/2935/2935
f 2940/2940/2940 2939/2939/2939 2937/2937/2937
f 2938/2938/2938 2940/2940/2940 2937/2937/2937
f 2942/2942/2942 2941/2941/2941 2939/2939/2939
f 2940/2940/2940 2942/2942/2942 2939/2939/2939
f 2944/2944/2944 2943/2943/2943 2941/2941/2941
f 2942/2942/2942 2944/2944/2944 2941/2941/2941
f 2946/2946/2946 2945/2945/2945 2943/2943/2943
f 2944/2944/2944 2946/2946/2946 2943/2943/2943
f 2948/2948/2948 2947/2947/2947 2945/2945/2945
f 2946/2946/2946 2948/2948/2948 2945/2945/2945
f 2950/2950/2950 2949/2949/2949 2947/2947/2947
f 2948/2948/2948 2950/2950/2950 2947/2947/2947
f 2952/2952/2952 2951/2951/2951 2949/2949/2949
f 2950/2950/2950 2952/2952/2952 2949/2949/2949
f 2954/2954/2954 2953/2953/2953 2951/2951/2951
f 2952/2952/2952 2954/2954/2954 2951/2951/2951
f 2956/2956/2956 2955/2955/2955 2953/2953/2953
f 2954/2954/2954 2956/2956/2956 2953/2953/2953
f 2958/2958/2958 2957/2957/2957 2955/2955/2955
f 2956/2956/2956 2958/2958/2958 2955/2955/2955
f 2960/2960/2960 2959/2959/2959 2957/2957/2957
f 2958/2958/2958 2960/2960/2960 2957/2957/2957
f 2962/2962/2962 2961/2961/2961 2959/2959/2959
f 2960/2960/2960 2962/2962/2962 2959/2959/2959
f 2934/2934/2934 2931/2931/2931 2961/2961/2961
f 2962/2962/2962 2934/2934/2934 2961/2961/2961
f 2965/2965/2965 2964/2964/2964 2963/2963/2963
f 2966/2966/2966 2965/2965/2965 2963/2963/2963
f 2967/2967/2967 2965/2965/2965 2966/2966/2966
f 2968/2968/2968 2967/2967/2967 2966/2966/2966
f 2969/2969/2969 2967/2967/2967 2968/2968/2968
f 2970/2970/2970 2969/2969/2969 2968/2968/2968
f 2971/2971/2971 2969/2969/2969 2970/2970/2970
f 2972/2972/2972 2971/2971/2971 2970/2970/2970
f 2973/2973/2973 2971/2971/2971 2972/2972/2972
f 2974/2974/2974 2973/2973/2973 2972/2972/2972
f 2975/2975/2975 2973/2973/2973 2974/2974/2974
f 2976/2976/2976 2975/2975/2975 2974/2974/2974
f 2977/2977/2977 2975/2975/2975 2976/2976/2976
f 2978/2978/2978 2977/2977/2977 2976/2976/2976
f 2979/2979/2979 2977/2977/2977 2978/2978/2978
f 2980/2980/2980 2979/2979/2979 2978/2978/2978
f 2981/2981/2981 2979/2979/2979 2980/2980/2980
f 2982/2982/2982 2981/2981/2981 2980/2980/2980
f 2983/2983/2983 2981/2981/2981 2982/2982/2982
f 2984/2984/2984 2983/2983/2983 2982/2982/2982
f 2985/2985/2985 2983/2983/2983 2984/2984/2984
f 2986/2986/2986 2985/2985/2985 2984/2984/2984
f 2987/2987/2987 2985/2985/2985 2986/2986/2986
f 2988/2988/2988 2987/2987/2987 2986/2986/2986
f 2989/2989/2989 2987/2987/2987 2988/2988/2988
f 2990/2990/2990 2989/2989/2989 2988/2988/2988
f 2991/2991/2991 2989/2989/2989 2990/2990/2990
f 2992/2992/2992 2991/2991/2991 2990/2990/2990
f 2993/2993/2993 2991/2991/2991 2992/2992/2992
f 2994/2994/2994 2993/2993/2993 2992/2992/2992
f 2964/2964/2964 2993/2993/2993 2994/2994/2994
f 2963/2963/2963 2964/2964/2964 2994/2994/2994
f 2995/2995/2995 2996/2996/2996 2997/2997/2997
f 2995/2995/2995 2997/2997/2997 2998/2998/2998
f 2996/2996/2996 2999/2999/2999 3000/3000/3000
f 2996/2996/2996 3000/3000/3000 2997/2997/2997
f 2999/2999/2999 3001/3001/3001 3002/3002/3002
f 2999/2999/2999 3002/3002/3002 3000/3000/3000
f 3001/3001/3001 3003/3003/3003 3004/3004/3004
f 3001/3001/3001 3004/3004/3004 3002/3002/3002
f 3003/3003/3003 3005/3005/3005 3006/3006/3006
f 3003/3003/3003 3006/3006/3006 3004/3004/3004
f 3005/3005/3005 3007/3007/3007 3008/3008/3008
f 3005/3005/3005 3008/3008/3008 3006/3006/3006
f 3007/3007/3007 3009/3009/3009 3010/3010/3010
f 3007/3007/3007 3010/3010/3010 3008/3008/3008
f 3009/3009/3009 3011/3011/3011 3012/3012/3012
f 3009/3009/3009 3012/3012/3012 3010/3010/3010
f 3011/3011/3011 3013/3013/3013 3014/3014/3014
f 3011/3011/3011 3014/3014/3014 3012/3012/3012
f 3013/3013/3013 3015/3015/3015 3016/3016/3016
f 3013/3013/3013 3016/3016/3016 3014/3014/3014
f 3015/3015/3015 3017/3017/3017 3018/3018/3018
f 3015/3015/3015 3018/3018/3018 3016/3016/3016
f 3017/3017/3017 3019/3019/3019 3020/3020/3020
f 3017/3017/3017 3020/3020/3020 3018/3018/3018
f 3019/3019/3019 3021/3021/3021 3022/3022/3022
f 3019/3019/3019 3022/3022/3022 3020/3020/3020
f 3021/3021/3021 3023/3023/3023 3024/3024/3024
f 3021/3021/3021 3024/3024/3024 3022/3022/3022
f 3023/3023/3023 3025/3025/3025 3026/3026/3026
f 3023/3023/3023 3026/3026/3026 3024/3024/3024
f 3025/3025/3025 2995/2995/2995 2998/2998/2998
f 3025/3025/3025 2998/2998/2998 3026/3026/3026
f 3029/3029/3029 3028/3028/3028 3027/3027/3027
f 3030/3030/3030 3029/3029/3029 3027/3027/3027
f 3032/3032/3032 3031/3031/3031 3028/3028/3028
f 3029/3029/3029 3032/3032/3032 3028/3028/3028
f 3034/3034/3034 3033/3033/3033 3031/3031/3031
f 3032/3032/3032 3034/3034/3034 3031/3031/3031
f 3036/3036/3036 3035/3035/3035 3033/3033/3033
f 3034/3034/3034 3036/3036/3036 3033/3033/3033
f 3038/3038/3038 3037/3037/3037 3035/3035/3035
f 3036/3036/3036 3038/3038/3038 3035/3035/3035
f 3040/3040/3040 3039/3039/3039 3037/3037/3037
f 3038/3038/3038 3040/3040/3040 3037/3037/3037
f 3042/3042/3042 3041/3041/3041 3039/3039/3039
f 3040/3040/3040 3042/3042/3042 3039/3039/3039
f 3044/3044/3044 3043/3043/3043 3041/3041/3041
f 3042/3042/3042 3044/3044/3044 3041/3041/3041
f 3046/3046/3046 3045/3045/3045 3043/3043/3043
f 3044/3044/3044 3046/3046/3046 3043/3043/3043
f 3048/3048/3048 3047/3047/3047 3045/3045/3045
f 3046/3046/3046 3048/3048/3048 3045/3045/3045
f 3050/3050/3050 3049/3049/3049 3047/3047/3047
f 3048/3048/3048 3050/3050/3050 3047/3047/3047
f 3052/3052/3052 3051/3051/3051 3049/3049/3049
f 3050/3050/3050 3052/3052/3052 3049/3049/3049
f 3054/3054/3054 3053/3053/3053 3051/3051/3051
f 3052/3052/3052 3054/3054/3054 3051/3051/3051
f 3056/3056/3056 3055/3055/3055 3053/3053/3053
f 3054/3054/3054 3056/3056/3056 3053/3053/3053
f 3058/3058/3058 3057/3057/3057 3055/3055/3055
f 3056/3056/3056 3058/3058/3058 3055/3055/3055
f 3030/3030/3030 3027/3027/3027 3057/3057/3057
f 3058/3058/3058 3030/3030/3030 3057/3057/3057
f 3061/3061/3061 3060/3060/3060 3059/3059/3059
f 3062/3062/3062 3061/3061/3061 3059/3059/3059
f 3063/3063/3063 3061/3061/3061 3062/3062/3062
f 3064/3064/3064 3063/3063/3063 3062/3062/3062
f 3065/3065/3065 3063/3063/3063 3064/3064/3064
f 3066/3066/3066 3065/3065/3065 3064/3064/3064
f 3067/3067/3067 3065/3065/3065 3066/3066/3066
f 3068/3068/3068 3067/3067/3067 3066/3066/3066
f 3069/3069/3069 3067/3067/3067 3068/3068/3068
f 3070/3070/3070 3069/3069/3069 3068/3068/3068
f 3071/3071/3071 3069/3069/3069 3070/3070/3070
f 3072/3072/3072 3071/3071/3071 3070/3070/3070
f 3073/3073/3073 3071/3071/3071 3072/3072/3072
f 3074/3074/3074 3073/3073/3073 3072/3072/3072
f 3075/3075/3075 3073/3073/3073 3074/3074/3074
f 3076/3076/3076 3075/3075/3075 3074/3074/3074
f 3077/3077/3077 3075/3075/3075 3076/3076/3076
f 3078/3078/3078 3077/3077/3077 3076/3076/3076
f 3079/3079/3079 3077/3077/3077 3078/3078/3078
f 3080/3080/3080 3079/3079/3079 3078/3078/3078
f 3081/3081/3081 3079/3079/3079 3080/3080/3080
f 3082/3082/3082 3081/3081/3081 3080/3080/3080
f 3083/3083/3083 3081/3081/3081 3082/3082/3082
f 3084/3084/3084 3083/3083/3083 3082/3082/3082
f 3085/3085/3085 3083/3083/3083 3084/3084/3084
f 3086/3086/3086 3085/3085/3085 3084/3084/3084
f 3087/3087/3087 3085/3085/3085 3086/3086/3086
f 3088/3088/3088 3087/3087/3087 3086/3086/3086
f 3089/3089/3089 3087/3087/3087 3088/3088/3088
f 3090/3090/3090 3089/3089/3089 3088/3088/3088
f 3060/3060/3060 3089/3089/3089 3090/3090/3090
f 3059/3059/3059 3060/3060/3060 3090/3090/3090
f 3093/3093/3093 3092/3092/3092 3091/3091/3091
f 3094/3094/3094 3093/3093/3093 3091/3091/3091
f 3096/3096/3096 3095/3095/3095 3092/3092/3092
f 3093/3093/3093 3096/3096/3096 3092/3092/3092
f 3098/3098/3098 3097/3097/3097 3095/3095/3095
f 3096/3096/3096 3098/3098/3098 3095/3095/3095
f 3100/3100/3100 3099/3099/3099 3097/3097/3097
f 3098/3098/3098 3100/3100/3100 3097/3097/3097
f 3102/3102/3102 3101/3101/3101 3099/3099/3099
f 3100/3100/3100 3102/3102/3102 3099/3099/3099
f 3104/3104/3104 3103/3103/3103 3101/3101/3101
f 3102/3102/3102 3104/3104/3104 3101/3101/3101
f 3106/3106/3106 3105/3105/3105 3103/3103/3103
f 3104/3104/3104 3106/3106/3106 3103/3103/3103
f 3108/3108/3108 3107/3107/3107 3105/3105/3105
f 3106/3106/3106 3108/3108/3108 3105/3105/3105
f 3110/3110/3110 3109/3109/3109 3107/3107/3107
f 3108/3108/3108 3110/3110/3110 3107/3107/3107
f 3112/3112/3112 3111/3111/3111 3109/3109/3109
f 3110/3110/3110 3112/3112/3112 3109/3109/3109
f 3114/3114/3114 3113/3113/3113 3111/3111/3111
f 3112/3112/3112 3114/3114/3114 3111/3111/3111
f 3116/3116/3116 3115/3115/3115 3113/3113/3113
f 3114/3114/3114 3116/3116/3116 3113/3113/3113
f 3117/3117/3117 3118/3118/3118 3119/3119/3119
f 3117/3117/3117 3119/3119/3119 3120/3120/3120
f 3120/3120/3120 3119/3119/3119 3121/3121/3121
f 3120/3120/3120 3121/3121/3121 3122/3122/3122
f 3122/3122/3122 3121/3121/3121 3123/3123/3123
f 3122/3122/3122 3123/3123/3123 3124/3124/3124
f 3124/3124/3124 3123/3123/3123 3125/3125/3125
f 3124/3124/3124 3125/3125/3125 3126/3126/3126
f 3126/3126/3126 3125/3125/3125 3127/3127/3127
f 3126/3126/3126 3127/3127/3127 3128/3128/3128
f 3128/3128/3128 3127/3127/3127 3129/3129/3129
f 3128/3128/3128 3129/3129/3129 3130/3130/3130
f 3130/3130/3130 3129/3129/3129 3131/3131/3131
f 3130/3130/3130 3131/3131/3131 3132/3132/3132
f 3132/3132/3132 3131/3131/3131 3133/3133/3133
f 3132/3132/3132 3133/3133/3133 3134/3134/3134
f 3134/3134/3134 3133/3133/3133 3135/3135/3135
f 3134/3134/3134 3135/3135/3135 3136/3136/3136
f 3136/3136/3136 3135/3135/3135 3137/3137/3137
f 3136/3136/3136 3137/3137/3137 3138/3138/3138
f 3138/3138/3138 3137/3137/3137 3139/3139/3139
f 3138/3138/3138 3139/3139/3139 3140/3140/3140
f 3140/3140/3140 3139/3139/3139 3141/3141/3141
f 3140/3140/3140 3141/3141/3141 3142/3142/3142
f 3142/3142/3142 3141/3141/3141 3143/3143/3143
f 3142/3142/3142 3143/3143/3143 3144/3144/3144
f 3144/3144/3144 3143/3143/3143 3145/3145/3145
f 3144/3144/3144 3145/3145/3145 3146/3146/3146
f 3146/3146/3146 3145/3145/3145 3147/3147/3147
f 3146/3146/3146 3147/3147/3147 3148/3148/3148
f 3148/3148/3148 3147/3147/3147 3118/3118/3118
f 3148/3148/3148 3118/3118/3118 3117/3117/3117
f 2901/2901/2901 3150/3150/3150 3149/3149/3149
f 2902/2902/2902 2901/2901/2901 3149/3149/3149
f 2904/2904/2904 3151/3151/3151 3150/3150/3150
f 2901/2901/2901 2904/2904/2904 3150/3150/3150
f 2906/2906/2906 3152/3152/3152 3151/3151/3151
f 2904/2904/2904 2906/2906/2906 3151/3151/3151
f 2908/2908/2908 3153/3153/3153 3152/3152/3152
f 2906/2906/2906 2908/2908/2908 3152/3152/3152
f 2910/2910/2910 3154/3154/3154 3153/3153/3153
f 2908/2908/2908 2910/2910/2910 3153/3153/3153
f 2912/2912/2912 3155/3155/3155 3154/3154/3154
f 2910/2910/2910 2912/2912/2912 3154/3154/3154
f 2914/2914/2914 3156/3156/3156 3155/3155/3155
f 2912/2912/2912 2914/2914/2914 3155/3155/3155
f 2916/2916/2916 3157/3157/3157 3156/3156/3156
f 2914/2914/2914 2916/2916/2916 3156/3156/3156
f 2918/2918/2918 3158/3158/3158 3157/3157/3157
f 2916/2916/2916 2918/2918/2918 3157/3157/3157
f 2920/2920/2920 3159/3159/3159 3158/3158/3158
f 2918/2918/2918 2920/2920/2920 3158/3158/3158
f 2922/2922/2922 3160/3160/3160 3159/3159/3159
f 2920/2920/2920 2922/2922/2922 3159/3159/3159
f 2924/2924/2924 3161/3161/3161 3160/3160/3160
f 2922/2922/2922 2924/2924/2924 3160/3160/3160
f 2926/2926/2926 3162/3162/3162 3161/3161/3161
f 2924/2924/2924 2926/2926/2926 3161/3161/3161
f 2928/2928/2928 3163/3163/3163 3162/3162/3162
f 2926/2926/2926 2928/2928/2928 3162/3162/3162
f 2930/2930/2930 3164/3164/3164 3163/3163/3163
f 2928/2928/2928 2930/2930/2930 3163/3163/3163
f 2902/2902/2902 3149/3149/3149 3164/3164/3164
f 2930/2930/2930 2902/2902/2902 3164/3164/3164
f 3167/3167/3167 3166/3166/3166 3165/3165/3165
f 3168/3168/3168 3167/3167/3167 3165/3165/3165
f 3169/3169/3169 3167/3167/3167 3168/3168/3168
f 3170/3170/3170 3169/3169/3169 3168/3168/3168
f 3171/3171/3171 3172/3172/3172 3173/3173/3173
f 3171/3171/3171 3173/3173/3173 3174/3174/3174
f 3174/3174/3174 3173/3173/3173 3175/3175/3175
f 3174/3174/3174 3175/3175/3175 3176/3176/3176
f 3177/3177/3177 3175/3175/3175 3178/3178/3178
f 3177/3177/3177 3178/3178/3178 3179/3179/3179
f 3179/3179/3179 3178/3178/3178 3180/3180/3180
f 3179/3179/3179 3180/3180/3180 3181/3181/3181
f 3181/3181/3181 3180/3180/3180 3182/3182/3182
f 3181/3181/3181 3182/3182/3182 3183/3183/3183
f 3183/3183/3183 3182/3182/3182 3184/3184/3184
f 3183/3183/3183 3184/3184/3184 3185/3185/3185
f 3185/3185/3185 3184/3184/3184 3186/3186/3186
f 3185/3185/3185 3186/3186/3186 3187/3187/3187
f 3187/3187/3187 3186/3186/3186 3188/3188/3188
f 3187/3187/3187 3188/3188/3188 3189/3189/3189
f 3189/3189/3189 3188/3188/3188 3190/3190/3190
f 3189/3189/3189 3190/3190/3190 3191/3191/3191
f 3191/3191/3191 3190/3190/3190 3169/3169/3169
f 3191/3191/3191 3169/3169/3169 3192/3192/3192
f 3193/3193/3193 3194/3194/3194 3195/3195/3195
f 3193/3193/3193 3195/3195/3195 3196/3196/3196
f 3194/3194/3194 3197/3197/3197 3198/3198/3198
f 3194/3194/3194 3198/3198/3198 3195/3195/3195
f 3197/3197/3197 3199/3199/3199 3200/3200/3200
f 3197/3197/3197 3200/3200/3200 3198/3198/3198
f 3199/3199/3199 3201/3201/3201 3202/3202/3202
f 3199/3199/3199 3202/3202/3202 3200/3200/3200
f 3201/3201/3201 3203/3203/3203 3204/3204/3204
f 3201/3201/3201 3204/3204/3204 3202/3202/3202
f 3203/3203/3203 3205/3205/3205 3206/3206/3206
f 3203/3203/3203 3206/3206/3206 3204/3204/3204
f 3205/3205/3205 3207/3207/3207 3208/3208/3208
f 3205/3205/3205 3208/3208/3208 3206/3206/3206
f 3207/3207/3207 3209/3209/3209 3210/3210/3210
f 3207/3207/3207 3210/3210/3210 3208/3208/3208
f 3213/3213/3213 3212/3212/3212 3211/3211/3211
f 3211/3211/3211 3212/3212/3212 3214/3214/3214
f 3212/3212/3212 3215/3215/3215 3214/3214/3214
f 3214/3214/3214 3215/3215/3215 3216/3216/3216
f 3215/3215/3215 3217/3217/3217 3216/3216/3216
f 3216/3216/3216 3217/3217/3217 3218/3218/3218
f 3217/3217/3217 3219/3219/3219 3218/3218/3218
f 3218/3218/3218 3219/3219/3219 3220/3220/3220
f 3219/3219/3219 3221/3221/3221 3220/3220/3220
f 3220/3220/3220 3221/3221/3221 3222/3222/3222
f 3221/3221/3221 3223/3223/3223 3222/3222/3222
f 3222/3222/3222 3223/3223/3223 3224/3224/3224
f 3227/3227/3227 3226/3226/3226 3225/3225/3225
f 3228/3228/3228 3226/3226/3226 3227/3227/3227
f 3229/3229/3229 3228/3228/3228 3227/3227/3227
f 3230/3230/3230 3228/3228/3228 3229/3229/3229
f 3231/3231/3231 3230/3230/3230 3229/3229/3229
f 3232/3232/3232 3230/3230/3230 3231/3231/3231
f 3233/3233/3233 3232/3232/3232 3231/3231/3231
f 3234/3234/3234 3232/3232/3232 3233/3233/3233
f 3235/3235/3235 3234/3234/3234 3233/3233/3233
f 3236/3236/3236 3234/3234/3234 3235/3235/3235
f 3237/3237/3237 3236/3236/3236 3235/3235/3235
f 3238/3238/3238 3236/3236/3236 3237/3237/3237
f 3241/3241/3241 3240/3240/3240 3239/3239/3239
f 3240/3240/3240 3242/3242/3242 3239/3239/3239
f 3239/3239/3239 3242/3242/3242 3243/3243/3243
f 3242/3242/3242 3244/3244/3244 3243/3243/3243
f 3243/3243/3243 3244/3244/3244 3245/3245/3245
f 3244/3244/3244 3246/3246/3246 3245/3245/3245
f 3245/3245/3245 3246/3246/3246 3247/3247/3247
f 3246/3246/3246 3248/3248/3248 3247/3247/3247
f 3247/3247/3247 3248/3248/3248 3249/3249/3249
f 3248/3248/3248 3250/3250/3250 3249/3249/3249
f 3249/3249/3249 3250/3250/3250 3251/3251/3251
f 3250/3250/3250 3252/3252/3252 3251/3251/3251
f 3250/3250/3250 3253/3253/3253 3252/3252/3252
f 3253/3253/3253 3254/3254/3254 3252/3252/3252
f 3253/3253/3253 3255/3255/3255 3254/3254/3254
f 3255/3255/3255 3256/3256/3256 3254/3254/3254
f 3257/3257/3257 3256/3256/3256 3255/3255/3255
f 3257/3257/3257 3258/3258/3258 3256/3256/3256
f 3259/3259/3259 3258/3258/3258 3257/3257/3257
f 3260/3260/3260 3258/3258/3258 3259/3259/3259
f 3261/3261/3261 3260/3260/3260 3259/3259/3259
f 3262/3262/3262 3260/3260/3260 3261/3261/3261
f 3263/3263/3263 3262/3262/3262 3261/3261/3261
f 3264/3264/3264 3262/3262/3262 3263/3263/3263
f 3265/3265/3265 3264/3264/3264 3263/3263/3263
f 3266/3266/3266 3264/3264/3264 3265/3265/3265
f 3267/3267/3267 3266/3266/3266 3265/3265/3265
f 3268/3268/3268 3240/3240/3240 3241/3241/3241
f 3268/3268/3268 3269/3269/3269 3240/3240/3240
f 3270/3270/3270 3269/3269/3269 3268/3268/3268
f 3270/3270/3270 3271/3271/3271 3269/3269/3269
f 3272/3272/3272 3271/3271/3271 3270/3270/3270
f 3272/3272/3272 3273/3273/3273 3271/3271/3271
f 3274/3274/3274 3273/3273/3273 3272/3272/3272
f 3274/3274/3274 3275/3275/3275 3273/3273/3273
f 3253/3253/3253 3250/3250/3250 3248/3248/3248
f 3248/3248/3248 3276/3276/3276 3253/3253/3253
f 3276/3276/3276 3248/3248/3248 3246/3246/3246
f 3246/3246/3246 3277/3277/3277 3276/3276/3276
f 3244/3244/3244 3277/3277/3277 3246/3246/3246
f 3244/3244/3244 3278/3278/3278 3277/3277/3277
f 3242/3242/3242 3278/3278/3278 3244/3244/3244
f 3242/3242/3242 3279/3279/3279 3278/3278/3278
f 3240/3240/3240 3279/3279/3279 3242/3242/3242
f 3240/3240/3240 3280/3280/3280 3279/3279/3279
f 3269/3269/3269 3280/3280/3280 3281/3281/3281
f 3269/3269/3269 3282/3282/3282 3280/3280/3280
f 3271/3271/3271 3282/3282/3282 3269/3269/3269
f 3271/3271/3271 3211/3211/3211 3282/3282/3282
f 3273/3273/3273 3211/3211/3211 3271/3271/3271
f 3273/3273/3273 3213/3213/3213 3211/3211/3211
f 3275/3275/3275 3213/3213/3213 3273/3273/3273
f 3275/3275/3275 3267/3267/3267 3213/3213/3213
f 3213/3213/3213 3267/3267/3267 3265/3265/3265
f 3213/3213/3213 3265/3265/3265 3283/3283/3283
f 3283/3283/3283 3265/3265/3265 3263/3263/3263
f 3283/3283/3283 3263/3263/3263 3284/3284/3284
f 3284/3284/3284 3263/3263/3263 3261/3261/3261
f 3284/3284/3284 3261/3261/3261 3285/3285/3285
f 3285/3285/3285 3261/3261/3261 3259/3259/3259
f 3285/3285/3285 3259/3259/3259 3286/3286/3286
f 3259/3259/3259 3288/3288/3288 3287/3287/3287
f 3286/3286/3286 3259/3259/3259 3287/3287/3287
f 3257/3257/3257 3255/3255/3255 3289/3289/3289
f 3289/3289/3289 3287/3287/3287 3257/3257/3257
f 3255/3255/3255 3253/3253/3253 3276/3276/3276
f 3276/3276/3276 3289/3289/3289 3255/3255/3255
f 3292/3292/3292 3291/3291/3291 3290/3290/3290
f 3291/3291/3291 3293/3293/3293 3290/3290/3290
f 3290/3290/3290 3293/3293/3293 3294/3294/3294
f 3293/3293/3293 3296/3296/3296 3295/3295/3295
f 3294/3294/3294 3293/3293/3293 3295/3295/3295
f 3295/3295/3295 3296/3296/3296 3297/3297/3297
f 3295/3295/3295 3297/3297/3297 3298/3298/3298
f 3298/3298/3298 3297/3297/3297 3299/3299/3299
f 3298/3298/3298 3299/3299/3299 3300/3300/3300
f 3300/3300/3300 3299/3299/3299 3301/3301/3301
f 3300/3300/3300 3301/3301/3301 3302/3302/3302
f 3301/3301/3301 3303/3303/3303 3302/3302/3302
f 3306/3306/3306 3305/3305/3305 3304/3304/3304
f 3306/3306/3306 3308/3308/3308 3307/3307/3307
f 3305/3305/3305 3306/3306/3306 3307/3307/3307
f 3309/3309/3309 3307/3307/3307 3308/3308/3308
f 3309/3309/3309 3310/3310/3310 3307/3307/3307
f 3311/3311/3311 3310/3310/3310 3309/3309/3309
f 3311/3311/3311 3312/3312/3312 3310/3310/3310
f 3311/3311/3311 3314/3314/3314 3313/3313/3313
f 3312/3312/3312 3311/3311/3311 3313/3313/3313
f 3314/3314/3314 3316/3316/3316 3315/3315/3315
f 3313/3313/3313 3314/3314/3314 3315/3315/3315
f 3317/3317/3317 3315/3315/3315 3316/3316/3316
f 3320/3320/3320 3319/3319/3319 3318/3318/3318
f 3318/3318/3318 3321/3321/3321 3320/3320/3320
f 3319/3319/3319 3323/3323/3323 3322/3322/3322
f 3322/3322/3322 3318/3318/3318 3319/3319/3319
f 3323/3323/3323 3324/3324/3324 3322/3322/3322
f 3322/3322/3322 3324/3324/3324 3325/3325/3325
f 3324/3324/3324 3326/3326/3326 3325/3325/3325
f 3328/3328/3328 3327/3327/3327 3326/3326/3326
f 3329/3329/3329 3327/3327/3327 3328/3328/3328
f 3327/3327/3327 3329/3329/3329 3330/3330/3330
f 3331/3331/3331 3327/3327/3327 3330/3330/3330
f 3332/3332/3332 3331/3331/3331 3330/3330/3330
f 3333/3333/3333 3332/3332/3332 3330/3330/3330
f 3334/3334/3334 3332/3332/3332 3333/3333/3333
f 3335/3335/3335 3334/3334/3334 3333/3333/3333
f 3336/3336/3336 3334/3334/3334 3335/3335/3335
f 3337/3337/3337 3336/3336/3336 3335/3335/3335
f 3338/3338/3338 3336/3336/3336 3337/3337/3337
f 3339/3339/3339 3338/3338/3338 3337/3337/3337
f 3340/3340/3340 3338/3338/3338 3339/3339/3339
f 3340/3340/3340 3339/3339/3339 3341/3341/3341
f 3342/3342/3342 3340/3340/3340 3341/3341/3341
f 3342/3342/3342 3341/3341/3341 3343/3343/3343
f 3346/3346/3346 3345/3345/3345 3344/3344/3344
f 3345/3345/3345 3346/3346/3346 3347/3347/3347
f 3347/3347/3347 3348/3348/3348 3345/3345/3345
f 3349/3349/3349 3348/3348/3348 3347/3347/3347
f 3349/3349/3349 3347/3347/3347 3350/3350/3350
f 3349/3349/3349 3350/3350/3350 3351/3351/3351
f 3352/3352/3352 3349/3349/3349 3351/3351/3351
f 3352/3352/3352 3351/3351/3351 3353/3353/3353
f 3351/3351/3351 3354/3354/3354 3353/3353/3353
f 3353/3353/3353 3354/3354/3354 3355/3355/3355
f 3354/3354/3354 3356/3356/3356 3355/3355/3355
f 3355/3355/3355 3356/3356/3356 3357/3357/3357
f 3356/3356/3356 3358/3358/3358 3357/3357/3357
f 3357/3357/3357 3358/3358/3358 3359/3359/3359
f 3359/3359/3359 3360/3360/3360 3357/3357/3357
f 3359/3359/3359 3361/3361/3361 3360/3360/3360
f 3363/3363/3363 3362/3362/3362 3361/3361/3361
f 3363/3363/3363 3364/3364/3364 3362/3362/3362
f 3364/3364/3364 3365/3365/3365 3362/3362/3362
f 3364/3364/3364 3367/3367/3367 3366/3366/3366
f 3366/3366/3366 3365/3365/3365 3364/3364/3364
f 3370/3370/3370 3369/3369/3369 3368/3368/3368
f 3373/3373/3373 3372/3372/3372 3371/3371/3371
f 3374/3374/3374 3373/3373/3373 3371/3371/3371
f 3374/3374/3374 3371/3371/3371 3375/3375/3375
f 3374/3374/3374 3375/3375/3375 3376/3376/3376
f 3377/3377/3377 3374/3374/3374 3376/3376/3376
f 3377/3377/3377 3376/3376/3376 3378/3378/3378
f 3376/3376/3376 3379/3379/3379 3378/3378/3378
f 3378/3378/3378 3379/3379/3379 3380/3380/3380
f 3383/3383/3383 3382/3382/3382 3381/3381/3381
f 3384/3384/3384 3382/3382/3382 3383/3383/3383
f 3384/3384/3384 3385/3385/3385 3382/3382/3382
f 3386/3386/3386 3385/3385/3385 3384/3384/3384
f 3386/3386/3386 3387/3387/3387 3385/3385/3385
f 3386/3386/3386 3388/3388/3388 3387/3387/3387
f 3388/3388/3388 3389/3389/3389 3387/3387/3387
f 3388/3388/3388 3390/3390/3390 3389/3389/3389
f 3380/3380/3380 3379/3379/3379 3391/3391/3391
f 3392/3392/3392 3380/3380/3380 3391/3391/3391
f 3394/3394/3394 3381/3381/3381 3393/3393/3393
f 3383/3383/3383 3381/3381/3381 3394/3394/3394
f 3343/3343/3343 3396/3396/3396 3395/3395/3395
f 3343/3343/3343 3398/3398/3398 3397/3397/3397
f 3397/3397/3397 3396/3396/3396 3343/3343/3343
f 3398/3398/3398 3400/3400/3400 3399/3399/3399
f 3399/3399/3399 3397/3397/3397 3398/3398/3398
f 3397/3397/3397 3399/3399/3399 3401/3401/3401
f 3401/3401/3401 3399/3399/3399 3402/3402/3402
f 3401/3401/3401 3402/3402/3402 3296/3296/3296
f 3404/3404/3404 3402/3402/3402 3403/3403/3403
f 3296/3296/3296 3403/3403/3403 3297/3297/3297
f 3406/3406/3406 3403/3403/3403 3405/3405/3405
f 3405/3405/3405 3403/3403/3403 3407/3407/3407
f 3405/3405/3405 3407/3407/3407 3408/3408/3408
f 3408/3408/3408 3407/3407/3407 3409/3409/3409
f 3410/3410/3410 3409/3409/3409 3324/3324/3324
f 3410/3410/3410 3324/3324/3324 3323/3323/3323
f 3319/3319/3319 3410/3410/3410 3323/3323/3323
f 3412/3412/3412 3410/3410/3410 3411/3411/3411
f 3412/3412/3412 3413/3413/3413 3410/3410/3410
f 3413/3413/3413 3412/3412/3412 3414/3414/3414
f 3415/3415/3415 3413/3413/3413 3414/3414/3414
f 3414/3414/3414 3416/3416/3416 3415/3415/3415
f 3414/3414/3414 3417/3417/3417 3416/3416/3416
f 3418/3418/3418 3395/3395/3395 3414/3414/3414
f 3395/3395/3395 3417/3417/3417 3414/3414/3414
f 3395/3395/3395 3419/3419/3419 3417/3417/3417
f 3395/3395/3395 3396/3396/3396 3419/3419/3419
f 3344/3344/3344 3421/3421/3421 3420/3420/3420
f 3344/3344/3344 3420/3420/3420 3388/3388/3388
f 3422/3422/3422 3420/3420/3420 3421/3421/3421
f 3422/3422/3422 3423/3423/3423 3420/3420/3420
f 3422/3422/3422 3424/3424/3424 3423/3423/3423
f 3424/3424/3424 3422/3422/3422 3425/3425/3425
f 3425/3425/3425 3422/3422/3422 3369/3369/3369
f 3369/3369/3369 3426/3426/3426 3425/3425/3425
f 3426/3426/3426 3369/3369/3369 3367/3367/3367
f 3367/3367/3367 3427/3427/3427 3426/3426/3426
f 3427/3427/3427 3367/3367/3367 3364/3364/3364
f 3363/3363/3363 3427/3427/3427 3364/3364/3364
f 3358/3358/3358 3428/3428/3428 3359/3359/3359
f 3356/3356/3356 3428/3428/3428 3358/3358/3358
f 3356/3356/3356 3429/3429/3429 3428/3428/3428
f 3354/3354/3354 3429/3429/3429 3356/3356/3356
f 3354/3354/3354 3430/3430/3430 3429/3429/3429
f 3351/3351/3351 3430/3430/3430 3354/3354/3354
f 3351/3351/3351 3431/3431/3431 3430/3430/3430
f 3431/3431/3431 3432/3432/3432 3350/3350/3350
f 3431/3431/3431 3350/3350/3350 3347/3347/3347
f 3433/3433/3433 3431/3431/3431 3347/3347/3347
f 3433/3433/3433 3347/3347/3347 3346/3346/3346
f 3433/3433/3433 3346/3346/3346 3344/3344/3344
f 3434/3434/3434 3366/3366/3366 3367/3367/3367
f 3436/3436/3436 3435/3435/3435 3116/3116/3116
f 3094/3094/3094 3436/3436/3436 3116/3116/3116
f 3266/3266/3266 3274/3274/3274 3094/3094/3094
f 3116/3116/3116 3266/3266/3266 3094/3094/3094
f 3267/3267/3267 3275/3275/3275 3274/3274/3274
f 3266/3266/3266 3267/3267/3267 3274/3274/3274
f 3439/3439/3439 3438/3438/3438 3437/3437/3437
f 3440/3440/3440 3439/3439/3439 3437/3437/3437
f 3443/3443/3443 3442/3442/3442 3441/3441/3441
f 3444/3444/3444 3443/3443/3443 3441/3441/3441
f 3446/3446/3446 3445/3445/3445 3442/3442/3442
f 3443/3443/3443 3446/3446/3446 3442/3442/3442
f 3448/3448/3448 3447/3447/3447 3445/3445/3445
f 3446/3446/3446 3448/3448/3448 3445/3445/3445
f 3450/3450/3450 3449/3449/3449 3447/3447/3447
f 3448/3448/3448 3450/3450/3450 3447/3447/3447
f 3452/3452/3452 3451/3451/3451 3449/3449/3449
f 3450/3450/3450 3452/3452/3452 3449/3449/3449
f 3452/3452/3452 3454/3454/3454 3453/3453/3453
f 3453/3453/3453 3451/3451/3451 3452/3452/3452
f 3457/3457/3457 3456/3456/3456 3455/3455/3455
f 3458/3458/3458 3457/3457/3457 3455/3455/3455
f 3460/3460/3460 3459/3459/3459 3456/3456/3456
f 3457/3457/3457 3460/3460/3460 3456/3456/3456
f 3462/3462/3462 3461/3461/3461 3459/3459/3459
f 3460/3460/3460 3462/3462/3462 3459/3459/3459
f 3464/3464/3464 3463/3463/3463 3461/3461/3461
f 3462/3462/3462 3464/3464/3464 3461/3461/3461
f 3467/3467/3467 3466/3466/3466 3465/3465/3465
f 3465/3465/3465 3466/3466/3466 3468/3468/3468
f 3469/3469/3469 3465/3465/3465 3468/3468/3468
f 3468/3468/3468 3470/3470/3470 3469/3469/3469
f 3470/3470/3470 3468/3468/3468 3471/3471/3471
f 3471/3471/3471 3472/3472/3472 3470/3470/3470
f 3472/3472/3472 3471/3471/3471 3473/3473/3473
f 3473/3473/3473 3474/3474/3474 3472/3472/3472
f 3472/3472/3472 3474/3474/3474 3475/3475/3475
f 3476/3476/3476 3472/3472/3472 3475/3475/3475
f 3477/3477/3477 3475/3475/3475 3474/3474/3474
f 3480/3480/3480 3479/3479/3479 3478/3478/3478
f 3481/3481/3481 3480/3480/3480 3478/3478/3478
f 3481/3481/3481 3478/3478/3478 3482/3482/3482
f 3483/3483/3483 3481/3481/3481 3482/3482/3482
f 3483/3483/3483 3482/3482/3482 3484/3484/3484
f 3485/3485/3485 3483/3483/3483 3484/3484/3484
f 3485/3485/3485 3484/3484/3484 3486/3486/3486
f 3487/3487/3487 3485/3485/3485 3486/3486/3486
f 3487/3487/3487 3486/3486/3486 3488/3488/3488
f 3489/3489/3489 3487/3487/3487 3488/3488/3488
f 3489/3489/3489 3488/3488/3488 3490/3490/3490
f 3491/3491/3491 3489/3489/3489 3490/3490/3490
f 3491/3491/3491 3490/3490/3490 3492/3492/3492
f 3493/3493/3493 3491/3491/3491 3492/3492/3492
f 3493/3493/3493 3492/3492/3492 3494/3494/3494
f 3495/3495/3495 3493/3493/3493 3494/3494/3494
f 3498/3498/3498 3497/3497/3497 3496/3496/3496
f 3499/3499/3499 3498/3498/3498 3496/3496/3496
f 3499/3499/3499 3496/3496/3496 3500/3500/3500
f 3501/3501/3501 3499/3499/3499 3500/3500/3500
f 3501/3501/3501 3500/3500/3500 3502/3502/3502
f 3503/3503/3503 3501/3501/3501 3502/3502/3502
f 3503/3503/3503 3502/3502/3502 3504/3504/3504
f 3505/3505/3505 3503/3503/3503 3504/3504/3504
f 3508/3508/3508 3507/3507/3507 3506/3506/3506
f 3509/3509/3509 3508/3508/3508 3506/3506/3506
f 3510/3510/3510 3509/3509/3509 3506/3506/3506
f 3171/3171/3171 3512/3512/3512 3511/3511/3511
f 3172/3172/3172 3171/3171/3171 3511/3511/3511
f 3515/3515/3515 3514/3514/3514 3513/3513/3513
f 3516/3516/3516 3515/3515/3515 3513/3513/3513
f 3516/3516/3516 3513/3513/3513 3517/3517/3517
f 3518/3518/3518 3516/3516/3516 3517/3517/3517
f 3455/3455/3455 3518/3518/3518 3517/3517/3517
f 3517/3517/3517 3458/3458/3458 3455/3455/3455
f 3521/3521/3521 3520/3520/3520 3519/3519/3519
f 3522/3522/3522 3521/3521/3521 3519/3519/3519
f 3521/3521/3521 3522/3522/3522 3523/3523/3523
f 3524/3524/3524 3520/3520/3520 3521/3521/3521
f 3210/3210/3210 3209/3209/3209 3523/3523/3523
f 3210/3210/3210 3523/3523/3523 3525/3525/3525
f 3525/3525/3525 3523/3523/3523 3522/3522/3522
f 3522/3522/3522 3519/3519/3519 3526/3526/3526
f 3465/3465/3465 3527/3527/3527 3520/3520/3520
f 3467/3467/3467 3465/3465/3465 3520/3520/3520
f 3520/3520/3520 3527/3527/3527 3519/3519/3519
f 3528/3528/3528 3525/3525/3525 3522/3522/3522
f 3526/3526/3526 3528/3528/3528 3522/3522/3522
f 3526/3526/3526 3519/3519/3519 3529/3529/3529
f 3526/3526/3526 3529/3529/3529 3530/3530/3530
f 3531/3531/3531 3526/3526/3526 3530/3530/3530
f 3531/3531/3531 3530/3530/3530 3532/3532/3532
f 3532/3532/3532 3533/3533/3533 3531/3531/3531
f 3532/3532/3532 3535/3535/3535 3534/3534/3534
f 3533/3533/3533 3532/3532/3532 3534/3534/3534
f 3535/3535/3535 3537/3537/3537 3536/3536/3536
f 3534/3534/3534 3535/3535/3535 3536/3536/3536
f 3536/3536/3536 3537/3537/3537 3538/3538/3538
f 3541/3541/3541 3540/3540/3540 3539/3539/3539
f 3539/3539/3539 3542/3542/3542 3541/3541/3541
f 3541/3541/3541 3542/3542/3542 3543/3543/3543
f 3544/3544/3544 3541/3541/3541 3543/3543/3543
f 3547/3547/3547 3546/3546/3546 3545/3545/3545
f 3540/3540/3540 3547/3547/3547 3545/3545/3545
f 3545/3545/3545 3539/3539/3539 3540/3540/3540
f 3453/3453/3453 3454/3454/3454 3548/3548/3548
f 3548/3548/3548 3549/3549/3549 3453/3453/3453
f 3549/3549/3549 3548/3548/3548 3550/3550/3550
f 3551/3551/3551 3549/3549/3549 3550/3550/3550
f 3551/3551/3551 3550/3550/3550 3552/3552/3552
f 3553/3553/3553 3551/3551/3551 3552/3552/3552
f 3553/3553/3553 3552/3552/3552 3554/3554/3554
f 3555/3555/3555 3553/3553/3553 3554/3554/3554
f 3165/3165/3165 3166/3166/3166 3556/3556/3556
f 3557/3557/3557 3165/3165/3165 3556/3556/3556
f 3544/3544/3544 3543/3543/3543 3558/3558/3558
f 3559/3559/3559 3544/3544/3544 3558/3558/3558
f 3559/3559/3559 3558/3558/3558 3560/3560/3560
f 3561/3561/3561 3559/3559/3559 3560/3560/3560
f 3564/3564/3564 3563/3563/3563 3562/3562/3562
f 3565/3565/3565 3564/3564/3564 3562/3562/3562
f 3568/3568/3568 3567/3567/3567 3566/3566/3566
f 3569/3569/3569 3568/3568/3568 3566/3566/3566
f 3567/3567/3567 3571/3571/3571 3570/3570/3570
f 3566/3566/3566 3567/3567/3567 3570/3570/3570
f 3571/3571/3571 3573/3573/3573 3572/3572/3572
f 3570/3570/3570 3571/3571/3571 3572/3572/3572
f 3573/3573/3573 3575/3575/3575 3574/3574/3574
f 3572/3572/3572 3573/3573/3573 3574/3574/3574
f 3575/3575/3575 3577/3577/3577 3576/3576/3576
f 3574/3574/3574 3575/3575/3575 3576/3576/3576
f 3577/3577/3577 3579/3579/3579 3578/3578/3578
f 3576/3576/3576 3577/3577/3577 3578/3578/3578
f 3579/3579/3579 3581/3581/3581 3580/3580/3580
f 3578/3578/3578 3579/3579/3579 3580/3580/3580
f 3580/3580/3580 3581/3581/3581 3582/3582/3582
f 3583/3583/3583 3580/3580/3580 3582/3582/3582
f 3196/3196/3196 3585/3585/3585 3584/3584/3584
f 3586/3586/3586 3196/3196/3196 3584/3584/3584
f 3524/3524/3524 3584/3584/3584 3520/3520/3520
f 3193/3193/3193 3196/3196/3196 3586/3586/3586
f 3585/3585/3585 3520/3520/3520 3584/3584/3584
f 3520/3520/3520 3585/3585/3585 3587/3587/3587
f 3520/3520/3520 3587/3587/3587 3588/3588/3588
f 3587/3587/3587 3590/3590/3590 3589/3589/3589
f 3588/3588/3588 3591/3591/3591 3520/3520/3520
f 3589/3589/3589 3588/3588/3588 3587/3587/3587
f 3589/3589/3589 3592/3592/3592 3588/3588/3588
f 3588/3588/3588 3592/3592/3592 3593/3593/3593
f 3593/3593/3593 3594/3594/3594 3588/3588/3588
f 3593/3593/3593 3595/3595/3595 3594/3594/3594
f 3595/3595/3595 3593/3593/3593 3596/3596/3596
f 3595/3595/3595 3596/3596/3596 3597/3597/3597
f 3598/3598/3598 3595/3595/3595 3597/3597/3597
f 3597/3597/3597 3596/3596/3596 3599/3599/3599
f 3600/3600/3600 3601/3601/3601 3602/3602/3602
f 3600/3600/3600 3602/3602/3602 3603/3603/3603
f 3601/3601/3601 3604/3604/3604 3605/3605/3605
f 3601/3601/3601 3605/3605/3605 3602/3602/3602
f 3604/3604/3604 3606/3606/3606 3607/3607/3607
f 3604/3604/3604 3607/3607/3607 3605/3605/3605
f 3606/3606/3606 3608/3608/3608 3609/3609/3609
f 3606/3606/3606 3609/3609/3609 3607/3607/3607
f 3608/3608/3608 3610/3610/3610 3611/3611/3611
f 3608/3608/3608 3611/3611/3611 3609/3609/3609
f 3610/3610/3610 3612/3612/3612 3613/3613/3613
f 3610/3610/3610 3613/3613/3613 3611/3611/3611
f 3612/3612/3612 3614/3614/3614 3615/3615/3615
f 3612/3612/3612 3615/3615/3615 3613/3613/3613
f 3614/3614/3614 3616/3616/3616 3617/3617/3617
f 3614/3614/3614 3617/3617/3617 3615/3615/3615
f 3616/3616/3616 3618/3618/3618 3619/3619/3619
f 3616/3616/3616 3619/3619/3619 3617/3617/3617
f 3618/3618/3618 3620/3620/3620 3621/3621/3621
f 3618/3618/3618 3621/3621/3621 3619/3619/3619
f 3620/3620/3620 3622/3622/3622 3623/3623/3623
f 3620/3620/3620 3623/3623/3623 3621/3621/3621
f 3622/3622/3622 3624/3624/3624 3625/3625/3625
f 3622/3622/3622 3625/3625/3625 3623/3623/3623
f 3624/3624/3624 3626/3626/3626 3627/3627/3627
f 3624/3624/3624 3627/3627/3627 3625/3625/3625
f 3626/3626/3626 3628/3628/3628 3629/3629/3629
f 3626/3626/3626 3629/3629/3629 3627/3627/3627
f 3628/3628/3628 3630/3630/3630 3631/3631/3631
f 3628/3628/3628 3631/3631/3631 3629/3629/3629
f 3630/3630/3630 3600/3600/3600 3603/3603/3603
f 3630/3630/3630 3603/3603/3603 3631/3631/3631
f 3634/3634/3634 3633/3633/3633 3632/3632/3632
f 3635/3635/3635 3634/3634/3634 3632/3632/3632
f 3637/3637/3637 3636/3636/3636 3633/3633/3633
f 3634/3634/3634 3637/3637/3637 3633/3633/3633
f 3639/3639/3639 3638/3638/3638 3636/3636/3636
f 3637/3637/3637 3639/3639/3639 3636/3636/3636
f 3641/3641/3641 3640/3640/3640 3638/3638/3638
f 3639/3639/3639 3641/3641/3641 3638/3638/3638
f 3643/3643/3643 3642/3642/3642 3640/3640/3640
f 3641/3641/3641 3643/3643/3643 3640/3640/3640
f 3645/3645/3645 3644/3644/3644 3642/3642/3642
f 3643/3643/3643 3645/3645/3645 3642/3642/3642
f 3647/3647/3647 3646/3646/3646 3644/3644/3644
f 3645/3645/3645 3647/3647/3647 3644/3644/3644
f 3649/3649/3649 3648/3648/3648 3646/3646/3646
f 3647/3647/3647 3649/3649/3649 3646/3646/3646
f 3651/3651/3651 3650/3650/3650 3648/3648/3648
f 3649/3649/3649 3651/3651/3651 3648/3648/3648
f 3653/3653/3653 3652/3652/3652 3650/3650/3650
f 3651/3651/3651 3653/3653/3653 3650/3650/3650
f 3655/3655/3655 3654/3654/3654 3652/3652/3652
f 3653/3653/3653 3655/3655/3655 3652/3652/3652
f 3657/3657/3657 3656/3656/3656 3654/3654/3654
f 3655/3655/3655 3657/3657/3657 3654/3654/3654
f 3659/3659/3659 3658/3658/3658 3656/3656/3656
f 3657/3657/3657 3659/3659/3659 3656/3656/3656
f 3661/3661/3661 3660/3660/3660 3658/3658/3658
f 3659/3659/3659 3661/3661/3661 3658/3658/3658
f 3663/3663/3663 3662/3662/3662 3660/3660/3660
f 3661/3661/3661 3663/3663/3663 3660/3660/3660
f 3635/3635/3635 3632/3632/3632 3662/3662/3662
f 3663/3663/3663 3635/3635/3635 3662/3662/3662
f 3666/3666/3666 3665/3665/3665 3664/3664/3664
f 3667/3667/3667 3666/3666/3666 3664/3664/3664
f 3668/3668/3668 3666/3666/3666 3667/3667/3667
f 3669/3669/3669 3668/3668/3668 3667/3667/3667
f 3670/3670/3670 3668/3668/3668 3669/3669/3669
f 3671/3671/3671 3670/3670/3670 3669/3669/3669
f 3672/3672/3672 3670/3670/3670 3671/3671/3671
f 3673/3673/3673 3672/3672/3672 3671/3671/3671
f 3674/3674/3674 3672/3672/3672 3673/3673/3673
f 3675/3675/3675 3674/3674/3674 3673/3673/3673
f 3676/3676/3676 3674/3674/3674 3675/3675/3675
f 3677/3677/3677 3676/3676/3676 3675/3675/3675
f 3678/3678/3678 3676/3676/3676 3677/3677/3677
f 3679/3679/3679 3678/3678/3678 3677/3677/3677
f 3680/3680/3680 3678/3678/3678 3679/3679/3679
f 3681/3681/3681 3680/3680/3680 3679/3679/3679
f 3682/3682/3682 3680/3680/3680 3681/3681/3681
f 3683/3683/3683 3682/3682/3682 3681/3681/3681
f 3684/3684/3684 3682/3682/3682 3683/3683/3683
f 3685/3685/3685 3684/3684/3684 3683/3683/3683
f 3686/3686/3686 3684/3684/3684 3685/3685/3685
f 3687/3687/3687 3686/3686/3686 3685/3685/3685
f 3688/3688/3688 3686/3686/3686 3687/3687/3687
f 3689/3689/3689 3688/3688/3688 3687/3687/3687
f 3690/3690/3690 3688/3688/3688 3689/3689/3689
f 3691/3691/3691 3690/3690/3690 3689/3689/3689
f 3692/3692/3692 3690/3690/3690 3691/3691/3691
f 3693/3693/3693 3692/3692/3692 3691/3691/3691
f 3694/3694/3694 3692/3692/3692 3693/3693/3693
f 3695/3695/3695 3694/3694/3694 3693/3693/3693
f 3665/3665/3665 3694/3694/3694 3695/3695/3695
f 3664/3664/3664 3665/3665/3665 3695/3695/3695
f 3696/3696/3696 3697/3697/3697 3698/3698/3698
f 3696/3696/3696 3698/3698/3698 3699/3699/3699
f 3697/3697/3697 3700/3700/3700 3701/3701/3701
f 3697/3697/3697 3701/3701/3701 3698/3698/3698
f 3700/3700/3700 3702/3702/3702 3703/3703/3703
f 3700/3700/3700 3703/3703/3703 3701/3701/3701
f 3702/3702/3702 3704/3704/3704 3705/3705/3705
f 3702/3702/3702 3705/3705/3705 3703/3703/3703
f 3704/3704/3704 3706/3706/3706 3707/3707/3707
f 3704/3704/3704 3707/3707/3707 3705/3705/3705
f 3706/3706/3706 3708/3708/3708 3709/3709/3709
f 3706/3706/3706 3709/3709/3709 3707/3707/3707
f 3708/3708/3708 3710/3710/3710 3711/3711/3711
f 3708/3708/3708 3711/3711/3711 3709/3709/3709
f 3710/3710/3710 3712/3712/3712 3713/3713/3713
f 3710/3710/3710 3713/3713/3713 3711/3711/3711
f 3712/3712/3712 3714/3714/3714 3715/3715/3715
f 3712/3712/3712 3715/3715/3715 3713/3713/3713
f 3714/3714/3714 3716/3716/3716 3717/3717/3717
f 3714/3714/3714 3717/3717/3717 3715/3715/3715
f 3716/3716/3716 3718/3718/3718 3719/3719/3719
f 3716/3716/3716 3719/3719/3719 3717/3717/3717
f 3718/3718/3718 3720/3720/3720 3721/3721/3721
f 3718/3718/3718 3721/3721/3721 3719/3719/3719
f 3720/3720/3720 3722/3722/3722 3723/3723/3723
f 3720/3720/3720 3723/3723/3723 3721/3721/3721
f 3722/3722/3722 3724/3724/3724 3725/3725/3725
f 3722/3722/3722 3725/3725/3725 3723/3723/3723
f 3724/3724/3724 3726/3726/3726 3727/3727/3727
f 3724/3724/3724 3727/3727/3727 3725/3725/3725
f 3726/3726/3726 3696/3696/3696 3699/3699/3699
f 3726/3726/3726 3699/3699/3699 3727/3727/3727
f 3730/3730/3730 3729/3729/3729 3728/3728/3728
f 3731/3731/3731 3730/3730/3730 3728/3728/3728
f 3733/3733/3733 3732/3732/3732 3729/3729/3729
f 3730/3730/3730 3733/3733/3733 3729/3729/3729
f 3735/3735/3735 3734/3734/3734 3732/3732/3732
f 3733/3733/3733 3735/3735/3735 3732/3732/3732
f 3737/3737/3737 3736/3736/3736 3734/3734/3734
f 3735/3735/3735 3737/3737/3737 3734/3734/3734
f 3739/3739/3739 3738/3738/3738 3736/3736/3736
f 3737/3737/3737 3739/3739/3739 3736/3736/3736
f 3741/3741/3741 3740/3740/3740 3738/3738/3738
f 3739/3739/3739 3741/3741/3741 3738/3738/3738
f 3743/3743/3743 3742/3742/3742 3740/3740/3740
f 3741/3741/3741 3743/3743/3743 3740/3740/3740
f 3745/3745/3745 3744/3744/3744 3742/3742/3742
f 3743/3743/3743 3745/3745/3745 3742/3742/3742
f 3747/3747/3747 3746/3746/3746 3744/3744/3744
f 3745/3745/3745 3747/3747/3747 3744/3744/3744
f 3749/3749/3749 3748/3748/3748 3746/3746/3746
f 3747/3747/3747 3749/3749/3749 3746/3746/3746
f 3751/3751/3751 3750/3750/3750 3748/3748/3748
f 3749/3749/3749 3751/3751/3751 3748/3748/3748
f 3753/3753/3753 3752/3752/3752 3750/3750/3750
f 3751/3751/3751 3753/3753/3753 3750/3750/3750
f 3755/3755/3755 3754/3754/3754 3752/3752/3752
f 3753/3753/3753 3755/3755/3755 3752/3752/3752
f 3757/3757/3757 3756/3756/3756 3754/3754/3754
f 3755/3755/3755 3757/3757/3757 3754/3754/3754
f 3759/3759/3759 3758/3758/3758 3756/3756/3756
f 3757/3757/3757 3759/3759/3759 3756/3756/3756
f 3731/3731/3731 3728/3728/3728 3758/3758/3758
f 3759/3759/3759 3731/3731/3731 3758/3758/3758
f 3762/3762/3762 3761/3761/3761 3760/3760/3760
f 3763/3763/3763 3762/3762/3762 3760/3760/3760
f 3764/3764/3764 3762/3762/3762 3763/3763/3763
f 3765/3765/3765 3764/3764/3764 3763/3763/3763
f 3766/3766/3766 3764/3764/3764 3765/3765/3765
f 3767/3767/3767 3766/3766/3766 3765/3765/3765
f 3768/3768/3768 3766/3766/3766 3767/3767/3767
f 3769/3769/3769 3768/3768/3768 3767/3767/3767
f 3770/3770/3770 3768/3768/3768 3769/3769/3769
f 3771/3771/3771 3770/3770/3770 3769/3769/3769
f 3772/3772/3772 3770/3770/3770 3771/3771/3771
f 3773/3773/3773 3772/3772/3772 3771/3771/3771
f 3774/3774/3774 3772/3772/3772 3773/3773/3773
f 3775/3775/3775 3774/3774/3774 3773/3773/3773
f 3776/3776/3776 3774/3774/3774 3775/3775/3775
f 3777/3777/3777 3776/3776/3776 3775/3775/3775
f 3778/3778/3778 3776/3776/3776 3777/3777/3777
f 3779/3779/3779 3778/3778/3778 3777/3777/3777
f 3780/3780/3780 3778/3778/3778 3779/3779/3779
f 3781/3781/3781 3780/3780/3780 3779/3779/3779
f 3782/3782/3782 3780/3780/3780 3781/3781/3781
f 3783/3783/3783 3782/3782/3782 3781/3781/3781
f 3784/3784/3784 3782/3782/3782 3783/3783/3783
f 3785/3785/3785 3784/3784/3784 3783/3783/3783
f 3786/3786/3786 3784/3784/3784 3785/3785/3785
f 3787/3787/3787 3786/3786/3786 3785/3785/3785
f 3788/3788/3788 3786/3786/3786 3787/3787/3787
f 3789/3789/3789 3788/3788/3788 3787/3787/3787
f 3790/3790/3790 3788/3788/3788 3789/3789/3789
f 3791/3791/3791 3790/3790/3790 3789/3789/3789
f 3761/3761/3761 3790/3790/3790 3791/3791/3791
f 3760/3760/3760 3761/3761/3761 3791/3791/3791
f 3794/3794/3794 3793/3793/3793 3792/3792/3792
f 3795/3795/3795 3794/3794/3794 3792/3792/3792
f 3797/3797/3797 3796/3796/3796 3793/3793/3793
f 3794/3794/3794 3797/3797/3797 3793/3793/3793
f 3799/3799/3799 3798/3798/3798 3796/3796/3796
f 3797/3797/3797 3799/3799/3799 3796/3796/3796
f 3801/3801/3801 3800/3800/3800 3798/3798/3798
f 3799/3799/3799 3801/3801/3801 3798/3798/3798
f 3803/3803/3803 3802/3802/3802 3800/3800/3800
f 3801/3801/3801 3803/3803/3803 3800/3800/3800
f 3805/3805/3805 3804/3804/3804 3802/3802/3802
f 3803/3803/3803 3805/3805/3805 3802/3802/3802
f 3807/3807/3807 3806/3806/3806 3804/3804/3804
f 3805/3805/3805 3807/3807/3807 3804/3804/3804
f 3809/3809/3809 3808/3808/3808 3806/3806/3806
f 3807/3807/3807 3809/3809/3809 3806/3806/3806
f 3811/3811/3811 3810/3810/3810 3808/3808/3808
f 3809/3809/3809 3811/3811/3811 3808/3808/3808
f 3813/3813/3813 3812/3812/3812 3810/3810/3810
f 3811/3811/3811 3813/3813/3813 3810/3810/3810
f 3815/3815/3815 3814/3814/3814 3812/3812/3812
f 3813/3813/3813 3815/3815/3815 3812/3812/3812
f 3817/3817/3817 3816/3816/3816 3814/3814/3814
f 3815/3815/3815 3817/3817/3817 3814/3814/3814
f 3818/3818/3818 3819/3819/3819 3820/3820/3820
f 3818/3818/3818 3820/3820/3820 3821/3821/3821
f 3821/3821/3821 3820/3820/3820 3822/3822/3822
f 3821/3821/3821 3822/3822/3822 3823/3823/3823
f 3823/3823/3823 3822/3822/3822 3824/3824/3824
f 3823/3823/3823 3824/3824/3824 3825/3825/3825
f 3825/3825/3825 3824/3824/3824 3826/3826/3826
f 3825/3825/3825 3826/3826/3826 3827/3827/3827
f 3827/3827/3827 3826/3826/3826 3828/3828/3828
f 3827/3827/3827 3828/3828/3828 3829/3829/3829
f 3829/3829/3829 3828/3828/3828 3830/3830/3830
f 3829/3829/3829 3830/3830/3830 3831/3831/3831
f 3831/3831/3831 3830/3830/3830 3832/3832/3832
f 3831/3831/3831 3832/3832/3832 3833/3833/3833
f 3833/3833/3833 3832/3832/3832 3834/3834/3834
f 3833/3833/3833 3834/3834/3834 3835/3835/3835
f 3835/3835/3835 3834/3834/3834 3836/3836/3836
f 3835/3835/3835 3836/3836/3836 3837/3837/3837
f 3837/3837/3837 3836/3836/3836 3838/3838/3838
f 3837/3837/3837 3838/3838/3838 3839/3839/3839
f 3839/3839/3839 3838/3838/3838 3840/3840/3840
f 3839/3839/3839 3840/3840/3840 3841/3841/3841
f 3841/3841/3841 3840/3840/3840 3842/3842/3842
f 3841/3841/3841 3842/3842/3842 3843/3843/3843
f 3843/3843/3843 3842/3842/3842 3844/3844/3844
f 3843/3843/3843 3844/3844/3844 3845/3845/3845
f 3845/3845/3845 3844/3844/3844 3846/3846/3846
f 3845/3845/3845 3846/3846/3846 3847/3847/3847
f 3847/3847/3847 3846/3846/3846 3848/3848/3848
f 3847/3847/3847 3848/3848/3848 3849/3849/3849
f 3849/3849/3849 3848/3848/3848 3819/3819/3819
f 3849/3849/3849 3819/3819/3819 3818/3818/3818
f 3602/3602/3602 3851/3851/3851 3850/3850/3850
f 3603/3603/3603 3602/3602/3602 3850/3850/3850
f 3605/3605/3605 3852/3852/3852 3851/3851/3851
f 3602/3602/3602 3605/3605/3605 3851/3851/3851
f 3607/3607/3607 3853/3853/3853 3852/3852/3852
f 3605/3605/3605 3607/3607/3607 3852/3852/3852
f 3609/3609/3609 3854/3854/3854 3853/3853/3853
f 3607/3607/3607 3609/3609/3609 3853/3853/3853
f 3611/3611/3611 3855/3855/3855 3854/3854/3854
f 3609/3609/3609 3611/3611/3611 3854/3854/3854
f 3613/3613/3613 3856/3856/3856 3855/3855/3855
f 3611/3611/3611 3613/3613/3613 3855/3855/3855
f 3615/3615/3615 3857/3857/3857 3856/3856/3856
f 3613/3613/3613 3615/3615/3615 3856/3856/3856
f 3617/3617/3617 3858/3858/3858 3857/3857/3857
f 3615/3615/3615 3617/3617/3617 3857/3857/3857
f 3619/3619/3619 3859/3859/3859 3858/3858/3858
f 3617/3617/3617 3619/3619/3619 3858/3858/3858
f 3621/3621/3621 3860/3860/3860 3859/3859/3859
f 3619/3619/3619 3621/3621/3621 3859/3859/3859
f 3623/3623/3623 3861/3861/3861 3860/3860/3860
f 3621/3621/3621 3623/3623/3623 3860/3860/3860
f 3625/3625/3625 3862/3862/3862 3861/3861/3861
f 3623/3623/3623 3625/3625/3625 3861/3861/3861
f 3627/3627/3627 3863/3863/3863 3862/3862/3862
f 3625/3625/3625 3627/3627/3627 3862/3862/3862
f 3629/3629/3629 3864/3864/3864 3863/3863/3863
f 3627/3627/3627 3629/3629/3629 3863/3863/3863
f 3631/3631/3631 3865/3865/3865 3864/3864/3864
f 3629/3629/3629 3631/3631/3631 3864/3864/3864
f 3603/3603/3603 3850/3850/3850 3865/3865/3865
f 3631/3631/3631 3603/3603/3603 3865/3865/3865
f 3868/3868/3868 3867/3867/3867 3866/3866/3866
f 3869/3869/3869 3868/3868/3868 3866/3866/3866
f 3870/3870/3870 3868/3868/3868 3869/3869/3869
f 3871/3871/3871 3870/3870/3870 3869/3869/3869
f 3872/3872/3872 3873/3873/3873 3874/3874/3874
f 3872/3872/3872 3874/3874/3874 3875/3875/3875
f 3875/3875/3875 3874/3874/3874 3876/3876/3876
f 3875/3875/3875 3876/3876/3876 3877/3877/3877
f 3878/3878/3878 3876/3876/3876 3879/3879/3879
f 3878/3878/3878 3879/3879/3879 3880/3880/3880
f 3880/3880/3880 3879/3879/3879 3881/3881/3881
f 3880/3880/3880 3881/3881/3881 3882/3882/3882
f 3882/3882/3882 3881/3881/3881 3883/3883/3883
f 3882/3882/3882 3883/3883/3883 3884/3884/3884
f 3884/3884/3884 3883/3883/3883 3885/3885/3885
f 3884/3884/3884 3885/3885/3885 3886/3886/3886
f 3886/3886/3886 3885/3885/3885 3887/3887/3887
f 3886/3886/3886 3887/3887/3887 3888/3888/3888
f 3888/3888/3888 3887/3887/3887 3889/3889/3889
f 3888/3888/3888 3889/3889/3889 3890/3890/3890
f 3890/3890/3890 3889/3889/3889 3891/3891/3891
f 3890/3890/3890 3891/3891/3891 3892/3892/3892
f 3892/3892/3892 3891/3891/3891 3870/3870/3870
f 3892/3892/3892 3870/3870/3870 3893/3893/3893
f 3894/3894/3894 3895/3895/3895 3896/3896/3896
f 3894/3894/3894 3896/3896/3896 3897/3897/3897
f 3895/3895/3895 3898/3898/3898 3899/3899/3899
f 3895/3895/3895 3899/3899/3899 3896/3896/3896
f 3898/3898/3898 3900/3900/3900 3901/3901/3901
f 3898/3898/3898 3901/3901/3901 3899/3899/3899
f 3900/3900/3900 3902/3902/3902 3903/3903/3903
f 3900/3900/3900 3903/3903/3903 3901/3901/3901
f 3902/3902/3902 3904/3904/3904 3905/3905/3905
f 3902/3902/3902 3905/3905/3905 3903/3903/3903
f 3904/3904/3904 3906/3906/3906 3907/3907/3907
f 3904/3904/3904 3907/3907/3907 3905/3905/3905
f 3906/3906/3906 3908/3908/3908 3909/3909/3909
f 3906/3906/3906 3909/3909/3909 3907/3907/3907
f 3908/3908/3908 3910/3910/3910 3911/3911/3911
f 3908/3908/3908 3911/3911/3911 3909/3909/3909
f 3914/3914/3914 3913/3913/3913 3912/3912/3912
f 3912/3912/3912 3913/3913/3913 3915/3915/3915
f 3913/3913/3913 3916/3916/3916 3915/3915/3915
f 3915/3915/3915 3916/3916/3916 3917/3917/3917
f 3916/3916/3916 3918/3918/3918 3917/3917/3917
f 3917/3917/3917 3918/3918/3918 3919/3919/3919
f 3918/3918/3918 3920/3920/3920 3919/3919/3919
f 3919/3919/3919 3920/3920/3920 3921/3921/3921
f 3920/3920/3920 3922/3922/3922 3921/3921/3921
f 3921/3921/3921 3922/3922/3922 3923/3923/3923
f 3922/3922/3922 3924/3924/3924 3923/3923/3923
f 3923/3923/3923 3924/3924/3924 3925/3925/3925
f 3928/3928/3928 3927/3927/3927 3926/3926/3926
f 3929/3929/3929 3927/3927/3927 3928/3928/3928
f 3930/3930/3930 3929/3929/3929 3928/3928/3928
f 3931/3931/3931 3929/3929/3929 3930/3930/3930
f 3932/3932/3932 3931/3931/3931 3930/3930/3930
f 3933/3933/3933 3931/3931/3931 3932/3932/3932
f 3934/3934/3934 3933/3933/3933 3932/3932/3932
f 3935/3935/3935 3933/3933/3933 3934/3934/3934
f 3936/3936/3936 3935/3935/3935 3934/3934/3934
f 3937/3937/3937 3935/3935/3935 3936/3936/3936
f 3938/3938/3938 3937/3937/3937 3936/3936/3936
f 3939/3939/3939 3937/3937/3937 3938/3938/3938
f 3942/3942/3942 3941/3941/3941 3940/3940/3940
f 3941/3941/3941 3943/3943/3943 3940/3940/3940
f 3940/3940/3940 3943/3943/3943 3944/3944/3944
f 3943/3943/3943 3945/3945/3945 3944/3944/3944
f 3944/3944/3944 3945/3945/3945 3946/3946/3946
f 3945/3945/3945 3947/3947/3947 3946/3946/3946
f 3946/3946/3946 3947/3947/3947 3948/3948/3948
f 3947/3947/3947 3949/3949/3949 3948/3948/3948
f 3948/3948/3948 3949/3949/3949 3950/3950/3950
f 3949/3949/3949 3951/3951/3951 3950/3950/3950
f 3950/3950/3950 3951/3951/3951 3952/3952/3952
f 3951/3951/3951 3953/3953/3953 3952/3952/3952
f 3951/3951/3951 3954/3954/3954 3953/3953/3953
f 3954/3954/3954 3955/3955/3955 3953/3953/3953
f 3954/3954/3954 3956/3956/3956 3955/3955/3955
f 3956/3956/3956 3957/3957/3957 3955/3955/3955
f 3958/3958/3958 3957/3957/3957 3956/3956/3956
f 3958/3958/3958 3959/3959/3959 3957/3957/3957
f 3960/3960/3960 3959/3959/3959 3958/3958/3958
f 3961/3961/3961 3959/3959/3959 3960/3960/3960
f 3962/3962/3962 3961/3961/3961 3960/3960/3960
f 3963/3963/3963 3961/3961/3961 3962/3962/3962
f 3964/3964/3964 3963/3963/3963 3962/3962/3962
f 3965/3965/3965 3963/3963/3963 3964/3964/3964
f 3966/3966/3966 3965/3965/3965 3964/3964/3964
f 3967/3967/3967 3965/3965/3965 3966/3966/3966
f 3968/3968/3968 3967/3967/3967 3966/3966/3966
f 3969/3969/3969 3941/3941/3941 3942/3942/3942
f 3969/3969/3969 3970/3970/3970 3941/3941/3941
f 3971/3971/3971 3970/3970/3970 3969/3969/3969
f 3971/3971/3971 3972/3972/3972 3970/3970/3970
f 3973/3973/3973 3972/3972/3972 3971/3971/3971
f 3973/3973/3973 3974/3974/3974 3972/3972/3972
f 3975/3975/3975 3974/3974/3974 3973/3973/3973
f 3975/3975/3975 3976/3976/3976 3974/3974/3974
f 3954/3954/3954 3951/3951/3951 3949/3949/3949
f 3949/3949/3949 3977/3977/3977 3954/3954/3954
f 3977/3977/3977 3949/3949/3949 3947/3947/3947
f 3947/3947/3947 3978/3978/3978 3977/3977/3977
f 3945/3945/3945 3978/3978/3978 3947/3947/3947
f 3945/3945/3945 3979/3979/3979 3978/3978/3978
f 3943/3943/3943 3979/3979/3979 3945/3945/3945
f 3943/3943/3943 3980/3980/3980 3979/3979/3979
f 3941/3941/3941 3980/3980/3980 3943/3943/3943
f 3941/3941/3941 3981/3981/3981 3980/3980/3980
f 3970/3970/3970 3981/3981/3981 3982/3982/3982
f 3970/3970/3970 3983/3983/3983 3981/3981/3981
f 3972/3972/3972 3983/3983/3983 3970/3970/3970
f 3972/3972/3972 3912/3912/3912 3983/3983/3983
f 3974/3974/3974 3912/3912/3912 3972/3972/3972
f 3974/3974/3974 3914/3914/3914 3912/3912/3912
f 3976/3976/3976 3914/3914/3914 3974/3974/3974
f 3976/3976/3976 3968/3968/3968 3914/3914/3914
f 3914/3914/3914 3968/3968/3968 3966/3966/3966
f 3914/3914/3914 3966/3966/3966 3984/3984/3984
f 3984/3984/3984 3966/3966/3966 3964/3964/3964
f 3984/3984/3984 3964/3964/3964 3985/3985/3985
f 3985/3985/3985 3964/3964/3964 3962/3962/3962
f 3985/3985/3985 3962/3962/3962 3986/3986/3986
f 3986/3986/3986 3962/3962/3962 3960/3960/3960
f 3986/3986/3986 3960/3960/3960 3987/3987/3987
f 3960/3960/3960 3989/3989/3989 3988/3988/3988
f 3987/3987/3987 3960/3960/3960 3988/3988/3988
f 3958/3958/3958 3956/3956/3956 3990/3990/3990
f 3990/3990/3990 3988/3988/3988 3958/3958/3958
f 3956/3956/3956 3954/3954/3954 3977/3977/3977
f 3977/3977/3977 3990/3990/3990 3956/3956/3956
f 3993/3993/3993 3992/3992/3992 3991/3991/3991
f 3992/3992/3992 3994/3994/3994 3991/3991/3991
f 3991/3991/3991 3994/3994/3994 3995/3995/3995
f 3994/3994/3994 3997/3997/3997 3996/3996/3996
f 3995/3995/3995 3994/3994/3994 3996/3996/3996
f 3996/3996/3996 3997/3997/3997 3998/3998/3998
f 3996/3996/3996 3998/3998/3998 3999/3999/3999
f 3999/3999/3999 3998/3998/3998 4000/4000/4000
f 3999/3999/3999 4000/4000/4000 4001/4001/4001
f 4001/4001/4001 4000/4000/4000 4002/4002/4002
f 4001/4001/4001 4002/4002/4002 4003/4003/4003
f 4002/4002/4002 4004/4004/4004 4003/4003/4003
f 4007/4007/4007 4006/4006/4006 4005/4005/4005
f 4007/4007/4007 4009/4009/4009 4008/4008/4008
f 4006/4006/4006 4007/4007/4007 4008/4008/4008
f 4010/4010/4010 4008/4008/4008 4009/4009/4009
f 4010/4010/4010 4011/4011/4011 4008/4008/4008
f 4012/4012/4012 4011/4011/4011 4010/4010/4010
f 4012/4012/4012 4013/4013/4013 4011/4011/4011
f 4012/4012/4012 4015/4015/4015 4014/4014/4014
f 4013/4013/4013 4012/4012/4012 4014/4014/4014
f 4015/4015/4015 4017/4017/4017 4016/4016/4016
f 4014/4014/4014 4015/4015/4015 4016/4016/4016
f 4018/4018/4018 4016/4016/4016 4017/4017/4017
f 4021/4021/4021 4020/4020/4020 4019/4019/4019
f 4019/4019/4019 4022/4022/4022 4021/4021/4021
f 4020/4020/4020 4024/4024/4024 4023/4023/4023
f 4023/4023/4023 4019/4019/4019 4020/4020/4020
f 4024/4024/4024 4025/4025/4025 4023/4023/4023
f 4023/4023/4023 4025/4025/4025 4026/4026/4026
f 4025/4025/4025 4027/4027/4027 4026/4026/4026
f 4029/4029/4029 4028/4028/4028 4027/4027/4027
f 4030/4030/4030 4028/4028/4028 4029/4029/4029
f 4028/4028/4028 4030/4030/4030 4031/4031/4031
f 4032/4032/4032 4028/4028/4028 4031/4031/4031
f 4033/4033/4033 4032/4032/4032 4031/4031/4031
f 4034/4034/4034 4033/4033/4033 4031/4031/4031
f 4035/4035/4035 4033/4033/4033 4034/4034/4034
f 4036/4036/4036 4035/4035/4035 4034/4034/4034
f 4037/4037/4037 4035/4035/4035 4036/4036/4036
f 4038/4038/4038 4037/4037/4037 4036/4036/4036
f 4039/4039/4039 4037/4037/4037 4038/4038/4038
f 4040/4040/4040 4039/4039/4039 4038/4038/4038
f 4041/4041/4041 4039/4039/4039 4040/4040/4040
f 4041/4041/4041 4040/4040/4040 4042/4042/4042
f 4043/4043/4043 4041/4041/4041 4042/4042/4042
f 4043/4043/4043 4042/4042/4042 4044/4044/4044
f 4047/4047/4047 4046/4046/4046 4045/4045/4045
f 4046/4046/4046 4047/4047/4047 4048/4048/4048
f 4048/4048/4048 4049/4049/4049 4046/4046/4046
f 4050/4050/4050 4049/4049/4049 4048/4048/4048
f 4050/4050/4050 4048/4048/4048 4051/4051/4051
f 4050/4050/4050 4051/4051/4051 4052/4052/4052
f 4053/4053/4053 4050/4050/4050 4052/4052/4052
f 4053/4053/4053 4052/4052/4052 4054/4054/4054
f 4052/4052/4052 4055/4055/4055 4054/4054/4054
f 4054/4054/4054 4055/4055/4055 4056/4056/4056
f 4055/4055/4055 4057/4057/4057 4056/4056/4056
f 4056/4056/4056 4057/4057/4057 4058/4058/4058
f 4057/4057/4057 4059/4059/4059 4058/4058/4058
f 4058/4058/4058 4059/4059/4059 4060/4060/4060
f 4060/4060/4060 4061/4061/4061 4058/4058/4058
f 4060/4060/4060 4062/4062/4062 4061/4061/4061
f 4064/4064/4064 4063/4063/4063 4062/4062/4062
f 4064/4064/4064 4065/4065/4065 4063/4063/4063
f 4065/4065/4065 4066/4066/4066 4063/4063/4063
f 4065/4065/4065 4068/4068/4068 4067/4067/4067
f 4067/4067/4067 4066/4066/4066 4065/4065/4065
f 4071/4071/4071 4070/4070/4070 4069/4069/4069
f 4074/4074/4074 4073/4073/4073 4072/4072/4072
f 4075/4075/4075 4074/4074/4074 4072/4072/4072
f 4075/4075/4075 4072/4072/4072 4076/4076/4076
f 4075/4075/4075 4076/4076/4076 4077/4077/4077
f 4078/4078/4078 4075/4075/4075 4077/4077/4077
f 4078/4078/4078 4077/4077/4077 4079/4079/4079
f 4077/4077/4077 4080/4080/4080 4079/4079/4079
f 4079/4079/4079 4080/4080/4080 4081/4081/4081
f 4084/4084/4084 4083/4083/4083 4082/4082/4082
f 4085/4085/4085 4083/4083/4083 4084/4084/4084
f 4085/4085/4085 4086/4086/4086 4083/4083/4083
f 4087/4087/4087 4086/4086/4086 4085/4085/4085
f 4087/4087/4087 4088/4088/4088 4086/4086/4086
f 4087/4087/4087 4089/4089/4089 4088/4088/4088
f 4089/4089/4089 4090/4090/4090 4088/4088/4088
f 4089/4089/4089 4091/4091/4091 4090/4090/4090
f 4081/4081/4081 4080/4080/4080 4092/4092/4092
f 4093/4093/4093 4081/4081/4081 4092/4092/4092
f 4095/4095/4095 4082/4082/4082 4094/4094/4094
f 4084/4084/4084 4082/4082/4082 4095/4095/4095
f 4044/4044/4044 4097/4097/4097 4096/4096/4096
f 4044/4044/4044 4099/4099/4099 4098/4098/4098
f 4098/4098/4098 4097/4097/4097 4044/4044/4044
f 4099/4099/4099 4101/4101/4101 4100/4100/4100
f 4100/4100/4100 4098/4098/4098 4099/4099/4099
f 4098/4098/4098 4100/4100/4100 4102/4102/4102
f 4102/4102/4102 4100/4100/4100 4103/4103/4103
f 4102/4102/4102 4103/4103/4103 3997/3997/3997
f 4105/4105/4105 4103/4103/4103 4104/4104/4104
f 3997/3997/3997 4104/4104/4104 3998/3998/3998
f 4107/4107/4107 4104/4104/4104 4106/4106/4106
f 4106/4106/4106 4104/4104/4104 4108/4108/4108
f 4106/4106/4106 4108/4108/4108 4109/4109/4109
f 4109/4109/4109 4108/4108/4108 4110/4110/4110
f 4111/4111/4111 4110/4110/4110 4025/4025/4025
f 4111/4111/4111 4025/4025/4025 4024/4024/4024
f 4020/4020/4020 4111/4111/4111 4024/4024/4024
f 4113/4113/4113 4111/4111/4111 4112/4112/4112
f 4113/4113/4113 4114/4114/4114 4111/4111/4111
f 4114/4114/4114 4113/4113/4113 4115/4115/4115
f 4116/4116/4116 4114/4114/4114 4115/4115/4115
f 4115/4115/4115 4117/4117/4117 4116/4116/4116
f 4115/4115/4115 4118/4118/4118 4117/4117/4117
f 4119/4119/4119 4096/4096/4096 4115/4115/4115
f 4096/4096/4096 4118/4118/4118 4115/4115/4115
f 4096/4096/4096 4120/4120/4120 4118/4118/4118
f 4096/4096/4096 4097/4097/4097 4120/4120/4120
f 4045/4045/4045 4122/4122/4122 4121/4121/4121
f 4045/4045/4045 4121/4121/4121 4089/4089/4089
f 4123/4123/4123 4121/4121/4121 4122/4122/4122
f 4123/4123/4123 4124/4124/4124 4121/4121/4121
f 4123/4123/4123 4125/4125/4125 4124/4124/4124
f 4125/4125/4125 4123/4123/4123 4126/4126/4126
f 4126/4126/4126 4123/4123/4123 4070/4070/4070
f 4070/4070/4070 4127/4127/4127 4126/4126/4126
f 4127/4127/4127 4070/4070/4070 4068/4068/4068
f 4068/4068/4068 4128/4128/4128 4127/4127/4127
f 4128/4128/4128 4068/4068/4068 4065/4065/4065
f 4064/4064/4064 4128/4128/4128 4065/4065/4065
f 4059/4059/4059 4129/4129/4129 4060/4060/4060
f 4057/4057/4057 4129/4129/4129 4059/4059/4059
f 4057/4057/4057 4130/4130/4130 4129/4129/4129
f 4055/4055/4055 4130/4130/4130 4057/4057/4057
f 4055/4055/4055 4131/4131/4131 4130/4130/4130
f 4052/4052/4052 4131/4131/4131 4055/4055/4055
f 4052/4052/4052 4132/4132/4132 4131/4131/4131
f 4132/4132/4132 4133/4133/4133 4051/4051/4051
f 4132/4132/4132 4051/4051/4051 4048/4048/4048
f 4134/4134/4134 4132/4132/4132 4048/4048/4048
f 4134/4134/4134 4048/4048/4048 4047/4047/4047
f 4134/4134/4134 4047/4047/4047 4045/4045/4045
f 4135/4135/4135 4067/4067/4067 4068/4068/4068
f 4137/4137/4137 4136/4136/4136 3817/3817/3817
f 3795/3795/3795 4137/4137/4137 3817/3817/3817
f 3967/3967/3967 3975/3975/3975 3795/3795/3795
f 3817/3817/3817 3967/3967/3967 3795/3795/3795
f 3968/3968/3968 3976/3976/3976 3975/3975/3975
f 3967/3967/3967 3968/3968/3968 3975/3975/3975
f 4140/4140/4140 4139/4139/4139 4138/4138/4138
f 4141/4141/4141 4140/4140/4140 4138/4138/4138
f 4144/4144/4144 4143/4143/4143 4142/4142/4142
f 4145/4145/4145 4144/4144/4144 4142/4142/4142
f 4147/4147/4147 4146/4146/4146 4143/4143/4143
f 4144/4144/4144 4147/4147/4147 4143/4143/4143
f 4149/4149/4149 4148/4148/4148 4146/4146/4146
f 4147/4147/4147 4149/4149/4149 4146/4146/4146
f 4151/4151/4151 4150/4150/4150 4148/4148/4148
f 4149/4149/4149 4151/4151/4151 4148/4148/4148
f 4153/4153/4153 4152/4152/4152 4150/4150/4150
f 4151/4151/4151 4153/4153/4153 4150/4150/4150
f 4153/4153/4153 4155/4155/4155 4154/4154/4154
f 4154/4154/4154 4152/4152/4152 4153/4153/4153
f 4158/4158/4158 4157/4157/4157 4156/4156/4156
f 4159/4159/4159 4158/4158/4158 4156/4156/4156
f 4161/4161/4161 4160/4160/4160 4157/4157/4157
f 4158/4158/4158 4161/4161/4161 4157/4157/4157
f 4163/4163/4163 4162/4162/4162 4160/4160/4160
f 4161/4161/4161 4163/4163/4163 4160/4160/4160
f 4165/4165/4165 4164/4164/4164 4162/4162/4162
f 4163/4163/4163 4165/4165/4165 4162/4162/4162
f 4168/4168/4168 4167/4167/4167 4166/4166/4166
f 4166/4166/4166 4167/4167/4167 4169/4169/4169
f 4170/4170/4170 4166/4166/4166 4169/4169/4169
f 4169/4169/4169 4171/4171/4171 4170/4170/4170
f 4171/4171/4171 4169/4169/4169 4172/4172/4172
f 4172/4172/4172 4173/4173/4173 4171/4171/4171
f 4173/4173/4173 4172/4172/4172 4174/4174/4174
f 4174/4174/4174 4175/4175/4175 4173/4173/4173
f 4173/4173/4173 4175/4175/4175 4176/4176/4176
f 4177/4177/4177 4173/4173/4173 4176/4176/4176
f 4178/4178/4178 4176/4176/4176 4175/4175/4175
f 4181/4181/4181 4180/4180/4180 4179/4179/4179
f 4182/4182/4182 4181/4181/4181 4179/4179/4179
f 4182/4182/4182 4179/4179/4179 4183/4183/4183
f 4184/4184/4184 4182/4182/4182 4183/4183/4183
f 4184/4184/4184 4183/4183/4183 4185/4185/4185
f 4186/4186/4186 4184/4184/4184 4185/4185/4185
f 4186/4186/4186 4185/4185/4185 4187/4187/4187
f 4188/4188/4188 4186/4186/4186 4187/4187/4187
f 4188/4188/4188 4187/4187/4187 4189/4189/4189
f 4190/4190/4190 4188/4188/4188 4189/4189/4189
f 4190/4190/4190 4189/4189/4189 4191/4191/4191
f 4192/4192/4192 4190/4190/4190 4191/4191/4191
f 4192/4192/4192 4191/4191/4191 4193/4193/4193
f 4194/4194/4194 4192/4192/4192 4193/4193/4193
f 4194/4194/4194 4193/4193/4193 4195/4195/4195
f 4196/4196/4196 4194/4194/4194 4195/4195/4195
f 4199/4199/4199 4198/4198/4198 4197/4197/4197
f 4200/4200/4200 4199/4199/4199 4197/4197/4197
f 4200/4200/4200 4197/4197/4197 4201/4201/4201
f 4202/4202/4202 4200/4200/4200 4201/4201/4201
f 4202/4202/4202 4201/4201/4201 4203/4203/4203
f 4204/4204/4204 4202/4202/4202 4203/4203/4203
f 4204/4204/4204 4203/4203/4203 4205/4205/4205
f 4206/4206/4206 4204/4204/4204 4205/4205/4205
f 4209/4209/4209 4208/4208/4208 4207/4207/4207
f 4210/4210/4210 4209/4209/4209 4207/4207/4207
f 4211/4211/4211 4210/4210/4210 4207/4207/4207
f 3872/3872/3872 4213/4213/4213 4212/4212/4212
f 3873/3873/3873 3872/3872/3872 4212/4212/4212
f 4216/4216/4216 4215/4215/4215 4214/4214/4214
f 4217/4217/4217 4216/4216/4216 4214/4214/4214
f 4217/4217/4217 4214/4214/4214 4218/4218/4218
f 4219/4219/4219 4217/4217/4217 4218/4218/4218
f 4156/4156/4156 4219/4219/4219 4218/4218/4218
f 4218/4218/4218 4159/4159/4159 4156/4156/4156
f 4222/4222/4222 4221/4221/4221 4220/4220/4220
f 4223/4223/4223 4222/4222/4222 4220/4220/4220
f 4222/4222/4222 4223/4223/4223 4224/4224/4224
f 4225/4225/4225 4221/4221/4221 4222/4222/4222
f 3911/3911/3911 3910/3910/3910 4224/4224/4224
f 3911/3911/3911 4224/4224/4224 4226/4226/4226
f 4226/4226/4226 4224/4224/4224 4223/4223/4223
f 4223/4223/4223 4220/4220/4220 4227/4227/4227
f 4166/4166/4166 4228/4228/4228 4221/4221/4221
f 4168/4168/4168 4166/4166/4166 4221/4221/4221
f 4221/4221/4221 4228/4228/4228 4220/4220/4220
f 4229/4229/4229 4226/4226/4226 4223/4223/4223
f 4227/4227/4227 4229/4229/4229 4223/4223/4223
f 4227/4227/4227 4220/4220/4220 4230/4230/4230
f 4227/4227/4227 4230/4230/4230 4231/4231/4231
f 4232/4232/4232 4227/4227/4227 4231/4231/4231
f 4232/4232/4232 4231/4231/4231 4233/4233/4233
f 4233/4233/4233 4234/4234/4234 4232/4232/4232
f 4233/4233/4233 4236/4236/4236 4235/4235/4235
f 4234/4234/4234 4233/4233/4233 4235/4235/4235
f 4236/4236/4236 4238/4238/4238 4237/4237/4237
f 4235/4235/4235 4236/4236/4236 4237/4237/4237
f 4237/4237/4237 4238/4238/4238 4239/4239/4239
f 4242/4242/4242 4241/4241/4241 4240/4240/4240
f 4240/4240/4240 4243/4243/4243 4242/4242/4242
f 4242/4242/4242 4243/4243/4243 4244/4244/4244
f 4245/4245/4245 4242/4242/4242 4244/4244/4244
f 4248/4248/4248 4247/4247/4247 4246/4246/4246
f 4241/4241/4241 4248/4248/4248 4246/4246/4246
f 4246/4246/4246 4240/4240/4240 4241/4241/4241
f 4154/4154/4154 4155/4155/4155 4249/4249/4249
f 4249/4249/4249 4250/4250/4250 4154/4154/4154
f 4250/4250/4250 4249/4249/4249 4251/4251/4251
f 4252/4252/4252 4250/4250/4250 4251/4251/4251
f 4252/4252/4252 4251/4251/4251 4253/4253/4253
f 4254/4254/4254 4252/4252/4252 4253/4253/4253
f 4254/4254/4254 4253/4253/4253 4255/4255/4255
f 4256/4256/4256 4254/4254/4254 4255/4255/4255
f 3866/3866/3866 3867/3867/3867 4257/4257/4257
f 4258/4258/4258 3866/3866/3866 4257/4257/4257
f 4245/4245/4245 4244/4244/4244 4259/4259/4259
f 4260/4260/4260 4245/4245/4245 4259/4259/4259
f 4260/4260/4260 4259/4259/4259 4261/4261/4261
f 4262/4262/4262 4260/4260/4260 4261/4261/4261
f 4265/4265/4265 4264/4264/4264 4263/4263/4263
f 4266/4266/4266 4265/4265/4265 4263/4263/4263
f 4269/4269/4269 4268/4268/4268 4267/4267/4267
f 4270/4270/4270 4269/4269/4269 4267/4267/4267
f 4268/4268/4268 4272/4272/4272 4271/4271/4271
f 4267/4267/4267 4268/4268/4268 4271/4271/4271
f 4272/4272/4272 4274/4274/4274 4273/4273/4273
f 4271/4271/4271 4272/4272/4272 4273/4273/4273
f 4274/4274/4274 4276/4276/4276 4275/4275/4275
f 4273/4273/4273 4274/4274/4274 4275/4275/4275
f 4276/4276/4276 4278/4278/4278 4277/4277/4277
f 4275/4275/4275 4276/4276/4276 4277/4277/4277
f 4278/4278/4278 4280/4280/4280 4279/4279/4279
f 4277/4277/4277 4278/4278/4278 4279/4279/4279
f 4280/4280/4280 4282/4282/4282 4281/4281/4281
f 4279/4279/4279 4280/4280/4280 4281/4281/4281
f 4281/4281/4281 4282/4282/4282 4283/4283/4283
f 4284/4284/4284 4281/4281/4281 4283/4283/4283
f 3897/3897/3897 4286/4286/4286 4285/4285/4285
f 4287/4287/4287 3897/3897/3897 4285/4285/4285
f 4225/4225/4225 4285/4285/4285 4221/4221/4221
f 3894/3894/3894 3897/3897/3897 4287/4287/4287
f 4286/4286/4286 4221/4221/4221 4285/4285/4285
f 4221/4221/4221 4286/4286/4286 4288/4288/4288
f 4221/4221/4221 4288/4288/4288 4289/4289/4289
f 4288/4288/4288 4291/4291/4291 4290/4290/4290
f 4289/4289/4289 4292/4292/4292 4221/4221/4221
f 4290/4290/4290 4289/4289/4289 4288/4288/4288
f 4290/4290/4290 4293/4293/4293 4289/4289/4289
f 4289/4289/4289 4293/4293/4293 4294/4294/4294
f 4294/4294/4294 4295/4295/4295 4289/4289/4289
f 4294/4294/4294 4296/4296/4296 4295/4295/4295
f 4296/4296/4296 4294/4294/4294 4297/4297/4297
f 4296/4296/4296 4297/4297/4297 4298/4298/4298
f 4299/4299/4299 4296/4296/4296 4298/4298/4298
f 4298/4298/4298 4297/4297/4297 4300/4300/4300
usemtl 10
f 1366/1366/1366 1365/1365/1365 1364/1364/1364
f 1366/1366/1366 1367/1367/1367 1365/1365/1365
f 1368/1368/1368 1367/1367/1367 1366/1366/1366
f 1367/1367/1367 1370/1370/1370 1369/1369/1369
f 1368/1368/1368 1370/1370/1370 1367/1367/1367
f 1373/1373/1373 1372/1372/1372 1371/1371/1371
f 1374/1374/1374 1373/1373/1373 1371/1371/1371
f 1377/1377/1377 1376/1376/1376 1375/1375/1375
f 1375/1375/1375 1378/1378/1378 1377/1377/1377
f 1381/1381/1381 1380/1380/1380 1379/1379/1379
f 1381/1381/1381 1379/1379/1379 1382/1382/1382
f 1383/1383/1383 1380/1380/1380 1381/1381/1381
f 1385/1385/1385 1384/1384/1384 1376/1376/1376
f 1377/1377/1377 1386/1386/1386 1385/1385/1385
f 1376/1376/1376 1377/1377/1377 1385/1385/1385
f 1389/1389/1389 1388/1388/1388 1387/1387/1387
f 1389/1389/1389 1391/1391/1391 1390/1390/1390
f 1392/1392/1392 1390/1390/1390 1391/1391/1391
f 1393/1393/1393 1390/1390/1390 1392/1392/1392
f 1395/1395/1395 1394/1394/1394 1393/1393/1393
f 1398/1398/1398 1397/1397/1397 1396/1396/1396
f 1399/1399/1399 1398/1398/1398 1396/1396/1396
f 1398/1398/1398 1399/1399/1399 1400/1400/1400
f 1399/1399/1399 1401/1401/1401 1400/1400/1400
f 1402/1402/1402 1400/1400/1400 1401/1401/1401
f 1403/1403/1403 1400/1400/1400 1402/1402/1402
f 1384/1384/1384 1393/1393/1393 1394/1394/1394
f 1406/1406/1406 1405/1405/1405 1404/1404/1404
f 1404/1404/1404 1405/1405/1405 1407/1407/1407
f 1404/1404/1404 1407/1407/1407 1408/1408/1408
f 1411/1411/1411 1410/1410/1410 1409/1409/1409
f 1412/1412/1412 1411/1411/1411 1407/1407/1407
f 1413/1413/1413 1410/1410/1410 1411/1411/1411
f 1416/1416/1416 1415/1415/1415 1414/1414/1414
f 1419/1419/1419 1418/1418/1418 1417/1417/1417
f 1421/1421/1421 1414/1414/1414 1420/1420/1420
f 1424/1424/1424 1423/1423/1423 1422/1422/1422
f 1425/1425/1425 1420/1420/1420 1414/1414/1414
f 1426/1426/1426 1425/1425/1425 1414/1414/1414
f 1420/1420/1420 1425/1425/1425 1427/1427/1427
f 1421/1421/1421 1420/1420/1420 1427/1427/1427
f 1430/1430/1430 1429/1429/1429 1428/1428/1428
f 1430/1430/1430 1428/1428/1428 1417/1417/1417
f 1417/1417/1417 1421/1421/1421 1430/1430/1430
f 1431/1431/1431 1406/1406/1406 1404/1404/1404
f 1432/1432/1432 1431/1431/1431 1404/1404/1404
f 1406/1406/1406 1434/1434/1434 1433/1433/1433
f 1405/1405/1405 1406/1406/1406 1433/1433/1433
f 1421/1421/1421 1427/1427/1427 1435/1435/1435
f 1436/1436/1436 1425/1425/1425 1426/1426/1426
f 1439/1439/1439 1438/1438/1438 1437/1437/1437
f 1442/1442/1442 1441/1441/1441 1440/1440/1440
f 1443/1443/1443 1442/1442/1442 1440/1440/1440
f 1433/1433/1433 1445/1445/1445 1444/1444/1444
f 1405/1405/1405 1433/1433/1433 1444/1444/1444
f 1448/1448/1448 1447/1447/1447 1446/1446/1446
f 1448/1448/1448 1449/1449/1449 1447/1447/1447
f 1424/1424/1424 1422/1422/1422 1450/1450/1450
f 1451/1451/1451 1448/1448/1448 1446/1446/1446
f 1452/1452/1452 1422/1422/1422 1423/1423/1423
f 1453/1453/1453 1452/1452/1452 1423/1423/1423
f 1452/1452/1452 1453/1453/1453 1454/1454/1454
f 1455/1455/1455 1452/1452/1452 1454/1454/1454
f 1456/1456/1456 1452/1452/1452 1455/1455/1455
f 1456/1456/1456 1455/1455/1455 1457/1457/1457
f 1459/1459/1459 1456/1456/1456 1458/1458/1458
f 1461/1461/1461 1460/1460/1460 1459/1459/1459
f 1449/1449/1449 1460/1460/1460 1461/1461/1461
f 1462/1462/1462 1460/1460/1460 1449/1449/1449
f 1451/1451/1451 1462/1462/1462 1449/1449/1449
f 1448/1448/1448 1451/1451/1451 1449/1449/1449
f 1465/1465/1465 1464/1464/1464 1463/1463/1463
f 1463/1463/1463 1466/1466/1466 1465/1465/1465
f 1467/1467/1467 1465/1465/1465 1466/1466/1466
f 1469/1469/1469 1468/1468/1468 1465/1465/1465
f 1467/1467/1467 1469/1469/1469 1465/1465/1465
f 1403/1403/1403 1468/1468/1468 1469/1469/1469
f 1471/1471/1471 1403/1403/1403 1470/1470/1470
f 1474/1474/1474 1473/1473/1473 1472/1472/1472
f 1474/1474/1474 1472/1472/1472 1471/1471/1471
f 1470/1470/1470 1474/1474/1474 1471/1471/1471
f 1472/1472/1472 1473/1473/1473 1475/1475/1475
f 1475/1475/1475 1395/1395/1395 1472/1472/1472
f 1476/1476/1476 1395/1395/1395 1475/1475/1475
f 1375/1375/1375 1395/1395/1395 1476/1476/1476
f 1394/1394/1394 1395/1395/1395 1375/1375/1375
f 1376/1376/1376 1394/1394/1394 1375/1375/1375
f 1384/1384/1384 1373/1373/1373 1477/1477/1477
f 1373/1373/1373 1374/1374/1374 1477/1477/1477
f 1374/1374/1374 1478/1478/1478 1464/1464/1464
f 1374/1374/1374 1464/1464/1464 1477/1477/1477
f 1463/1463/1463 1464/1464/1464 1478/1478/1478
f 1459/1459/1459 1458/1458/1458 1479/1479/1479
f 1459/1459/1459 1479/1479/1479 1480/1480/1480
f 1482/1482/1482 1459/1459/1459 1481/1481/1481
f 1484/1484/1484 1483/1483/1483 1482/1482/1482
f 1431/1431/1431 1432/1432/1432 1485/1485/1485
f 1432/1432/1432 1486/1486/1486 1485/1485/1485
f 1485/1485/1485 1486/1486/1486 1487/1487/1487
f 1486/1486/1486 1488/1488/1488 1487/1487/1487
f 1439/1439/1439 1426/1426/1426 1414/1414/1414
f 1415/1415/1415 1439/1439/1439 1414/1414/1414
f 1417/1417/1417 1414/1414/1414 1421/1421/1421
f 1410/1410/1410 1413/1413/1413 1489/1489/1489
f 1417/1417/1417 1428/1428/1428 1490/1490/1490
f 1489/1489/1489 1413/1413/1413 1491/1491/1491
f 1490/1490/1490 1428/1428/1428 1429/1429/1429
f 1429/1429/1429 1482/1482/1482 1490/1490/1490
f 1481/1481/1481 1491/1491/1491 1482/1482/1482
f 1486/1486/1486 1492/1492/1492 1488/1488/1488
f 1482/1482/1482 1429/1429/1429 1484/1484/1484
f 1484/1484/1484 1429/1429/1429 1493/1493/1493
f 1405/1405/1405 1444/1444/1444 1407/1407/1407
f 1443/1443/1443 1440/1440/1440 1412/1412/1412
f 1407/1407/1407 1443/1443/1443 1412/1412/1412
f 1432/1432/1432 1404/1404/1404 1408/1408/1408
f 1494/1494/1494 1432/1432/1432 1408/1408/1408
f 1435/1435/1435 1493/1493/1493 1421/1421/1421
f 1430/1430/1430 1421/1421/1421 1493/1493/1493
f 1429/1429/1429 1430/1430/1430 1493/1493/1493
f 1494/1494/1494 1492/1492/1492 1486/1486/1486
f 1432/1432/1432 1494/1494/1494 1486/1486/1486
f 1495/1495/1495 1447/1447/1447 1449/1449/1449
f 1496/1496/1496 1495/1495/1495 1449/1449/1449
f 1423/1423/1423 1424/1424/1424 1497/1497/1497
f 1497/1497/1497 1498/1498/1498 1453/1453/1453
f 1453/1453/1453 1423/1423/1423 1497/1497/1497
f 1450/1450/1450 1497/1497/1497 1424/1424/1424
f 1498/1498/1498 1499/1499/1499 1453/1453/1453
f 1449/1449/1449 1461/1461/1461 1496/1496/1496
f 1457/1457/1457 1458/1458/1458 1456/1456/1456
f 1499/1499/1499 1457/1457/1457 1455/1455/1455
f 1461/1461/1461 1480/1480/1480 1496/1496/1496
f 1457/1457/1457 1500/1500/1500 1458/1458/1458
f 1480/1480/1480 1461/1461/1461 1459/1459/1459
f 1501/1501/1501 1480/1480/1480 1479/1479/1479
f 1479/1479/1479 1458/1458/1458 1500/1500/1500
f 1479/1479/1479 1500/1500/1500 1502/1502/1502
f 1502/1502/1502 1501/1501/1501 1479/1479/1479
f 1503/1503/1503 1399/1399/1399 1396/1396/1396
f 1392/1392/1392 1391/1391/1391 1504/1504/1504
f 1504/1504/1504 1505/1505/1505 1392/1392/1392
f 1399/1399/1399 1506/1506/1506 1401/1401/1401
f 1503/1503/1503 1506/1506/1506 1399/1399/1399
f 1387/1387/1387 1504/1504/1504 1391/1391/1391
f 1387/1387/1387 1391/1391/1391 1389/1389/1389
f 1402/1402/1402 1401/1401/1401 1506/1506/1506
f 1393/1393/1393 1392/1392/1392 1505/1505/1505
f 1396/1396/1396 1397/1397/1397 1507/1507/1507
f 1372/1372/1372 1373/1373/1373 1385/1385/1385
f 1375/1375/1375 1476/1476/1476 1378/1378/1378
f 1475/1475/1475 1508/1508/1508 1378/1378/1378
f 1476/1476/1476 1475/1475/1475 1378/1378/1378
f 1509/1509/1509 1473/1473/1473 1474/1474/1474
f 1510/1510/1510 1509/1509/1509 1474/1474/1474
f 1473/1473/1473 1509/1509/1509 1508/1508/1508
f 1475/1475/1475 1473/1473/1473 1508/1508/1508
f 1511/1511/1511 1510/1510/1510 1474/1474/1474
f 1470/1470/1470 1511/1511/1511 1474/1474/1474
f 1470/1470/1470 1513/1513/1513 1512/1512/1512
f 1511/1511/1511 1470/1470/1470 1512/1512/1512
f 1515/1515/1515 1514/1514/1514 1513/1513/1513
f 1516/1516/1516 1514/1514/1514 1515/1515/1515
f 1515/1515/1515 1469/1469/1469 1516/1516/1516
f 1517/1517/1517 1516/1516/1516 1469/1469/1469
f 1467/1467/1467 1517/1517/1517 1469/1469/1469
f 1519/1519/1519 1518/1518/1518 1466/1466/1466
f 1463/1463/1463 1519/1519/1519 1466/1466/1466
f 1466/1466/1466 1518/1518/1518 1517/1517/1517
f 1467/1467/1467 1466/1466/1466 1517/1517/1517
f 1520/1520/1520 1519/1519/1519 1463/1463/1463
f 1478/1478/1478 1520/1520/1520 1463/1463/1463
f 1521/1521/1521 1520/1520/1520 1478/1478/1478
f 1374/1374/1374 1521/1521/1521 1478/1478/1478
f 1374/1374/1374 1371/1371/1371 1521/1521/1521
f 1365/1365/1365 1522/1522/1522 1364/1364/1364
f 1364/1364/1364 1523/1523/1523 1366/1366/1366
f 1367/1367/1367 1522/1522/1522 1365/1365/1365
f 1522/1522/1522 1367/1367/1367 1369/1369/1369
f 1369/1369/1369 1524/1524/1524 1522/1522/1522
f 1381/1381/1381 1525/1525/1525 1383/1383/1383
f 1383/1383/1383 1525/1525/1525 1526/1526/1526
f 1529/1529/1529 1528/1528/1528 1527/1527/1527
f 1531/1531/1531 1530/1530/1530 1527/1527/1527
f 1527/1527/1527 1528/1528/1528 1531/1531/1531
f 1531/1531/1531 1532/1532/1532 1530/1530/1530
f 1532/1532/1532 1534/1534/1534 1533/1533/1533
f 1530/1530/1530 1532/1532/1532 1533/1533/1533
f 1534/1534/1534 1535/1535/1535 1533/1533/1533
f 1536/1536/1536 1533/1533/1533 1535/1535/1535
f 1535/1535/1535 1537/1537/1537 1536/1536/1536
f 1540/1540/1540 1539/1539/1539 1538/1538/1538
f 1541/1541/1541 1540/1540/1540 1538/1538/1538
f 1542/1542/1542 1540/1540/1540 1541/1541/1541
f 1544/1544/1544 1543/1543/1543 1542/1542/1542
f 1545/1545/1545 1544/1544/1544 1542/1542/1542
f 1546/1546/1546 1544/1544/1544 1545/1545/1545
f 1547/1547/1547 1544/1544/1544 1546/1546/1546
f 1548/1548/1548 1547/1547/1547 1546/1546/1546
f 1548/1548/1548 1549/1549/1549 1547/1547/1547
f 1550/1550/1550 1547/1547/1547 1549/1549/1549
f 1523/1523/1523 1550/1550/1550 1551/1551/1551
f 1549/1549/1549 1551/1551/1551 1550/1550/1550
f 1523/1523/1523 1551/1551/1551 1366/1366/1366
f 1552/1552/1552 1370/1370/1370 1368/1368/1368
f 1368/1368/1368 1553/1553/1553 1552/1552/1552
f 1552/1552/1552 1553/1553/1553 1554/1554/1554
f 1556/1556/1556 1545/1545/1545 1555/1555/1555
f 1542/1542/1542 1557/1557/1557 1555/1555/1555
f 1555/1555/1555 1545/1545/1545 1542/1542/1542
f 1541/1541/1541 1558/1558/1558 1557/1557/1557
f 1542/1542/1542 1541/1541/1541 1557/1557/1557
f 1560/1560/1560 1559/1559/1559 1514/1514/1514
f 1561/1561/1561 1559/1559/1559 1560/1560/1560
f 1564/1564/1564 1563/1563/1563 1562/1562/1562
f 1566/1566/1566 1565/1565/1565 1525/1525/1525
f 1525/1525/1525 1382/1382/1382 1566/1566/1566
f 1381/1381/1381 1382/1382/1382 1525/1525/1525
f 1567/1567/1567 1380/1380/1380 1383/1383/1383
f 1568/1568/1568 1567/1567/1567 1383/1383/1383
f 1567/1567/1567 1569/1569/1569 1380/1380/1380
f 1379/1379/1379 1380/1380/1380 1569/1569/1569
f 1549/1549/1549 1553/1553/1553 1551/1551/1551
f 1553/1553/1553 1549/1549/1549 1554/1554/1554
f 1366/1366/1366 1553/1553/1553 1368/1368/1368
f 1366/1366/1366 1551/1551/1551 1553/1553/1553
f 1571/1571/1571 1570/1570/1570 1549/1549/1549
f 1548/1548/1548 1571/1571/1571 1549/1549/1549
f 1546/1546/1546 1556/1556/1556 1571/1571/1571
f 1548/1548/1548 1546/1546/1546 1571/1571/1571
f 1556/1556/1556 1546/1546/1546 1545/1545/1545
f 1573/1573/1573 1572/1572/1572 1537/1537/1537
f 1535/1535/1535 1573/1573/1573 1537/1537/1537
f 1538/1538/1538 1558/1558/1558 1541/1541/1541
f 1574/1574/1574 1573/1573/1573 1535/1535/1535
f 1535/1535/1535 1534/1534/1534 1574/1574/1574
f 1575/1575/1575 1574/1574/1574 1534/1534/1534
f 1532/1532/1532 1575/1575/1575 1534/1534/1534
f 1576/1576/1576 1575/1575/1575 1532/1532/1532
f 1531/1531/1531 1576/1576/1576 1532/1532/1532
f 1528/1528/1528 1576/1576/1576 1531/1531/1531
f 1562/1562/1562 1576/1576/1576 1528/1528/1528
f 1564/1564/1564 1562/1562/1562 1528/1528/1528
f 1525/1525/1525 1565/1565/1565 1526/1526/1526
f 1529/1529/1529 1564/1564/1564 1528/1528/1528
f 1384/1384/1384 1394/1394/1394 1376/1376/1376
f 1385/1385/1385 1577/1577/1577 1372/1372/1372
f 1384/1384/1384 1385/1385/1385 1373/1373/1373
f 1403/1403/1403 1513/1513/1513 1470/1470/1470
f 1515/1515/1515 1513/1513/1513 1403/1403/1403
f 1515/1515/1515 1403/1403/1403 1469/1469/1469
f 1578/1578/1578 1579/1579/1579 1580/1580/1580
f 1581/1581/1581 1578/1578/1578 1580/1580/1580
f 1582/1582/1582 1581/1581/1581 1580/1580/1580
f 1583/1583/1583 1582/1582/1582 1580/1580/1580
f 1584/1584/1584 1583/1583/1583 1580/1580/1580
f 1585/1585/1585 1584/1584/1584 1580/1580/1580
f 1586/1586/1586 1585/1585/1585 1580/1580/1580
f 1587/1587/1587 1586/1586/1586 1580/1580/1580
f 1588/1588/1588 1587/1587/1587 1580/1580/1580
f 1589/1589/1589 1588/1588/1588 1580/1580/1580
f 1590/1590/1590 1589/1589/1589 1580/1580/1580
f 1591/1591/1591 1590/1590/1590 1580/1580/1580
f 1592/1592/1592 1591/1591/1591 1580/1580/1580
f 1593/1593/1593 1592/1592/1592 1580/1580/1580
f 1594/1594/1594 1593/1593/1593 1580/1580/1580
f 1579/1579/1579 1594/1594/1594 1580/1580/1580
f 1595/1595/1595 1596/1596/1596 1597/1597/1597
f 1595/1595/1595 1597/1597/1597 1598/1598/1598
f 1596/1596/1596 1599/1599/1599 1600/1600/1600
f 1596/1596/1596 1600/1600/1600 1597/1597/1597
f 1599/1599/1599 1601/1601/1601 1602/1602/1602
f 1599/1599/1599 1602/1602/1602 1600/1600/1600
f 1601/1601/1601 1603/1603/1603 1604/1604/1604
f 1601/1601/1601 1604/1604/1604 1602/1602/1602
f 1603/1603/1603 1605/1605/1605 1606/1606/1606
f 1603/1603/1603 1606/1606/1606 1604/1604/1604
f 1605/1605/1605 1607/1607/1607 1608/1608/1608
f 1605/1605/1605 1608/1608/1608 1606/1606/1606
f 1607/1607/1607 1609/1609/1609 1610/1610/1610
f 1607/1607/1607 1610/1610/1610 1608/1608/1608
f 1609/1609/1609 1611/1611/1611 1612/1612/1612
f 1609/1609/1609 1612/1612/1612 1610/1610/1610
f 1611/1611/1611 1613/1613/1613 1614/1614/1614
f 1611/1611/1611 1614/1614/1614 1612/1612/1612
f 1613/1613/1613 1615/1615/1615 1616/1616/1616
f 1613/1613/1613 1616/1616/1616 1614/1614/1614
f 1615/1615/1615 1617/1617/1617 1618/1618/1618
f 1615/1615/1615 1618/1618/1618 1616/1616/1616
f 1617/1617/1617 1619/1619/1619 1620/1620/1620
f 1617/1617/1617 1620/1620/1620 1618/1618/1618
f 1619/1619/1619 1621/1621/1621 1622/1622/1622
f 1619/1619/1619 1622/1622/1622 1620/1620/1620
f 1621/1621/1621 1623/1623/1623 1624/1624/1624
f 1621/1621/1621 1624/1624/1624 1622/1622/1622
f 1623/1623/1623 1625/1625/1625 1626/1626/1626
f 1623/1623/1623 1626/1626/1626 1624/1624/1624
f 1625/1625/1625 1595/1595/1595 1598/1598/1598
f 1625/1625/1625 1598/1598/1598 1626/1626/1626
f 1627/1627/1627 1628/1628/1628 1629/1629/1629
f 1627/1627/1627 1629/1629/1629 1630/1630/1630
f 1628/1628/1628 1631/1631/1631 1632/1632/1632
f 1628/1628/1628 1632/1632/1632 1629/1629/1629
f 1631/1631/1631 1633/1633/1633 1634/1634/1634
f 1631/1631/1631 1634/1634/1634 1632/1632/1632
f 1633/1633/1633 1635/1635/1635 1636/1636/1636
f 1633/1633/1633 1636/1636/1636 1634/1634/1634
f 1635/1635/1635 1637/1637/1637 1638/1638/1638
f 1635/1635/1635 1638/1638/1638 1636/1636/1636
f 1637/1637/1637 1639/1639/1639 1640/1640/1640
f 1637/1637/1637 1640/1640/1640 1638/1638/1638
f 1639/1639/1639 1641/1641/1641 1642/1642/1642
f 1639/1639/1639 1642/1642/1642 1640/1640/1640
f 1641/1641/1641 1643/1643/1643 1644/1644/1644
f 1641/1641/1641 1644/1644/1644 1642/1642/1642
f 1643/1643/1643 1645/1645/1645 1646/1646/1646
f 1643/1643/1643 1646/1646/1646 1644/1644/1644
f 1645/1645/1645 1647/1647/1647 1648/1648/1648
f 1645/1645/1645 1648/1648/1648 1646/1646/1646
f 1647/1647/1647 1649/1649/1649 1650/1650/1650
f 1647/1647/1647 1650/1650/1650 1648/1648/1648
f 1649/1649/1649 1651/1651/1651 1652/1652/1652
f 1649/1649/1649 1652/1652/1652 1650/1650/1650
f 1651/1651/1651 1653/1653/1653 1654/1654/1654
f 1651/1651/1651 1654/1654/1654 1652/1652/1652
f 1653/1653/1653 1655/1655/1655 1656/1656/1656
f 1653/1653/1653 1656/1656/1656 1654/1654/1654
f 1655/1655/1655 1657/1657/1657 1658/1658/1658
f 1655/1655/1655 1658/1658/1658 1656/1656/1656
f 1657/1657/1657 1627/1627/1627 1630/1630/1630
f 1657/1657/1657 1630/1630/1630 1658/1658/1658
f 1659/1659/1659 1660/1660/1660 1661/1661/1661
f 1659/1659/1659 1661/1661/1661 1662/1662/1662
f 1662/1662/1662 1661/1661/1661 1663/1663/1663
f 1662/1662/1662 1663/1663/1663 1664/1664/1664
f 1664/1664/1664 1663/1663/1663 1665/1665/1665
f 1664/1664/1664 1665/1665/1665 1666/1666/1666
f 1666/1666/1666 1665/1665/1665 1667/1667/1667
f 1666/1666/1666 1667/1667/1667 1668/1668/1668
f 1668/1668/1668 1667/1667/1667 1669/1669/1669
f 1668/1668/1668 1669/1669/1669 1670/1670/1670
f 1670/1670/1670 1669/1669/1669 1671/1671/1671
f 1670/1670/1670 1671/1671/1671 1672/1672/1672
f 1672/1672/1672 1671/1671/1671 1673/1673/1673
f 1672/1672/1672 1673/1673/1673 1674/1674/1674
f 1674/1674/1674 1673/1673/1673 1675/1675/1675
f 1674/1674/1674 1675/1675/1675 1676/1676/1676
f 1676/1676/1676 1675/1675/1675 1677/1677/1677
f 1676/1676/1676 1677/1677/1677 1678/1678/1678
f 1678/1678/1678 1677/1677/1677 1679/1679/1679
f 1678/1678/1678 1679/1679/1679 1680/1680/1680
f 1680/1680/1680 1679/1679/1679 1681/1681/1681
f 1680/1680/1680 1681/1681/1681 1682/1682/1682
f 1682/1682/1682 1681/1681/1681 1683/1683/1683
f 1682/1682/1682 1683/1683/1683 1684/1684/1684
f 1684/1684/1684 1683/1683/1683 1685/1685/1685
f 1684/1684/1684 1685/1685/1685 1686/1686/1686
f 1686/1686/1686 1685/1685/1685 1687/1687/1687
f 1686/1686/1686 1687/1687/1687 1688/1688/1688
f 1688/1688/1688 1687/1687/1687 1689/1689/1689
f 1688/1688/1688 1689/1689/1689 1690/1690/1690
f 1690/1690/1690 1689/1689/1689 1660/1660/1660
f 1690/1690/1690 1660/1660/1660 1659/1659/1659
f 1691/1691/1691 1692/1692/1692 1693/1693/1693
f 1691/1691/1691 1693/1693/1693 1694/1694/1694
f 1695/1695/1695 1696/1696/1696 1692/1692/1692
f 1695/1695/1695 1692/1692/1692 1691/1691/1691
f 1697/1697/1697 1698/1698/1698 1696/1696/1696
f 1697/1697/1697 1696/1696/1696 1695/1695/1695
f 1699/1699/1699 1700/1700/1700 1698/1698/1698
f 1699/1699/1699 1698/1698/1698 1697/1697/1697
f 1701/1701/1701 1702/1702/1702 1700/1700/1700
f 1701/1701/1701 1700/1700/1700 1699/1699/1699
f 1703/1703/1703 1704/1704/1704 1702/1702/1702
f 1703/1703/1703 1702/1702/1702 1701/1701/1701
f 1705/1705/1705 1706/1706/1706 1704/1704/1704
f 1705/1705/1705 1704/1704/1704 1703/1703/1703
f 1707/1707/1707 1708/1708/1708 1706/1706/1706
f 1707/1707/1707 1706/1706/1706 1705/1705/1705
f 1709/1709/1709 1710/1710/1710 1708/1708/1708
f 1709/1709/1709 1708/1708/1708 1707/1707/1707
f 1711/1711/1711 1712/1712/1712 1710/1710/1710
f 1711/1711/1711 1710/1710/1710 1709/1709/1709
f 1713/1713/1713 1714/1714/1714 1712/1712/1712
f 1713/1713/1713 1712/1712/1712 1711/1711/1711
f 1715/1715/1715 1716/1716/1716 1714/1714/1714
f 1715/1715/1715 1714/1714/1714 1713/1713/1713
f 1717/1717/1717 1718/1718/1718 1716/1716/1716
f 1717/1717/1717 1716/1716/1716 1715/1715/1715
f 1719/1719/1719 1720/1720/1720 1718/1718/1718
f 1719/1719/1719 1718/1718/1718 1717/1717/1717
f 1721/1721/1721 1722/1722/1722 1720/1720/1720
f 1721/1721/1721 1720/1720/1720 1719/1719/1719
f 1694/1694/1694 1693/1693/1693 1722/1722/1722
f 1694/1694/1694 1722/1722/1722 1721/1721/1721
f 1725/1725/1725 1724/1724/1724 1723/1723/1723
f 1725/1725/1725 1723/1723/1723 1726/1726/1726
f 1725/1725/1725 1726/1726/1726 1727/1727/1727
f 1725/1725/1725 1727/1727/1727 1728/1728/1728
f 1725/1725/1725 1728/1728/1728 1729/1729/1729
f 1725/1725/1725 1729/1729/1729 1730/1730/1730
f 1725/1725/1725 1730/1730/1730 1731/1731/1731
f 1725/1725/1725 1731/1731/1731 1732/1732/1732
f 1725/1725/1725 1732/1732/1732 1733/1733/1733
f 1725/1725/1725 1733/1733/1733 1734/1734/1734
f 1725/1725/1725 1734/1734/1734 1735/1735/1735
f 1725/1725/1725 1735/1735/1735 1736/1736/1736
f 1725/1725/1725 1736/1736/1736 1737/1737/1737
f 1725/1725/1725 1737/1737/1737 1738/1738/1738
f 1725/1725/1725 1738/1738/1738 1739/1739/1739
f 1725/1725/1725 1739/1739/1739 1724/1724/1724
f 1742/1742/1742 1741/1741/1741 1740/1740/1740
f 1743/1743/1743 1742/1742/1742 1740/1740/1740
f 1745/1745/1745 1744/1744/1744 1741/1741/1741
f 1742/1742/1742 1745/1745/1745 1741/1741/1741
f 1747/1747/1747 1746/1746/1746 1744/1744/1744
f 1745/1745/1745 1747/1747/1747 1744/1744/1744
f 1749/1749/1749 1748/1748/1748 1746/1746/1746
f 1747/1747/1747 1749/1749/1749 1746/1746/1746
f 1751/1751/1751 1750/1750/1750 1748/1748/1748
f 1749/1749/1749 1751/1751/1751 1748/1748/1748
f 1753/1753/1753 1752/1752/1752 1750/1750/1750
f 1751/1751/1751 1753/1753/1753 1750/1750/1750
f 1755/1755/1755 1754/1754/1754 1752/1752/1752
f 1753/1753/1753 1755/1755/1755 1752/1752/1752
f 1757/1757/1757 1756/1756/1756 1754/1754/1754
f 1755/1755/1755 1757/1757/1757 1754/1754/1754
f 1759/1759/1759 1758/1758/1758 1756/1756/1756
f 1757/1757/1757 1759/1759/1759 1756/1756/1756
f 1761/1761/1761 1760/1760/1760 1758/1758/1758
f 1759/1759/1759 1761/1761/1761 1758/1758/1758
f 1763/1763/1763 1762/1762/1762 1760/1760/1760
f 1761/1761/1761 1763/1763/1763 1760/1760/1760
f 1765/1765/1765 1764/1764/1764 1762/1762/1762
f 1763/1763/1763 1765/1765/1765 1762/1762/1762
f 1767/1767/1767 1766/1766/1766 1764/1764/1764
f 1765/1765/1765 1767/1767/1767 1764/1764/1764
f 1769/1769/1769 1768/1768/1768 1766/1766/1766
f 1767/1767/1767 1769/1769/1769 1766/1766/1766
f 1771/1771/1771 1770/1770/1770 1768/1768/1768
f 1769/1769/1769 1771/1771/1771 1768/1768/1768
f 1743/1743/1743 1740/1740/1740 1770/1770/1770
f 1771/1771/1771 1743/1743/1743 1770/1770/1770
f 1774/1774/1774 1773/1773/1773 1772/1772/1772
f 1774/1774/1774 1775/1775/1775 1773/1773/1773
f 1776/1776/1776 1775/1775/1775 1774/1774/1774
f 1775/1775/1775 1778/1778/1778 1777/1777/1777
f 1776/1776/1776 1778/1778/1778 1775/1775/1775
f 1781/1781/1781 1780/1780/1780 1779/1779/1779
f 1782/1782/1782 1781/1781/1781 1779/1779/1779
f 1785/1785/1785 1784/1784/1784 1783/1783/1783
f 1783/1783/1783 1786/1786/1786 1785/1785/1785
f 1789/1789/1789 1788/1788/1788 1787/1787/1787
f 1789/1789/1789 1787/1787/1787 1790/1790/1790
f 1791/1791/1791 1788/1788/1788 1789/1789/1789
f 1793/1793/1793 1792/1792/1792 1784/1784/1784
f 1785/1785/1785 1794/1794/1794 1793/1793/1793
f 1784/1784/1784 1785/1785/1785 1793/1793/1793
f 1797/1797/1797 1796/1796/1796 1795/1795/1795
f 1797/1797/1797 1799/1799/1799 1798/1798/1798
f 1800/1800/1800 1798/1798/1798 1799/1799/1799
f 1801/1801/1801 1798/1798/1798 1800/1800/1800
f 1803/1803/1803 1802/1802/1802 1801/1801/1801
f 1806/1806/1806 1805/1805/1805 1804/1804/1804
f 1807/1807/1807 1806/1806/1806 1804/1804/1804
f 1806/1806/1806 1807/1807/1807 1808/1808/1808
f 1807/1807/1807 1809/1809/1809 1808/1808/1808
f 1810/1810/1810 1808/1808/1808 1809/1809/1809
f 1811/1811/1811 1808/1808/1808 1810/1810/1810
f 1792/1792/1792 1801/1801/1801 1802/1802/1802
f 1814/1814/1814 1813/1813/1813 1812/1812/1812
f 1812/1812/1812 1813/1813/1813 1815/1815/1815
f 1812/1812/1812 1815/1815/1815 1816/1816/1816
f 1819/1819/1819 1818/1818/1818 1817/1817/1817
f 1820/1820/1820 1819/1819/1819 1815/1815/1815
f 1821/1821/1821 1818/1818/1818 1819/1819/1819
f 1824/1824/1824 1823/1823/1823 1822/1822/1822
f 1827/1827/1827 1826/1826/1826 1825/1825/1825
f 1829/1829/1829 1822/1822/1822 1828/1828/1828
f 1832/1832/1832 1831/1831/1831 1830/1830/1830
f 1833/1833/1833 1828/1828/1828 1822/1822/1822
f 1834/1834/1834 1833/1833/1833 1822/1822/1822
f 1828/1828/1828 1833/1833/1833 1835/1835/1835
f 1829/1829/1829 1828/1828/1828 1835/1835/1835
f 1838/1838/1838 1837/1837/1837 1836/1836/1836
f 1838/1838/1838 1836/1836/1836 1825/1825/1825
f 1825/1825/1825 1829/1829/1829 1838/1838/1838
f 1839/1839/1839 1814/1814/1814 1812/1812/1812
f 1840/1840/1840 1839/1839/1839 1812/1812/1812
f 1814/1814/1814 1842/1842/1842 1841/1841/1841
f 1813/1813/1813 1814/1814/1814 1841/1841/1841
f 1829/1829/1829 1835/1835/1835 1843/1843/1843
f 1844/1844/1844 1833/1833/1833 1834/1834/1834
f 1847/1847/1847 1846/1846/1846 1845/1845/1845
f 1850/1850/1850 1849/1849/1849 1848/1848/1848
f 1851/1851/1851 1850/1850/1850 1848/1848/1848
f 1841/1841/1841 1853/1853/1853 1852/1852/1852
f 1813/1813/1813 1841/1841/1841 1852/1852/1852
f 1856/1856/1856 1855/1855/1855 1854/1854/1854
f 1856/1856/1856 1857/1857/1857 1855/1855/1855
f 1832/1832/1832 1830/1830/1830 1858/1858/1858
f 1859/1859/1859 1856/1856/1856 1854/1854/1854
f 1860/1860/1860 1830/1830/1830 1831/1831/1831
f 1861/1861/1861 1860/1860/1860 1831/1831/1831
f 1860/1860/1860 1861/1861/1861 1862/1862/1862
f 1863/1863/1863 1860/1860/1860 1862/1862/1862
f 1864/1864/1864 1860/1860/1860 1863/1863/1863
f 1864/1864/1864 1863/1863/1863 1865/1865/1865
f 1867/1867/1867 1864/1864/1864 1866/1866/1866
f 1869/1869/1869 1868/1868/1868 1867/1867/1867
f 1857/1857/1857 1868/1868/1868 1869/1869/1869
f 1870/1870/1870 1868/1868/1868 1857/1857/1857
f 1859/1859/1859 1870/1870/1870 1857/1857/1857
f 1856/1856/1856 1859/1859/1859 1857/1857/1857
f 1873/1873/1873 1872/1872/1872 1871/1871/1871
f 1871/1871/1871 1874/1874/1874 1873/1873/1873
f 1875/1875/1875 1873/1873/1873 1874/1874/1874
f 1877/1877/1877 1876/1876/1876 1873/1873/1873
f 1875/1875/1875 1877/1877/1877 1873/1873/1873
f 1811/1811/1811 1876/1876/1876 1877/1877/1877
f 1879/1879/1879 1811/1811/1811 1878/1878/1878
f 1882/1882/1882 1881/1881/1881 1880/1880/1880
f 1882/1882/1882 1880/1880/1880 1879/1879/1879
f 1878/1878/1878 1882/1882/1882 1879/1879/1879
f 1880/1880/1880 1881/1881/1881 1883/1883/1883
f 1883/1883/1883 1803/1803/1803 1880/1880/1880
f 1884/1884/1884 1803/1803/1803 1883/1883/1883
f 1783/1783/1783 1803/1803/1803 1884/1884/1884
f 1802/1802/1802 1803/1803/1803 1783/1783/1783
f 1784/1784/1784 1802/1802/1802 1783/1783/1783
f 1792/1792/1792 1781/1781/1781 1885/1885/1885
f 1781/1781/1781 1782/1782/1782 1885/1885/1885
f 1782/1782/1782 1886/1886/1886 1872/1872/1872
f 1782/1782/1782 1872/1872/1872 1885/1885/1885
f 1871/1871/1871 1872/1872/1872 1886/1886/1886
f 1867/1867/1867 1866/1866/1866 1887/1887/1887
f 1867/1867/1867 1887/1887/1887 1888/1888/1888
f 1890/1890/1890 1867/1867/1867 1889/1889/1889
f 1892/1892/1892 1891/1891/1891 1890/1890/1890
f 1839/1839/1839 1840/1840/1840 1893/1893/1893
f 1840/1840/1840 1894/1894/1894 1893/1893/1893
f 1893/1893/1893 1894/1894/1894 1895/1895/1895
f 1894/1894/1894 1896/1896/1896 1895/1895/1895
f 1847/1847/1847 1834/1834/1834 1822/1822/1822
f 1823/1823/1823 1847/1847/1847 1822/1822/1822
f 1825/1825/1825 1822/1822/1822 1829/1829/1829
f 1818/1818/1818 1821/1821/1821 1897/1897/1897
f 1825/1825/1825 1836/1836/1836 1898/1898/1898
f 1897/1897/1897 1821/1821/1821 1899/1899/1899
f 1898/1898/1898 1836/1836/1836 1837/1837/1837
f 1837/1837/1837 1890/1890/1890 1898/1898/1898
f 1889/1889/1889 1899/1899/1899 1890/1890/1890
f 1894/1894/1894 1900/1900/1900 1896/1896/1896
f 1890/1890/1890 1837/1837/1837 1892/1892/1892
f 1892/1892/1892 1837/1837/1837 1901/1901/1901
f 1813/1813/1813 1852/1852/1852 1815/1815/1815
f 1851/1851/1851 1848/1848/1848 1820/1820/1820
f 1815/1815/1815 1851/1851/1851 1820/1820/1820
f 1840/1840/1840 1812/1812/1812 1816/1816/1816
f 1902/1902/1902 1840/1840/1840 1816/1816/1816
f 1843/1843/1843 1901/1901/1901 1829/1829/1829
f 1838/1838/1838 1829/1829/1829 1901/1901/1901
f 1837/1837/1837 1838/1838/1838 1901/1901/1901
f 1902/1902/1902 1900/1900/1900 1894/1894/1894
f 1840/1840/1840 1902/1902/1902 1894/1894/1894
f 1903/1903/1903 1855/1855/1855 1857/1857/1857
f 1904/1904/1904 1903/1903/1903 1857/1857/1857
f 1831/1831/1831 1832/1832/1832 1905/1905/1905
f 1905/1905/1905 1906/1906/1906 1861/1861/1861
f 1861/1861/1861 1831/1831/1831 1905/1905/1905
f 1858/1858/1858 1905/1905/1905 1832/1832/1832
f 1906/1906/1906 1862/1862/1862 1861/1861/1861
f 1857/1857/1857 1869/1869/1869 1904/1904/1904
f 1865/1865/1865 1866/1866/1866 1864/1864/1864
f 1862/1862/1862 1865/1865/1865 1863/1863/1863
f 1869/1869/1869 1888/1888/1888 1904/1904/1904
f 1865/1865/1865 1907/1907/1907 1866/1866/1866
f 1888/1888/1888 1869/1869/1869 1867/1867/1867
f 1908/1908/1908 1888/1888/1888 1887/1887/1887
f 1887/1887/1887 1866/1866/1866 1907/1907/1907
f 1887/1887/1887 1907/1907/1907 1909/1909/1909
f 1909/1909/1909 1908/1908/1908 1887/1887/1887
f 1910/1910/1910 1807/1807/1807 1804/1804/1804
f 1800/1800/1800 1799/1799/1799 1911/1911/1911
f 1911/1911/1911 1912/1912/1912 1800/1800/1800
f 1807/1807/1807 1913/1913/1913 1809/1809/1809
f 1910/1910/1910 1913/1913/1913 1807/1807/1807
f 1795/1795/1795 1911/1911/1911 1799/1799/1799
f 1795/1795/1795 1799/1799/1799 1797/1797/1797
f 1810/1810/1810 1809/1809/1809 1913/1913/1913
f 1801/1801/1801 1800/1800/1800 1912/1912/1912
f 1804/1804/1804 1805/1805/1805 1914/1914/1914
f 1780/1780/1780 1781/1781/1781 1793/1793/1793
f 1783/1783/1783 1884/1884/1884 1786/1786/1786
f 1883/1883/1883 1915/1915/1915 1786/1786/1786
f 1884/1884/1884 1883/1883/1883 1786/1786/1786
f 1916/1916/1916 1881/1881/1881 1882/1882/1882
f 1917/1917/1917 1916/1916/1916 1882/1882/1882
f 1881/1881/1881 1916/1916/1916 1915/1915/1915
f 1883/1883/1883 1881/1881/1881 1915/1915/1915
f 1918/1918/1918 1917/1917/1917 1882/1882/1882
f 1878/1878/1878 1918/1918/1918 1882/1882/1882
f 1878/1878/1878 1920/1920/1920 1919/1919/1919
f 1918/1918/1918 1878/1878/1878 1919/1919/1919
f 1922/1922/1922 1921/1921/1921 1920/1920/1920
f 1923/1923/1923 1921/1921/1921 1922/1922/1922
f 1922/1922/1922 1877/1877/1877 1923/1923/1923
f 1924/1924/1924 1923/1923/1923 1877/1877/1877
f 1875/1875/1875 1924/1924/1924 1877/1877/1877
f 1926/1926/1926 1925/1925/1925 1874/1874/1874
f 1871/1871/1871 1926/1926/1926 1874/1874/1874
f 1874/1874/1874 1925/1925/1925 1924/1924/1924
f 1875/1875/1875 1874/1874/1874 1924/1924/1924
f 1927/1927/1927 1926/1926/1926 1871/1871/1871
f 1886/1886/1886 1927/1927/1927 1871/1871/1871
f 1928/1928/1928 1927/1927/1927 1886/1886/1886
f 1782/1782/1782 1928/1928/1928 1886/1886/1886
f 1782/1782/1782 1779/1779/1779 1928/1928/1928
f 1773/1773/1773 1929/1929/1929 1772/1772/1772
f 1772/1772/1772 1930/1930/1930 1774/1774/1774
f 1775/1775/1775 1929/1929/1929 1773/1773/1773
f 1929/1929/1929 1775/1775/1775 1777/1777/1777
f 1777/1777/1777 1931/1931/1931 1929/1929/1929
f 1789/1789/1789 1932/1932/1932 1791/1791/1791
f 1791/1791/1791 1932/1932/1932 1933/1933/1933
f 1936/1936/1936 1935/1935/1935 1934/1934/1934
f 1938/1938/1938 1937/1937/1937 1934/1934/1934
f 1934/1934/1934 1935/1935/1935 1938/1938/1938
f 1938/1938/1938 1939/1939/1939 1937/1937/1937
f 1939/1939/1939 1941/1941/1941 1940/1940/1940
f 1937/1937/1937 1939/1939/1939 1940/1940/1940
f 1941/1941/1941 1942/1942/1942 1940/1940/1940
f 1943/1943/1943 1940/1940/1940 1942/1942/1942
f 1942/1942/1942 1944/1944/1944 1943/1943/1943
f 1947/1947/1947 1946/1946/1946 1945/1945/1945
f 1948/1948/1948 1947/1947/1947 1945/1945/1945
f 1949/1949/1949 1947/1947/1947 1948/1948/1948
f 1951/1951/1951 1950/1950/1950 1949/1949/1949
f 1952/1952/1952 1951/1951/1951 1949/1949/1949
f 1953/1953/1953 1951/1951/1951 1952/1952/1952
f 1954/1954/1954 1951/1951/1951 1953/1953/1953
f 1955/1955/1955 1954/1954/1954 1953/1953/1953
f 1955/1955/1955 1956/1956/1956 1954/1954/1954
f 1957/1957/1957 1954/1954/1954 1956/1956/1956
f 1930/1930/1930 1957/1957/1957 1958/1958/1958
f 1956/1956/1956 1958/1958/1958 1957/1957/1957
f 1930/1930/1930 1958/1958/1958 1774/1774/1774
f 1959/1959/1959 1778/1778/1778 1776/1776/1776
f 1776/1776/1776 1960/1960/1960 1959/1959/1959
f 1959/1959/1959 1960/1960/1960 1961/1961/1961
f 1963/1963/1963 1952/1952/1952 1962/1962/1962
f 1949/1949/1949 1964/1964/1964 1962/1962/1962
f 1962/1962/1962 1952/1952/1952 1949/1949/1949
f 1948/1948/1948 1965/1965/1965 1964/1964/1964
f 1949/1949/1949 1948/1948/1948 1964/1964/1964
f 1967/1967/1967 1966/1966/1966 1921/1921/1921
f 1968/1968/1968 1966/1966/1966 1967/1967/1967
f 1971/1971/1971 1970/1970/1970 1969/1969/1969
f 1973/1973/1973 1972/1972/1972 1932/1932/1932
f 1932/1932/1932 1790/1790/1790 1973/1973/1973
f 1789/1789/1789 1790/1790/1790 1932/1932/1932
f 1974/1974/1974 1788/1788/1788 1791/1791/1791
f 1975/1975/1975 1974/1974/1974 1791/1791/1791
f 1974/1974/1974 1976/1976/1976 1788/1788/1788
f 1787/1787/1787 1788/1788/1788 1976/1976/1976
f 1956/1956/1956 1960/1960/1960 1958/1958/1958
f 1960/1960/1960 1956/1956/1956 1961/1961/1961
f 1774/1774/1774 1960/1960/1960 1776/1776/1776
f 1774/1774/1774 1958/1958/1958 1960/1960/1960
f 1978/1978/1978 1977/1977/1977 1956/1956/1956
f 1955/1955/1955 1978/1978/1978 1956/1956/1956
f 1953/1953/1953 1963/1963/1963 1978/1978/1978
f 1955/1955/1955 1953/1953/1953 1978/1978/1978
f 1963/1963/1963 1953/1953/1953 1952/1952/1952
f 1980/1980/1980 1979/1979/1979 1944/1944/1944
f 1942/1942/1942 1980/1980/1980 1944/1944/1944
f 1945/1945/1945 1965/1965/1965 1948/1948/1948
f 1981/1981/1981 1980/1980/1980 1942/1942/1942
f 1942/1942/1942 1941/1941/1941 1981/1981/1981
f 1982/1982/1982 1981/1981/1981 1941/1941/1941
f 1939/1939/1939 1982/1982/1982 1941/1941/1941
f 1983/1983/1983 1982/1982/1982 1939/1939/1939
f 1938/1938/1938 1983/1983/1983 1939/1939/1939
f 1935/1935/1935 1983/1983/1983 1938/1938/1938
f 1969/1969/1969 1983/1983/1983 1935/1935/1935
f 1971/1971/1971 1969/1969/1969 1935/1935/1935
f 1932/1932/1932 1972/1972/1972 1933/1933/1933
f 1936/1936/1936 1971/1971/1971 1935/1935/1935
f 1792/1792/1792 1802/1802/1802 1784/1784/1784
f 1793/1793/1793 1984/1984/1984 1780/1780/1780
f 1792/1792/1792 1793/1793/1793 1781/1781/1781
f 1811/1811/1811 1920/1920/1920 1878/1878/1878
f 1922/1922/1922 1920/1920/1920 1811/1811/1811
f 1922/1922/1922 1811/1811/1811 1877/1877/1877
f 1987/1987/1987 1986/1986/1986 1985/1985/1985
f 1987/1987/1987 1988/1988/1988 1986/1986/1986
f 1989/1989/1989 1988/1988/1988 1987/1987/1987
f 1988/1988/1988 1991/1991/1991 1990/1990/1990
f 1989/1989/1989 1991/1991/1991 1988/1988/1988
f 1994/1994/1994 1993/1993/1993 1992/1992/1992
f 1995/1995/1995 1994/1994/1994 1992/1992/1992
f 1998/1998/1998 1997/1997/1997 1996/1996/1996
f 1996/1996/1996 1999/1999/1999 1998/1998/1998
f 2002/2002/2002 2001/2001/2001 2000/2000/2000
f 2002/2002/2002 2000/2000/2000 2003/2003/2003
f 2004/2004/2004 2001/2001/2001 2002/2002/2002
f 2006/2006/2006 2005/2005/2005 1997/1997/1997
f 1998/1998/1998 2007/2007/2007 2006/2006/2006
f 1997/1997/1997 1998/1998/1998 2006/2006/2006
f 2010/2010/2010 2009/2009/2009 2008/2008/2008
f 2010/2010/2010 2012/2012/2012 2011/2011/2011
f 2013/2013/2013 2011/2011/2011 2012/2012/2012
f 2014/2014/2014 2011/2011/2011 2013/2013/2013
f 2016/2016/2016 2015/2015/2015 2014/2014/2014
f 2019/2019/2019 2018/2018/2018 2017/2017/2017
f 2020/2020/2020 2019/2019/2019 2017/2017/2017
f 2019/2019/2019 2020/2020/2020 2021/2021/2021
f 2020/2020/2020 2022/2022/2022 2021/2021/2021
f 2023/2023/2023 2021/2021/2021 2022/2022/2022
f 2024/2024/2024 2021/2021/2021 2023/2023/2023
f 2005/2005/2005 2014/2014/2014 2015/2015/2015
f 2027/2027/2027 2026/2026/2026 2025/2025/2025
f 2025/2025/2025 2026/2026/2026 2028/2028/2028
f 2025/2025/2025 2028/2028/2028 2029/2029/2029
f 2032/2032/2032 2031/2031/2031 2030/2030/2030
f 2033/2033/2033 2032/2032/2032 2028/2028/2028
f 2034/2034/2034 2031/2031/2031 2032/2032/2032
f 2037/2037/2037 2036/2036/2036 2035/2035/2035
f 2040/2040/2040 2039/2039/2039 2038/2038/2038
f 2042/2042/2042 2035/2035/2035 2041/2041/2041
f 2045/2045/2045 2044/2044/2044 2043/2043/2043
f 2046/2046/2046 2041/2041/2041 2035/2035/2035
f 2047/2047/2047 2046/2046/2046 2035/2035/2035
f 2041/2041/2041 2046/2046/2046 2048/2048/2048
f 2042/2042/2042 2041/2041/2041 2048/2048/2048
f 2051/2051/2051 2050/2050/2050 2049/2049/2049
f 2051/2051/2051 2049/2049/2049 2038/2038/2038
f 2038/2038/2038 2042/2042/2042 2051/2051/2051
f 2052/2052/2052 2027/2027/2027 2025/2025/2025
f 2053/2053/2053 2052/2052/2052 2025/2025/2025
f 2027/2027/2027 2055/2055/2055 2054/2054/2054
f 2026/2026/2026 2027/2027/2027 2054/2054/2054
f 2042/2042/2042 2048/2048/2048 2056/2056/2056
f 2057/2057/2057 2046/2046/2046 2047/2047/2047
f 2060/2060/2060 2059/2059/2059 2058/2058/2058
f 2063/2063/2063 2062/2062/2062 2061/2061/2061
f 2064/2064/2064 2063/2063/2063 2061/2061/2061
f 2054/2054/2054 2066/2066/2066 2065/2065/2065
f 2026/2026/2026 2054/2054/2054 2065/2065/2065
f 2069/2069/2069 2068/2068/2068 2067/2067/2067
f 2069/2069/2069 2070/2070/2070 2068/2068/2068
f 2045/2045/2045 2043/2043/2043 2071/2071/2071
f 2072/2072/2072 2069/2069/2069 2067/2067/2067
f 2073/2073/2073 2043/2043/2043 2044/2044/2044
f 2074/2074/2074 2073/2073/2073 2044/2044/2044
f 2073/2073/2073 2074/2074/2074 2075/2075/2075
f 2076/2076/2076 2073/2073/2073 2075/2075/2075
f 2077/2077/2077 2073/2073/2073 2076/2076/2076
f 2077/2077/2077 2076/2076/2076 2078/2078/2078
f 2080/2080/2080 2077/2077/2077 2079/2079/2079
f 2082/2082/2082 2081/2081/2081 2080/2080/2080
f 2070/2070/2070 2081/2081/2081 2082/2082/2082
f 2083/2083/2083 2081/2081/2081 2070/2070/2070
f 2072/2072/2072 2083/2083/2083 2070/2070/2070
f 2069/2069/2069 2072/2072/2072 2070/2070/2070
f 2086/2086/2086 2085/2085/2085 2084/2084/2084
f 2084/2084/2084 2087/2087/2087 2086/2086/2086
f 2088/2088/2088 2086/2086/2086 2087/2087/2087
f 2090/2090/2090 2089/2089/2089 2086/2086/2086
f 2088/2088/2088 2090/2090/2090 2086/2086/2086
f 2024/2024/2024 2089/2089/2089 2090/2090/2090
f 2092/2092/2092 2024/2024/2024 2091/2091/2091
f 2095/2095/2095 2094/2094/2094 2093/2093/2093
f 2095/2095/2095 2093/2093/2093 2092/2092/2092
f 2091/2091/2091 2095/2095/2095 2092/2092/2092
f 2093/2093/2093 2094/2094/2094 2096/2096/2096
f 2096/2096/2096 2016/2016/2016 2093/2093/2093
f 2097/2097/2097 2016/2016/2016 2096/2096/2096
f 1996/1996/1996 2016/2016/2016 2097/2097/2097
f 2015/2015/2015 2016/2016/2016 1996/1996/1996
f 1997/1997/1997 2015/2015/2015 1996/1996/1996
f 2005/2005/2005 1994/1994/1994 2098/2098/2098
f 1994/1994/1994 1995/1995/1995 2098/2098/2098
f 1995/1995/1995 2099/2099/2099 2085/2085/2085
f 1995/1995/1995 2085/2085/2085 2098/2098/2098
f 2084/2084/2084 2085/2085/2085 2099/2099/2099
f 2080/2080/2080 2079/2079/2079 2100/2100/2100
f 2080/2080/2080 2100/2100/2100 2101/2101/2101
f 2103/2103/2103 2080/2080/2080 2102/2102/2102
f 2105/2105/2105 2104/2104/2104 2103/2103/2103
f 2052/2052/2052 2053/2053/2053 2106/2106/2106
f 2053/2053/2053 2107/2107/2107 2106/2106/2106
f 2106/2106/2106 2107/2107/2107 2108/2108/2108
f 2107/2107/2107 2109/2109/2109 2108/2108/2108
f 2060/2060/2060 2047/2047/2047 2035/2035/2035
f 2036/2036/2036 2060/2060/2060 2035/2035/2035
f 2038/2038/2038 2035/2035/2035 2042/2042/2042
f 2031/2031/2031 2034/2034/2034 2110/2110/2110
f 2038/2038/2038 2049/2049/2049 2111/2111/2111
f 2110/2110/2110 2034/2034/2034 2112/2112/2112
f 2111/2111/2111 2049/2049/2049 2050/2050/2050
f 2050/2050/2050 2103/2103/2103 2111/2111/2111
f 2102/2102/2102 2112/2112/2112 2103/2103/2103
f 2107/2107/2107 2113/2113/2113 2109/2109/2109
f 2103/2103/2103 2050/2050/2050 2105/2105/2105
f 2105/2105/2105 2050/2050/2050 2114/2114/2114
f 2026/2026/2026 2065/2065/2065 2028/2028/2028
f 2064/2064/2064 2061/2061/2061 2033/2033/2033
f 2028/2028/2028 2064/2064/2064 2033/2033/2033
f 2053/2053/2053 2025/2025/2025 2029/2029/2029
f 2115/2115/2115 2053/2053/2053 2029/2029/2029
f 2056/2056/2056 2114/2114/2114 2042/2042/2042
f 2051/2051/2051 2042/2042/2042 2114/2114/2114
f 2050/2050/2050 2051/2051/2051 2114/2114/2114
f 2115/2115/2115 2113/2113/2113 2107/2107/2107
f 2053/2053/2053 2115/2115/2115 2107/2107/2107
f 2116/2116/2116 2068/2068/2068 2070/2070/2070
f 2117/2117/2117 2116/2116/2116 2070/2070/2070
f 2044/2044/2044 2045/2045/2045 2118/2118/2118
f 2118/2118/2118 2119/2119/2119 2074/2074/2074
f 2074/2074/2074 2044/2044/2044 2118/2118/2118
f 2071/2071/2071 2118/2118/2118 2045/2045/2045
f 2119/2119/2119 2075/2075/2075 2074/2074/2074
f 2070/2070/2070 2082/2082/2082 2117/2117/2117
f 2078/2078/2078 2079/2079/2079 2077/2077/2077
f 2075/2075/2075 2078/2078/2078 2076/2076/2076
f 2082/2082/2082 2101/2101/2101 2117/2117/2117
f 2078/2078/2078 2120/2120/2120 2079/2079/2079
f 2101/2101/2101 2082/2082/2082 2080/2080/2080
f 2121/2121/2121 2101/2101/2101 2100/2100/2100
f 2100/2100/2100 2079/2079/2079 2120/2120/2120
f 2100/2100/2100 2120/2120/2120 2122/2122/2122
f 2122/2122/2122 2121/2121/2121 2100/2100/2100
f 2123/2123/2123 2020/2020/2020 2017/2017/2017
f 2013/2013/2013 2012/2012/2012 2124/2124/2124
f 2124/2124/2124 2125/2125/2125 2013/2013/2013
f 2020/2020/2020 2126/2126/2126 2022/2022/2022
f 2123/2123/2123 2126/2126/2126 2020/2020/2020
f 2008/2008/2008 2124/2124/2124 2012/2012/2012
f 2008/2008/2008 2012/2012/2012 2010/2010/2010
f 2023/2023/2023 2022/2022/2022 2126/2126/2126
f 2014/2014/2014 2013/2013/2013 2125/2125/2125
f 2017/2017/2017 2018/2018/2018 2127/2127/2127
f 1993/1993/1993 1994/1994/1994 2006/2006/2006
f 1996/1996/1996 2097/2097/2097 1999/1999/1999
f 2096/2096/2096 2128/2128/2128 1999/1999/1999
f 2097/2097/2097 2096/2096/2096 1999/1999/1999
f 2129/2129/2129 2094/2094/2094 2095/2095/2095
f 2130/2130/2130 2129/2129/2129 2095/2095/2095
f 2094/2094/2094 2129/2129/2129 2128/2128/2128
f 2096/2096/2096 2094/2094/2094 2128/2128/2128
f 2131/2131/2131 2130/2130/2130 2095/2095/2095
f 2091/2091/2091 2131/2131/2131 2095/2095/2095
f 2091/2091/2091 2133/2133/2133 2132/2132/2132
f 2131/2131/2131 2091/2091/2091 2132/2132/2132
f 2135/2135/2135 2134/2134/2134 2133/2133/2133
f 2136/2136/2136 2134/2134/2134 2135/2135/2135
f 2135/2135/2135 2090/2090/2090 2136/2136/2136
f 2137/2137/2137 2136/2136/2136 2090/2090/2090
f 2088/2088/2088 2137/2137/2137 2090/2090/2090
f 2139/2139/2139 2138/2138/2138 2087/2087/2087
f 2084/2084/2084 2139/2139/2139 2087/2087/2087
f 2087/2087/2087 2138/2138/2138 2137/2137/2137
f 2088/2088/2088 2087/2087/2087 2137/2137/2137
f 2140/2140/2140 2139/2139/2139 2084/2084/2084
f 2099/2099/2099 2140/2140/2140 2084/2084/2084
f 2141/2141/2141 2140/2140/2140 2099/2099/2099
f 1995/1995/1995 2141/2141/2141 2099/2099/2099
f 1995/1995/1995 1992/1992/1992 2141/2141/2141
f 1986/1986/1986 2142/2142/2142 1985/1985/1985
f 1985/1985/1985 2143/2143/2143 1987/1987/1987
f 1988/1988/1988 2142/2142/2142 1986/1986/1986
f 2142/2142/2142 1988/1988/1988 1990/1990/1990
f 1990/1990/1990 2144/2144/2144 2142/2142/2142
f 2002/2002/2002 2145/2145/2145 2004/2004/2004
f 2004/2004/2004 2145/2145/2145 2146/2146/2146
f 2149/2149/2149 2148/2148/2148 2147/2147/2147
f 2151/2151/2151 2150/2150/2150 2147/2147/2147
f 2147/2147/2147 2148/2148/2148 2151/2151/2151
f 2151/2151/2151 2152/2152/2152 2150/2150/2150
f 2152/2152/2152 2154/2154/2154 2153/2153/2153
f 2150/2150/2150 2152/2152/2152 2153/2153/2153
f 2154/2154/2154 2155/2155/2155 2153/2153/2153
f 2156/2156/2156 2153/2153/2153 2155/2155/2155
f 2155/2155/2155 2157/2157/2157 2156/2156/2156
f 2160/2160/2160 2159/2159/2159 2158/2158/2158
f 2161/2161/2161 2160/2160/2160 2158/2158/2158
f 2162/2162/2162 2160/2160/2160 2161/2161/2161
f 2164/2164/2164 2163/2163/2163 2162/2162/2162
f 2165/2165/2165 2164/2164/2164 2162/2162/2162
f 2166/2166/2166 2164/2164/2164 2165/2165/2165
f 2167/2167/2167 2164/2164/2164 2166/2166/2166
f 2168/2168/2168 2167/2167/2167 2166/2166/2166
f 2168/2168/2168 2169/2169/2169 2167/2167/2167
f 2170/2170/2170 2167/2167/2167 2169/2169/2169
f 2143/2143/2143 2170/2170/2170 2171/2171/2171
f 2169/2169/2169 2171/2171/2171 2170/2170/2170
f 2143/2143/2143 2171/2171/2171 1987/1987/1987
f 2172/2172/2172 1991/1991/1991 1989/1989/1989
f 1989/1989/1989 2173/2173/2173 2172/2172/2172
f 2172/2172/2172 2173/2173/2173 2174/2174/2174
f 2176/2176/2176 2165/2165/2165 2175/2175/2175
f 2162/2162/2162 2177/2177/2177 2175/2175/2175
f 2175/2175/2175 2165/2165/2165 2162/2162/2162
f 2161/2161/2161 2178/2178/2178 2177/2177/2177
f 2162/2162/2162 2161/2161/2161 2177/2177/2177
f 2180/2180/2180 2179/2179/2179 2134/2134/2134
f 2181/2181/2181 2179/2179/2179 2180/2180/2180
f 2184/2184/2184 2183/2183/2183 2182/2182/2182
f 2186/2186/2186 2185/2185/2185 2145/2145/2145
f 2145/2145/2145 2003/2003/2003 2186/2186/2186
f 2002/2002/2002 2003/2003/2003 2145/2145/2145
f 2187/2187/2187 2001/2001/2001 2004/2004/2004
f 2188/2188/2188 2187/2187/2187 2004/2004/2004
f 2187/2187/2187 2189/2189/2189 2001/2001/2001
f 2000/2000/2000 2001/2001/2001 2189/2189/2189
f 2169/2169/2169 2173/2173/2173 2171/2171/2171
f 2173/2173/2173 2169/2169/2169 2174/2174/2174
f 1987/1987/1987 2173/2173/2173 1989/1989/1989
f 1987/1987/1987 2171/2171/2171 2173/2173/2173
f 2191/2191/2191 2190/2190/2190 2169/2169/2169
f 2168/2168/2168 2191/2191/2191 2169/2169/2169
f 2166/2166/2166 2176/2176/2176 2191/2191/2191
f 2168/2168/2168 2166/2166/2166 2191/2191/2191
f 2176/2176/2176 2166/2166/2166 2165/2165/2165
f 2193/2193/2193 2192/2192/2192 2157/2157/2157
f 2155/2155/2155 2193/2193/2193 2157/2157/2157
f 2158/2158/2158 2178/2178/2178 2161/2161/2161
f 2194/2194/2194 2193/2193/2193 2155/2155/2155
f 2155/2155/2155 2154/2154/2154 2194/2194/2194
f 2195/2195/2195 2194/2194/2194 2154/2154/2154
f 2152/2152/2152 2195/2195/2195 2154/2154/2154
f 2196/2196/2196 2195/2195/2195 2152/2152/2152
f 2151/2151/2151 2196/2196/2196 2152/2152/2152
f 2148/2148/2148 2196/2196/2196 2151/2151/2151
f 2182/2182/2182 2196/2196/2196 2148/2148/2148
f 2184/2184/2184 2182/2182/2182 2148/2148/2148
f 2145/2145/2145 2185/2185/2185 2146/2146/2146
f 2149/2149/2149 2184/2184/2184 2148/2148/2148
f 2005/2005/2005 2015/2015/2015 1997/1997/1997
f 2006/2006/2006 2197/2197/2197 1993/1993/1993
f 2005/2005/2005 2006/2006/2006 1994/1994/1994
f 2024/2024/2024 2133/2133/2133 2091/2091/2091
f 2135/2135/2135 2133/2133/2133 2024/2024/2024
f 2135/2135/2135 2024/2024/2024 2090/2090/2090
