mtllib leave-2.mtl
v -40.00377 7.71001 -6.000949
v -42.29997 7.71001 -5.544349
v -42.29997 12.71001 -5.544349
v -40.00377 12.71001 -6.000949
v -44.24637 7.71001 -4.243549
v -44.24637 12.71001 -4.243549
v -45.54717 7.71001 -2.297149
v -45.54717 12.71001 -2.297149
v -46.00377 7.71001 -0.000949326
v -46.00377 12.71001 -0.0009488889
v -45.54717 7.71001 2.295251
v -45.54717 12.71001 2.295251
v -44.24637 7.710009 4.241651
v -44.24637 12.71001 4.241651
v -42.29997 7.710009 5.54245
v -42.29997 12.71001 5.542451
v -40.00377 7.710009 5.999051
v -40.00377 12.71001 5.999051
v -37.70757 7.710009 5.54245
v -37.70757 12.71001 5.542451
v -35.76117 7.710009 4.241651
v -35.76117 12.71001 4.241651
v -34.46037 7.71001 2.295251
v -34.46037 12.71001 2.295251
v -34.00377 7.71001 -0.000949326
v -34.00377 12.71001 -0.0009488889
v -34.46037 7.71001 -2.297149
v -34.46037 12.71001 -2.297149
v -35.76117 7.71001 -4.243549
v -35.76117 12.71001 -4.243549
v -37.70757 7.71001 -5.544349
v -37.70757 12.71001 -5.544349
v -40.00377 7.71001 -8.000949
v -43.06537 7.71001 -7.392149
v -43.06537 12.71001 -7.392149
v -40.00377 12.71001 -8.000949
v -45.66057 7.71001 -5.657749
v -45.66057 12.71001 -5.657749
v -47.39497 7.71001 -3.062549
v -47.39497 12.71001 -3.062549
v -48.00377 7.71001 -0.000949326
v -48.00377 12.71001 -0.0009488889
v -47.39497 7.710009 3.060651
v -47.39497 12.71001 3.060651
v -45.66057 7.710009 5.65585
v -45.66057 12.71001 5.655851
v -43.06537 7.710009 7.390251
v -43.06537 12.71001 7.390251
v -40.00377 7.710009 7.999051
v -40.00377 12.71001 7.999051
v -36.94217 7.710009 7.390251
v -36.94217 12.71001 7.390251
v -34.34697 7.710009 5.65585
v -34.34697 12.71001 5.655851
v -32.61257 7.710009 3.060651
v -32.61257 12.71001 3.060651
v -32.00377 7.71001 -0.000949326
v -32.00377 12.71001 -0.0009488889
v -32.61257 7.71001 -3.062549
v -32.61257 12.71001 -3.062549
v -34.34697 7.71001 -5.657749
v -34.34697 12.71001 -5.657749
v -36.94217 7.71001 -7.392149
v -36.94217 12.71001 -7.392149
v -48.00377 7.71001 -0.000949326
v -46.00377 7.71001 -0.000949326
v -45.54717 7.71001 2.295251
v -47.39497 7.710009 3.060651
v -44.24637 7.710009 4.241651
v -45.66057 7.710009 5.65585
v -42.29997 7.710009 5.54245
v -43.06537 7.710009 7.390251
v -40.00377 7.710009 5.999051
v -40.00377 7.710009 7.999051
v -37.70757 7.710009 5.54245
v -36.94217 7.710009 7.390251
v -35.76117 7.710009 4.241651
v -34.34697 7.710009 5.65585
v -34.46037 7.71001 2.295251
v -32.61257 7.710009 3.060651
v -34.00377 7.71001 -0.000949326
v -32.00377 7.71001 -0.000949326
v -34.46037 7.71001 -2.297149
v -32.61257 7.71001 -3.062549
v -35.76117 7.71001 -4.243549
v -34.34697 7.71001 -5.657749
v -37.70757 7.71001 -5.544349
v -36.94217 7.71001 -7.392149
v -40.00377 7.71001 -6.000949
v -40.00377 7.71001 -8.000949
v -42.29997 7.71001 -5.544349
v -43.06537 7.71001 -7.392149
v -44.24637 7.71001 -4.243549
v -45.66057 7.71001 -5.657749
v -45.54717 7.71001 -2.297149
v -47.39497 7.71001 -3.062549
v 19.99623 7.71001 -6.000949
v 17.70003 7.71001 -5.544349
v 17.70003 12.71001 -5.544349
v 19.99623 12.71001 -6.000949
v 15.75363 7.71001 -4.243549
v 15.75363 12.71001 -4.243549
v 14.45283 7.71001 -2.297149
v 14.45283 12.71001 -2.297149
v 13.99623 7.71001 -0.000949326
v 13.99623 12.71001 -0.0009488889
v 14.45283 7.71001 2.295251
v 14.45283 12.71001 2.295251
v 15.75363 7.710009 4.241651
v 15.75363 12.71001 4.241651
v 17.70003 7.710009 5.54245
v 17.70003 12.71001 5.542451
v 19.99623 7.710009 5.999051
v 19.99623 12.71001 5.999051
v 22.29243 7.710009 5.54245
v 22.29243 12.71001 5.542451
v 24.23883 7.710009 4.241651
v 24.23883 12.71001 4.241651
v 25.53963 7.71001 2.295251
v 25.53963 12.71001 2.295251
v 25.99623 7.71001 -0.000949326
v 25.99623 12.71001 -0.0009488889
v 25.53963 7.71001 -2.297149
v 25.53963 12.71001 -2.297149
v 24.23883 7.71001 -4.243549
v 24.23883 12.71001 -4.243549
v 22.29243 7.71001 -5.544349
v 22.29243 12.71001 -5.544349
v 19.99623 7.71001 -8.000949
v 16.93463 7.71001 -7.392149
v 16.93463 12.71001 -7.392149
v 19.99623 12.71001 -8.000949
v 14.33943 7.71001 -5.657749
v 14.33943 12.71001 -5.657749
v 12.60503 7.71001 -3.062549
v 12.60503 12.71001 -3.062549
v 11.99623 7.71001 -0.000949326
v 11.99623 12.71001 -0.0009488889
v 12.60503 7.710009 3.060651
v 12.60503 12.71001 3.060651
v 14.33943 7.710009 5.65585
v 14.33943 12.71001 5.655851
v 16.93463 7.710009 7.390251
v 16.93463 12.71001 7.390251
v 19.99623 7.710009 7.999051
v 19.99623 12.71001 7.999051
v 23.05783 7.710009 7.390251
v 23.05783 12.71001 7.390251
v 25.65303 7.710009 5.65585
v 25.65303 12.71001 5.655851
v 27.38743 7.710009 3.060651
v 27.38743 12.71001 3.060651
v 27.99623 7.71001 -0.000949326
v 27.99623 12.71001 -0.0009488889
v 27.38743 7.71001 -3.062549
v 27.38743 12.71001 -3.062549
v 25.65303 7.71001 -5.657749
v 25.65303 12.71001 -5.657749
v 23.05783 7.71001 -7.392149
v 23.05783 12.71001 -7.392149
v 11.99623 7.71001 -0.000949326
v 13.99623 7.71001 -0.000949326
v 14.45283 7.71001 2.295251
v 12.60503 7.710009 3.060651
v 15.75363 7.710009 4.241651
v 14.33943 7.710009 5.65585
v 17.70003 7.710009 5.54245
v 16.93463 7.710009 7.390251
v 19.99623 7.710009 5.999051
v 19.99623 7.710009 7.999051
v 22.29243 7.710009 5.54245
v 23.05783 7.710009 7.390251
v 24.23883 7.710009 4.241651
v 25.65303 7.710009 5.65585
v 25.53963 7.71001 2.295251
v 27.38743 7.710009 3.060651
v 25.99623 7.71001 -0.000949326
v 27.99623 7.71001 -0.000949326
v 25.53963 7.71001 -2.297149
v 27.38743 7.71001 -3.062549
v 24.23883 7.71001 -4.243549
v 25.65303 7.71001 -5.657749
v 22.29243 7.71001 -5.544349
v 23.05783 7.71001 -7.392149
v 19.99623 7.71001 -6.000949
v 19.99623 7.71001 -8.000949
v 17.70003 7.71001 -5.544349
v 16.93463 7.71001 -7.392149
v 15.75363 7.71001 -4.243549
v 14.33943 7.71001 -5.657749
v 14.45283 7.71001 -2.297149
v 12.60503 7.71001 -3.062549
v -40.00377 15.71001 -4.000948
v -41.53457 15.71001 -3.696549
v -41.53457 12.71001 -3.696549
v -40.00377 12.71001 -4.000949
v -42.83217 15.71001 -2.829349
v -42.83217 12.71001 -2.829349
v -43.69937 15.71001 -1.531749
v -43.69937 12.71001 -1.531749
v -44.00377 15.71001 -0.0009486266
v -44.00377 12.71001 -0.0009488889
v -43.69937 15.71001 1.529851
v -43.69937 12.71001 1.529851
v -42.83217 15.71001 2.827451
v -42.83217 12.71001 2.827451
v -41.53457 15.71001 3.694651
v -41.53457 12.71001 3.694651
v -40.00377 15.71001 3.999051
v -40.00377 12.71001 3.999051
v -38.47297 15.71001 3.694651
v -38.47297 12.71001 3.694651
v -37.17537 15.71001 2.827451
v -37.17537 12.71001 2.827451
v -36.30817 15.71001 1.529851
v -36.30817 12.71001 1.529851
v -36.00377 15.71001 -0.0009486266
v -36.00377 12.71001 -0.0009488889
v -36.30817 15.71001 -1.531749
v -36.30817 12.71001 -1.531749
v -37.17537 15.71001 -2.829349
v -37.17537 12.71001 -2.829349
v -38.47297 15.71001 -3.696549
v -38.47297 12.71001 -3.696549
v -20.00377 15.71001 -24.00095
v -21.53457 15.71001 -23.69655
v -21.53457 12.71001 -23.69655
v -20.00377 12.71001 -24.00095
v -22.83217 15.71001 -22.82935
v -22.83217 12.71001 -22.82935
v -23.69937 15.71001 -21.53175
v -23.69937 12.71001 -21.53175
v -24.00377 15.71001 -20.00095
v -24.00377 12.71001 -20.00095
v -23.69937 15.71001 -18.47015
v -23.69937 12.71001 -18.47015
v -22.83217 15.71001 -17.17255
v -22.83217 12.71001 -17.17255
v -21.53457 15.71001 -16.30535
v -21.53457 12.71001 -16.30535
v -20.00377 15.71001 -16.00095
v -20.00377 12.71001 -16.00095
v -18.47297 15.71001 -16.30535
v -18.47297 12.71001 -16.30535
v -17.17537 15.71001 -17.17255
v -17.17537 12.71001 -17.17255
v -16.30817 15.71001 -18.47015
v -16.30817 12.71001 -18.47015
v -16.00377 15.71001 -20.00095
v -16.00377 12.71001 -20.00095
v -16.30817 15.71001 -21.53175
v -16.30817 12.71001 -21.53175
v -17.17537 15.71001 -22.82935
v -17.17537 12.71001 -22.82935
v -18.47297 15.71001 -23.69655
v -18.47297 12.71001 -23.69655
v -20.00377 15.71001 15.99905
v -21.53457 15.71001 16.30345
v -21.53457 12.71001 16.30345
v -20.00377 12.71001 15.99905
v -22.83217 15.71001 17.17065
v -22.83217 12.71001 17.17065
v -23.69937 15.71001 18.46825
v -23.69937 12.71001 18.46825
v -24.00377 15.71001 19.99905
v -24.00377 12.71001 19.99905
v -23.69937 15.71001 21.52985
v -23.69937 12.71001 21.52985
v -22.83217 15.71001 22.82745
v -22.83217 12.71001 22.82745
v -21.53457 15.71001 23.69465
v -21.53457 12.71001 23.69465
v -20.00377 15.71001 23.99905
v -20.00377 12.71001 23.99905
v -18.47297 15.71001 23.69465
v -18.47297 12.71001 23.69465
v -17.17537 15.71001 22.82745
v -17.17537 12.71001 22.82745
v -16.30817 15.71001 21.52985
v -16.30817 12.71001 21.52985
v -16.00377 15.71001 19.99905
v -16.00377 12.71001 19.99905
v -16.30817 15.71001 18.46825
v -16.30817 12.71001 18.46825
v -17.17537 15.71001 17.17065
v -17.17537 12.71001 17.17065
v -18.47297 15.71001 16.30345
v -18.47297 12.71001 16.30345
v -0.003768921 15.71001 -24.00095
v -1.534569 15.71001 -23.69655
v -1.534569 12.71001 -23.69655
v -0.003768921 12.71001 -24.00095
v -2.832169 15.71001 -22.82935
v -2.832169 12.71001 -22.82935
v -3.699368 15.71001 -21.53175
v -3.699368 12.71001 -21.53175
v -4.003769 15.71001 -20.00095
v -4.003769 12.71001 -20.00095
v -3.699368 15.71001 -18.47015
v -3.699368 12.71001 -18.47015
v -2.832169 15.71001 -17.17255
v -2.832169 12.71001 -17.17255
v -1.534569 15.71001 -16.30535
v -1.534569 12.71001 -16.30535
v -0.003768921 15.71001 -16.00095
v -0.003768921 12.71001 -16.00095
v 1.527031 15.71001 -16.30535
v 1.527031 12.71001 -16.30535
v 2.824631 15.71001 -17.17255
v 2.824631 12.71001 -17.17255
v 3.69183 15.71001 -18.47015
v 3.69183 12.71001 -18.47015
v 3.996231 15.71001 -20.00095
v 3.996231 12.71001 -20.00095
v 3.69183 15.71001 -21.53175
v 3.69183 12.71001 -21.53175
v 2.824631 15.71001 -22.82935
v 2.824631 12.71001 -22.82935
v 1.527031 15.71001 -23.69655
v 1.527031 12.71001 -23.69655
v -0.003768921 15.71001 15.99905
v -1.534569 15.71001 16.30345
v -1.534569 12.71001 16.30345
v -0.003768921 12.71001 15.99905
v -2.832169 15.71001 17.17065
v -2.832169 12.71001 17.17065
v -3.699368 15.71001 18.46825
v -3.699368 12.71001 18.46825
v -4.003769 15.71001 19.99905
v -4.003769 12.71001 19.99905
v -3.699368 15.71001 21.52985
v -3.699368 12.71001 21.52985
v -2.832169 15.71001 22.82745
v -2.832169 12.71001 22.82745
v -1.534569 15.71001 23.69465
v -1.534569 12.71001 23.69465
v -0.003768921 15.71001 23.99905
v -0.003768921 12.71001 23.99905
v 1.527031 15.71001 23.69465
v 1.527031 12.71001 23.69465
v 2.824631 15.71001 22.82745
v 2.824631 12.71001 22.82745
v 3.69183 15.71001 21.52985
v 3.69183 12.71001 21.52985
v 3.996231 15.71001 19.99905
v 3.996231 12.71001 19.99905
v 3.69183 15.71001 18.46825
v 3.69183 12.71001 18.46825
v 2.824631 15.71001 17.17065
v 2.824631 12.71001 17.17065
v 1.527031 15.71001 16.30345
v 1.527031 12.71001 16.30345
v 19.99623 15.71001 -4.000948
v 18.46543 15.71001 -3.696549
v 18.46543 12.71001 -3.696549
v 19.99623 12.71001 -4.000949
v 17.16783 15.71001 -2.829349
v 17.16783 12.71001 -2.829349
v 16.30063 15.71001 -1.531749
v 16.30063 12.71001 -1.531749
v 15.99623 15.71001 -0.0009486266
v 15.99623 12.71001 -0.0009488889
v 16.30063 15.71001 1.529851
v 16.30063 12.71001 1.529851
v 17.16783 15.71001 2.827451
v 17.16783 12.71001 2.827451
v 18.46543 15.71001 3.694651
v 18.46543 12.71001 3.694651
v 19.99623 15.71001 3.999051
v 19.99623 12.71001 3.999051
v 21.52703 15.71001 3.694651
v 21.52703 12.71001 3.694651
v 22.82463 15.71001 2.827451
v 22.82463 12.71001 2.827451
v 23.69183 15.71001 1.529851
v 23.69183 12.71001 1.529851
v 23.99623 15.71001 -0.0009486266
v 23.99623 12.71001 -0.0009488889
v 23.69183 15.71001 -1.531749
v 23.69183 12.71001 -1.531749
v 22.82463 15.71001 -2.829349
v 22.82463 12.71001 -2.829349
v 21.52703 15.71001 -3.696549
v 21.52703 12.71001 -3.696549
v -40.00377 12.71001 -10.00095
v -40.00377 15.71001 -10.00095
v -43.83077 15.71001 -9.239949
v -43.83077 12.71001 -9.239949
v -47.07477 15.71001 -7.071948
v -47.07477 12.71001 -7.071949
v -49.24277 15.71001 -3.827949
v -49.24277 12.71001 -3.827949
v -50.00377 15.71001 -0.0009486266
v -50.00377 12.71001 -0.0009488889
v -49.24277 15.71001 3.826051
v -49.24277 12.71001 3.826051
v -47.07477 15.71001 7.070051
v -47.07477 12.71001 7.070051
v -43.83077 15.71001 9.238051
v -43.83077 12.71001 9.238051
v -40.00377 15.71001 9.999051
v -40.00377 12.71001 9.999051
v -36.32377 15.71001 9.279051
v -36.32377 12.71001 9.279051
v -36.32377 12.71001 9.279051
v -36.32377 15.71001 9.279051
v -25.93377 15.71001 19.66905
v -25.93377 12.71001 19.66905
v -25.93377 12.71001 19.66905
v -25.93377 15.71001 19.66905
v -26.00377 15.71001 19.99905
v -26.00377 12.71001 19.99905
v -20.00377 12.71001 13.99905
v -20.00377 15.71001 13.99905
v -17.70757 15.71001 14.45565
v -17.70757 12.71001 14.45565
v -15.76117 15.71001 15.75645
v -15.76117 12.71001 15.75645
v -14.46037 15.71001 17.70285
v -14.46037 12.71001 17.70285
v -14.00377 15.71001 19.99905
v -14.00377 12.71001 19.99905
v -14.46037 15.71001 22.29525
v -14.46037 12.71001 22.29525
v -15.76117 15.71001 24.24165
v -15.76117 12.71001 24.24165
v -17.70757 15.71001 25.54245
v -17.70757 12.71001 25.54245
v -20.00377 15.71001 25.99905
v -20.00377 12.71001 25.99905
v -22.29997 15.71001 25.54245
v -22.29997 12.71001 25.54245
v -24.24637 15.71001 24.24165
v -24.24637 12.71001 24.24165
v -25.54717 15.71001 22.29525
v -25.54717 12.71001 22.29525
v -20.33377 15.71001 14.06905
v -20.33377 12.71001 14.06905
v -20.33377 12.71001 14.06905
v -20.33377 15.71001 14.06905
v -30.40377 15.71001 3.999051
v -30.40377 12.71001 3.999051
v -30.40377 12.71001 3.999051
v -30.40377 15.71001 3.999051
v -21.60377 15.71001 3.999051
v -21.60377 12.71001 3.999051
v -21.60377 12.71001 3.999051
v -21.60377 15.71001 3.999051
v -5.933769 15.71001 19.66905
v -5.933769 12.71001 19.66905
v -5.933769 12.71001 19.66905
v -5.933769 15.71001 19.66905
v -6.003769 15.71001 19.99905
v -6.003769 12.71001 19.99905
v -0.003768921 12.71001 13.99905
v -0.003768921 15.71001 13.99905
v 2.292431 15.71001 14.45565
v 2.292431 12.71001 14.45565
v 4.238831 15.71001 15.75645
v 4.238831 12.71001 15.75645
v 5.539631 15.71001 17.70285
v 5.539631 12.71001 17.70285
v 5.996231 15.71001 19.99905
v 5.996231 12.71001 19.99905
v 5.539631 15.71001 22.29525
v 5.539631 12.71001 22.29525
v 4.238831 15.71001 24.24165
v 4.238831 12.71001 24.24165
v 2.292431 15.71001 25.54245
v 2.292431 12.71001 25.54245
v -0.003768921 15.71001 25.99905
v -0.003768921 12.71001 25.99905
v -2.299969 15.71001 25.54245
v -2.299969 12.71001 25.54245
v -4.246368 15.71001 24.24165
v -4.246368 12.71001 24.24165
v -5.547169 15.71001 22.29525
v -5.547169 12.71001 22.29525
v -0.3337708 15.71001 14.06905
v -0.3337708 12.71001 14.06905
v -0.3337708 12.71001 14.06905
v -0.3337708 15.71001 14.06905
v -10.40377 15.71001 3.999051
v -10.40377 12.71001 3.999051
v -10.40377 12.71001 3.999051
v -10.40377 15.71001 3.999051
v 13.29623 15.71001 3.999051
v 13.29623 12.71001 3.999051
v 13.29623 12.71001 3.999051
v 13.29623 15.71001 3.999051
v 14.39623 15.71001 5.599051
v 14.39623 12.71001 5.599051
v 19.99623 15.71001 7.999052
v 16.93463 15.71001 7.390252
v 14.33943 15.71001 5.655851
v 19.99623 15.71001 -8.000949
v 23.05783 15.71001 -7.392148
v 25.65303 15.71001 -5.657748
v 27.38743 15.71001 -3.062549
v 27.99623 15.71001 -0.0009486266
v 27.38743 15.71001 3.060651
v 25.65303 15.71001 5.655851
v 23.05783 15.71001 7.390252
v 16.93463 15.71001 -7.392148
v 14.33943 15.71001 -5.657748
v 14.39623 12.71001 -5.600949
v 14.39623 15.71001 -5.600948
v 13.29623 15.71001 -4.000948
v 13.29623 12.71001 -4.000949
v 13.29623 12.71001 -4.000949
v 13.29623 15.71001 -4.000948
v -10.40377 15.71001 -4.000948
v -10.40377 12.71001 -4.000949
v -10.40377 12.71001 -4.000949
v -10.40377 15.71001 -4.000948
v -0.3337708 15.71001 -14.07095
v -0.3337708 12.71001 -14.07095
v -0.3337708 12.71001 -14.07095
v -0.3337708 15.71001 -14.07095
v -0.003768921 15.71001 -14.00095
v -0.003768921 12.71001 -14.00095
v 2.292431 15.71001 -14.45755
v 2.292431 12.71001 -14.45755
v 4.238831 15.71001 -15.75835
v 4.238831 12.71001 -15.75835
v 5.539631 15.71001 -17.70475
v 5.539631 12.71001 -17.70475
v 5.996231 15.71001 -20.00095
v 5.996231 12.71001 -20.00095
v 5.539631 15.71001 -22.29715
v 5.539631 12.71001 -22.29715
v 4.238831 15.71001 -24.24355
v 4.238831 12.71001 -24.24355
v 2.292431 15.71001 -25.54435
v 2.292431 12.71001 -25.54435
v -0.003768921 15.71001 -26.00095
v -0.003768921 12.71001 -26.00095
v -2.299969 15.71001 -25.54435
v -2.299969 12.71001 -25.54435
v -4.246368 15.71001 -24.24355
v -4.246368 12.71001 -24.24355
v -5.547169 15.71001 -22.29715
v -5.547169 12.71001 -22.29715
v -6.003769 15.71001 -20.00095
v -6.003769 12.71001 -20.00095
v -5.933769 15.71001 -19.67095
v -5.933769 12.71001 -19.67095
v -5.933769 12.71001 -19.67095
v -5.933769 15.71001 -19.67095
v -21.60377 15.71001 -4.000948
v -21.60377 12.71001 -4.000949
v -21.60377 12.71001 -4.000949
v -21.60377 15.71001 -4.000948
v -30.40377 15.71001 -4.000948
v -30.40377 12.71001 -4.000949
v -30.40377 12.71001 -4.000949
v -30.40377 15.71001 -4.000948
v -20.33377 15.71001 -14.07095
v -20.33377 12.71001 -14.07095
v -20.33377 12.71001 -14.07095
v -20.33377 15.71001 -14.07095
v -20.00377 15.71001 -14.00095
v -20.00377 12.71001 -14.00095
v -17.70757 15.71001 -14.45755
v -17.70757 12.71001 -14.45755
v -15.76117 15.71001 -15.75835
v -15.76117 12.71001 -15.75835
v -14.46037 15.71001 -17.70475
v -14.46037 12.71001 -17.70475
v -14.00377 15.71001 -20.00095
v -14.00377 12.71001 -20.00095
v -14.46037 15.71001 -22.29715
v -14.46037 12.71001 -22.29715
v -15.76117 15.71001 -24.24355
v -15.76117 12.71001 -24.24355
v -17.70757 15.71001 -25.54435
v -17.70757 12.71001 -25.54435
v -20.00377 15.71001 -26.00095
v -20.00377 12.71001 -26.00095
v -22.29997 15.71001 -25.54435
v -22.29997 12.71001 -25.54435
v -24.24637 15.71001 -24.24355
v -24.24637 12.71001 -24.24355
v -25.54717 15.71001 -22.29715
v -25.54717 12.71001 -22.29715
v -26.00377 15.71001 -20.00095
v -26.00377 12.71001 -20.00095
v -25.93377 15.71001 -19.67095
v -25.93377 12.71001 -19.67095
v -25.93377 12.71001 -19.67095
v -25.93377 15.71001 -19.67095
v -36.32377 15.71001 -9.280949
v -36.32377 12.71001 -9.280949
v -36.32377 12.71001 -9.280949
v -36.32377 15.71001 -9.280949
v -20.33377 12.71001 14.06905
v -30.40377 12.71001 3.999051
v -36.00377 12.71001 9.599051
v -25.93377 12.71001 19.66905
v -0.3337708 12.71001 14.06905
v -10.40377 12.71001 3.999051
v -21.60377 12.71001 3.999051
v -5.933769 12.71001 19.66905
v 13.29623 12.71001 -4.000949
v -30.40377 12.71001 -4.000949
v 13.29623 12.71001 3.999051
v -0.3337708 12.71001 -14.07095
v -5.933769 12.71001 -19.67095
v -21.60377 12.71001 -4.000949
v -10.40377 12.71001 -4.000949
v -20.33377 12.71001 -14.07095
v -25.93377 12.71001 -19.67095
v -36.00377 12.71001 -9.600949
v -46.00377 12.71001 -0.0009488889
v -44.00377 12.71001 -0.0009488889
v -43.69937 12.71001 -1.531749
v -45.54717 12.71001 -2.297149
v -42.83217 12.71001 -2.829349
v -44.24637 12.71001 -4.243549
v -41.53457 12.71001 -3.696549
v -42.29997 12.71001 -5.544349
v -40.00377 12.71001 -4.000949
v -40.00377 12.71001 -6.000949
v -38.47297 12.71001 -3.696549
v -37.70757 12.71001 -5.544349
v -37.17537 12.71001 -2.829349
v -35.76117 12.71001 -4.243549
v -36.30817 12.71001 -1.531749
v -34.46037 12.71001 -2.297149
v -36.00377 12.71001 -0.0009488889
v -34.00377 12.71001 -0.0009488889
v -36.30817 12.71001 1.529851
v -34.46037 12.71001 2.295251
v -37.17537 12.71001 2.827451
v -35.76117 12.71001 4.241651
v -38.47297 12.71001 3.694651
v -37.70757 12.71001 5.542451
v -40.00377 12.71001 3.999051
v -40.00377 12.71001 5.999051
v -41.53457 12.71001 3.694651
v -42.29997 12.71001 5.542451
v -42.83217 12.71001 2.827451
v -44.24637 12.71001 4.241651
v -43.69937 12.71001 1.529851
v -45.54717 12.71001 2.295251
v -50.00377 12.71001 -0.0009488889
v -48.00377 12.71001 -0.0009488889
v -47.39497 12.71001 -3.062549
v -49.24277 12.71001 -3.827949
v -45.66057 12.71001 -5.657749
v -47.07477 12.71001 -7.071949
v -43.06537 12.71001 -7.392149
v -43.83077 12.71001 -9.239949
v -40.00377 12.71001 -8.000949
v -40.00377 12.71001 -10.00095
v -36.94217 12.71001 -7.392149
v -36.17677 12.71001 -9.239949
v -34.34697 12.71001 -5.657749
v -32.93277 12.71001 -7.071949
v -32.61257 12.71001 -3.062549
v -30.76477 12.71001 -3.827949
v -32.00377 12.71001 -0.0009488889
v -30.00377 12.71001 -0.0009488889
v -32.61257 12.71001 3.060651
v -30.76477 12.71001 3.826051
v -34.34697 12.71001 5.655851
v -32.93277 12.71001 7.070051
v -36.94217 12.71001 7.390251
v -36.17677 12.71001 9.238051
v -40.00377 12.71001 7.999051
v -40.00377 12.71001 9.999051
v -43.06537 12.71001 7.390251
v -43.83077 12.71001 9.238051
v -45.66057 12.71001 5.655851
v -47.07477 12.71001 7.070051
v -47.39497 12.71001 3.060651
v -49.24277 12.71001 3.826051
v -26.00377 12.71001 19.99905
v -24.00377 12.71001 19.99905
v -23.69937 12.71001 18.46825
v -25.54717 12.71001 17.70285
v -22.83217 12.71001 17.17065
v -24.24637 12.71001 15.75645
v -21.53457 12.71001 16.30345
v -22.29997 12.71001 14.45565
v -20.00377 12.71001 15.99905
v -20.00377 12.71001 13.99905
v -18.47297 12.71001 16.30345
v -17.70757 12.71001 14.45565
v -17.17537 12.71001 17.17065
v -15.76117 12.71001 15.75645
v -16.30817 12.71001 18.46825
v -14.46037 12.71001 17.70285
v -16.00377 12.71001 19.99905
v -14.00377 12.71001 19.99905
v -16.30817 12.71001 21.52985
v -14.46037 12.71001 22.29525
v -17.17537 12.71001 22.82745
v -15.76117 12.71001 24.24165
v -18.47297 12.71001 23.69465
v -17.70757 12.71001 25.54245
v -20.00377 12.71001 23.99905
v -20.00377 12.71001 25.99905
v -21.53457 12.71001 23.69465
v -22.29997 12.71001 25.54245
v -22.83217 12.71001 22.82745
v -24.24637 12.71001 24.24165
v -23.69937 12.71001 21.52985
v -25.54717 12.71001 22.29525
v -26.00377 12.71001 -20.00095
v -24.00377 12.71001 -20.00095
v -23.69937 12.71001 -21.53175
v -25.54717 12.71001 -22.29715
v -22.83217 12.71001 -22.82935
v -24.24637 12.71001 -24.24355
v -21.53457 12.71001 -23.69655
v -22.29997 12.71001 -25.54435
v -20.00377 12.71001 -24.00095
v -20.00377 12.71001 -26.00095
v -18.47297 12.71001 -23.69655
v -17.70757 12.71001 -25.54435
v -17.17537 12.71001 -22.82935
v -15.76117 12.71001 -24.24355
v -16.30817 12.71001 -21.53175
v -14.46037 12.71001 -22.29715
v -16.00377 12.71001 -20.00095
v -14.00377 12.71001 -20.00095
v -16.30817 12.71001 -18.47015
v -14.46037 12.71001 -17.70475
v -17.17537 12.71001 -17.17255
v -15.76117 12.71001 -15.75835
v -18.47297 12.71001 -16.30535
v -17.70757 12.71001 -14.45755
v -20.00377 12.71001 -16.00095
v -20.00377 12.71001 -14.00095
v -21.53457 12.71001 -16.30535
v -22.29997 12.71001 -14.45755
v -22.83217 12.71001 -17.17255
v -24.24637 12.71001 -15.75835
v -23.69937 12.71001 -18.47015
v -25.54717 12.71001 -17.70475
v -6.003769 12.71001 19.99905
v -4.003769 12.71001 19.99905
v -3.699368 12.71001 18.46825
v -5.547169 12.71001 17.70285
v -2.832169 12.71001 17.17065
v -4.246368 12.71001 15.75645
v -1.534569 12.71001 16.30345
v -2.299969 12.71001 14.45565
v -0.003768921 12.71001 15.99905
v -0.003768921 12.71001 13.99905
v 1.527031 12.71001 16.30345
v 2.292431 12.71001 14.45565
v 2.824631 12.71001 17.17065
v 4.238831 12.71001 15.75645
v 3.69183 12.71001 18.46825
v 5.539631 12.71001 17.70285
v 3.996231 12.71001 19.99905
v 5.996231 12.71001 19.99905
v 3.69183 12.71001 21.52985
v 5.539631 12.71001 22.29525
v 2.824631 12.71001 22.82745
v 4.238831 12.71001 24.24165
v 1.527031 12.71001 23.69465
v 2.292431 12.71001 25.54245
v -0.003768921 12.71001 23.99905
v -0.003768921 12.71001 25.99905
v -1.534569 12.71001 23.69465
v -2.299969 12.71001 25.54245
v -2.832169 12.71001 22.82745
v -4.246368 12.71001 24.24165
v -3.699368 12.71001 21.52985
v -5.547169 12.71001 22.29525
v -6.003769 12.71001 -20.00095
v -4.003769 12.71001 -20.00095
v -3.699368 12.71001 -21.53175
v -5.547169 12.71001 -22.29715
v -2.832169 12.71001 -22.82935
v -4.246368 12.71001 -24.24355
v -1.534569 12.71001 -23.69655
v -2.299969 12.71001 -25.54435
v -0.003768921 12.71001 -24.00095
v -0.003768921 12.71001 -26.00095
v 1.527031 12.71001 -23.69655
v 2.292431 12.71001 -25.54435
v 2.824631 12.71001 -22.82935
v 4.238831 12.71001 -24.24355
v 3.69183 12.71001 -21.53175
v 5.539631 12.71001 -22.29715
v 3.996231 12.71001 -20.00095
v 5.996231 12.71001 -20.00095
v 3.69183 12.71001 -18.47015
v 5.539631 12.71001 -17.70475
v 2.824631 12.71001 -17.17255
v 4.238831 12.71001 -15.75835
v 1.527031 12.71001 -16.30535
v 2.292431 12.71001 -14.45755
v -0.003768921 12.71001 -16.00095
v -0.003768921 12.71001 -14.00095
v -1.534569 12.71001 -16.30535
v -2.299969 12.71001 -14.45755
v -2.832169 12.71001 -17.17255
v -4.246368 12.71001 -15.75835
v -3.699368 12.71001 -18.47015
v -5.547169 12.71001 -17.70475
v 13.99623 12.71001 -0.0009488889
v 15.99623 12.71001 -0.0009488889
v 16.30063 12.71001 -1.531749
v 14.45283 12.71001 -2.297149
v 17.16783 12.71001 -2.829349
v 15.75363 12.71001 -4.243549
v 18.46543 12.71001 -3.696549
v 17.70003 12.71001 -5.544349
v 19.99623 12.71001 -4.000949
v 19.99623 12.71001 -6.000949
v 21.52703 12.71001 -3.696549
v 22.29243 12.71001 -5.544349
v 22.82463 12.71001 -2.829349
v 24.23883 12.71001 -4.243549
v 23.69183 12.71001 -1.531749
v 25.53963 12.71001 -2.297149
v 23.99623 12.71001 -0.0009488889
v 25.99623 12.71001 -0.0009488889
v 23.69183 12.71001 1.529851
v 25.53963 12.71001 2.295251
v 22.82463 12.71001 2.827451
v 24.23883 12.71001 4.241651
v 21.52703 12.71001 3.694651
v 22.29243 12.71001 5.542451
v 19.99623 12.71001 3.999051
v 19.99623 12.71001 5.999051
v 18.46543 12.71001 3.694651
v 17.70003 12.71001 5.542451
v 17.16783 12.71001 2.827451
v 15.75363 12.71001 4.241651
v 16.30063 12.71001 1.529851
v 14.45283 12.71001 2.295251
v -20.33377 15.71001 14.06905
v -25.93377 15.71001 19.66905
v -36.00377 15.71001 9.599051
v -30.40377 15.71001 3.999051
v -0.3337708 15.71001 14.06905
v -5.933769 15.71001 19.66905
v -21.60377 15.71001 3.999051
v -10.40377 15.71001 3.999051
v 13.29623 15.71001 -4.000948
v 13.29623 15.71001 3.999051
v -30.40377 15.71001 -4.000948
v -0.3337708 15.71001 -14.07095
v -10.40377 15.71001 -4.000948
v -21.60377 15.71001 -4.000948
v -5.933769 15.71001 -19.67095
v -20.33377 15.71001 -14.07095
v -36.00377 15.71001 -9.600949
v -25.93377 15.71001 -19.67095
v -48.00377 15.71001 -0.0009486266
v -46.00377 15.71001 -0.0009486266
v -45.54717 15.71001 2.295251
v -47.39497 15.71001 3.060651
v -44.24637 15.71001 4.241652
v -45.66057 15.71001 5.655851
v -42.29997 15.71001 5.542451
v -43.06537 15.71001 7.390252
v -40.00377 15.71001 5.999052
v -40.00377 15.71001 7.999052
v -37.70757 15.71001 5.542451
v -36.94217 15.71001 7.390252
v -35.76117 15.71001 4.241652
v -34.34697 15.71001 5.655851
v -34.46037 15.71001 2.295251
v -32.61257 15.71001 3.060651
v -34.00377 15.71001 -0.0009486266
v -32.00377 15.71001 -0.0009486266
v -34.46037 15.71001 -2.297149
v -32.61257 15.71001 -3.062549
v -35.76117 15.71001 -4.243548
v -34.34697 15.71001 -5.657748
v -37.70757 15.71001 -5.544348
v -36.94217 15.71001 -7.392148
v -40.00377 15.71001 -6.000948
v -40.00377 15.71001 -8.000949
v -42.29997 15.71001 -5.544348
v -43.06537 15.71001 -7.392148
v -44.24637 15.71001 -4.243548
v -45.66057 15.71001 -5.657748
v -45.54717 15.71001 -2.297149
v -47.39497 15.71001 -3.062549
v -50.00377 15.71001 -0.0009486266
v -49.24277 15.71001 3.826051
v -47.07477 15.71001 7.070052
v -43.83077 15.71001 9.238051
v -40.00377 15.71001 9.999051
v -36.17677 15.71001 9.238051
v -32.93277 15.71001 7.070052
v -30.76477 15.71001 3.826051
v -30.00377 15.71001 -0.0009486266
v -30.76477 15.71001 -3.827949
v -32.93277 15.71001 -7.071949
v -36.17677 15.71001 -9.239949
v -40.00377 15.71001 -10.00095
v -43.83077 15.71001 -9.239949
v -47.07477 15.71001 -7.071949
v -49.24277 15.71001 -3.827949
v 11.99623 15.71001 -0.0009486266
v 13.99623 15.71001 -0.0009486266
v 14.45283 15.71001 2.295251
v 12.60503 15.71001 3.060651
v 15.75363 15.71001 4.241652
v 14.33943 15.71001 5.655851
v 17.70003 15.71001 5.542451
v 16.93463 15.71001 7.390252
v 19.99623 15.71001 5.999052
v 19.99623 15.71001 7.999052
v 22.29243 15.71001 5.542451
v 23.05783 15.71001 7.390252
v 24.23883 15.71001 4.241652
v 25.65303 15.71001 5.655851
v 25.53963 15.71001 2.295251
v 27.38743 15.71001 3.060651
v 25.99623 15.71001 -0.0009486266
v 27.99623 15.71001 -0.0009486266
v 25.53963 15.71001 -2.297149
v 27.38743 15.71001 -3.062549
v 24.23883 15.71001 -4.243548
v 25.65303 15.71001 -5.657748
v 22.29243 15.71001 -5.544348
v 23.05783 15.71001 -7.392148
v 19.99623 15.71001 -6.000948
v 19.99623 15.71001 -8.000949
v 17.70003 15.71001 -5.544348
v 16.93463 15.71001 -7.392148
v 15.75363 15.71001 -4.243548
v 14.33943 15.71001 -5.657748
v 14.45283 15.71001 -2.297149
v 12.60503 15.71001 -3.062549
v -40.00377 19.71001 -4.000948
v -41.53457 19.71001 -3.696548
v -42.83217 19.71001 -2.829348
v -43.69937 19.71001 -1.531748
v -44.00377 19.71001 -0.0009482769
v -43.69937 19.71001 1.529852
v -42.83217 19.71001 2.827452
v -41.53457 19.71001 3.694652
v -40.00377 19.71001 3.999052
v -38.47297 19.71001 3.694652
v -37.17537 19.71001 2.827452
v -36.30817 19.71001 1.529852
v -36.00377 19.71001 -0.0009482769
v -36.30817 19.71001 -1.531748
v -37.17537 19.71001 -2.829348
v -38.47297 19.71001 -3.696548
v -40.00377 19.71001 -6.000948
v -42.29997 19.71001 -5.544348
v -42.29997 15.71001 -5.544348
v -40.00377 15.71001 -6.000948
v -44.24637 19.71001 -4.243548
v -44.24637 15.71001 -4.243548
v -45.54717 19.71001 -2.297148
v -45.54717 15.71001 -2.297149
v -46.00377 19.71001 -0.0009482769
v -46.00377 15.71001 -0.0009486266
v -45.54717 19.71001 2.295252
v -45.54717 15.71001 2.295251
v -44.24637 19.71001 4.241652
v -44.24637 15.71001 4.241652
v -42.29997 19.71001 5.542451
v -42.29997 15.71001 5.542451
v -40.00377 19.71001 5.999052
v -40.00377 15.71001 5.999052
v -37.70757 19.71001 5.542451
v -37.70757 15.71001 5.542451
v -35.76117 19.71001 4.241652
v -35.76117 15.71001 4.241652
v -34.46037 19.71001 2.295252
v -34.46037 15.71001 2.295251
v -34.00377 19.71001 -0.0009482769
v -34.00377 15.71001 -0.0009486266
v -34.46037 19.71001 -2.297148
v -34.46037 15.71001 -2.297149
v -35.76117 19.71001 -4.243548
v -35.76117 15.71001 -4.243548
v -37.70757 19.71001 -5.544348
v -37.70757 15.71001 -5.544348
v -46.00377 19.71001 -0.0009482769
v -44.00377 19.71001 -0.0009482769
v -43.69937 19.71001 1.529852
v -45.54717 19.71001 2.295252
v -42.83217 19.71001 2.827452
v -44.24637 19.71001 4.241652
v -41.53457 19.71001 3.694652
v -42.29997 19.71001 5.542451
v -40.00377 19.71001 3.999052
v -40.00377 19.71001 5.999052
v -38.47297 19.71001 3.694652
v -37.70757 19.71001 5.542451
v -37.17537 19.71001 2.827452
v -35.76117 19.71001 4.241652
v -36.30817 19.71001 1.529852
v -34.46037 19.71001 2.295252
v -36.00377 19.71001 -0.0009482769
v -34.00377 19.71001 -0.0009482769
v -36.30817 19.71001 -1.531748
v -34.46037 19.71001 -2.297148
v -37.17537 19.71001 -2.829348
v -35.76117 19.71001 -4.243548
v -38.47297 19.71001 -3.696548
v -37.70757 19.71001 -5.544348
v -40.00377 19.71001 -4.000948
v -40.00377 19.71001 -6.000948
v -41.53457 19.71001 -3.696548
v -42.29997 19.71001 -5.544348
v -42.83217 19.71001 -2.829348
v -44.24637 19.71001 -4.243548
v -43.69937 19.71001 -1.531748
v -45.54717 19.71001 -2.297148
v -20.00377 19.71001 -24.00095
v -21.53457 19.71001 -23.69655
v -22.83217 19.71001 -22.82935
v -23.69937 19.71001 -21.53175
v -24.00377 19.71001 -20.00095
v -23.69937 19.71001 -18.47015
v -22.83217 19.71001 -17.17255
v -21.53457 19.71001 -16.30535
v -20.00377 19.71001 -16.00095
v -18.47297 19.71001 -16.30535
v -17.17537 19.71001 -17.17255
v -16.30817 19.71001 -18.47015
v -16.00377 19.71001 -20.00095
v -16.30817 19.71001 -21.53175
v -17.17537 19.71001 -22.82935
v -18.47297 19.71001 -23.69655
v -20.00377 19.71001 -26.00095
v -22.29997 19.71001 -25.54435
v -24.24637 19.71001 -24.24355
v -25.54717 19.71001 -22.29715
v -26.00377 19.71001 -20.00095
v -25.54717 19.71001 -17.70475
v -25.54717 15.71001 -17.70475
v -24.24637 19.71001 -15.75835
v -24.24637 15.71001 -15.75835
v -22.29997 19.71001 -14.45755
v -22.29997 15.71001 -14.45755
v -20.00377 19.71001 -14.00095
v -17.70757 19.71001 -14.45755
v -15.76117 19.71001 -15.75835
v -14.46037 19.71001 -17.70475
v -14.00377 19.71001 -20.00095
v -14.46037 19.71001 -22.29715
v -15.76117 19.71001 -24.24355
v -17.70757 19.71001 -25.54435
v -26.00377 19.71001 -20.00095
v -24.00377 19.71001 -20.00095
v -23.69937 19.71001 -18.47015
v -25.54717 19.71001 -17.70475
v -22.83217 19.71001 -17.17255
v -24.24637 19.71001 -15.75835
v -21.53457 19.71001 -16.30535
v -22.29997 19.71001 -14.45755
v -20.00377 19.71001 -16.00095
v -20.00377 19.71001 -14.00095
v -18.47297 19.71001 -16.30535
v -17.70757 19.71001 -14.45755
v -17.17537 19.71001 -17.17255
v -15.76117 19.71001 -15.75835
v -16.30817 19.71001 -18.47015
v -14.46037 19.71001 -17.70475
v -16.00377 19.71001 -20.00095
v -14.00377 19.71001 -20.00095
v -16.30817 19.71001 -21.53175
v -14.46037 19.71001 -22.29715
v -17.17537 19.71001 -22.82935
v -15.76117 19.71001 -24.24355
v -18.47297 19.71001 -23.69655
v -17.70757 19.71001 -25.54435
v -20.00377 19.71001 -24.00095
v -20.00377 19.71001 -26.00095
v -21.53457 19.71001 -23.69655
v -22.29997 19.71001 -25.54435
v -22.83217 19.71001 -22.82935
v -24.24637 19.71001 -24.24355
v -23.69937 19.71001 -21.53175
v -25.54717 19.71001 -22.29715
v -20.00377 19.71001 15.99905
v -21.53457 19.71001 16.30345
v -22.83217 19.71001 17.17065
v -23.69937 19.71001 18.46825
v -24.00377 19.71001 19.99905
v -23.69937 19.71001 21.52985
v -22.83217 19.71001 22.82745
v -21.53457 19.71001 23.69465
v -20.00377 19.71001 23.99905
v -18.47297 19.71001 23.69465
v -17.17537 19.71001 22.82745
v -16.30817 19.71001 21.52985
v -16.00377 19.71001 19.99905
v -16.30817 19.71001 18.46825
v -17.17537 19.71001 17.17065
v -18.47297 19.71001 16.30345
v -20.00377 19.71001 13.99905
v -22.29997 19.71001 14.45565
v -22.29997 15.71001 14.45565
v -24.24637 19.71001 15.75645
v -24.24637 15.71001 15.75645
v -25.54717 19.71001 17.70285
v -25.54717 15.71001 17.70285
v -26.00377 19.71001 19.99905
v -25.54717 19.71001 22.29525
v -24.24637 19.71001 24.24165
v -22.29997 19.71001 25.54245
v -20.00377 19.71001 25.99905
v -17.70757 19.71001 25.54245
v -15.76117 19.71001 24.24165
v -14.46037 19.71001 22.29525
v -14.00377 19.71001 19.99905
v -14.46037 19.71001 17.70285
v -15.76117 19.71001 15.75645
v -17.70757 19.71001 14.45565
v -26.00377 19.71001 19.99905
v -24.00377 19.71001 19.99905
v -23.69937 19.71001 21.52985
v -25.54717 19.71001 22.29525
v -22.83217 19.71001 22.82745
v -24.24637 19.71001 24.24165
v -21.53457 19.71001 23.69465
v -22.29997 19.71001 25.54245
v -20.00377 19.71001 23.99905
v -20.00377 19.71001 25.99905
v -18.47297 19.71001 23.69465
v -17.70757 19.71001 25.54245
v -17.17537 19.71001 22.82745
v -15.76117 19.71001 24.24165
v -16.30817 19.71001 21.52985
v -14.46037 19.71001 22.29525
v -16.00377 19.71001 19.99905
v -14.00377 19.71001 19.99905
v -16.30817 19.71001 18.46825
v -14.46037 19.71001 17.70285
v -17.17537 19.71001 17.17065
v -15.76117 19.71001 15.75645
v -18.47297 19.71001 16.30345
v -17.70757 19.71001 14.45565
v -20.00377 19.71001 15.99905
v -20.00377 19.71001 13.99905
v -21.53457 19.71001 16.30345
v -22.29997 19.71001 14.45565
v -22.83217 19.71001 17.17065
v -24.24637 19.71001 15.75645
v -23.69937 19.71001 18.46825
v -25.54717 19.71001 17.70285
v -0.003768921 19.71001 -24.00095
v -1.534569 19.71001 -23.69655
v -2.832169 19.71001 -22.82935
v -3.699368 19.71001 -21.53175
v -4.003769 19.71001 -20.00095
v -3.699368 19.71001 -18.47015
v -2.832169 19.71001 -17.17255
v -1.534569 19.71001 -16.30535
v -0.003768921 19.71001 -16.00095
v 1.527031 19.71001 -16.30535
v 2.824631 19.71001 -17.17255
v 3.69183 19.71001 -18.47015
v 3.996231 19.71001 -20.00095
v 3.69183 19.71001 -21.53175
v 2.824631 19.71001 -22.82935
v 1.527031 19.71001 -23.69655
v -0.003768921 19.71001 -26.00095
v -2.299969 19.71001 -25.54435
v -4.246368 19.71001 -24.24355
v -5.547169 19.71001 -22.29715
v -6.003769 19.71001 -20.00095
v -5.547169 19.71001 -17.70475
v -5.547169 15.71001 -17.70475
v -4.246368 19.71001 -15.75835
v -4.246368 15.71001 -15.75835
v -2.299969 19.71001 -14.45755
v -2.299969 15.71001 -14.45755
v -0.003768921 19.71001 -14.00095
v 2.292431 19.71001 -14.45755
v 4.238831 19.71001 -15.75835
v 5.539631 19.71001 -17.70475
v 5.996231 19.71001 -20.00095
v 5.539631 19.71001 -22.29715
v 4.238831 19.71001 -24.24355
v 2.292431 19.71001 -25.54435
v -6.003769 19.71001 -20.00095
v -4.003769 19.71001 -20.00095
v -3.699368 19.71001 -18.47015
v -5.547169 19.71001 -17.70475
v -2.832169 19.71001 -17.17255
v -4.246368 19.71001 -15.75835
v -1.534569 19.71001 -16.30535
v -2.299969 19.71001 -14.45755
v -0.003768921 19.71001 -16.00095
v -0.003768921 19.71001 -14.00095
v 1.527031 19.71001 -16.30535
v 2.292431 19.71001 -14.45755
v 2.824631 19.71001 -17.17255
v 4.238831 19.71001 -15.75835
v 3.69183 19.71001 -18.47015
v 5.539631 19.71001 -17.70475
v 3.996231 19.71001 -20.00095
v 5.996231 19.71001 -20.00095
v 3.69183 19.71001 -21.53175
v 5.539631 19.71001 -22.29715
v 2.824631 19.71001 -22.82935
v 4.238831 19.71001 -24.24355
v 1.527031 19.71001 -23.69655
v 2.292431 19.71001 -25.54435
v -0.003768921 19.71001 -24.00095
v -0.003768921 19.71001 -26.00095
v -1.534569 19.71001 -23.69655
v -2.299969 19.71001 -25.54435
v -2.832169 19.71001 -22.82935
v -4.246368 19.71001 -24.24355
v -3.699368 19.71001 -21.53175
v -5.547169 19.71001 -22.29715
v -0.003768921 19.71001 15.99905
v -1.534569 19.71001 16.30345
v -2.832169 19.71001 17.17065
v -3.699368 19.71001 18.46825
v -4.003769 19.71001 19.99905
v -3.699368 19.71001 21.52985
v -2.832169 19.71001 22.82745
v -1.534569 19.71001 23.69465
v -0.003768921 19.71001 23.99905
v 1.527031 19.71001 23.69465
v 2.824631 19.71001 22.82745
v 3.69183 19.71001 21.52985
v 3.996231 19.71001 19.99905
v 3.69183 19.71001 18.46825
v 2.824631 19.71001 17.17065
v 1.527031 19.71001 16.30345
v -0.003768921 19.71001 13.99905
v -2.299969 19.71001 14.45565
v -2.299969 15.71001 14.45565
v -4.246368 19.71001 15.75645
v -4.246368 15.71001 15.75645
v -5.547169 19.71001 17.70285
v -5.547169 15.71001 17.70285
v -6.003769 19.71001 19.99905
v -5.547169 19.71001 22.29525
v -4.246368 19.71001 24.24165
v -2.299969 19.71001 25.54245
v -0.003768921 19.71001 25.99905
v 2.292431 19.71001 25.54245
v 4.238831 19.71001 24.24165
v 5.539631 19.71001 22.29525
v 5.996231 19.71001 19.99905
v 5.539631 19.71001 17.70285
v 4.238831 19.71001 15.75645
v 2.292431 19.71001 14.45565
v -6.003769 19.71001 19.99905
v -4.003769 19.71001 19.99905
v -3.699368 19.71001 21.52985
v -5.547169 19.71001 22.29525
v -2.832169 19.71001 22.82745
v -4.246368 19.71001 24.24165
v -1.534569 19.71001 23.69465
v -2.299969 19.71001 25.54245
v -0.003768921 19.71001 23.99905
v -0.003768921 19.71001 25.99905
v 1.527031 19.71001 23.69465
v 2.292431 19.71001 25.54245
v 2.824631 19.71001 22.82745
v 4.238831 19.71001 24.24165
v 3.69183 19.71001 21.52985
v 5.539631 19.71001 22.29525
v 3.996231 19.71001 19.99905
v 5.996231 19.71001 19.99905
v 3.69183 19.71001 18.46825
v 5.539631 19.71001 17.70285
v 2.824631 19.71001 17.17065
v 4.238831 19.71001 15.75645
v 1.527031 19.71001 16.30345
v 2.292431 19.71001 14.45565
v -0.003768921 19.71001 15.99905
v -0.003768921 19.71001 13.99905
v -1.534569 19.71001 16.30345
v -2.299969 19.71001 14.45565
v -2.832169 19.71001 17.17065
v -4.246368 19.71001 15.75645
v -3.699368 19.71001 18.46825
v -5.547169 19.71001 17.70285
v 19.99623 19.71001 -4.000948
v 18.46543 19.71001 -3.696548
v 17.16783 19.71001 -2.829348
v 16.30063 19.71001 -1.531748
v 15.99623 19.71001 -0.0009482769
v 16.30063 19.71001 1.529852
v 17.16783 19.71001 2.827452
v 18.46543 19.71001 3.694652
v 19.99623 19.71001 3.999052
v 21.52703 19.71001 3.694652
v 22.82463 19.71001 2.827452
v 23.69183 19.71001 1.529852
v 23.99623 19.71001 -0.0009482769
v 23.69183 19.71001 -1.531748
v 22.82463 19.71001 -2.829348
v 21.52703 19.71001 -3.696548
v 19.99623 19.71001 -6.000948
v 17.70003 19.71001 -5.544348
v 17.70003 15.71001 -5.544348
v 19.99623 15.71001 -6.000948
v 15.75363 19.71001 -4.243548
v 15.75363 15.71001 -4.243548
v 14.45283 19.71001 -2.297148
v 14.45283 15.71001 -2.297149
v 13.99623 19.71001 -0.0009482769
v 13.99623 15.71001 -0.0009486266
v 14.45283 19.71001 2.295252
v 14.45283 15.71001 2.295251
v 15.75363 19.71001 4.241652
v 15.75363 15.71001 4.241652
v 17.70003 19.71001 5.542451
v 17.70003 15.71001 5.542451
v 19.99623 19.71001 5.999052
v 19.99623 15.71001 5.999052
v 22.29243 19.71001 5.542451
v 22.29243 15.71001 5.542451
v 24.23883 19.71001 4.241652
v 24.23883 15.71001 4.241652
v 25.53963 19.71001 2.295252
v 25.53963 15.71001 2.295251
v 25.99623 19.71001 -0.0009482769
v 25.99623 15.71001 -0.0009486266
v 25.53963 19.71001 -2.297148
v 25.53963 15.71001 -2.297149
v 24.23883 19.71001 -4.243548
v 24.23883 15.71001 -4.243548
v 22.29243 19.71001 -5.544348
v 22.29243 15.71001 -5.544348
v 13.99623 19.71001 -0.0009482769
v 15.99623 19.71001 -0.0009482769
v 16.30063 19.71001 1.529852
v 14.45283 19.71001 2.295252
v 17.16783 19.71001 2.827452
v 15.75363 19.71001 4.241652
v 18.46543 19.71001 3.694652
v 17.70003 19.71001 5.542451
v 19.99623 19.71001 3.999052
v 19.99623 19.71001 5.999052
v 21.52703 19.71001 3.694652
v 22.29243 19.71001 5.542451
v 22.82463 19.71001 2.827452
v 24.23883 19.71001 4.241652
v 23.69183 19.71001 1.529852
v 25.53963 19.71001 2.295252
v 23.99623 19.71001 -0.0009482769
v 25.99623 19.71001 -0.0009482769
v 23.69183 19.71001 -1.531748
v 25.53963 19.71001 -2.297148
v 22.82463 19.71001 -2.829348
v 24.23883 19.71001 -4.243548
v 21.52703 19.71001 -3.696548
v 22.29243 19.71001 -5.544348
v 19.99623 19.71001 -4.000948
v 19.99623 19.71001 -6.000948
v 18.46543 19.71001 -3.696548
v 17.70003 19.71001 -5.544348
v 17.16783 19.71001 -2.829348
v 15.75363 19.71001 -4.243548
v 16.30063 19.71001 -1.531748
v 14.45283 19.71001 -2.297148
v 21.19387 28.2308 3.643762
v 21.28957 28.9686 4.465962
v 21.95247 28.8741 6.503063
v 21.23827 30.0685 5.165563
v 21.98637 30.2936 7.368463
v 21.08357 30.9528 4.358263
v 21.71727 31.0853 6.612263
v 21.71727 31.0853 6.612263
v 21.08357 30.9528 4.358263
v 22.34447 31.4157 4.499362
v 23.78157 31.1632 6.777263
v 26.38397 31.4161 0.4213627
v 24.52187 31.5539 1.052063
v 24.80257 31.0638 -1.184137
v 27.91807 30.9265 -2.017537
v 24.80257 31.0638 -1.184137
v 24.40307 29.8173 -1.268937
v 26.27097 29.565 -1.677337
v 27.91807 30.9265 -2.017537
v 26.18747 28.1538 -1.117638
v 23.18667 31.4933 2.141963
v 21.58677 31.0596 1.754663
v 23.41407 30.5346 -1.124937
v 33.41577 28.6265 6.129463
v 35.15987 26.8254 7.839562
v 32.93157 27.9732 6.865562
v 28.15157 30.0315 4.909963
v 30.37417 29.7391 5.172263
v 26.35237 31.1888 3.586563
v 24.52207 31.3617 3.340863
v 24.40127 31.594 2.622363
v 26.71977 31.529 3.291463
v 24.39357 31.6418 3.872463
v 24.52207 31.3617 3.340863
v 28.15157 30.0315 4.909963
v 28.80777 30.0464 5.828563
v 32.93157 27.9732 6.865562
v 32.56257 28.3998 7.275262
v 34.35807 27.2351 8.075462
v 35.15987 26.8254 7.839562
v 25.21467 26.4691 4.692562
v 22.93587 25.8938 3.829062
v 22.91507 28.1628 4.378562
v 24.64777 25.1665 3.601962
v 26.53227 25.4695 4.148262
v 24.64777 25.1665 3.601962
v 26.53227 25.4695 4.148262
v 25.71307 25.1838 3.496862
v 25.09377 24.698 2.945462
v 27.72027 25.6595 3.696962
v 25.90557 25.8613 2.052762
v 25.09377 24.698 2.945462
v 25.71307 25.1838 3.496862
v 27.72027 25.6595 3.696962
v 25.90557 25.8613 2.052762
v 25.71307 25.1838 3.496862
v 24.90587 26.2788 0.5529623
v 26.24657 27.5194 1.155862
v 25.86977 28.0673 0.7022624
v 27.66227 27.7364 0.8386624
v 25.56477 28.1943 -0.4226375
v 23.84937 25.1178 -0.1011378
v 24.48107 24.4869 1.045062
v 23.79407 28.207 -0.5743375
v 29.50767 25.7 4.497762
v 31.26657 25.5192 5.246262
v 28.75657 26.5193 3.201062
v 26.30207 27.2753 5.910062
v 27.86087 26.4101 6.185962
v 21.63467 25.2256 3.558262
v 21.19387 28.2308 3.643762
v 25.86977 28.0673 0.7022624
v 23.55737 22.3726 1.494062
v 24.48107 24.4869 1.045062
v 23.55737 22.3726 1.494062
v 23.98577 23.277 2.303762
v 23.98577 23.277 2.303762
v 23.55737 22.3726 1.494062
v 22.69077 22.7887 2.842762
v 23.44227 23.8945 3.061462
v 23.44227 23.8945 3.061462
v 22.69077 22.7887 2.842762
v 21.19387 28.2308 3.643762
v 22.46067 28.0294 6.615662
v 22.59607 28.1477 5.047962
v 25.46347 27.2561 8.429362
v 23.79407 28.207 -0.5743375
v 22.91507 28.1628 4.378562
v 29.50517 26.8844 3.360062
v 30.47147 27.2177 0.2542624
v 32.70477 26.523 0.04596232
v 32.80357 25.9273 2.695862
v 33.87537 24.3605 7.063862
v 34.90057 25.0095 2.866762
v 34.83987 24.0845 6.262762
v 33.95437 23.8803 8.478062
v 29.84127 25.9858 7.492762
v 30.24077 25.2574 9.879062
v 26.30207 27.2753 5.910062
v 27.66317 29.9669 9.460562
v 27.72927 30.988 6.154963
v 31.79277 29.1473 7.560762
v 30.07257 28.9296 10.05996
v 32.38297 27.8152 9.967662
v 34.35807 27.2351 8.075462
v 34.65027 26.2365 10.27346
v 35.31457 27.5323 5.381262
v 33.41577 28.6265 6.129463
v 30.42457 30.504 4.626263
v 31.94647 30.0043 1.934363
v 33.68427 29.0091 3.374762
v 30.24527 30.7154 -0.2470373
v 28.19637 31.1992 0.6883627
v 24.39357 31.6418 3.872463
v 24.95157 30.5953 9.221462
v 35.54847 22.6148 9.518062
v 31.48427 24.2665 11.46446
v 33.35417 24.0145 8.005363
v 33.46477 24.1446 7.304962
v 33.95437 23.8803 8.478062
v 33.87537 24.3605 7.063862
v 29.84127 25.9858 7.492762
v 30.42907 25.4384 7.263862
v 33.95437 23.8803 8.478062
v 33.35417 24.0145 8.005363
v 28.12557 25.4773 5.019462
v 30.87257 24.8323 6.471662
v 30.87257 24.8323 6.471662
v 30.87257 24.8323 6.471662
v 29.50517 26.8844 3.360062
v 28.12557 25.4773 5.019462
v 23.77097 27.4667 8.895362
v 25.48127 26.904 10.57496
v 26.18747 28.1538 -1.117638
v 30.90617 27.7025 -1.550438
v 32.70477 26.523 0.04596232
v 36.83207 22.5302 7.686461
v 35.81357 22.151 10.49946
v 36.91577 21.8205 9.563462
v 27.72927 30.988 6.154963
v 30.42457 30.504 4.626263
v 26.71977 31.529 3.291463
v 31.79277 29.1473 7.560762
v 23.18667 31.4933 2.141963
v 31.04677 30.435 -2.152037
v 32.71877 29.4225 -0.9097375
v 34.73237 28.3136 1.046762
v 36.43657 26.7976 4.011962
v 37.26207 25.6063 6.374962
v 37.24907 25.2531 7.692062
v 37.40427 23.9164 9.663062
v 36.45667 25.1708 9.601662
v 35.66327 25.0125 11.16076
v 32.13227 26.835 12.26946
v 29.37557 27.8325 12.39776
v 26.54137 29.0035 11.80156
v 23.84807 30.0495 10.72696
v 22.98177 30.623 9.317962
v 20.85117 29.4361 3.867262
v 22.46067 28.0294 6.615662
v 20.96287 30.6733 3.094263
v 28.79277 29.2897 -1.932137
v 30.90617 27.7025 -1.550438
v 32.70477 26.523 0.04596232
v 33.05107 27.4708 -0.1749376
v 30.90617 27.7025 -1.550438
v 34.90057 25.0095 2.866762
v 34.74227 26.472 1.700862
v 35.97187 25.3466 3.901762
v 36.83207 22.5302 7.686461
v 36.91767 24.1621 6.191062
v 37.25747 23.058 8.096562
v 36.91577 21.8205 9.563462
v 37.18657 22.4822 9.687362
v 37.18657 22.4822 9.687362
v 36.91577 21.8205 9.563462
v 35.81357 22.151 10.49946
v 36.63127 23.0814 10.48066
v 34.96707 24.1017 11.32476
v 35.81357 22.151 10.49946
v 31.48427 24.2665 11.46446
v 31.81397 25.3814 11.99196
v 29.20407 26.3261 12.01026
v 25.48127 26.904 10.57496
v 26.55037 27.429 11.44436
v 24.04307 28.419 10.48736
v 23.77097 27.4667 8.895362
v 23.27407 28.2776 8.958462
v 22.98177 30.623 9.317962
v 22.81937 29.7103 8.890362
v 23.84807 30.0495 10.72696
v 32.13227 26.835 12.26946
v 29.37557 27.8325 12.39776
v 35.66327 25.0125 11.16076
v 37.40427 23.9164 9.663062
v 37.24907 25.2531 7.692062
v 37.48327 24.3434 8.170862
v 37.26207 25.6063 6.374962
v 32.71877 29.4225 -0.9097374
v 31.04677 30.435 -2.152037
v 31.02977 29.4043 -2.050037
v 31.02977 29.4043 -2.050037
v 31.04677 30.435 -2.152037
v 23.78257 29.4294 -0.9959375
v 23.79407 28.207 -0.5743375
v 23.41407 30.5346 -1.124937
v 23.84807 30.0495 10.72696
v 26.54137 29.0035 11.80156
v 37.40427 23.9164 9.663062
v 37.48327 24.3434 8.170862
v 37.26207 25.6063 6.374962
v 36.43657 26.7976 4.011962
v 34.73237 28.3136 1.046762
v 20.96287 30.6733 3.094263
v 18.15597 15 0.7663613
v 18.00377 15 0.0009613113
v 20.00377 15 0.0009613113
v 18.58957 15 1.415161
v 19.23837 15 1.848761
v 20.00377 15 2.000961
v 20.76917 15 1.848761
v 21.41797 15 1.415161
v 21.85157 15 0.7663613
v 22.00377 15 0.0009613113
v 21.85157 15 -0.7644387
v 21.41797 15 -1.413239
v 20.76917 15 -1.846839
v 20.00377 15 -1.999039
v 19.23837 15 -1.846839
v 18.58957 15 -1.413239
v 18.15597 15 -0.7644387
v 18.00377 15 0.0009613113
v 18.15597 15 0.7663613
v 18.15597 -6.699732E-08 0.76636
v 18.00377 -8.392587E-11 0.00096
v 18.58957 15 1.415161
v 18.58957 -1.237172E-07 1.41516
v 19.23837 15 1.848761
v 19.23837 -1.616237E-07 1.84876
v 20.00377 15 2.000961
v 20.00377 -1.749295E-07 2.00096
v 20.76917 15 1.848761
v 20.76917 -1.616237E-07 1.84876
v 21.41797 15 1.415161
v 21.41797 -1.237172E-07 1.41516
v 21.85157 15 0.7663613
v 21.85157 -6.699732E-08 0.76636
v 22.00377 15 0.0009613113
v 22.00377 -8.392587E-11 0.00096
v 21.85157 15 -0.7644387
v 21.85157 6.682946E-08 -0.76444
v 21.41797 15 -1.413239
v 21.41797 1.235494E-07 -1.41324
v 20.76917 15 -1.846839
v 20.76917 1.614559E-07 -1.84684
v 20.00377 15 -1.999039
v 20.00377 1.747616E-07 -1.99904
v 19.23837 15 -1.846839
v 19.23837 1.614559E-07 -1.84684
v 18.58957 15 -1.413239
v 18.58957 1.235494E-07 -1.41324
v 18.15597 15 -0.7644387
v 18.15597 6.682946E-08 -0.76444
v 16.00377 -8.392587E-11 0.00096
v 16.30817 -1.339107E-07 1.53176
v 16.30817 30.5 1.531763
v 16.00377 30.5 0.0009626664
v 17.17537 -2.473505E-07 2.82936
v 17.17537 30.5 2.829363
v 18.47297 -3.231635E-07 3.69656
v 18.47297 30.5 3.696563
v 20.00377 -3.49775E-07 4.00096
v 20.00377 30.5 4.000963
v 21.53457 -3.231635E-07 3.69656
v 21.53457 30.5 3.696563
v 22.83217 -2.473505E-07 2.82936
v 22.83217 30.5 2.829363
v 23.69937 -1.339107E-07 1.53176
v 23.69937 30.5 1.531763
v 24.00377 -8.392587E-11 0.00096
v 24.00377 30.5 0.0009626664
v 23.69937 1.337429E-07 -1.52984
v 23.69937 30.5 -1.529837
v 22.83217 2.471826E-07 -2.82744
v 22.83217 30.5 -2.827437
v 21.53457 3.229957E-07 -3.69464
v 21.53457 30.5 -3.694637
v 20.00377 3.496072E-07 -3.99904
v 20.00377 30.5 -3.999037
v 18.47297 3.229957E-07 -3.69464
v 18.47297 30.5 -3.694637
v 17.17537 2.471826E-07 -2.82744
v 17.17537 30.5 -2.827437
v 16.30817 1.337429E-07 -1.52984
v 16.30817 30.5 -1.529837
v 20.00377 -3.49775E-07 4.00096
v 20.00377 -1.749295E-07 2.00096
v 20.76917 -1.616237E-07 1.84876
v 21.53457 -3.231635E-07 3.69656
v 21.41797 -1.237172E-07 1.41516
v 22.83217 -2.473505E-07 2.82936
v 21.85157 -6.699732E-08 0.76636
v 23.69937 -1.339107E-07 1.53176
v 22.00377 -8.392587E-11 0.00096
v 24.00377 -8.392587E-11 0.00096
v 21.85157 6.682946E-08 -0.76444
v 23.69937 1.337429E-07 -1.52984
v 21.41797 1.235494E-07 -1.41324
v 22.83217 2.471826E-07 -2.82744
v 20.76917 1.614559E-07 -1.84684
v 21.53457 3.229957E-07 -3.69464
v 20.00377 1.747616E-07 -1.99904
v 20.00377 3.496072E-07 -3.99904
v 19.23837 1.614559E-07 -1.84684
v 18.47297 3.229957E-07 -3.69464
v 18.58957 1.235494E-07 -1.41324
v 17.17537 2.471826E-07 -2.82744
v 18.15597 6.682946E-08 -0.76444
v 16.30817 1.337429E-07 -1.52984
v 18.00377 -8.392587E-11 0.00096
v 16.00377 -8.392587E-11 0.00096
v 18.15597 -6.699732E-08 0.76636
v 16.30817 -1.339107E-07 1.53176
v 18.58957 -1.237172E-07 1.41516
v 17.17537 -2.473505E-07 2.82936
v 19.23837 -1.616237E-07 1.84876
v 18.47297 -3.231635E-07 3.69656
v 16.30817 30.5 1.531763
v 18.15597 31.3 0.7663627
v 18.00377 31.3 0.0009627363
v 16.00377 30.5 0.0009626664
v 17.17537 30.5 2.829363
v 18.58957 31.3 1.415163
v 18.47297 30.5 3.696563
v 19.23837 31.3 1.848763
v 20.00377 30.5 4.000963
v 20.00377 31.3 2.000963
v 21.53457 30.5 3.696563
v 20.76917 31.3 1.848763
v 22.83217 30.5 2.829363
v 21.41797 31.3 1.415163
v 23.69937 30.5 1.531763
v 21.85157 31.3 0.7663627
v 24.00377 30.5 0.0009626664
v 22.00377 31.3 0.0009627363
v 23.69937 30.5 -1.529837
v 21.85157 31.3 -0.7644373
v 22.83217 30.5 -2.827437
v 21.41797 31.3 -1.413237
v 21.53457 30.5 -3.694637
v 20.76917 31.3 -1.846837
v 20.00377 30.5 -3.999037
v 20.00377 31.3 -1.999037
v 18.47297 30.5 -3.694637
v 19.23837 31.3 -1.846837
v 17.17537 30.5 -2.827437
v 18.58957 31.3 -1.413237
v 16.30817 30.5 -1.529837
v 18.15597 31.3 -0.7644373
v 18.15597 24 0.7663621
v 18.00377 24 0.0009620981
v 20.00377 24 0.0009620981
v 18.58957 24 1.415162
v 19.23837 24 1.848762
v 20.00377 24 2.000962
v 20.76917 24 1.848762
v 21.41797 24 1.415162
v 21.85157 24 0.7663621
v 22.00377 24 0.0009620981
v 21.85157 24 -0.7644379
v 21.41797 24 -1.413238
v 20.76917 24 -1.846838
v 20.00377 24 -1.999038
v 19.23837 24 -1.846838
v 18.58957 24 -1.413238
v 18.15597 24 -0.7644379
v 18.00377 24 0.0009620981
v 18.15597 24 0.7663621
v 18.15597 31.3 0.7663627
v 18.00377 31.3 0.0009627363
v 18.58957 24 1.415162
v 18.58957 31.3 1.415163
v 19.23837 24 1.848762
v 19.23837 31.3 1.848763
v 20.00377 24 2.000962
v 20.00377 31.3 2.000963
v 20.76917 24 1.848762
v 20.76917 31.3 1.848763
v 21.41797 24 1.415162
v 21.41797 31.3 1.415163
v 21.85157 24 0.7663621
v 21.85157 31.3 0.7663627
v 22.00377 24 0.0009620981
v 22.00377 31.3 0.0009627363
v 21.85157 24 -0.7644379
v 21.85157 31.3 -0.7644373
v 21.41797 24 -1.413238
v 21.41797 31.3 -1.413237
v 20.76917 24 -1.846838
v 20.76917 31.3 -1.846837
v 20.00377 24 -1.999038
v 20.00377 31.3 -1.999037
v 19.23837 24 -1.846838
v 19.23837 31.3 -1.846837
v 18.58957 24 -1.413238
v 18.58957 31.3 -1.413237
v 18.15597 24 -0.7644379
v 18.15597 31.3 -0.7644373
v 16.25395 28.2308 -0.7897753
v 15.49405 28.9686 -1.117996
v 13.39841 28.8741 -1.562455
v 14.91382 30.0685 -1.512223
v 12.632 30.2936 -1.965796
v 15.69032 30.9528 -1.242548
v 13.42144 31.0853 -1.820745
v 13.42144 31.0853 -1.820745
v 15.69032 30.9528 -1.242548
v 14.93767 31.4157 -0.2211208
v 12.24639 31.1632 -0.1154993
v 16.44959 31.4161 5.316207
v 16.83444 31.5539 3.388223
v 18.6307 31.0638 4.749417
v 17.7947 30.9265 7.864233
v 18.6307 31.0638 4.749417
v 18.90389 29.8173 4.445838
v 18.32363 29.565 6.267696
v 17.7947 30.9265 7.864233
v 17.88066 28.1538 5.915532
v 16.55815 31.4933 1.68695
v 17.69351 31.0596 0.4950382
v 19.27368 30.5346 3.517335
v 7.990307 28.6265 8.551906
v 5.637259 26.8254 9.207298
v 7.594922 27.9732 7.764524
v 11.67853 30.0315 4.602702
v 10.34007 29.7391 6.39639
v 13.72423 31.1888 3.706241
v 14.85217 31.3617 2.243996
v 15.53481 31.594 2.49863
v 13.7961 31.529 4.17197
v 14.45604 31.6418 1.866911
v 14.85217 31.3617 2.243996
v 11.67853 30.0315 4.602703
v 10.55489 30.0464 4.71169
v 7.594922 27.9732 7.764524
v 7.424609 28.3998 7.240109
v 5.833862 27.2351 8.394965
v 5.637259 26.8254 9.207298
v 13.33525 26.4691 2.167958
v 15.22247 25.8938 0.6261986
v 14.75699 28.1628 0.3334357
v 14.5632 25.1665 2.222306
v 13.14783 25.4695 3.581189
v 14.5632 25.1665 2.222306
v 13.14783 25.4695 3.581189
v 14.12157 25.1838 3.197437
v 14.90875 24.698 2.936805
v 12.94467 25.6595 4.835682
v 15.27595 25.8613 4.086198
v 14.90875 24.698 2.936805
v 14.12157 25.1838 3.197437
v 12.94467 25.6595 4.835682
v 15.27595 25.8613 4.086198
v 14.12157 25.1838 3.197437
v 17.07467 26.2788 3.970328
v 15.88219 27.5194 4.829964
v 16.46342 28.0673 4.730444
v 15.44905 27.7364 6.214602
v 17.59012 28.1943 5.028755
v 18.16939 25.1178 3.382417
v 16.8609 24.4869 3.356389
v 18.60685 28.207 3.571126
v 11.35746 25.7 5.983225
v 9.829784 25.5192 7.132234
v 12.85599 26.5193 5.9811
v 11.73716 27.2753 2.500929
v 10.71883 26.4101 3.712947
v 16.10759 25.2256 -0.3652795
v 16.25395 28.2308 -0.7897753
v 16.46342 28.0673 4.730444
v 16.9339 22.3726 2.331936
v 16.8609 24.4869 3.356388
v 16.9339 22.3726 2.331936
v 16.01848 23.277 2.298093
v 16.01848 23.277 2.298093
v 16.9339 22.3726 2.331936
v 16.19919 22.7887 0.9070846
v 15.63404 23.8945 1.448556
v 15.63404 23.8945 1.448556
v 16.19919 22.7887 0.9070846
v 16.25395 28.2308 -0.7897753
v 13.04679 28.0294 -1.178638
v 14.33677 28.1477 -0.2775281
v 9.974674 27.2561 0.5150257
v 18.60685 28.207 3.571126
v 14.75699 28.1628 0.3334357
v 12.34399 26.8844 6.54991
v 14.55056 27.2177 8.939654
v 13.6143 26.523 10.97791
v 11.27001 25.9273 9.738523
v 6.951288 24.3605 8.482734
v 10.0735 25.0095 11.46914
v 7.162815 24.0845 9.71857
v 5.687049 23.8803 7.84405
v 8.596897 25.9858 4.774632
v 6.330541 25.2574 3.927461
v 11.73716 27.2753 2.500929
v 7.981773 29.9669 1.904433
v 10.81147 30.988 3.614477
v 7.562258 29.1473 6.43069
v 6.257976 28.9296 3.691345
v 5.182711 27.8152 5.738371
v 5.833862 27.2351 8.394965
v 3.784227 26.2365 7.54902
v 7.688869 27.5323 10.57042
v 7.990307 28.6265 8.551906
v 10.78772 30.504 6.713038
v 12.35804 30.0043 9.376998
v 10.24171 29.0091 10.16179
v 15.0978 30.7154 8.994408
v 15.31216 31.1992 6.7523
v 14.45604 31.6418 1.866911
v 9.544641 30.5953 -0.3243447
v 3.989328 22.6148 8.704589
v 4.335787 24.2665 4.211668
v 6.396521 24.0145 7.560609
v 6.947788 24.1446 8.006591
v 5.687049 23.8803 7.84405
v 6.951288 24.3605 8.482734
v 8.596897 25.9858 4.774632
v 8.501232 25.4384 5.398134
v 5.687049 23.8803 7.84405
v 6.396521 24.0145 7.560609
v 11.5967 25.4773 4.525434
v 8.965551 24.8323 6.178319
v 8.965551 24.8323 6.178319
v 8.965551 24.8323 6.178319
v 12.34399 26.8844 6.54991
v 11.5967 25.4773 4.525434
v 10.41735 27.4667 -1.183729
v 8.10762 26.904 -0.5423583
v 17.88066 28.1538 5.915532
v 15.89613 27.7025 10.21847
v 4.933747 22.5302 10.73203
v 3.006857 22.151 8.443473
v 3.266359 21.8205 9.86601
v 10.81147 30.988 3.614477
v 10.78772 30.504 6.713038
v 13.7961 31.529 4.17197
v 7.562258 29.1473 6.43069
v 16.55815 31.4933 1.68695
v 16.34683 30.435 10.64103
v 14.43496 29.4225 11.46788
v 11.73378 28.3136 12.23347
v 8.313725 26.7976 12.22676
v 5.854546 25.6063 11.76017
v 4.720398 25.2531 11.09036
v 2.935854 23.9164 10.23927
v 3.462828 25.1708 9.449317
v 2.5093 25.0125 7.982658
v 3.314632 26.835 4.370358
v 4.581871 27.8325 1.918823
v 6.515298 29.0035 -0.23758
v 8.792583 30.0495 -2.032758
v 10.44597 30.623 -2.0785
v 16.23174 29.4361 -1.198314
v 13.04679 28.0294 -1.178638
v 16.84533 30.6733 -0.7150779
v 17.28339 29.2897 8.579049
v 15.89613 27.7025 10.21847
v 13.6143 26.523 10.97791
v 13.63246 27.4708 11.38826
v 15.89613 27.7025 10.21847
v 10.0735 25.0095 11.46914
v 11.16236 26.472 11.915
v 8.641511 25.3466 11.87941
v 4.933747 22.5302 10.73203
v 6.186008 24.1621 11.55386
v 4.365889 23.058 10.89538
v 3.266359 21.8205 9.86601
v 3.023659 22.4822 10.03858
v 3.023659 22.4822 10.03858
v 3.266359 21.8205 9.86601
v 3.006857 22.151 8.443473
v 2.614286 23.0814 9.161024
v 2.71537 24.1017 7.297728
v 3.006857 22.151 8.443473
v 4.335787 24.2665 4.211668
v 3.714106 25.3814 4.23345
v 5.003207 26.3261 1.964048
v 8.10762 26.904 -0.5423583
v 6.820144 27.429 -0.05118547
v 8.902584 28.419 -1.744082
v 10.41735 27.4667 -1.183729
v 10.61116 28.2776 -1.645609
v 10.44597 30.623 -2.0785
v 10.89748 29.7103 -2.005343
v 8.792583 30.0495 -2.032758
v 3.314632 26.835 4.370358
v 4.581871 27.8325 1.918822
v 2.5093 25.0125 7.982658
v 2.935854 23.9164 10.23927
v 4.720398 25.2531 11.09036
v 4.188643 24.3434 11.05378
v 5.854546 25.6063 11.76017
v 14.43496 29.4225 11.46788
v 16.34683 30.435 10.64103
v 16.267 29.4043 10.57531
v 16.267 29.4043 10.57531
v 16.34683 30.435 10.64103
v 18.97772 29.4294 3.771967
v 18.60685 28.207 3.571126
v 19.27368 30.5346 3.517335
v 8.792583 30.0495 -2.032758
v 6.515298 29.0035 -0.23758
v 2.935854 23.9164 10.23927
v 4.188643 24.3434 11.05378
v 5.854546 25.6063 11.76017
v 8.313725 26.7976 12.22676
v 11.73378 28.3136 12.23347
v 16.84533 30.6733 -0.7150779
v 22.5635 28.2308 -2.8511
v 23.2277 28.9686 -3.345079
v 24.66043 28.8741 -4.93772
v 23.85922 30.0685 -3.650451
v 25.39295 30.2936 -5.399778
v 23.23742 30.9528 -3.112826
v 24.8726 31.0853 -4.78863
v 24.8726 31.0853 -4.78863
v 23.23742 30.9528 -3.112826
v 22.72917 31.4157 -4.275353
v 23.98335 31.1632 -6.658875
v 17.17775 31.4161 -5.734682
v 18.655 31.5539 -4.437397
v 16.57804 31.0638 -3.562392
v 14.29854 30.9265 -5.843809
v 16.57804 31.0638 -3.562392
v 16.70435 29.8173 -3.174013
v 15.41671 29.565 -4.587471
v 14.29854 30.9265 -5.843809
v 15.94318 28.1538 -4.795007
v 20.26649 31.4933 -3.826024
v 20.73103 31.0596 -2.246813
v 17.32356 30.5346 -2.389509
v 18.60524 28.6265 -14.67848
v 19.21418 26.8254 -17.04397
v 19.48482 27.9732 -14.6272
v 20.18121 30.0315 -9.509776
v 19.29707 29.7391 -11.56576
v 19.93471 31.1888 -7.289915
v 20.63707 31.3617 -5.581971
v 20.07523 31.594 -5.118104
v 19.49544 31.529 -7.460544
v 21.16171 31.6418 -5.736486
v 20.63707 31.3617 -5.581971
v 20.18121 30.0315 -9.509777
v 20.64865 30.0464 -10.53737
v 19.48482 27.9732 -14.6272
v 20.02413 28.3998 -14.51248
v 19.81938 27.2351 -16.46754
v 19.21418 26.8254 -17.04397
v 21.46139 26.4691 -6.857633
v 21.85297 25.8938 -4.452374
v 22.33925 28.1628 -4.709111
v 20.80034 25.1665 -5.821381
v 20.33121 25.4695 -7.726564
v 20.80034 25.1665 -5.821381
v 20.33121 25.4695 -7.726564
v 20.17667 25.1838 -6.691413
v 20.0088 24.698 -5.87938
v 19.34637 25.6595 -8.529757
v 18.82979 25.8613 -6.136073
v 20.0088 24.698 -5.87938
v 20.17667 25.1838 -6.691413
v 19.34637 25.6595 -8.529757
v 18.82979 25.8613 -6.136073
v 20.17667 25.1838 -6.691413
v 18.03077 26.2788 -4.520403
v 17.88255 27.5194 -5.982939
v 17.67812 28.0673 -5.429819
v 16.89999 27.7364 -7.050378
v 16.85642 28.1943 -4.60323
v 17.99255 25.1178 -3.278393
v 18.66934 24.4869 -4.398564
v 17.61039 28.207 -2.993901
v 19.14618 25.7 -10.4781
v 18.91496 25.5192 -12.37561
v 18.39875 26.5193 -9.179275
v 21.97208 27.2753 -8.408104
v 21.43162 26.4101 -9.896022
v 22.26905 25.2256 -3.190096
v 22.5635 28.2308 -2.8511
v 17.67812 28.0673 -5.429819
v 19.52004 22.3726 -3.823112
v 18.66934 24.4869 -4.398563
v 19.52004 22.3726 -3.823112
v 20.00706 23.277 -4.598969
v 20.00706 23.277 -4.598969
v 19.52004 22.3726 -3.823112
v 21.12136 22.7887 -3.74696
v 20.93501 23.8945 -4.507132
v 20.93501 23.8945 -4.507132
v 21.12136 22.7887 -3.74696
v 22.5635 28.2308 -2.8511
v 24.50385 28.0294 -5.434136
v 23.07847 28.1477 -4.767547
v 24.57317 27.2561 -8.941501
v 17.61039 28.207 -2.993901
v 22.33925 28.1628 -4.709111
v 18.16215 26.8844 -9.907085
v 14.98929 27.2177 -9.19103
v 13.69224 26.523 -11.02098
v 15.93773 25.9273 -12.4315
v 19.18465 24.3605 -15.54371
v 15.03724 25.0095 -14.33301
v 18.00863 24.0845 -15.97844
v 20.36989 23.8803 -16.31923
v 21.57314 25.9858 -12.26451
v 23.44 25.2574 -13.80364
v 21.97208 27.2753 -8.408104
v 24.36637 29.9669 -11.36211
v 21.47057 30.988 -9.766552
v 20.65628 29.1473 -13.98856
v 23.68077 28.9296 -13.74842
v 22.44563 27.8152 -15.70315
v 19.81938 27.2351 -16.46754
v 21.57681 26.2365 -17.8196
v 17.00787 27.5323 -15.9488
v 18.60524 28.6265 -14.67848
v 18.79902 30.504 -11.33641
v 15.7068 30.0043 -11.30847
v 16.08533 29.0091 -13.53366
v 14.66825 30.7154 -8.744484
v 16.50278 31.1992 -7.437775
v 21.16171 31.6418 -5.736486
v 25.5151 30.5953 -8.894231
v 20.47351 22.6148 -18.21976
v 24.19126 24.2665 -15.67324
v 20.26062 24.0145 -15.56308
v 19.59875 24.1446 -15.30867
v 20.36989 23.8803 -16.31923
v 19.18465 24.3605 -15.54371
v 21.57314 25.9858 -12.26451
v 21.08101 25.4384 -12.65911
v 20.36989 23.8803 -16.31923
v 20.26062 24.0145 -15.56308
v 20.28904 25.4773 -9.542009
v 20.17319 24.8323 -12.64709
v 20.17319 24.8323 -12.64709
v 20.17319 24.8323 -12.64709
v 18.16215 26.8844 -9.907085
v 20.28904 25.4773 -9.542009
v 25.82299 27.4667 -7.708746
v 26.42242 26.904 -10.02972
v 15.94318 28.1538 -4.795007
v 13.20901 27.7025 -8.665143
v 18.24549 22.5302 -18.4156
v 21.19089 22.151 -18.94005
v 19.82918 21.8205 -19.42659
v 21.47057 30.988 -9.766552
v 18.79902 30.504 -11.33641
v 19.49544 31.529 -7.460544
v 20.65628 29.1473 -13.98856
v 20.26649 31.4933 -3.826024
v 12.61771 30.435 -8.486106
v 12.85758 29.4225 -10.55526
v 13.54517 28.3136 -13.27735
v 15.26102 26.7976 -16.23583
v 16.8947 25.6063 -18.13224
v 18.04184 25.2531 -18.77954
v 19.67119 23.9164 -19.89944
v 20.09181 25.1708 -19.04809
v 21.83874 25.0125 -19.14053
v 24.56441 26.835 -16.63693
v 26.05387 27.8325 -14.3137
v 26.95464 29.0035 -11.5611
v 27.37066 30.0495 -8.691317
v 26.58357 30.623 -7.236574
v 22.9284 29.4361 -2.666061
v 24.50385 28.0294 -5.434136
v 22.20311 30.6733 -2.376297
v 13.93515 29.2897 -6.644024
v 13.20901 27.7025 -8.665143
v 13.69224 26.523 -11.02098
v 13.32779 27.4708 -11.21044
v 13.20901 27.7025 -8.665143
v 15.03724 25.0095 -14.33301
v 14.10669 26.472 -13.61297
v 15.39793 25.3466 -15.77829
v 18.24549 22.5302 -18.4156
v 16.90763 24.1621 -17.74203
v 18.38795 23.058 -18.98906
v 19.82918 21.8205 -19.42659
v 19.80108 22.4822 -19.72306
v 19.80108 22.4822 -19.72306
v 19.82918 21.8205 -19.42659
v 21.19089 22.151 -18.94005
v 20.76575 23.0814 -19.6388
v 22.32887 24.1017 -18.6196
v 21.19089 22.151 -18.94005
v 24.19126 24.2665 -15.67324
v 24.48323 25.3814 -16.22253
v 25.80404 26.3261 -13.97142
v 26.42242 26.904 -10.02972
v 26.6408 27.429 -11.39029
v 27.06566 28.419 -8.740393
v 25.82299 27.4667 -7.708746
v 26.12608 28.2776 -7.309965
v 26.58357 30.623 -7.236574
v 26.29446 29.7103 -6.882131
v 27.37066 30.0495 -8.691317
v 24.56441 26.835 -16.63693
v 26.05387 27.8325 -14.3137
v 21.83874 25.0125 -19.14053
v 19.67119 23.9164 -19.89944
v 18.04184 25.2531 -18.77954
v 18.3394 24.3434 -19.22176
v 16.8947 25.6063 -18.13224
v 12.85758 29.4225 -10.55526
v 12.61771 30.435 -8.486106
v 12.71454 29.4043 -8.522384
v 12.71454 29.4043 -8.522384
v 12.61771 30.435 -8.486106
v 17.25103 29.4294 -2.773142
v 17.61039 28.207 -2.993901
v 17.32356 30.5346 -2.389509
v 27.37066 30.0495 -8.691317
v 26.95464 29.0035 -11.5611
v 19.67119 23.9164 -19.89944
v 18.3394 24.3434 -19.22176
v 16.8947 25.6063 -18.13224
v 15.26102 26.7976 -16.23583
v 13.54517 28.3136 -13.27735
v 22.20311 30.6733 -2.376297
vn 0 -8.742278E-08 1
vn 0.3826981 -8.076758E-08 0.9238735
vn 0.3826981 -8.076758E-08 0.9238735
vn 0 -8.742278E-08 1
vn 0.7071068 -6.181724E-08 0.7071068
vn 0.7071068 -6.181724E-08 0.7071068
vn 0.9238735 -3.345653E-08 0.3826981
vn 0.9238735 -3.345653E-08 0.3826981
vn 1 0 0
vn 1 0 0
vn 0.9238735 3.345653E-08 -0.3826981
vn 0.9238735 3.345653E-08 -0.3826981
vn 0.7071068 6.181724E-08 -0.7071068
vn 0.7071068 6.181724E-08 -0.7071068
vn 0.3826981 8.076758E-08 -0.9238735
vn 0.3826981 8.076758E-08 -0.9238735
vn 0 8.742278E-08 -1
vn 0 8.742278E-08 -1
vn -0.3826981 8.076758E-08 -0.9238735
vn -0.3826981 8.076758E-08 -0.9238735
vn -0.7071068 6.181724E-08 -0.7071068
vn -0.7071068 6.181724E-08 -0.7071068
vn -0.9238735 3.345653E-08 -0.3826981
vn -0.9238735 3.345653E-08 -0.3826981
vn -1 0 0
vn -1 0 0
vn -0.9238735 -3.345653E-08 0.3826981
vn -0.9238735 -3.345653E-08 0.3826981
vn -0.7071068 -6.181724E-08 0.7071068
vn -0.7071068 -6.181724E-08 0.7071068
vn -0.3826981 -8.076758E-08 0.9238735
vn -0.3826981 -8.076758E-08 0.9238735
vn 0 8.742278E-08 -1
vn -0.3826981 8.076758E-08 -0.9238735
vn -0.3826981 8.076758E-08 -0.9238735
vn 0 8.742278E-08 -1
vn -0.7071068 6.181724E-08 -0.7071068
vn -0.7071068 6.181724E-08 -0.7071068
vn -0.9238735 3.345653E-08 -0.3826981
vn -0.9238735 3.345653E-08 -0.3826981
vn -1 0 0
vn -1 0 0
vn -0.9238735 -3.345653E-08 0.3826981
vn -0.9238735 -3.345653E-08 0.3826981
vn -0.7071068 -6.181724E-08 0.7071068
vn -0.7071068 -6.181724E-08 0.7071068
vn -0.3826981 -8.076758E-08 0.9238735
vn -0.3826981 -8.076758E-08 0.9238735
vn 0 -8.742278E-08 1
vn 0 -8.742278E-08 1
vn 0.3826981 -8.076758E-08 0.9238735
vn 0.3826981 -8.076758E-08 0.9238735
vn 0.7071068 -6.181724E-08 0.7071068
vn 0.7071068 -6.181724E-08 0.7071068
vn 0.9238735 -3.345653E-08 0.3826981
vn 0.9238735 -3.345653E-08 0.3826981
vn 1 0 0
vn 1 0 0
vn 0.9238735 3.345653E-08 -0.3826981
vn 0.9238735 3.345653E-08 -0.3826981
vn 0.7071068 6.181724E-08 -0.7071068
vn 0.7071068 6.181724E-08 -0.7071068
vn 0.3826981 8.076758E-08 -0.9238735
vn 0.3826981 8.076758E-08 -0.9238735
vn 0 -1 -8.742278E-08
vn 0 -1 -8.742278E-08
vn 0 -1 -8.742278E-08
vn 0 -1 -8.742278E-08
vn 0 -1 -8.742278E-08
vn 0 -1 -8.742278E-08
vn 0 -1 -8.742278E-08
vn 0 -1 -8.742278E-08
vn 0 -1 -8.742278E-08
vn 0 -1 -8.742278E-08
vn 0 -1 -8.742278E-08
vn 0 -1 -8.742278E-08
vn 0 -1 -8.742278E-08
vn 0 -1 -8.742278E-08
vn 0 -1 -8.742278E-08
vn 0 -1 -8.742278E-08
vn 0 -1 -8.742278E-08
vn 0 -1 -8.742278E-08
vn 0 -1 -8.742278E-08
vn 0 -1 -8.742278E-08
vn 0 -1 -8.742278E-08
vn 0 -1 -8.742278E-08
vn 0 -1 -8.742278E-08
vn 0 -1 -8.742278E-08
vn 0 -1 -8.742278E-08
vn 0 -1 -8.742278E-08
vn 0 -1 -8.742278E-08
vn 0 -1 -8.742278E-08
vn 0 -1 -8.742278E-08
vn 0 -1 -8.742278E-08
vn 0 -1 -8.742278E-08
vn 0 -1 -8.742278E-08
vn 0 -8.742278E-08 1
vn 0.3826981 -8.076758E-08 0.9238735
vn 0.3826981 -8.076758E-08 0.9238735
vn 0 -8.742278E-08 1
vn 0.7071068 -6.181724E-08 0.7071068
vn 0.7071068 -6.181724E-08 0.7071068
vn 0.9238735 -3.345653E-08 0.3826981
vn 0.9238735 -3.345653E-08 0.3826981
vn 1 0 0
vn 1 0 0
vn 0.9238735 3.345653E-08 -0.3826981
vn 0.9238735 3.345653E-08 -0.3826981
vn 0.7071068 6.181724E-08 -0.7071068
vn 0.7071068 6.181724E-08 -0.7071068
vn 0.3826981 8.076758E-08 -0.9238735
vn 0.3826981 8.076758E-08 -0.9238735
vn 0 8.742278E-08 -1
vn 0 8.742278E-08 -1
vn -0.3826981 8.076758E-08 -0.9238735
vn -0.3826981 8.076758E-08 -0.9238735
vn -0.7071068 6.181724E-08 -0.7071068
vn -0.7071068 6.181724E-08 -0.7071068
vn -0.9238735 3.345653E-08 -0.3826981
vn -0.9238735 3.345653E-08 -0.3826981
vn -1 0 0
vn -1 0 0
vn -0.9238735 -3.345653E-08 0.3826981
vn -0.9238735 -3.345653E-08 0.3826981
vn -0.7071068 -6.181724E-08 0.7071068
vn -0.7071068 -6.181724E-08 0.7071068
vn -0.3826981 -8.076758E-08 0.9238735
vn -0.3826981 -8.076758E-08 0.9238735
vn 0 8.742278E-08 -1
vn -0.3826981 8.076758E-08 -0.9238735
vn -0.3826981 8.076759E-08 -0.9238735
vn 0 8.742278E-08 -1
vn -0.7071068 6.181724E-08 -0.7071068
vn -0.6344286 6.757618E-08 -0.7729814
vn -0.9238735 3.345653E-08 -0.3826981
vn -0.9238735 3.345653E-08 -0.3826981
vn -1 0 0
vn -1 0 0
vn -0.9238735 -3.345653E-08 0.3826981
vn -0.9238735 -3.345653E-08 0.3826981
vn -0.7071068 -6.181724E-08 0.7071068
vn -0.6344286 -6.757618E-08 0.7729814
vn -0.3826981 -8.076758E-08 0.9238735
vn -0.3826981 -8.076759E-08 0.9238735
vn 0 -8.742278E-08 1
vn 0 -8.742278E-08 1
vn 0.3826981 -8.076758E-08 0.9238735
vn 0.3826981 -8.076759E-08 0.9238735
vn 0.7071068 -6.181724E-08 0.7071068
vn 0.7071068 -6.181724E-08 0.7071068
vn 0.9238735 -3.345653E-08 0.3826981
vn 0.9238735 -3.345653E-08 0.3826981
vn 1 0 0
vn 1 0 0
vn 0.9238735 3.345653E-08 -0.3826981
vn 0.9238735 3.345653E-08 -0.3826981
vn 0.7071068 6.181724E-08 -0.7071068
vn 0.7071068 6.181724E-08 -0.7071068
vn 0.3826981 8.076758E-08 -0.9238735
vn 0.3826981 8.076759E-08 -0.9238735
vn 0 -1 -8.742278E-08
vn 0 -1 -8.742278E-08
vn 0 -1 -8.742278E-08
vn 0 -1 -8.742278E-08
vn 0 -1 -8.742278E-08
vn 0 -1 -8.742278E-08
vn 0 -1 -8.742278E-08
vn 0 -1 -8.742278E-08
vn 0 -1 -8.742278E-08
vn 0 -1 -8.742278E-08
vn 0 -1 -8.742278E-08
vn 0 -1 -8.742278E-08
vn 0 -1 -8.742278E-08
vn 0 -1 -8.742278E-08
vn 0 -1 -8.742278E-08
vn 0 -1 -8.742278E-08
vn 0 -1 -8.742278E-08
vn 0 -1 -8.742278E-08
vn 0 -1 -8.742278E-08
vn 0 -1 -8.742278E-08
vn 0 -1 -8.742278E-08
vn 0 -1 -8.742278E-08
vn 0 -1 -8.742278E-08
vn 0 -1 -8.742278E-08
vn 0 -1 -8.742278E-08
vn 0 -1 -8.742278E-08
vn 0 -1 -8.742278E-08
vn 0 -1 -8.742278E-08
vn 0 -1 -8.742278E-08
vn 0 -1 -8.742278E-08
vn 0 -1 -8.742278E-08
vn 0 -1 -8.742278E-08
vn 0 -8.742278E-08 1
vn 0.3826981 -8.076758E-08 0.9238735
vn 0.3826981 -8.076758E-08 0.9238735
vn 0 -8.742278E-08 1
vn 0.7071068 -6.181724E-08 0.7071068
vn 0.7071068 -6.181724E-08 0.7071068
vn 0.9238735 -3.345653E-08 0.3826981
vn 0.9238735 -3.345653E-08 0.3826981
vn 1 0 0
vn 1 0 0
vn 0.9238735 3.345653E-08 -0.3826981
vn 0.9238735 3.345653E-08 -0.3826981
vn 0.7071068 6.181724E-08 -0.7071068
vn 0.7071068 6.181724E-08 -0.7071068
vn 0.3826981 8.076758E-08 -0.9238735
vn 0.3826981 8.076758E-08 -0.9238735
vn 0 8.742278E-08 -1
vn 0 8.742278E-08 -1
vn -0.3826981 8.076758E-08 -0.9238735
vn -0.3826981 8.076758E-08 -0.9238735
vn -0.7071068 6.181724E-08 -0.7071068
vn -0.7071068 6.181724E-08 -0.7071068
vn -0.9238735 3.345653E-08 -0.3826981
vn -0.9238735 3.345653E-08 -0.3826981
vn -1 0 0
vn -1 0 0
vn -0.9238735 -3.345653E-08 0.3826981
vn -0.9238735 -3.345653E-08 0.3826981
vn -0.7071068 -6.181724E-08 0.7071068
vn -0.7071068 -6.181724E-08 0.7071068
vn -0.3826981 -8.076758E-08 0.9238735
vn -0.3826981 -8.076758E-08 0.9238735
vn 0 -8.742278E-08 1
vn 0.3826981 -8.076758E-08 0.9238735
vn 0.3826981 -8.076758E-08 0.9238735
vn 0 -8.742278E-08 1
vn 0.7071068 -6.181724E-08 0.7071068
vn 0.7071068 -6.181724E-08 0.7071068
vn 0.9238735 -3.345653E-08 0.3826981
vn 0.9238735 -3.345653E-08 0.3826981
vn 1 0 0
vn 1 0 0
vn 0.9238735 3.345653E-08 -0.3826981
vn 0.9238735 3.345653E-08 -0.3826981
vn 0.7071068 6.181724E-08 -0.7071068
vn 0.7071068 6.181724E-08 -0.7071068
vn 0.3826981 8.076758E-08 -0.9238735
vn 0.3826981 8.076758E-08 -0.9238735
vn 0 8.742278E-08 -1
vn 0 8.742278E-08 -1
vn -0.3826981 8.076758E-08 -0.9238735
vn -0.3826981 8.076758E-08 -0.9238735
vn -0.7071068 6.181724E-08 -0.7071068
vn -0.7071068 6.181724E-08 -0.7071068
vn -0.9238735 3.345653E-08 -0.3826981
vn -0.9238735 3.345653E-08 -0.3826981
vn -1 0 0
vn -1 0 0
vn -0.9238735 -3.345653E-08 0.3826981
vn -0.9238735 -3.345653E-08 0.3826981
vn -0.7071068 -6.181724E-08 0.7071068
vn -0.7071068 -6.181724E-08 0.7071068
vn -0.3826981 -8.076758E-08 0.9238735
vn -0.3826981 -8.076758E-08 0.9238735
vn 0 -8.742278E-08 1
vn 0.3826981 -8.076758E-08 0.9238735
vn 0.3826981 -8.076758E-08 0.9238735
vn 0 -8.742278E-08 1
vn 0.7071068 -6.181724E-08 0.7071068
vn 0.7071068 -6.181724E-08 0.7071068
vn 0.9238735 -3.345653E-08 0.3826981
vn 0.9238735 -3.345653E-08 0.3826981
vn 1 0 0
vn 1 0 0
vn 0.9238735 3.345653E-08 -0.3826981
vn 0.9238735 3.345653E-08 -0.3826981
vn 0.7071068 6.181724E-08 -0.7071068
vn 0.7071068 6.181724E-08 -0.7071068
vn 0.3826981 8.076758E-08 -0.9238735
vn 0.3826981 8.076758E-08 -0.9238735
vn 0 8.742278E-08 -1
vn 0 8.742278E-08 -1
vn -0.3826981 8.076758E-08 -0.9238735
vn -0.3826981 8.076758E-08 -0.9238735
vn -0.7071068 6.181724E-08 -0.7071068
vn -0.7071068 6.181724E-08 -0.7071068
vn -0.9238735 3.345653E-08 -0.3826981
vn -0.9238735 3.345653E-08 -0.3826981
vn -1 0 0
vn -1 0 0
vn -0.9238735 -3.345653E-08 0.3826981
vn -0.9238735 -3.345653E-08 0.3826981
vn -0.7071068 -6.181724E-08 0.7071068
vn -0.7071068 -6.181724E-08 0.7071068
vn -0.3826981 -8.076758E-08 0.9238735
vn -0.3826981 -8.076758E-08 0.9238735
vn 0 -8.742278E-08 1
vn 0.3826981 -8.076758E-08 0.9238735
vn 0.3826981 -8.076758E-08 0.9238735
vn 0 -8.742278E-08 1
vn 0.7071068 -6.181724E-08 0.7071068
vn 0.7071068 -6.181724E-08 0.7071068
vn 0.9238735 -3.345653E-08 0.3826981
vn 0.9238735 -3.345653E-08 0.3826981
vn 1 0 0
vn 1 0 0
vn 0.9238735 3.345653E-08 -0.3826981
vn 0.9238735 3.345653E-08 -0.3826981
vn 0.7071068 6.181724E-08 -0.7071068
vn 0.7071068 6.181724E-08 -0.7071068
vn 0.3826981 8.076758E-08 -0.9238735
vn 0.3826981 8.076758E-08 -0.9238735
vn 0 8.742278E-08 -1
vn 0 8.742278E-08 -1
vn -0.3826981 8.076758E-08 -0.9238735
vn -0.3826981 8.076758E-08 -0.9238735
vn -0.7071068 6.181724E-08 -0.7071068
vn -0.7071068 6.181724E-08 -0.7071068
vn -0.9238735 3.345653E-08 -0.3826981
vn -0.9238735 3.345653E-08 -0.3826981
vn -1 0 0
vn -1 0 0
vn -0.9238735 -3.345653E-08 0.3826981
vn -0.9238735 -3.345653E-08 0.3826981
vn -0.7071068 -6.181724E-08 0.7071068
vn -0.7071068 -6.181724E-08 0.7071068
vn -0.3826981 -8.076758E-08 0.9238735
vn -0.3826981 -8.076758E-08 0.9238735
vn 0 -8.742278E-08 1
vn 0.3826981 -8.076758E-08 0.9238735
vn 0.3826981 -8.076758E-08 0.9238735
vn 0 -8.742278E-08 1
vn 0.7071068 -6.181724E-08 0.7071068
vn 0.7071068 -6.181724E-08 0.7071068
vn 0.9238735 -3.345653E-08 0.3826981
vn 0.9238735 -3.345653E-08 0.3826981
vn 1 0 0
vn 1 0 0
vn 0.9238735 3.345653E-08 -0.3826981
vn 0.9238735 3.345653E-08 -0.3826981
vn 0.7071068 6.181724E-08 -0.7071068
vn 0.7071068 6.181724E-08 -0.7071068
vn 0.3826981 8.076758E-08 -0.9238735
vn 0.3826981 8.076758E-08 -0.9238735
vn 0 8.742278E-08 -1
vn 0 8.742278E-08 -1
vn -0.3826981 8.076758E-08 -0.9238735
vn -0.3826981 8.076758E-08 -0.9238735
vn -0.7071068 6.181724E-08 -0.7071068
vn -0.7071068 6.181724E-08 -0.7071068
vn -0.9238735 3.345653E-08 -0.3826981
vn -0.9238735 3.345653E-08 -0.3826981
vn -1 0 0
vn -1 0 0
vn -0.9238735 -3.345653E-08 0.3826981
vn -0.9238735 -3.345653E-08 0.3826981
vn -0.7071068 -6.181724E-08 0.7071068
vn -0.7071068 -6.181724E-08 0.7071068
vn -0.3826981 -8.076758E-08 0.9238735
vn -0.3826981 -8.076758E-08 0.9238735
vn 0 -8.742278E-08 1
vn 0.3826981 -8.076758E-08 0.9238735
vn 0.3826981 -8.076758E-08 0.9238735
vn 0 -8.742278E-08 1
vn 0.7071068 -6.181724E-08 0.7071068
vn 0.7071068 -6.181724E-08 0.7071068
vn 0.9238735 -3.345653E-08 0.3826981
vn 0.9238735 -3.345653E-08 0.3826981
vn 1 0 0
vn 1 0 0
vn 0.9238735 3.345653E-08 -0.3826981
vn 0.9238735 3.345653E-08 -0.3826981
vn 0.7071068 6.181724E-08 -0.7071068
vn 0.7071068 6.181724E-08 -0.7071068
vn 0.3826981 8.076758E-08 -0.9238735
vn 0.3826981 8.076758E-08 -0.9238735
vn 0 8.742278E-08 -1
vn 0 8.742278E-08 -1
vn -0.3826981 8.076758E-08 -0.9238735
vn -0.3826981 8.076758E-08 -0.9238735
vn -0.7071068 6.181724E-08 -0.7071068
vn -0.7071068 6.181724E-08 -0.7071068
vn -0.9238735 3.345653E-08 -0.3826981
vn -0.9238735 3.345653E-08 -0.3826981
vn -1 0 0
vn -1 0 0
vn -0.9238735 -3.345653E-08 0.3826981
vn -0.9238735 -3.345653E-08 0.3826981
vn -0.7071068 -6.181724E-08 0.7071068
vn -0.7071068 -6.181724E-08 0.7071068
vn -0.3826981 -8.076758E-08 0.9238735
vn -0.3826981 -8.076758E-08 0.9238735
vn -0.00153912 8.742268E-08 -0.9999989
vn -0.00153912 8.742268E-08 -0.9999989
vn -0.3826981 8.076758E-08 -0.9238735
vn -0.3826981 8.076758E-08 -0.9238735
vn -0.7071068 6.181724E-08 -0.7071068
vn -0.7071068 6.181724E-08 -0.7071068
vn -0.9238735 3.345653E-08 -0.3826981
vn -0.9238735 3.345653E-08 -0.3826981
vn -1 0 0
vn -1 0 0
vn -0.9238735 -3.345653E-08 0.3826981
vn -0.9238735 -3.345653E-08 0.3826981
vn -0.7071068 -6.181724E-08 0.7071068
vn -0.7071068 -6.181724E-08 0.7071068
vn -0.3826981 -8.076758E-08 0.9238735
vn -0.3826981 -8.076758E-08 0.9238735
vn -0.00153912 -8.742268E-08 0.9999989
vn -0.00153912 -8.742268E-08 0.9999989
vn 0.1920117 -8.579607E-08 0.9813927
vn 0.1920117 -8.579607E-08 0.9813927
vn -0.7071068 -6.181724E-08 0.7071068
vn -0.7071068 -6.181724E-08 0.7071068
vn -0.7071068 -6.181724E-08 0.7071068
vn -0.7071068 -6.181724E-08 0.7071068
vn -0.9782343 1.814052E-08 -0.2075034
vn -0.9782343 1.814052E-08 -0.2075034
vn -0.9999911 3.684635E-10 -0.004214731
vn -0.9999797 5.565416E-10 -0.006366095
vn -0.006366095 8.742101E-08 -0.9999797
vn -0.004214731 8.7422E-08 -0.9999911
vn 0.3826981 8.076758E-08 -0.9238735
vn 0.3826981 8.076758E-08 -0.9238735
vn 0.7071068 6.181724E-08 -0.7071068
vn 0.7071068 6.181724E-08 -0.7071068
vn 0.9238735 3.345653E-08 -0.3826981
vn 0.9238735 3.345653E-08 -0.3826981
vn 1 0 0
vn 1 0 0
vn 0.9238735 -3.345653E-08 0.3826981
vn 0.9238735 -3.345653E-08 0.3826981
vn 0.7071068 -6.181724E-08 0.7071068
vn 0.7071068 -6.181724E-08 0.7071068
vn 0.3826981 -8.076758E-08 0.9238735
vn 0.3826981 -8.076758E-08 0.9238735
vn 0 -8.742278E-08 1
vn 0 -8.742278E-08 1
vn -0.3826981 -8.076758E-08 0.9238735
vn -0.3826981 -8.076758E-08 0.9238735
vn -0.7071068 -6.181724E-08 0.7071068
vn -0.7071068 -6.181724E-08 0.7071068
vn -0.9238735 -3.345653E-08 0.3826981
vn -0.9238735 -3.345653E-08 0.3826981
vn -0.2075034 8.551996E-08 -0.9782343
vn -0.2075034 8.551996E-08 -0.9782343
vn 0.7071068 6.181724E-08 -0.7071068
vn 0.7071068 6.181724E-08 -0.7071068
vn 0.7071068 6.181724E-08 -0.7071068
vn 0.7071068 6.181724E-08 -0.7071068
vn 0 -8.742278E-08 1
vn 0 -8.742278E-08 1
vn 0 -8.742278E-08 1
vn 0 -8.742278E-08 1
vn -0.7071068 -6.181724E-08 0.7071068
vn -0.7071068 -6.181724E-08 0.7071068
vn -0.7071068 -6.181724E-08 0.7071068
vn -0.7071068 -6.181724E-08 0.7071068
vn -0.9782343 1.814052E-08 -0.2075034
vn -0.9782343 1.814052E-08 -0.2075034
vn -0.9999911 3.684635E-10 -0.004214731
vn -0.9999797 5.565416E-10 -0.006366095
vn -0.006365508 8.742101E-08 -0.9999797
vn -0.004214343 8.7422E-08 -0.9999911
vn 0.3826981 8.076758E-08 -0.9238735
vn 0.3826981 8.076758E-08 -0.9238735
vn 0.7071068 6.181724E-08 -0.7071068
vn 0.7071068 6.181724E-08 -0.7071068
vn 0.9238735 3.345653E-08 -0.3826981
vn 0.9238735 3.345653E-08 -0.3826981
vn 1 0 0
vn 1 0 0
vn 0.9238735 -3.345653E-08 0.3826981
vn 0.9238735 -3.345653E-08 0.3826981
vn 0.7071068 -6.181724E-08 0.7071068
vn 0.7071068 -6.181724E-08 0.7071068
vn 0.3826981 -8.076758E-08 0.9238735
vn 0.3826981 -8.076758E-08 0.9238735
vn 0 -8.742278E-08 1
vn 0 -8.742278E-08 1
vn -0.3826981 -8.076758E-08 0.9238735
vn -0.3826981 -8.076758E-08 0.9238735
vn -0.7071068 -6.181724E-08 0.7071068
vn -0.7071068 -6.181724E-08 0.7071068
vn -0.9238735 -3.345653E-08 0.3826981
vn -0.9238735 -3.345653E-08 0.3826981
vn -0.2075022 8.551998E-08 -0.9782345
vn -0.2075022 8.551998E-08 -0.9782345
vn 0.7071069 6.181724E-08 -0.7071068
vn 0.7071068 6.181723E-08 -0.7071067
vn 0.7071069 6.181724E-08 -0.7071068
vn 0.7071068 6.181723E-08 -0.7071067
vn 0 -8.742278E-08 1
vn 0 -8.742278E-08 1
vn 0 -8.742278E-08 1
vn 0 -8.742278E-08 1
vn -0.8240414 -4.952759E-08 0.5665296
vn -0.8240414 -4.952759E-08 0.5665296
vn -0.8240414 -4.952759E-08 0.5665296
vn -0.8240414 -4.952759E-08 0.5665296
vn 0 -8.742278E-08 1
vn -0.3826981 -8.076759E-08 0.9238735
vn -0.5556462 -7.268493E-08 0.8314188
vn 0 8.742278E-08 -1
vn 0.3826981 8.076759E-08 -0.9238735
vn 0.7071068 6.181724E-08 -0.7071068
vn 0.9238735 3.345653E-08 -0.3826981
vn 1 0 0
vn 0.9238735 -3.345653E-08 0.3826981
vn 0.7071068 -6.181724E-08 0.7071068
vn 0.3826981 -8.076759E-08 0.9238735
vn -0.3826981 8.076759E-08 -0.9238735
vn -0.5556462 7.268493E-08 -0.8314188
vn -0.8240414 4.952759E-08 -0.5665296
vn -0.8240414 4.952759E-08 -0.5665296
vn -0.8240414 4.952759E-08 -0.5665296
vn -0.8240414 4.952759E-08 -0.5665296
vn 0 8.742278E-08 -1
vn 0 8.742278E-08 -1
vn 0 8.742278E-08 -1
vn 0 8.742278E-08 -1
vn 0.7071069 -6.181724E-08 0.7071068
vn 0.7071068 -6.181723E-08 0.7071067
vn 0.7071069 -6.181724E-08 0.7071068
vn 0.7071068 -6.181723E-08 0.7071067
vn -0.2075022 -8.551998E-08 0.9782345
vn -0.2075022 -8.551998E-08 0.9782345
vn -0.004214343 -8.7422E-08 0.9999911
vn -0.006365508 -8.742101E-08 0.9999797
vn 0.3826981 -8.076758E-08 0.9238735
vn 0.3826981 -8.076758E-08 0.9238735
vn 0.7071068 -6.181724E-08 0.7071068
vn 0.7071068 -6.181724E-08 0.7071068
vn 0.9238735 -3.345653E-08 0.3826981
vn 0.9238735 -3.345653E-08 0.3826981
vn 1 0 0
vn 1 0 0
vn 0.9238735 3.345653E-08 -0.3826981
vn 0.9238735 3.345653E-08 -0.3826981
vn 0.7071068 6.181724E-08 -0.7071068
vn 0.7071068 6.181724E-08 -0.7071068
vn 0.3826981 8.076758E-08 -0.9238735
vn 0.3826981 8.076758E-08 -0.9238735
vn 0 8.742278E-08 -1
vn 0 8.742278E-08 -1
vn -0.3826981 8.076758E-08 -0.9238735
vn -0.3826981 8.076758E-08 -0.9238735
vn -0.7071068 6.181724E-08 -0.7071068
vn -0.7071068 6.181724E-08 -0.7071068
vn -0.9238735 3.345653E-08 -0.3826981
vn -0.9238735 3.345653E-08 -0.3826981
vn -0.9999911 -3.684635E-10 0.004214731
vn -0.9999797 -5.565416E-10 0.006366095
vn -0.9782343 -1.814052E-08 0.2075034
vn -0.9782343 -1.814052E-08 0.2075034
vn -0.7071068 6.181724E-08 -0.7071068
vn -0.7071068 6.181724E-08 -0.7071068
vn -0.7071068 6.181724E-08 -0.7071068
vn -0.7071068 6.181724E-08 -0.7071068
vn 0 8.742278E-08 -1
vn 0 8.742278E-08 -1
vn 0 8.742278E-08 -1
vn 0 8.742278E-08 -1
vn 0.7071068 -6.181724E-08 0.7071068
vn 0.7071068 -6.181724E-08 0.7071068
vn 0.7071068 -6.181724E-08 0.7071068
vn 0.7071068 -6.181724E-08 0.7071068
vn -0.2075034 -8.551996E-08 0.9782343
vn -0.2075034 -8.551996E-08 0.9782343
vn -0.004214731 -8.7422E-08 0.9999911
vn -0.006366095 -8.742101E-08 0.9999797
vn 0.3826981 -8.076758E-08 0.9238735
vn 0.3826981 -8.076758E-08 0.9238735
vn 0.7071068 -6.181724E-08 0.7071068
vn 0.7071068 -6.181724E-08 0.7071068
vn 0.9238735 -3.345653E-08 0.3826981
vn 0.9238735 -3.345653E-08 0.3826981
vn 1 0 0
vn 1 0 0
vn 0.9238735 3.345653E-08 -0.3826981
vn 0.9238735 3.345653E-08 -0.3826981
vn 0.7071068 6.181724E-08 -0.7071068
vn 0.7071068 6.181724E-08 -0.7071068
vn 0.3826981 8.076758E-08 -0.9238735
vn 0.3826981 8.076758E-08 -0.9238735
vn 0 8.742278E-08 -1
vn 0 8.742278E-08 -1
vn -0.3826981 8.076758E-08 -0.9238735
vn -0.3826981 8.076758E-08 -0.9238735
vn -0.7071068 6.181724E-08 -0.7071068
vn -0.7071068 6.181724E-08 -0.7071068
vn -0.9238735 3.345653E-08 -0.3826981
vn -0.9238735 3.345653E-08 -0.3826981
vn -0.9999911 -3.684635E-10 0.004214731
vn -0.9999797 -5.565416E-10 0.006366095
vn -0.9782343 -1.814052E-08 0.2075034
vn -0.9782343 -1.814052E-08 0.2075034
vn -0.7071068 6.181724E-08 -0.7071068
vn -0.7071068 6.181724E-08 -0.7071068
vn -0.7071068 6.181724E-08 -0.7071068
vn -0.7071068 6.181724E-08 -0.7071068
vn 0.1920117 8.579607E-08 -0.9813927
vn 0.1920117 8.579607E-08 -0.9813927
vn 0 -1 -8.742278E-08
vn 0 -1 -8.742278E-08
vn 0 -1 -8.742278E-08
vn 0 -1 -8.742278E-08
vn 0 -1 -8.742278E-08
vn 0 -1 -8.742278E-08
vn 0 -1 -8.742278E-08
vn 0 -1 -8.742278E-08
vn 0 -1 -8.742278E-08
vn 0 -1 -8.742278E-08
vn 0 -1 -8.742278E-08
vn 0 -1 -8.742278E-08
vn 0 -1 -8.742278E-08
vn 0 -1 -8.742278E-08
vn 0 -1 -8.742278E-08
vn 0 -1 -8.742278E-08
vn 0 -1 -8.742278E-08
vn 0 -1 -8.742278E-08
vn 0 -1 -8.742278E-08
vn 0 -1 -8.742278E-08
vn 0 -1 -8.742278E-08
vn 0 -1 -8.742278E-08
vn 0 -1 -8.742278E-08
vn 0 -1 -8.742278E-08
vn 0 -1 -8.742278E-08
vn 0 -1 -8.742278E-08
vn 0 -1 -8.742278E-08
vn 0 -1 -8.742278E-08
vn 0 -1 -8.742278E-08
vn 0 -1 -8.742278E-08
vn 0 -1 -8.742278E-08
vn 0 -1 -8.742278E-08
vn 0 -1 -8.742278E-08
vn 0 -1 -8.742278E-08
vn 0 -1 -8.742278E-08
vn 0 -1 -8.742278E-08
vn 0 -1 -8.742278E-08
vn 0 -1 -8.742278E-08
vn 0 -1 -8.742278E-08
vn 0 -1 -8.742278E-08
vn 0 -1 -8.742278E-08
vn 0 -1 -8.742278E-08
vn 0 -1 -8.742278E-08
vn 0 -1 -8.742278E-08
vn 0 -1 -8.742278E-08
vn 0 -1 -8.742278E-08
vn 0 -1 -8.742278E-08
vn 0 -1 -8.742278E-08
vn 0 -1 -8.742278E-08
vn 0 -1 -8.742278E-08
vn 0 -1 -8.742278E-08
vn 0 -1 -8.742278E-08
vn 0 -1 -8.742278E-08
vn 0 -1 -8.742278E-08
vn 0 -1 -8.742278E-08
vn 0 -1 -8.742278E-08
vn 0 -1 -8.742278E-08
vn 0 -1 -8.742278E-08
vn 0 -1 -8.742278E-08
vn 0 -1 -8.742278E-08
vn 0 -1 -8.742278E-08
vn 0 -1 -8.742278E-08
vn 0 -1 -8.742278E-08
vn 0 -1 -8.742278E-08
vn 0 -1 -8.742278E-08
vn 0 -1 -8.742278E-08
vn 0 -1 -8.742278E-08
vn 0 -1 -8.742278E-08
vn 0 -1 -8.742278E-08
vn 0 -1 -8.742278E-08
vn 0 -1 -8.742278E-08
vn 0 -1 -8.742278E-08
vn 0 -1 -8.742278E-08
vn 0 -1 -8.742278E-08
vn 0 -1 -8.742278E-08
vn 0 -1 -8.742278E-08
vn 0 -1 -8.742278E-08
vn 0 -1 -8.742278E-08
vn 0 -1 -8.742278E-08
vn 0 -1 -8.742278E-08
vn 0 -1 -8.742278E-08
vn 0 -1 -8.742278E-08
vn 0 -1 -8.742278E-08
vn 0 -1 -8.742278E-08
vn 0 -1 -8.742278E-08
vn 0 -1 -8.742278E-08
vn 0 -1 -8.742278E-08
vn 0 -1 -8.742278E-08
vn 0 -1 -8.742278E-08
vn 0 -1 -8.742278E-08
vn 0 -1 -8.742278E-08
vn 0 -1 -8.742278E-08
vn 0 -1 -8.742278E-08
vn 0 -1 -8.742278E-08
vn 0 -1 -8.742278E-08
vn 0 -1 -8.742278E-08
vn 0 -1 -8.742278E-08
vn 0 -1 -8.742278E-08
vn 0 -1 -8.742278E-08
vn 0 -1 -8.742278E-08
vn 0 -1 -8.742278E-08
vn 0 -1 -8.742278E-08
vn 0 -1 -8.742278E-08
vn 0 -1 -8.742278E-08
vn 0 -1 -8.742278E-08
vn 0 -1 -8.742278E-08
vn 0 -1 -8.742278E-08
vn 0 -1 -8.742278E-08
vn 0 -1 -8.742278E-08
vn 0 -1 -8.742278E-08
vn 0 -1 -8.742278E-08
vn 0 -1 -8.742278E-08
vn 0 -1 -8.742278E-08
vn 0 -1 -8.742278E-08
vn 0 -1 -8.742278E-08
vn 0 -1 -8.742278E-08
vn 0 -1 -8.742278E-08
vn 0 -1 -8.742278E-08
vn 0 -1 -8.742278E-08
vn 0 -1 -8.742278E-08
vn 0 -1 -8.742278E-08
vn 0 -1 -8.742278E-08
vn 0 -1 -8.742278E-08
vn 0 -1 -8.742278E-08
vn 0 -1 -8.742278E-08
vn 0 -1 -8.742278E-08
vn 0 -1 -8.742278E-08
vn 0 -1 -8.742278E-08
vn 0 -1 -8.742278E-08
vn 0 -1 -8.742278E-08
vn 0 -1 -8.742278E-08
vn 0 -1 -8.742278E-08
vn 0 -1 -8.742278E-08
vn 0 -1 -8.742278E-08
vn 0 -1 -8.742278E-08
vn 0 -1 -8.742278E-08
vn 0 -1 -8.742278E-08
vn 0 -1 -8.742278E-08
vn 0 -1 -8.742278E-08
vn 0 -1 -8.742278E-08
vn 0 -1 -8.742278E-08
vn 0 -1 -8.742278E-08
vn 0 -1 -8.742278E-08
vn 0 -1 -8.742278E-08
vn 0 -1 -8.742278E-08
vn 0 -1 -8.742278E-08
vn 0 -1 -8.742278E-08
vn 0 -1 -8.742278E-08
vn 0 -1 -8.742278E-08
vn 0 -1 -8.742278E-08
vn 0 -1 -8.742278E-08
vn 0 -1 -8.742278E-08
vn 0 -1 -8.742278E-08
vn 0 -1 -8.742278E-08
vn 0 -1 -8.742278E-08
vn 0 -1 -8.742278E-08
vn 0 -1 -8.742278E-08
vn 0 -1 -8.742278E-08
vn 0 -1 -8.742278E-08
vn 0 -1 -8.742278E-08
vn 0 -1 -8.742278E-08
vn 0 -1 -8.742278E-08
vn 0 -1 -8.742278E-08
vn 0 -1 -8.742278E-08
vn 0 -1 -8.742278E-08
vn 0 -1 -8.742278E-08
vn 0 -1 -8.742278E-08
vn 0 -1 -8.742278E-08
vn 0 -1 -8.742278E-08
vn 0 -1 -8.742278E-08
vn 0 -1 -8.742278E-08
vn 0 -1 -8.742278E-08
vn 0 -1 -8.742278E-08
vn 0 -1 -8.742278E-08
vn 0 -1 -8.742278E-08
vn 0 -1 -8.742278E-08
vn 0 -1 -8.742278E-08
vn 0 -1 -8.742278E-08
vn 0 -1 -8.742278E-08
vn 0 -1 -8.742278E-08
vn 0 -1 -8.742278E-08
vn 0 -1 -8.742278E-08
vn 0 -1 -8.742278E-08
vn 0 -1 -8.742278E-08
vn 0 -1 -8.742278E-08
vn 0 -1 -8.742278E-08
vn 0 -1 -8.742278E-08
vn 0 -1 -8.742278E-08
vn 0 -1 -8.742278E-08
vn 0 -1 -8.742278E-08
vn 0 -1 -8.742278E-08
vn 0 -1 -8.742278E-08
vn 0 -1 -8.742278E-08
vn 0 -1 -8.742278E-08
vn 0 -1 -8.742278E-08
vn 0 -1 -8.742278E-08
vn 0 -1 -8.742278E-08
vn 0 -1 -8.742278E-08
vn 0 -1 -8.742278E-08
vn 0 -1 -8.742278E-08
vn 0 -1 -8.742278E-08
vn 0 -1 -8.742278E-08
vn 0 -1 -8.742278E-08
vn 0 -1 -8.742278E-08
vn 0 -1 -8.742278E-08
vn 0 -1 -8.742278E-08
vn 0 -1 -8.742278E-08
vn 0 -1 -8.742278E-08
vn 0 -1 -8.742278E-08
vn 0 -1 -8.742278E-08
vn 0 -1 -8.742278E-08
vn 0 -1 -8.742278E-08
vn 0 -1 -8.742278E-08
vn 0 -1 -8.742278E-08
vn 0 -1 -8.742278E-08
vn 0 -1 -8.742278E-08
vn 0 -1 -8.742278E-08
vn 0 -1 -8.742278E-08
vn 0 -1 -8.742278E-08
vn 0 -1 -8.742278E-08
vn 0 -1 -8.742278E-08
vn 0 -1 -8.742278E-08
vn 0 -1 -8.742278E-08
vn 0 -1 -8.742278E-08
vn 0 -1 -8.742278E-08
vn 0 -1 -8.742278E-08
vn 0 -1 -8.742278E-08
vn 0 -1 -8.742278E-08
vn 0 -1 -8.742278E-08
vn 0 -1 -8.742278E-08
vn 0 -1 -8.742278E-08
vn 0 -1 -8.742278E-08
vn 0 -1 -8.742278E-08
vn 0 -1 -8.742278E-08
vn 0 -1 -8.742278E-08
vn 0 -1 -8.742278E-08
vn 0 -1 -8.742278E-08
vn 0 -1 -8.742278E-08
vn 0 -1 -8.742278E-08
vn 0 -1 -8.742278E-08
vn 0 -1 -8.742278E-08
vn 0 -1 -8.742278E-08
vn 0 1 8.742278E-08
vn 0 1 8.742278E-08
vn 0 1 8.742278E-08
vn 0 1 8.742278E-08
vn 0 1 8.742278E-08
vn 0 1 8.742278E-08
vn 0 1 8.742278E-08
vn 0 1 8.742278E-08
vn 0 1 8.742278E-08
vn 0 1 8.742278E-08
vn 0 1 8.742278E-08
vn 0 1 8.742278E-08
vn 0 1 8.742278E-08
vn 0 1 8.742278E-08
vn 0 1 8.742278E-08
vn 0 1 8.742278E-08
vn 0 1 8.742278E-08
vn 0 1 8.742278E-08
vn 0 1 8.742278E-08
vn 0 1 8.742278E-08
vn 0 1 8.742278E-08
vn 0 1 8.742278E-08
vn 0 1 8.742278E-08
vn 0 1 8.742278E-08
vn 0 1 8.742278E-08
vn 0 1 8.742278E-08
vn 0 1 8.742278E-08
vn 0 1 8.742278E-08
vn 0 1 8.742278E-08
vn 0 1 8.742278E-08
vn 0 1 8.742278E-08
vn 0 1 8.742278E-08
vn 0 1 8.742278E-08
vn 0 1 8.742278E-08
vn 0 1 8.742278E-08
vn 0 1 8.742278E-08
vn 0 1 8.742278E-08
vn 0 1 8.742278E-08
vn 0 1 8.742278E-08
vn 0 1 8.742278E-08
vn 0 1 8.742278E-08
vn 0 1 8.742278E-08
vn 0 1 8.742278E-08
vn 0 1 8.742278E-08
vn 0 1 8.742278E-08
vn 0 1 8.742278E-08
vn 0 1 8.742278E-08
vn 0 1 8.742278E-08
vn 0 1 8.742278E-08
vn 0 1 8.742278E-08
vn 0 1 8.742278E-08
vn 0 1 8.742278E-08
vn 0 1 8.742278E-08
vn 0 1 8.742278E-08
vn 0 1 8.742278E-08
vn 0 1 8.742278E-08
vn 0 1 8.742278E-08
vn 0 1 8.742278E-08
vn 0 1 8.742278E-08
vn 0 1 8.742278E-08
vn 0 1 8.742278E-08
vn 0 1 8.742278E-08
vn 0 1 8.742278E-08
vn 0 1 8.742278E-08
vn 0 1 8.742278E-08
vn 0 1 8.742278E-08
vn 0 1 8.742278E-08
vn 0 1 8.742278E-08
vn 0 1 8.742278E-08
vn 0 1 8.742278E-08
vn 0 1 8.742278E-08
vn 0 1 8.742278E-08
vn 0 1 8.742278E-08
vn 0 1 8.742278E-08
vn 0 1 8.742278E-08
vn 0 1 8.742278E-08
vn 0 1 8.742278E-08
vn 0 1 8.742278E-08
vn 0 1 8.742278E-08
vn 0 1 8.742278E-08
vn 0 1 8.742278E-08
vn 0 1 8.742278E-08
vn 0 1 8.742278E-08
vn 0 1 8.742278E-08
vn 0 1 8.742278E-08
vn 0 1 8.742278E-08
vn 0 1 8.742278E-08
vn 0 1 8.742278E-08
vn 0 1 8.742278E-08
vn 0 1 8.742278E-08
vn 0 1 8.742278E-08
vn 0 1 8.742278E-08
vn 0 1 8.742278E-08
vn 0 1 8.742278E-08
vn 0 1 8.742278E-08
vn 0 1 8.742278E-08
vn 0 1 8.742278E-08
vn 0 1 8.742278E-08
vn 0 -8.742278E-08 1
vn 0.3826981 -8.076758E-08 0.9238735
vn 0.7071068 -6.181724E-08 0.7071068
vn 0.9238735 -3.345653E-08 0.3826981
vn 1 0 0
vn 0.9238735 3.345653E-08 -0.3826981
vn 0.7071068 6.181724E-08 -0.7071068
vn 0.3826981 8.076758E-08 -0.9238735
vn 0 8.742278E-08 -1
vn -0.3826981 8.076758E-08 -0.9238735
vn -0.7071068 6.181724E-08 -0.7071068
vn -0.9238735 3.345653E-08 -0.3826981
vn -1 0 0
vn -0.9238735 -3.345653E-08 0.3826981
vn -0.7071068 -6.181724E-08 0.7071068
vn -0.3826981 -8.076758E-08 0.9238735
vn 0 8.742278E-08 -1
vn -0.3826981 8.076758E-08 -0.9238735
vn -0.3826981 8.076758E-08 -0.9238735
vn 0 8.742278E-08 -1
vn -0.7071068 6.181724E-08 -0.7071068
vn -0.7071068 6.181724E-08 -0.7071068
vn -0.9238735 3.345653E-08 -0.3826981
vn -0.9238735 3.345653E-08 -0.3826981
vn -1 0 0
vn -1 0 0
vn -0.9238735 -3.345653E-08 0.3826981
vn -0.9238735 -3.345653E-08 0.3826981
vn -0.7071068 -6.181724E-08 0.7071068
vn -0.7071068 -6.181724E-08 0.7071068
vn -0.3826981 -8.076758E-08 0.9238735
vn -0.3826981 -8.076758E-08 0.9238735
vn 0 -8.742278E-08 1
vn 0 -8.742278E-08 1
vn 0.3826981 -8.076758E-08 0.9238735
vn 0.3826981 -8.076758E-08 0.9238735
vn 0.7071068 -6.181724E-08 0.7071068
vn 0.7071068 -6.181724E-08 0.7071068
vn 0.9238735 -3.345653E-08 0.3826981
vn 0.9238735 -3.345653E-08 0.3826981
vn 1 0 0
vn 1 0 0
vn 0.9238735 3.345653E-08 -0.3826981
vn 0.9238735 3.345653E-08 -0.3826981
vn 0.7071068 6.181724E-08 -0.7071068
vn 0.7071068 6.181724E-08 -0.7071068
vn 0.3826981 8.076758E-08 -0.9238735
vn 0.3826981 8.076758E-08 -0.9238735
vn 0 1 8.742278E-08
vn 0 1 8.742278E-08
vn 0 1 8.742278E-08
vn 0 1 8.742278E-08
vn 0 1 8.742278E-08
vn 0 1 8.742278E-08
vn 0 1 8.742278E-08
vn 0 1 8.742278E-08
vn 0 1 8.742278E-08
vn 0 1 8.742278E-08
vn 0 1 8.742278E-08
vn 0 1 8.742278E-08
vn 0 1 8.742278E-08
vn 0 1 8.742278E-08
vn 0 1 8.742278E-08
vn 0 1 8.742278E-08
vn 0 1 8.742278E-08
vn 0 1 8.742278E-08
vn 0 1 8.742278E-08
vn 0 1 8.742278E-08
vn 0 1 8.742278E-08
vn 0 1 8.742278E-08
vn 0 1 8.742278E-08
vn 0 1 8.742278E-08
vn 0 1 8.742278E-08
vn 0 1 8.742278E-08
vn 0 1 8.742278E-08
vn 0 1 8.742278E-08
vn 0 1 8.742278E-08
vn 0 1 8.742278E-08
vn 0 1 8.742278E-08
vn 0 1 8.742278E-08
vn 0 -8.742278E-08 1
vn 0.3826981 -8.076758E-08 0.9238735
vn 0.7071068 -6.181724E-08 0.7071068
vn 0.9238735 -3.345653E-08 0.3826981
vn 1 0 0
vn 0.9238735 3.345653E-08 -0.3826981
vn 0.7071068 6.181724E-08 -0.7071068
vn 0.3826981 8.076758E-08 -0.9238735
vn 0 8.742278E-08 -1
vn -0.3826981 8.076758E-08 -0.9238735
vn -0.7071068 6.181724E-08 -0.7071068
vn -0.9238735 3.345653E-08 -0.3826981
vn -1 0 0
vn -0.9238735 -3.345653E-08 0.3826981
vn -0.7071068 -6.181724E-08 0.7071068
vn -0.3826981 -8.076758E-08 0.9238735
vn 0 8.742278E-08 -1
vn -0.3826981 8.076758E-08 -0.9238735
vn -0.7071068 6.181724E-08 -0.7071068
vn -0.9238735 3.345653E-08 -0.3826981
vn -1 0 0
vn -0.9238735 -3.345653E-08 0.3826981
vn -0.9238735 -3.345653E-08 0.3826981
vn -0.7071068 -6.181724E-08 0.7071068
vn -0.7071068 -6.181724E-08 0.7071068
vn -0.3826981 -8.076758E-08 0.9238735
vn -0.3826981 -8.076758E-08 0.9238735
vn 0 -8.742278E-08 1
vn 0.3826981 -8.076758E-08 0.9238735
vn 0.7071068 -6.181724E-08 0.7071068
vn 0.9238735 -3.345653E-08 0.3826981
vn 1 0 0
vn 0.9238735 3.345653E-08 -0.3826981
vn 0.7071068 6.181724E-08 -0.7071068
vn 0.3826981 8.076758E-08 -0.9238735
vn 0 1 8.742278E-08
vn 0 1 8.742278E-08
vn 0 1 8.742278E-08
vn 0 1 8.742278E-08
vn 0 1 8.742278E-08
vn 0 1 8.742278E-08
vn 0 1 8.742278E-08
vn 0 1 8.742278E-08
vn 0 1 8.742278E-08
vn 0 1 8.742278E-08
vn 0 1 8.742278E-08
vn 0 1 8.742278E-08
vn 0 1 8.742278E-08
vn 0 1 8.742278E-08
vn 0 1 8.742278E-08
vn 0 1 8.742278E-08
vn 0 1 8.742278E-08
vn 0 1 8.742278E-08
vn 0 1 8.742278E-08
vn 0 1 8.742278E-08
vn 0 1 8.742278E-08
vn 0 1 8.742278E-08
vn 0 1 8.742278E-08
vn 0 1 8.742278E-08
vn 0 1 8.742278E-08
vn 0 1 8.742278E-08
vn 0 1 8.742278E-08
vn 0 1 8.742278E-08
vn 0 1 8.742278E-08
vn 0 1 8.742278E-08
vn 0 1 8.742278E-08
vn 0 1 8.742278E-08
vn 0 -8.742278E-08 1
vn 0.3826981 -8.076758E-08 0.9238735
vn 0.7071068 -6.181724E-08 0.7071068
vn 0.9238735 -3.345653E-08 0.3826981
vn 1 0 0
vn 0.9238735 3.345653E-08 -0.3826981
vn 0.7071068 6.181724E-08 -0.7071068
vn 0.3826981 8.076758E-08 -0.9238735
vn 0 8.742278E-08 -1
vn -0.3826981 8.076758E-08 -0.9238735
vn -0.7071068 6.181724E-08 -0.7071068
vn -0.9238735 3.345653E-08 -0.3826981
vn -1 0 0
vn -0.9238735 -3.345653E-08 0.3826981
vn -0.7071068 -6.181724E-08 0.7071068
vn -0.3826981 -8.076758E-08 0.9238735
vn 0 8.742278E-08 -1
vn -0.3826981 8.076758E-08 -0.9238735
vn -0.3826981 8.076758E-08 -0.9238735
vn -0.7071068 6.181724E-08 -0.7071068
vn -0.7071068 6.181724E-08 -0.7071068
vn -0.9238735 3.345653E-08 -0.3826981
vn -0.9238735 3.345653E-08 -0.3826981
vn -1 0 0
vn -0.9238735 -3.345653E-08 0.3826981
vn -0.7071068 -6.181724E-08 0.7071068
vn -0.3826981 -8.076758E-08 0.9238735
vn 0 -8.742278E-08 1
vn 0.3826981 -8.076758E-08 0.9238735
vn 0.7071068 -6.181724E-08 0.7071068
vn 0.9238735 -3.345653E-08 0.3826981
vn 1 0 0
vn 0.9238735 3.345653E-08 -0.3826981
vn 0.7071068 6.181724E-08 -0.7071068
vn 0.3826981 8.076758E-08 -0.9238735
vn 0 1 8.742278E-08
vn 0 1 8.742278E-08
vn 0 1 8.742278E-08
vn 0 1 8.742278E-08
vn 0 1 8.742278E-08
vn 0 1 8.742278E-08
vn 0 1 8.742278E-08
vn 0 1 8.742278E-08
vn 0 1 8.742278E-08
vn 0 1 8.742278E-08
vn 0 1 8.742278E-08
vn 0 1 8.742278E-08
vn 0 1 8.742278E-08
vn 0 1 8.742278E-08
vn 0 1 8.742278E-08
vn 0 1 8.742278E-08
vn 0 1 8.742278E-08
vn 0 1 8.742278E-08
vn 0 1 8.742278E-08
vn 0 1 8.742278E-08
vn 0 1 8.742278E-08
vn 0 1 8.742278E-08
vn 0 1 8.742278E-08
vn 0 1 8.742278E-08
vn 0 1 8.742278E-08
vn 0 1 8.742278E-08
vn 0 1 8.742278E-08
vn 0 1 8.742278E-08
vn 0 1 8.742278E-08
vn 0 1 8.742278E-08
vn 0 1 8.742278E-08
vn 0 1 8.742278E-08
vn 0 -8.742278E-08 1
vn 0.3826981 -8.076758E-08 0.9238735
vn 0.7071068 -6.181724E-08 0.7071068
vn 0.9238735 -3.345653E-08 0.3826981
vn 1 0 0
vn 0.9238735 3.345653E-08 -0.3826981
vn 0.7071068 6.181724E-08 -0.7071068
vn 0.3826981 8.076758E-08 -0.9238735
vn 0 8.742278E-08 -1
vn -0.3826981 8.076758E-08 -0.9238735
vn -0.7071068 6.181724E-08 -0.7071068
vn -0.9238735 3.345653E-08 -0.3826981
vn -1 0 0
vn -0.9238735 -3.345653E-08 0.3826981
vn -0.7071068 -6.181724E-08 0.7071068
vn -0.3826981 -8.076758E-08 0.9238735
vn 0 8.742278E-08 -1
vn -0.3826981 8.076758E-08 -0.9238735
vn -0.7071068 6.181724E-08 -0.7071068
vn -0.9238735 3.345653E-08 -0.3826981
vn -1 0 0
vn -0.9238735 -3.345653E-08 0.3826981
vn -0.9238735 -3.345653E-08 0.3826981
vn -0.7071068 -6.181724E-08 0.7071068
vn -0.7071068 -6.181724E-08 0.7071068
vn -0.3826981 -8.076758E-08 0.9238735
vn -0.3826981 -8.076758E-08 0.9238735
vn 0 -8.742278E-08 1
vn 0.3826981 -8.076758E-08 0.9238735
vn 0.7071068 -6.181724E-08 0.7071068
vn 0.9238735 -3.345653E-08 0.3826981
vn 1 0 0
vn 0.9238735 3.345653E-08 -0.3826981
vn 0.7071068 6.181724E-08 -0.7071068
vn 0.3826981 8.076758E-08 -0.9238735
vn 0 1 8.742278E-08
vn 0 1 8.742278E-08
vn 0 1 8.742278E-08
vn 0 1 8.742278E-08
vn 0 1 8.742278E-08
vn 0 1 8.742278E-08
vn 0 1 8.742278E-08
vn 0 1 8.742278E-08
vn 0 1 8.742278E-08
vn 0 1 8.742278E-08
vn 0 1 8.742278E-08
vn 0 1 8.742278E-08
vn 0 1 8.742278E-08
vn 0 1 8.742278E-08
vn 0 1 8.742278E-08
vn 0 1 8.742278E-08
vn 0 1 8.742278E-08
vn 0 1 8.742278E-08
vn 0 1 8.742278E-08
vn 0 1 8.742278E-08
vn 0 1 8.742278E-08
vn 0 1 8.742278E-08
vn 0 1 8.742278E-08
vn 0 1 8.742278E-08
vn 0 1 8.742278E-08
vn 0 1 8.742278E-08
vn 0 1 8.742278E-08
vn 0 1 8.742278E-08
vn 0 1 8.742278E-08
vn 0 1 8.742278E-08
vn 0 1 8.742278E-08
vn 0 1 8.742278E-08
vn 0 -8.742278E-08 1
vn 0.3826981 -8.076758E-08 0.9238735
vn 0.7071068 -6.181724E-08 0.7071068
vn 0.9238735 -3.345653E-08 0.3826981
vn 1 0 0
vn 0.9238735 3.345653E-08 -0.3826981
vn 0.7071068 6.181724E-08 -0.7071068
vn 0.3826981 8.076758E-08 -0.9238735
vn 0 8.742278E-08 -1
vn -0.3826981 8.076758E-08 -0.9238735
vn -0.7071068 6.181724E-08 -0.7071068
vn -0.9238735 3.345653E-08 -0.3826981
vn -1 0 0
vn -0.9238735 -3.345653E-08 0.3826981
vn -0.7071068 -6.181724E-08 0.7071068
vn -0.3826981 -8.076758E-08 0.9238735
vn 0 8.742278E-08 -1
vn -0.3826981 8.076758E-08 -0.9238735
vn -0.3826981 8.076758E-08 -0.9238735
vn -0.7071068 6.181724E-08 -0.7071068
vn -0.7071068 6.181724E-08 -0.7071068
vn -0.9238735 3.345653E-08 -0.3826981
vn -0.9238735 3.345653E-08 -0.3826981
vn -1 0 0
vn -0.9238735 -3.345653E-08 0.3826981
vn -0.7071068 -6.181724E-08 0.7071068
vn -0.3826981 -8.076758E-08 0.9238735
vn 0 -8.742278E-08 1
vn 0.3826981 -8.076758E-08 0.9238735
vn 0.7071068 -6.181724E-08 0.7071068
vn 0.9238735 -3.345653E-08 0.3826981
vn 1 0 0
vn 0.9238735 3.345653E-08 -0.3826981
vn 0.7071068 6.181724E-08 -0.7071068
vn 0.3826981 8.076758E-08 -0.9238735
vn 0 1 8.742278E-08
vn 0 1 8.742278E-08
vn 0 1 8.742278E-08
vn 0 1 8.742278E-08
vn 0 1 8.742278E-08
vn 0 1 8.742278E-08
vn 0 1 8.742278E-08
vn 0 1 8.742278E-08
vn 0 1 8.742278E-08
vn 0 1 8.742278E-08
vn 0 1 8.742278E-08
vn 0 1 8.742278E-08
vn 0 1 8.742278E-08
vn 0 1 8.742278E-08
vn 0 1 8.742278E-08
vn 0 1 8.742278E-08
vn 0 1 8.742278E-08
vn 0 1 8.742278E-08
vn 0 1 8.742278E-08
vn 0 1 8.742278E-08
vn 0 1 8.742278E-08
vn 0 1 8.742278E-08
vn 0 1 8.742278E-08
vn 0 1 8.742278E-08
vn 0 1 8.742278E-08
vn 0 1 8.742278E-08
vn 0 1 8.742278E-08
vn 0 1 8.742278E-08
vn 0 1 8.742278E-08
vn 0 1 8.742278E-08
vn 0 1 8.742278E-08
vn 0 1 8.742278E-08
vn 0 -8.742278E-08 1
vn 0.3826981 -8.076758E-08 0.9238735
vn 0.7071068 -6.181724E-08 0.7071068
vn 0.9238735 -3.345653E-08 0.3826981
vn 1 0 0
vn 0.9238735 3.345653E-08 -0.3826981
vn 0.7071068 6.181724E-08 -0.7071068
vn 0.3826981 8.076758E-08 -0.9238735
vn 0 8.742278E-08 -1
vn -0.3826981 8.076758E-08 -0.9238735
vn -0.7071068 6.181724E-08 -0.7071068
vn -0.9238735 3.345653E-08 -0.3826981
vn -1 0 0
vn -0.9238735 -3.345653E-08 0.3826981
vn -0.7071068 -6.181724E-08 0.7071068
vn -0.3826981 -8.076758E-08 0.9238735
vn 0 8.742278E-08 -1
vn -0.3826981 8.076758E-08 -0.9238735
vn -0.3826981 8.076758E-08 -0.9238735
vn 0 8.742278E-08 -1
vn -0.7071068 6.181724E-08 -0.7071068
vn -0.7071068 6.181724E-08 -0.7071068
vn -0.9238735 3.345653E-08 -0.3826981
vn -0.9238735 3.345653E-08 -0.3826981
vn -1 0 0
vn -1 0 0
vn -0.9238735 -3.345653E-08 0.3826981
vn -0.9238735 -3.345653E-08 0.3826981
vn -0.7071068 -6.181724E-08 0.7071068
vn -0.7071068 -6.181724E-08 0.7071068
vn -0.3826981 -8.076758E-08 0.9238735
vn -0.3826981 -8.076758E-08 0.9238735
vn 0 -8.742278E-08 1
vn 0 -8.742278E-08 1
vn 0.3826981 -8.076758E-08 0.9238735
vn 0.3826981 -8.076758E-08 0.9238735
vn 0.7071068 -6.181724E-08 0.7071068
vn 0.7071068 -6.181724E-08 0.7071068
vn 0.9238735 -3.345653E-08 0.3826981
vn 0.9238735 -3.345653E-08 0.3826981
vn 1 0 0
vn 1 0 0
vn 0.9238735 3.345653E-08 -0.3826981
vn 0.9238735 3.345653E-08 -0.3826981
vn 0.7071068 6.181724E-08 -0.7071068
vn 0.7071068 6.181724E-08 -0.7071068
vn 0.3826981 8.076758E-08 -0.9238735
vn 0.3826981 8.076758E-08 -0.9238735
vn 0 1 8.742278E-08
vn 0 1 8.742278E-08
vn 0 1 8.742278E-08
vn 0 1 8.742278E-08
vn 0 1 8.742278E-08
vn 0 1 8.742278E-08
vn 0 1 8.742278E-08
vn 0 1 8.742278E-08
vn 0 1 8.742278E-08
vn 0 1 8.742278E-08
vn 0 1 8.742278E-08
vn 0 1 8.742278E-08
vn 0 1 8.742278E-08
vn 0 1 8.742278E-08
vn 0 1 8.742278E-08
vn 0 1 8.742278E-08
vn 0 1 8.742278E-08
vn 0 1 8.742278E-08
vn 0 1 8.742278E-08
vn 0 1 8.742278E-08
vn 0 1 8.742278E-08
vn 0 1 8.742278E-08
vn 0 1 8.742278E-08
vn 0 1 8.742278E-08
vn 0 1 8.742278E-08
vn 0 1 8.742278E-08
vn 0 1 8.742278E-08
vn 0 1 8.742278E-08
vn 0 1 8.742278E-08
vn 0 1 8.742278E-08
vn 0 1 8.742278E-08
vn 0 1 8.742278E-08
vn -0.8822843 -0.3290964 0.336556
vn -0.9011045 -0.263207 0.3445763
vn -0.8936636 -0.2888608 0.3434017
vn -0.9437501 -0.09787638 0.315842
vn -0.9159579 -0.07319344 0.3945427
vn -0.9762814 0.09036659 0.1967451
vn -0.9374378 0.05849983 0.3432028
vn -0.1516353 0.9803003 0.126563
vn -0.4613548 0.8867617 -0.02838366
vn -0.1959347 0.9797766 0.04058909
vn 0.0008937902 0.9840403 0.1779438
vn 0.05977021 0.9922815 -0.1086511
vn -0.08684694 0.985994 -0.1423849
vn -0.1448988 0.9545048 -0.2606241
vn 0.1133841 0.9851175 -0.1291805
vn -0.176475 0.0965063 -0.9795627
vn -0.2228732 -0.2122815 -0.9514536
vn -0.1924405 -0.1650371 -0.9673311
vn -0.1418078 -0.04209413 -0.9889988
vn -0.1783448 -0.3507374 -0.9193348
vn -0.1884962 0.9732345 0.131468
vn -0.4844423 0.8628801 -0.1440612
vn -0.3440432 0.8607138 -0.3752413
vn 0.02718842 0.6816907 0.7311351
vn 0.07133476 0.7222562 0.687937
vn 0.04362961 0.7168555 0.6958553
vn 0.004167092 0.7360902 0.6768706
vn -0.01305432 0.6769854 0.7358807
vn -0.04096703 0.6953551 0.7174978
vn -0.084448 0.8439721 0.5296976
vn -0.048093 0.9924136 0.113147
vn 0.1203704 0.9913075 0.05310702
vn 0.4443569 0.8042898 -0.3945439
vn 0.4228909 0.8398573 -0.3402984
vn 0.4688592 0.8121192 -0.3473235
vn 0.4857228 0.7640005 -0.4247078
vn 0.5171551 0.8188089 -0.2492041
vn 0.55437 0.7523881 -0.3557894
vn 0.5632845 0.8063422 -0.1803409
vn 0.5482655 0.8022568 0.2361972
vn -0.3227545 -0.6363829 0.7006041
vn -0.1147338 -0.362773 0.9247876
vn -0.3159092 -0.2661806 0.9106863
vn 0.1505391 -0.6301595 0.7617329
vn -0.2589677 -0.7197028 0.6441766
vn 0.04955835 -0.9360943 0.3482406
vn 0.1161281 -0.9921808 0.04573225
vn 0.1146408 -0.917611 0.3805884
vn 0.2596003 -0.679634 0.6860798
vn -0.01677693 -0.9990001 -0.04143951
vn 0.7188733 -0.5113763 -0.4708667
vn 0.7605 -0.6349661 -0.1358601
vn 0.7146605 -0.6650442 -0.2167411
vn 0.4241224 -0.6489409 -0.6316613
vn 0.2490012 -0.8891457 -0.3839511
vn 0.2490012 -0.8891457 -0.3839511
vn 0.651248 -0.2744991 -0.7074788
vn 0.4055575 -0.556954 -0.7247934
vn -0.1126834 -0.9852981 -0.1284149
vn -0.1818504 -0.9761827 -0.1183124
vn -0.08724255 -0.9947131 -0.05417107
vn 0.6826517 -0.2938144 -0.6690738
vn 0.7377045 -0.4572313 -0.4967209
vn 0.5424412 -0.2110283 -0.8131571
vn 0.2093903 -0.8033789 -0.5574388
vn 0.1390128 -0.7807308 -0.6092083
vn 0.3146213 -0.6541578 -0.6878162
vn -0.4628097 -0.5856412 0.6654559
vn -0.4218801 -0.7126874 0.5604408
vn -0.103278 -0.236339 0.9661665
vn -0.3940466 -0.08383822 0.9152588
vn 0.4780111 -0.3413007 -0.8093325
vn 0.6746726 -0.4231813 -0.6047599
vn 0.9135622 -0.405565 -0.03035346
vn 0.9135622 -0.405565 -0.03035346
vn 0.8343372 -0.5382428 -0.119064
vn 0.4409913 -0.5963987 0.6706977
vn 0.4829338 -0.6998927 0.5262368
vn 0.4896407 -0.5943441 0.637971
vn 0.3951614 -0.5689312 0.7212245
vn 0.01415006 -0.3252793 0.9455122
vn 0.08312266 -0.2474103 0.9653388
vn -0.004922071 -0.9985192 -0.05417689
vn -0.1151454 -0.9878259 -0.1046029
vn -0.09659772 -0.9923535 -0.07683478
vn -0.2354588 -0.9626083 -0.1339571
vn -0.00438469 -0.9994624 -0.0324937
vn -0.1410499 -0.9872245 -0.0741144
vn -0.2506972 -0.9457597 -0.206615
vn -0.229678 -0.9510184 -0.2069109
vn -0.3087733 -0.9305899 -0.1966254
vn -0.3454987 -0.9129479 -0.2171567
vn -0.4004856 -0.8823973 -0.2469541
vn -0.4229334 -0.8777001 -0.2253219
vn -0.4672873 -0.8453496 -0.2588951
vn -0.3893198 -0.888409 -0.243228
vn -0.3413194 -0.922565 -0.1799303
vn -0.3664467 -0.9043532 -0.2187742
vn -0.258548 -0.9614734 -0.09339052
vn 0.2477526 0.8999078 0.3588657
vn 0.1630754 0.9573088 0.2386763
vn 0.420601 0.8521808 0.3112598
vn 0.3439873 0.8487498 0.4016175
vn 0.4591528 0.8100613 0.3646633
vn 0.5183812 0.8024188 0.2956434
vn 0.5286923 0.7766876 0.3424046
vn 0.601099 0.7771089 0.1864987
vn 0.5216504 0.8296756 0.1987948
vn 0.3810929 0.9212453 0.07794458
vn 0.444874 0.8954941 0.013324
vn 0.534557 0.8407968 0.08549722
vn 0.2580504 0.9659516 -0.01864646
vn 0.1684517 0.9833156 -0.0686613
vn -0.03476875 0.9936572 0.1069424
vn 0.09781247 0.9480777 0.3026241
vn -0.4729462 -0.8361636 -0.2777633
vn -0.4279813 -0.8634708 -0.2669274
vn -0.1278014 -0.9713012 -0.2006012
vn 0.02847728 -0.8851007 -0.4645273
vn 0.2852763 -0.9025884 -0.3224156
vn 0.1623401 -0.8282641 -0.536306
vn -0.4849601 -0.7214373 0.4943096
vn -0.4704443 -0.7685384 0.4336255
vn -0.4852152 -0.7575843 0.4366148
vn -0.4807171 -0.7961159 0.3675742
vn -0.0478211 -0.9913864 -0.1219273
vn 0.09948046 -0.858123 -0.5037147
vn -0.1889266 -0.9715622 -0.1427363
vn -0.4431372 -0.8142893 0.3749167
vn 0.4061664 -0.4747438 -0.7807991
vn -0.39657 -0.782088 0.4806984
vn -0.1634088 -0.9746164 -0.1530372
vn -0.2876728 -0.9369925 -0.1982157
vn -0.1221871 -0.9877057 -0.09750861
vn -0.2138988 -0.9292755 -0.3011551
vn -0.3455566 -0.9036478 -0.2530045
vn -0.4722693 -0.8388136 -0.2708389
vn -0.4740689 -0.8386245 -0.2682683
vn -0.4752736 -0.8341292 -0.2798993
vn 0.4876097 0.7263971 -0.4843389
vn -0.07243385 0.6211328 0.7803509
vn -0.05068467 0.6850922 0.726691
vn 0.5379464 0.7291287 -0.4230662
vn 0.398156 0.8477433 -0.350433
vn 0.3555636 0.9341307 -0.03121858
vn 0.5222319 0.8522651 -0.03030247
vn 0.5638524 0.8258448 0.007129998
vn 0.6309796 0.7706286 0.0894236
vn 0.6458754 0.7431964 0.1746548
vn 0.6438044 0.7158794 0.2702454
vn 0.8146074 0.4940875 0.3037968
vn 0.6421153 0.6856388 0.3429101
vn 0.604854 0.6837728 0.4081745
vn 0.4365477 0.7933688 0.4242548
vn 0.2844687 0.8324652 0.4754779
vn 0.2078815 0.8650895 0.4565146
vn 0.09857238 0.9101091 0.4024735
vn 0.0009107041 0.9664536 0.2568399
vn -0.9760948 -0.02884187 0.2154229
vn -0.8168289 -0.4737033 0.3292349
vn -0.9892943 0.1303348 0.06564819
vn -0.08481687 -0.2202219 -0.9717553
vn -0.07858554 -0.3307979 -0.9404238
vn 0.5341357 -0.4104155 -0.7390929
vn 0.5668685 -0.277562 -0.7756413
vn 0.4868563 -0.3194087 -0.8129879
vn 0.6427925 -0.4673145 -0.6069884
vn 0.664434 -0.3457865 -0.66254
vn 0.7570127 -0.3513078 -0.5509216
vn 0.7615871 -0.4890027 -0.4252784
vn 0.8664444 -0.2868971 -0.4086123
vn 0.9316236 -0.2994536 -0.2059251
vn 0.8871629 -0.4332556 -0.1588445
vn 0.9727325 -0.2295488 -0.03314735
vn 0.6267795 -0.3135978 0.7133049
vn 0.5376943 -0.3625816 0.7611961
vn 0.4657603 -0.361076 0.8078932
vn 0.6097009 -0.0814124 0.7884394
vn 0.1918376 -0.2464929 0.9499682
vn 0.0189486 -0.3825863 0.9237255
vn -0.2055555 -0.5117586 0.8341762
vn -0.02026294 -0.294071 0.9555689
vn -0.2551146 -0.3992385 0.8806391
vn -0.4734657 -0.5328001 0.7013946
vn -0.3902708 -0.3333752 0.8582247
vn -0.6850419 -0.3413199 0.643598
vn -0.7378548 -0.5365236 0.4095274
vn -0.8287475 -0.3973897 0.3940294
vn -0.8839561 -0.008420887 0.467494
vn -0.8723086 -0.1749751 0.4565757
vn -0.8550735 -0.1277342 0.5025271
vn 0.1276098 -0.1467705 0.9809049
vn -0.1287531 -0.2119386 0.9687645
vn 0.5190735 -0.0006750099 0.8547294
vn 0.7324532 -0.01153322 0.6807197
vn 0.9460366 0.3034333 0.1137677
vn 0.9460366 0.3034333 0.1137677
vn 0.9526158 0.291313 0.08752144
vn 0.581831 -0.1595078 -0.7975149
vn 0.5579075 -0.09083672 -0.824917
vn 0.5363431 -0.1938187 -0.8214442
vn -0.04201593 -0.1891453 -0.9810498
vn -0.05150042 -0.08961847 -0.9946438
vn -0.2499981 -0.2607062 -0.9324876
vn -0.2164789 -0.3201358 -0.922307
vn -0.1841111 -0.05685836 -0.9812595
vn -0.4243301 -0.1811222 0.8872085
vn -0.3768884 -0.1989368 0.9046432
vn 0.9886547 -0.1499092 0.009444417
vn 0.9839044 -0.1600996 -0.07937525
vn 0.9379331 -0.1703133 -0.3021172
vn 0.8524938 -0.2049568 -0.4808816
vn 0.7285128 -0.209279 -0.6522818
vn -0.6688526 0.7367672 -0.09904733
vn 0 -1 -8.742278E-08
vn 0 -1 -8.742278E-08
vn 0 -1 -8.742278E-08
vn 0 -1 -8.742278E-08
vn 0 -1 -8.742278E-08
vn 0 -1 -8.742278E-08
vn 0 -1 -8.742278E-08
vn 0 -1 -8.742278E-08
vn 0 -1 -8.742278E-08
vn 0 -1 -8.742278E-08
vn 0 -1 -8.742278E-08
vn 0 -1 -8.742278E-08
vn 0 -1 -8.742278E-08
vn 0 -1 -8.742278E-08
vn 0 -1 -8.742278E-08
vn 0 -1 -8.742278E-08
vn 0 -1 -8.742278E-08
vn 1 0 0
vn 0.9238735 3.345653E-08 -0.3826981
vn 0.9238735 3.345653E-08 -0.3826981
vn 1 0 0
vn 0.7071068 6.181724E-08 -0.7071068
vn 0.7071068 6.181724E-08 -0.7071068
vn 0.3826981 8.076758E-08 -0.9238735
vn 0.3826981 8.076758E-08 -0.9238735
vn 0 8.742278E-08 -1
vn 0 8.742278E-08 -1
vn -0.3826981 8.076758E-08 -0.9238735
vn -0.3826981 8.076758E-08 -0.9238735
vn -0.7071068 6.181724E-08 -0.7071068
vn -0.7071068 6.181724E-08 -0.7071068
vn -0.9238735 3.345653E-08 -0.3826981
vn -0.9238735 3.345653E-08 -0.3826981
vn -1 0 0
vn -1 0 0
vn -0.9238735 -3.345653E-08 0.3826981
vn -0.9238735 -3.345653E-08 0.3826981
vn -0.7071068 -6.181724E-08 0.7071068
vn -0.7071068 -6.181724E-08 0.7071068
vn -0.3826981 -8.076758E-08 0.9238735
vn -0.3826981 -8.076758E-08 0.9238735
vn 0 -8.742278E-08 1
vn 0 -8.742278E-08 1
vn 0.3826981 -8.076758E-08 0.9238735
vn 0.3826981 -8.076758E-08 0.9238735
vn 0.7071068 -6.181724E-08 0.7071068
vn 0.7071068 -6.181724E-08 0.7071068
vn 0.9238735 -3.345653E-08 0.3826981
vn 0.9238735 -3.345653E-08 0.3826981
vn -1 0 0
vn -0.9238735 -3.345653E-08 0.3826981
vn -0.9238735 -3.345653E-08 0.3826981
vn -1 0 0
vn -0.7071068 -6.181724E-08 0.7071068
vn -0.7071068 -6.181724E-08 0.7071068
vn -0.3826981 -8.076759E-08 0.9238735
vn -0.3826981 -8.076759E-08 0.9238735
vn 0 -8.742278E-08 1
vn 0 -8.742278E-08 1
vn 0.3826981 -8.076759E-08 0.9238735
vn 0.3826981 -8.076759E-08 0.9238735
vn 0.7071068 -6.181724E-08 0.7071068
vn 0.7071068 -6.181724E-08 0.7071068
vn 0.9238735 -3.345653E-08 0.3826981
vn 0.9238735 -3.345653E-08 0.3826981
vn 1 0 0
vn 1 0 0
vn 0.9238735 3.345653E-08 -0.3826981
vn 0.9238735 3.345653E-08 -0.3826981
vn 0.7071068 6.181724E-08 -0.7071068
vn 0.7071068 6.181724E-08 -0.7071068
vn 0.3826981 8.076759E-08 -0.9238735
vn 0.3826981 8.076759E-08 -0.9238735
vn 0 8.742278E-08 -1
vn 0 8.742278E-08 -1
vn -0.3826981 8.076759E-08 -0.9238735
vn -0.3826981 8.076759E-08 -0.9238735
vn -0.7071068 6.181724E-08 -0.7071068
vn -0.7071068 6.181724E-08 -0.7071068
vn -0.9238735 3.345653E-08 -0.3826981
vn -0.9238735 3.345653E-08 -0.3826981
vn 0 -1 -8.742278E-08
vn 0 -1 -8.742278E-08
vn 0 -1 -8.742278E-08
vn 0 -1 -8.742278E-08
vn 0 -1 -8.742278E-08
vn 0 -1 -8.742278E-08
vn 0 -1 -8.742278E-08
vn 0 -1 -8.742278E-08
vn 0 -1 -8.742278E-08
vn 0 -1 -8.742278E-08
vn 0 -1 -8.742278E-08
vn 0 -1 -8.742278E-08
vn 0 -1 -8.742278E-08
vn 0 -1 -8.742278E-08
vn 0 -1 -8.742278E-08
vn 0 -1 -8.742278E-08
vn 0 -1 -8.742278E-08
vn 0 -1 -8.742278E-08
vn 0 -1 -8.742278E-08
vn 0 -1 -8.742278E-08
vn 0 -1 -8.742278E-08
vn 0 -1 -8.742278E-08
vn 0 -1 -8.742278E-08
vn 0 -1 -8.742278E-08
vn 0 -1 -8.742278E-08
vn 0 -1 -8.742278E-08
vn 0 -1 -8.742278E-08
vn 0 -1 -8.742278E-08
vn 0 -1 -8.742278E-08
vn 0 -1 -8.742278E-08
vn 0 -1 -8.742278E-08
vn 0 -1 -8.742278E-08
vn -0.3431105 0.92848 0.1421275
vn -0.3431105 0.92848 0.1421275
vn -0.3713906 0.9284768 8.512175E-08
vn -0.3713907 0.9284768 7.721828E-08
vn -0.262615 0.9284755 0.2626151
vn -0.2626151 0.9284755 0.2626151
vn -0.1421275 0.9284799 0.3431106
vn -0.1421275 0.92848 0.3431106
vn 0 0.9284766 0.3713908
vn 3.951731E-09 0.9284767 0.3713907
vn 0.1421275 0.9284799 0.3431106
vn 0.1421274 0.9284799 0.3431106
vn 0.262615 0.9284755 0.2626151
vn 0.262615 0.9284755 0.2626151
vn 0.3431105 0.92848 0.1421275
vn 0.3431105 0.9284799 0.1421275
vn 0.3713907 0.9284768 8.512175E-08
vn 0.3713906 0.9284768 7.721828E-08
vn 0.3431105 0.92848 -0.1421274
vn 0.3431105 0.92848 -0.1421274
vn 0.262615 0.9284755 -0.2626149
vn 0.2626151 0.9284755 -0.2626149
vn 0.1421275 0.92848 -0.3431104
vn 0.1421275 0.9284801 -0.3431104
vn 0 0.9284768 -0.3713906
vn -3.951731E-09 0.9284768 -0.3713906
vn -0.1421275 0.92848 -0.3431104
vn -0.1421274 0.92848 -0.3431104
vn -0.262615 0.9284755 -0.2626149
vn -0.262615 0.9284755 -0.262615
vn -0.3431105 0.92848 -0.1421274
vn -0.3431105 0.9284799 -0.1421274
vn 0 1 8.742278E-08
vn 0 1 8.742278E-08
vn 0 1 8.742278E-08
vn 0 1 8.742278E-08
vn 0 1 8.742278E-08
vn 0 1 8.742278E-08
vn 0 1 8.742278E-08
vn 0 1 8.742278E-08
vn 0 1 8.742278E-08
vn 0 1 8.742278E-08
vn 0 1 8.742278E-08
vn 0 1 8.742278E-08
vn 0 1 8.742278E-08
vn 0 1 8.742278E-08
vn 0 1 8.742278E-08
vn 0 1 8.742278E-08
vn 0 1 8.742278E-08
vn 1 0 0
vn 0.9238735 3.345653E-08 -0.3826981
vn 0.9238735 3.345653E-08 -0.3826981
vn 1 0 0
vn 0.7071068 6.181724E-08 -0.7071068
vn 0.7071068 6.181724E-08 -0.7071068
vn 0.3826981 8.076758E-08 -0.9238735
vn 0.3826981 8.076758E-08 -0.9238735
vn 0 8.742278E-08 -1
vn 0 8.742278E-08 -1
vn -0.3826981 8.076758E-08 -0.9238735
vn -0.3826981 8.076758E-08 -0.9238735
vn -0.7071068 6.181724E-08 -0.7071068
vn -0.7071068 6.181724E-08 -0.7071068
vn -0.9238735 3.345653E-08 -0.3826981
vn -0.9238735 3.345653E-08 -0.3826981
vn -1 0 0
vn -1 0 0
vn -0.9238735 -3.345653E-08 0.3826981
vn -0.9238735 -3.345653E-08 0.3826981
vn -0.7071068 -6.181724E-08 0.7071068
vn -0.7071068 -6.181724E-08 0.7071068
vn -0.3826981 -8.076758E-08 0.9238735
vn -0.3826981 -8.076758E-08 0.9238735
vn 0 -8.742278E-08 1
vn 0 -8.742278E-08 1
vn 0.3826981 -8.076758E-08 0.9238735
vn 0.3826981 -8.076758E-08 0.9238735
vn 0.7071068 -6.181724E-08 0.7071068
vn 0.7071068 -6.181724E-08 0.7071068
vn 0.9238735 -3.345653E-08 0.3826981
vn 0.9238735 -3.345653E-08 0.3826981
vn 0.1496739 -0.3290974 -0.9323586
vn 0.1521381 -0.2632079 -0.9526677
vn 0.149435 -0.2888618 -0.9456363
vn 0.1983456 -0.09787664 -0.9752329
vn 0.1162927 -0.07319359 -0.9905144
vn 0.3177523 0.09036703 -0.9438577
vn 0.1714943 0.05850018 -0.9834468
vn -0.03378934 0.9803004 -0.1946006
vn 0.2552567 0.8867624 -0.3853524
vn 0.06281558 0.9797767 -0.1899783
vn -0.1545503 0.9840404 -0.08819703
vn 0.06420959 0.9922815 0.1060877
vn 0.1667318 0.9859942 -0.004019443
vn 0.2981555 0.9545052 0.004825439
vn 0.05518176 0.9851176 0.1627832
vn 0.9365645 0.09650657 0.3369474
vn 0.9354202 -0.2122823 0.2827108
vn 0.9339541 -0.1650378 0.317005
vn 0.9274029 -0.04209442 0.3716881
vn 0.8853399 -0.3507387 0.3052141
vn -0.01960694 0.9732347 -0.2289755
vn 0.36698 0.8628808 -0.3475085
vn 0.4969885 0.8607147 -0.1103302
vn -0.6467754 0.6816922 -0.3420195
vn -0.6314377 0.7222576 -0.2821887
vn -0.6244426 0.716857 -0.3101412
vn -0.5882702 0.7360916 -0.3348244
vn -0.6307639 0.676987 -0.3792435
vn -0.6008875 0.6953567 -0.3942252
vn -0.4165071 0.8439731 -0.3379809
vn -0.07394156 0.9924138 -0.0982226
vn -0.1061766 0.9913076 0.07769042
vn 0.1195076 0.8042908 0.5820947
vn 0.08326267 0.8398582 0.5363819
vn 0.0663626 0.8121201 0.5797042
vn 0.1249476 0.7640017 0.6330006
vn -0.04275897 0.8188098 0.5724702
vn 0.03093909 0.7523893 0.6579918
vn -0.1254608 0.8063433 0.577988
vn -0.4786834 0.8022578 0.3567136
vn -0.4453646 -0.6363842 -0.6298137
vn -0.7435235 -0.362774 -0.5617543
vn -0.6307243 -0.2661814 -0.7289268
vn -0.7349491 -0.6301609 -0.2504937
vn -0.4283899 -0.7197041 -0.5463589
vn -0.3263636 -0.9360947 -0.1312004
vn -0.09766889 -0.9921809 0.07770353
vn -0.3869187 -0.9176116 -0.0910113
vn -0.7239617 -0.6796353 -0.1182177
vn 0.04427591 -0.9990002 0.006190243
vn 0.04834782 -0.5113779 0.8579949
vn -0.2625897 -0.6349676 0.7265417
vn -0.1696251 -0.6650457 0.7272837
vn 0.3349745 -0.6489424 0.6831295
vn 0.208011 -0.8891465 0.407615
vn 0.208011 -0.8891465 0.407615
vn 0.2870726 -0.2745003 0.9177359
vn 0.4249117 -0.5569555 0.713618
vn 0.1675514 -0.9852981 -0.03337961
vn 0.1933857 -0.9761829 -0.09833113
vn 0.09053428 -0.9947132 -0.04846888
vn 0.2381111 -0.2938156 0.9257298
vn 0.06132261 -0.4572328 0.8872303
vn 0.4329961 -0.2110292 0.8763453
vn 0.3780611 -0.8033801 0.4600546
vn 0.4580833 -0.7807322 0.4249907
vn 0.4383563 -0.6541594 0.616376
vn -0.3448982 -0.5856426 -0.7335312
vn -0.274417 -0.7126886 -0.6455775
vn -0.7850868 -0.2363397 -0.5725226
vn -0.5956159 -0.08383839 -0.7988823
vn 0.4618987 -0.341302 0.8186346
vn 0.1864029 -0.4231828 0.8866624
vn -0.4304921 -0.4055663 0.8063452
vn -0.4304921 -0.4055663 0.8063452
vn -0.3140541 -0.5382444 0.782089
vn -0.8013358 -0.5964001 0.0465625
vn -0.6971998 -0.6998941 0.1551158
vn -0.7973182 -0.5943456 0.1050574
vn -0.8221785 -0.5689327 -0.01839066
vn -0.8259134 -0.3252803 -0.4604997
vn -0.8775699 -0.247411 -0.4106809
vn 0.04937938 -0.9985192 0.02282547
vn 0.1481607 -0.9878259 -0.04741773
vn 0.1148391 -0.9923535 -0.04523892
vn 0.2337384 -0.9626086 -0.136935
vn 0.03033255 -0.9994624 0.01244935
vn 0.1347091 -0.9872246 -0.0850957
vn 0.304281 -0.94576 -0.1138031
vn 0.2940278 -0.9510188 -0.09545204
vn 0.358512 -0.9177228 -0.1710385
vn 0.3608108 -0.9129484 -0.1906326
vn 0.4141095 -0.882398 -0.2233541
vn 0.4065994 -0.8777009 -0.2536104
vn 0.4578515 -0.8453506 -0.2752355
vn 0.4052996 -0.8884096 -0.2155472
vn 0.3264824 -0.9225655 -0.2056263
vn 0.3726857 -0.9043539 -0.2079654
vn 0.2101513 -0.9614738 -0.1772139
vn -0.4346616 0.8999085 0.03512819
vn -0.2882363 0.9573091 0.02189002
vn -0.4798575 0.8521817 0.2086219
vn -0.5198029 0.8487507 0.09709406
vn -0.5453822 0.8100625 0.2153071
vn -0.5152233 0.80242 0.3011101
vn -0.5608752 0.7766889 0.2866594
vn -0.46206 0.77711 0.4273178
vn -0.4329845 0.8296765 0.3523653
vn -0.2580468 0.9212459 0.2910636
vn -0.2339742 0.8954947 0.3786096
vn -0.3413193 0.8407977 0.420191
vn -0.1128758 0.9659517 0.2328009
vn -0.02476282 0.9833158 0.1802136
vn -0.07523029 0.9936572 -0.0835812
vn -0.3109854 0.9480782 -0.06660291
vn 0.4770212 -0.8361646 -0.2707022
vn 0.4451546 -0.8634717 -0.2371794
vn 0.2376254 -0.9713014 -0.01037933
vn 0.3880532 -0.8851016 0.256924
vn 0.1365824 -0.9025891 0.4082625
vn 0.3832845 -0.8282653 0.4087416
vn -0.1856058 -0.7214385 -0.6671408
vn -0.1403097 -0.7685394 -0.6242278
vn -0.1355131 -0.7575854 -0.6385145
vn -0.07797126 -0.7961168 -0.6000987
vn 0.1295021 -0.9913864 0.01954884
vn 0.3864892 -0.858124 0.338008
vn 0.2180754 -0.9715624 -0.0922474
vn -0.1031199 -0.8142902 -0.5712248
vn 0.4731099 -0.4747453 0.7421482
vn -0.2180129 -0.7820889 -0.583787
vn 0.2142375 -0.9746166 -0.06499797
vn 0.3154947 -0.9369929 -0.1500244
vn 0.1455377 -0.9877057 -0.05706304
vn 0.367756 -0.929276 -0.03466509
vn 0.470686 -0.8388145 -0.2735782
vn 0.4693596 -0.8386255 -0.2764219
vn 0.4800347 -0.8341302 -0.2716498
vn 0.1756462 0.7263983 0.6644501
vn -0.6395868 0.6211344 -0.4529028
vn -0.6039904 0.6850938 -0.4072375
vn 0.09741426 0.72913 0.6774068
vn 0.1044068 0.8477441 0.520028
vn -0.1507444 0.9341311 0.3235358
vn -0.2348714 0.8522659 0.4674166
vn -0.2880991 0.8258458 0.484745
vn -0.3929308 0.7706297 0.5017324
vn -0.474191 0.7431976 0.4720172
vn -0.5559395 0.7158808 0.4224288
vn -0.6703975 0.4940889 0.5535733
vn -0.6180244 0.6856403 0.3846339
vn -0.6559145 0.6837743 0.3197327
vn -0.5856874 0.7933699 0.165935
vn -0.5540087 0.8324663 0.008619511
vn -0.4992925 0.8650904 -0.04822528
vn -0.3978374 0.9101098 -0.1158692
vn -0.2228846 0.9664539 -0.1276301
vn 0.3014835 -0.02884188 -0.9530351
vn 0.1232866 -0.4737047 -0.8720117
vn 0.4377921 0.1303354 -0.889579
vn 0.883974 -0.2202229 0.412422
vn 0.8537243 -0.3307991 0.4021527
vn 0.373007 -0.4104169 0.83212
vn 0.3882927 -0.2775631 0.878742
vn 0.4606417 -0.3194099 0.8281224
vn 0.2042728 -0.4673162 0.8601676
vn 0.2415615 -0.3457879 0.9066857
vn 0.09860779 -0.3513092 0.9310524
vn -0.01248962 -0.4890042 0.872192
vn -0.07935139 -0.2868982 0.9546689
vn -0.2874733 -0.2994547 0.9097726
vn -0.306016 -0.4332571 0.8477279
vn -0.4576578 -0.2295497 0.8589857
vn -0.9311292 -0.3135989 0.1861565
vn -0.9280617 -0.3625828 0.08506089
vn -0.9325358 -0.3610772 -0.0005842485
vn -0.9876587 -0.08141267 0.133799
vn -0.9186159 -0.2464937 -0.3088457
vn -0.8094447 -0.3825875 -0.4454507
vn -0.6196409 -0.5117599 -0.5951024
vn -0.8174163 -0.2940719 -0.4953306
vn -0.6350997 -0.3992396 -0.6612535
vn -0.3706941 -0.5328015 -0.760729
vn -0.5481105 -0.3333762 -0.7670952
vn -0.2148533 -0.3413209 -0.9150618
vn 0.01426424 -0.5365251 -0.8437639
vn 0.07313213 -0.3973909 -0.9147307
vn 0.03711405 -0.008420791 -0.9992756
vn 0.04074586 -0.1749756 -0.9837293
vn -0.007666827 -0.1277346 -0.9917788
vn -0.9132942 -0.146771 -0.379937
vn -0.7745994 -0.2119392 -0.5958838
vn -0.9997541 -0.0006749409 0.02216841
vn -0.9557465 -0.01153323 0.2939654
vn -0.571542 0.3034343 0.762409
vn -0.571542 0.3034343 0.762409
vn -0.5521017 0.291314 0.7812298
vn 0.3997546 -0.1595085 0.9026369
vn 0.4354473 -0.09083723 0.8956195
vn 0.4432219 -0.1938196 0.8752077
vn 0.870623 -0.1891462 0.454136
vn 0.8871379 -0.08961894 0.4527192
vn 0.9325575 -0.2607073 0.2497369
vn 0.9069809 -0.320137 0.273675
vn 0.941852 -0.0568587 0.3311827
vn -0.5561819 -0.1811228 -0.8110835
vn -0.5950015 -0.1989374 -0.778715
vn -0.5025044 -0.1499098 0.8514789
vn -0.4232091 -0.1601003 0.8917747
vn -0.2073232 -0.1703141 0.9633329
vn -0.009788997 -0.2049577 0.9787219
vn 0.2006383 -0.2092799 0.9570509
vn 0.4202017 0.7367685 -0.5297194
vn 0.7326065 -0.3290976 0.595804
vn 0.7489625 -0.2632081 0.6080928
vn 0.7442248 -0.2888619 0.602236
vn 0.7454007 -0.09787678 0.6593922
vn 0.7996616 -0.07319374 0.5959733
vn 0.6585252 0.09036689 0.7471134
vn 0.7659398 0.05850004 0.6402453
vn 0.1854235 0.9803004 0.06803884
vn 0.2060948 0.8867623 0.4137361
vn 0.1331176 0.9797768 0.1493898
vn 0.1536565 0.9840404 -0.08974511
vn -0.1239793 0.9922815 0.002562874
vn -0.07988558 0.9859942 0.1464035
vn -0.1532578 0.9545052 0.2557969
vn -0.168565 0.9851176 -0.03360342
vn -0.7600902 0.09650654 0.6426114
vn -0.7125478 -0.2122824 0.6687389
vn -0.7415145 -0.1650378 0.6503221
vn -0.7855957 -0.04209444 0.6173068
vn -0.706996 -0.3507387 0.6141165
vn 0.2081017 0.9732347 0.09750871
vn 0.117459 0.8628807 0.491569
vn -0.1529476 0.8607146 0.4855692
vn 0.6195871 0.6816922 -0.3891112
vn 0.5601033 0.7222577 -0.405744
vn 0.5808133 0.716857 -0.3857098
vn 0.5841032 0.7360916 -0.342042
vn 0.6438182 0.676987 -0.3566328
vn 0.6418543 0.6953565 -0.3232682
vn 0.5009546 0.8439731 -0.1917129
vn 0.1220342 0.9924138 -0.01492328
vn -0.01419291 0.9913076 -0.1307968
vn -0.5638617 0.8042909 -0.1875532
vn -0.5061508 0.8398583 -0.1960856
vn -0.5352188 0.8121202 -0.2323827
vn -0.6106673 0.7640017 -0.2082952
vn -0.4743927 0.8188099 -0.3232675
vn -0.5853057 0.7523893 -0.3022045
vn -0.43782 0.8063434 -0.3976481
vn -0.06957854 0.802258 -0.592909
vn 0.7681173 -0.6363842 -0.07078674
vn 0.8582568 -0.3627741 -0.3630293
vn 0.9466322 -0.2661815 -0.1817555
vn 0.5844108 -0.6301608 -0.5112351
vn 0.6873561 -0.7197042 -0.09781402
vn 0.2768056 -0.9360947 -0.2170378
vn -0.0184583 -0.9921809 -0.1234357
vn 0.2722787 -0.9176116 -0.2895747
vn 0.4643629 -0.6796352 -0.5678583
vn -0.0274991 -0.9990002 0.03524869
vn -0.7672175 -0.5113778 -0.3871306
vn -0.4979061 -0.6349676 -0.5906825
vn -0.5450314 -0.6650456 -0.5105441
vn -0.7590947 -0.6489423 -0.05147197
vn -0.4570104 -0.8891464 -0.0236669
vn -0.4570104 -0.8891464 -0.0236669
vn -0.9383179 -0.2745001 -0.2102601
vn -0.8304673 -0.5569554 0.01117151
vn -0.05486894 -0.9852982 0.1617932
vn -0.01153668 -0.9761829 0.2166423
vn -0.003292401 -0.9947132 0.1026393
vn -0.9207599 -0.2938154 -0.2566589
vn -0.7990236 -0.4572327 -0.3905119
vn -0.975435 -0.2110291 -0.06319157
vn -0.58745 -0.8033801 0.09738037
vn -0.5970953 -0.7807321 0.1842136
vn -0.7529758 -0.6541593 0.07143608
vn 0.8077055 -0.5856427 0.06807862
vn 0.6962945 -0.7126887 0.0851398
vn 0.8883643 -0.2363398 -0.3936398
vn 0.9896608 -0.08383845 -0.1163727
vn -0.9399077 -0.3413019 -0.009305717
vn -0.8610724 -0.4231827 -0.2819055
vn -0.4830658 -0.4055662 -0.775992
vn -0.4830658 -0.4055662 -0.775992
vn -0.5202789 -0.5382442 -0.6630257
vn 0.3603468 -0.5964001 -0.7172567
vn 0.2142687 -0.699894 -0.6813496
vn 0.3076801 -0.5943455 -0.7430252
vn 0.4270192 -0.5689326 -0.7028303
vn 0.8117634 -0.3252803 -0.4850084
vn 0.7944476 -0.247411 -0.5546537
vn -0.04445735 -0.9985192 0.03135073
vn -0.03301615 -0.9878259 0.1520195
vn -0.01824214 -0.9923535 0.1220728
vn 0.001718633 -0.9626086 0.2708907
vn -0.0259479 -0.9994624 0.02004384
vn 0.006339678 -0.9872246 0.1592093
vn -0.0535857 -0.94576 0.3204162
vn -0.06435144 -0.9510188 0.3023611
vn -0.03113418 -0.9177228 0.3959995
vn -0.01531468 -0.9129485 0.4077874
vn -0.01362668 -0.8823982 0.4703062
vn 0.01633109 -0.8777009 0.4789305
vn 0.009432744 -0.8453506 0.5341288
vn -0.01598264 -0.8884096 0.4587732
vn 0.01483462 -0.9225656 0.3855551
vn -0.00624158 -0.9043539 0.4267378
vn 0.04839472 -0.9614738 0.2706034
vn 0.1869108 0.8999086 -0.3939911
vn 0.1251621 0.9573092 -0.2605643
vn 0.05925936 0.8521818 -0.5198793
vn 0.1758179 0.8487508 -0.4987086
vn 0.08623237 0.8100625 -0.5799679
vn -0.00315458 0.80242 -0.5967514
vn 0.03218626 0.7766888 -0.6290616
vn -0.1390353 0.7771102 -0.6138151
vn -0.08866245 0.8296766 -0.5511585
vn -0.1230433 0.9212459 -0.3690074
vn -0.2108966 0.8954948 -0.3919333
vn -0.1932341 0.8407977 -0.5056875
vn -0.1451725 0.9659519 -0.2141544
vn -0.1436875 0.9833158 -0.1115526
vn 0.1099988 0.9936572 -0.02336011
vn 0.2131737 0.9480782 -0.2360187
vn -0.004078214 -0.8361647 0.5484635
vn -0.01717626 -0.8634718 0.5041048
vn -0.109825 -0.9713014 0.2109787
vn -0.4165303 -0.8851016 0.2075999
vn -0.4218566 -0.902589 -0.08584953
vn -0.5456235 -0.8282652 0.1275607
vn 0.670563 -0.7214386 0.1728341
vn 0.610751 -0.7685395 0.1906049
vn 0.6207253 -0.7575855 0.2019022
vn 0.5586852 -0.7961169 0.2325267
vn -0.0816814 -0.9913864 0.1023772
vn -0.4859689 -0.858124 0.1657031
vn -0.02915028 -0.9715624 0.2349823
vn 0.5462542 -0.8142903 0.1963104
vn -0.8792744 -0.4747452 0.03864697
vn 0.6145803 -0.782089 0.1030915
vn -0.05082991 -0.9746166 0.2180337
vn -0.02782406 -0.936993 0.3482384
vn -0.02335159 -0.9877057 0.1545706
vn -0.1538588 -0.929276 0.3358178
vn 0.001580121 -0.8388146 0.5444151
vn 0.00470606 -0.8386254 0.5446882
vn -0.00476428 -0.8341302 0.5515471
vn -0.6632529 0.7263983 -0.180114
vn 0.7120202 0.6211343 -0.3274437
vn 0.6546747 0.6850937 -0.3194491
vn -0.6353574 0.72913 -0.254343
vn -0.5025601 0.8477442 -0.1695973
vn -0.2048166 0.9341311 -0.2923172
vn -0.2873569 0.852266 -0.4371141
vn -0.2757497 0.825846 -0.4918748
vn -0.2380448 0.7706297 -0.5911552
vn -0.1716804 0.7431977 -0.6466708
vn -0.08786109 0.7158808 -0.6926724
vn -0.1442058 0.494089 -0.8573685
vn -0.02408712 0.6856404 -0.7275418
vn 0.05106394 0.6837744 -0.7279046
vn 0.1491425 0.79337 -0.5901869
vn 0.2695419 0.8324664 -0.484094
vn 0.2914125 0.8650904 -0.4082859
vn 0.2992657 0.9101098 -0.2866012
vn 0.2219739 0.9664539 -0.1292075
vn 0.6746075 -0.02884204 0.737613
vn 0.6935385 -0.4737048 0.5427783
vn 0.5514982 0.1303352 0.8239312
vn -0.7991575 -0.2202229 0.5593293
vn -0.7751391 -0.3307991 0.538267
vn -0.9071402 -0.4104168 -0.09303073
vn -0.9551588 -0.277563 -0.1031041
vn -0.9474958 -0.3194099 -0.01513814
vn -0.8470623 -0.467316 -0.2531823
vn -0.9059924 -0.3457877 -0.2441487
vn -0.8556172 -0.351309 -0.3801333
vn -0.7490936 -0.4890041 -0.4469159
vn -0.7870894 -0.286898 -0.5460584
vn -0.6441463 -0.2994546 -0.7038484
vn -0.5811428 -0.433257 -0.6888843
vn -0.5150707 -0.2295496 -0.8258384
vn 0.3043524 -0.3135988 -0.8994584
vn 0.3903698 -0.3625827 -0.8462536
vn 0.4667775 -0.361077 -0.8073055
vn 0.3779602 -0.08141257 -0.9222354
vn 0.7267791 -0.2464937 -0.6411186
vn 0.7904961 -0.3825874 -0.4782706
vn 0.8251953 -0.5117599 -0.2390698
vn 0.8376791 -0.2940719 -0.4602342
vn 0.8902131 -0.3992397 -0.2193817
vn 0.8441573 -0.5328016 0.05933782
vn 0.9383797 -0.3333763 -0.09112582
vn 0.8998922 -0.3413211 0.2714666
vn 0.7235869 -0.5365252 0.4342384
vn 0.7556115 -0.3973911 0.520703
vn 0.8468386 -0.008420927 0.5317834
vn 0.8315592 -0.1749758 0.5271554
vn 0.8627368 -0.1277347 0.4892537
vn 0.7856849 -0.146771 -0.600964
vn 0.9033519 -0.2119392 -0.3728768
vn 0.4806826 -0.0006748623 -0.8768944
vn 0.2232963 -0.01153312 -0.9746825
vn -0.3744905 0.3034345 -0.8761761
vn -0.3744905 0.3034345 -0.8761761
vn -0.40051 0.2913142 -0.8687508
vn -0.9815833 -0.1595084 -0.1051253
vn -0.9933526 -0.09083714 -0.07070588
vn -0.9795628 -0.1938195 -0.05376692
vn -0.8286071 -0.1891462 0.5269098
vn -0.8356377 -0.08961895 0.5419207
vn -0.6825603 -0.2607073 0.6827468
vn -0.6905029 -0.320137 0.6486278
vn -0.7577417 -0.05685873 0.6500729
vn 0.9805102 -0.1811229 -0.0761214
vn 0.9718884 -0.1989375 -0.1259245
vn -0.4861462 -0.1499096 -0.8609233
vn -0.5606912 -0.1601001 -0.8123997
vn -0.7306061 -0.1703139 -0.661217
vn -0.8427013 -0.2049576 -0.4978424
vn -0.9291481 -0.2092797 -0.3047718
vn 0.2486468 0.7367684 0.6287663
vt 8 0
vt 8 -2.2962
vt 3 -2.2962
vt 3 0
vt 8 -4.2426
vt 3 -4.2426
vt 2.2962 8
vt 2.2962 3
vt 0 8
vt 0 3
vt -2.2962 8
vt -2.2962 3
vt 8 -4.2426
vt 3 -4.2426
vt 8 -2.2962
vt 3 -2.2962
vt 8 0
vt 3 0
vt 8 2.2962
vt 3 2.2962
vt 8 4.2426
vt 3 4.2426
vt -2.2962 8
vt -2.2962 3
vt 0 8
vt 0 3
vt 2.2962 8
vt 2.2962 3
vt 8 4.2426
vt 3 4.2426
vt 8 2.2962
vt 3 2.2962
vt 8 0
vt 8 -3.0616
vt 3 -3.0616
vt 3 0
vt 8 -5.6568
vt 3 -5.6568
vt 3.0616 8
vt 3.0616 3
vt 0 8
vt 0 3
vt -3.0616 8
vt -3.0616 3
vt 8 -5.6568
vt 3 -5.6568
vt 8 -3.0616
vt 3 -3.0616
vt 8 0
vt 3 0
vt 8 3.0616
vt 3 3.0616
vt 8 5.6568
vt 3 5.6568
vt -3.0616 8
vt -3.0616 3
vt 0 8
vt 0 3
vt 3.0616 8
vt 3.0616 3
vt 8 5.6568
vt 3 5.6568
vt 8 3.0616
vt 3 3.0616
vt -8 0
vt -6 0
vt -5.5434 -2.2962
vt -7.3912 -3.0616
vt -4.2426 -4.2426
vt -5.6568 -5.6568
vt -2.2962 -5.5434
vt -3.0616 -7.3912
vt 0 -6
vt 0 -8
vt 2.2962 -5.5434
vt 3.0616 -7.3912
vt 4.2426 -4.2426
vt 5.6568 -5.6568
vt 5.5434 -2.2962
vt 7.3912 -3.0616
vt 6 0
vt 8 0
vt 5.5434 2.2962
vt 7.3912 3.0616
vt 4.2426 4.2426
vt 5.6568 5.6568
vt 2.2962 5.5434
vt 3.0616 7.3912
vt 0 6
vt 0 8
vt -2.2962 5.5434
vt -3.0616 7.3912
vt -4.2426 4.2426
vt -5.6568 5.6568
vt -5.5434 2.2962
vt -7.3912 3.0616
vt 8 60
vt 8 57.7038
vt 3 57.7038
vt 3 60
vt 8 55.7574
vt 3 55.7574
vt 2.2962 8
vt 2.2962 3
vt 0 8
vt 0 3
vt -2.2962 8
vt -2.2962 3
vt 8 55.7574
vt 3 55.7574
vt 8 57.7038
vt 3 57.7038
vt 8 60
vt 3 60
vt 8 62.2962
vt 3 62.2962
vt 8 64.2426
vt 3 64.2426
vt -2.2962 8
vt -2.2962 3
vt 0 8
vt 0 3
vt 2.2962 8
vt 2.2962 3
vt 8 64.2426
vt 3 64.2426
vt 8 62.2962
vt 3 62.2962
vt 8 60
vt 8 56.9384
vt 3 56.9384
vt 3 60
vt 8 54.3432
vt 3 54.3432
vt 3.0616 8
vt 3.0616 3
vt 0 8
vt 0 3
vt -3.0616 8
vt -3.0616 3
vt 8 54.3432
vt 3 54.3432
vt 8 56.9384
vt 3 56.9384
vt 8 60
vt 3 60
vt 8 63.0616
vt 3 63.0616
vt 8 65.6568
vt 3 65.6568
vt -3.0616 8
vt -3.0616 3
vt 0 8
vt 0 3
vt 3.0616 8
vt 3.0616 3
vt 8 65.6568
vt 3 65.6568
vt 8 63.0616
vt 3 63.0616
vt 52 0
vt 54 0
vt 54.4566 -2.2962
vt 52.6088 -3.0616
vt 55.7574 -4.2426
vt 54.3432 -5.6568
vt 57.7038 -5.5434
vt 56.9384 -7.3912
vt 60 -6
vt 60 -8
vt 62.2962 -5.5434
vt 63.0616 -7.3912
vt 64.2426 -4.2426
vt 65.6568 -5.6568
vt 65.5434 -2.2962
vt 67.3912 -3.0616
vt 66 0
vt 68 0
vt 65.5434 2.2962
vt 67.3912 3.0616
vt 64.2426 4.2426
vt 65.6568 5.6568
vt 62.2962 5.5434
vt 63.0616 7.3912
vt 60 6
vt 60 8
vt 57.7038 5.5434
vt 56.9384 7.3912
vt 55.7574 4.2426
vt 54.3432 5.6568
vt 54.4566 2.2962
vt 52.6088 3.0616
vt 0 0
vt 0 -1.5308
vt 3 -1.5308
vt 3 0
vt 0 -2.8284
vt 3 -2.8284
vt 1.5308 0
vt 1.5308 3
vt 0 0
vt 0 3
vt -1.5308 0
vt -1.5308 3
vt 0 -2.8284
vt 3 -2.8284
vt 0 -1.5308
vt 3 -1.5308
vt 0 0
vt 3 0
vt 0 1.5308
vt 3 1.5308
vt 0 2.8284
vt 3 2.8284
vt -1.5308 0
vt -1.5308 3
vt 0 0
vt 0 3
vt 1.5308 0
vt 1.5308 3
vt 0 2.8284
vt 3 2.8284
vt 0 1.5308
vt 3 1.5308
vt 0 20
vt 0 18.4692
vt 3 18.4692
vt 3 20
vt 0 17.1716
vt 3 17.1716
vt 21.5308 0
vt 21.5308 3
vt 20 0
vt 20 3
vt 18.4692 0
vt 18.4692 3
vt 0 17.1716
vt 3 17.1716
vt 0 18.4692
vt 3 18.4692
vt 0 20
vt 3 20
vt 0 21.5308
vt 3 21.5308
vt 0 22.8284
vt 3 22.8284
vt 18.4692 0
vt 18.4692 3
vt 20 0
vt 20 3
vt 21.5308 0
vt 21.5308 3
vt 0 22.8284
vt 3 22.8284
vt 0 21.5308
vt 3 21.5308
vt 0 20
vt 0 18.4692
vt 3 18.4692
vt 3 20
vt 0 17.1716
vt 3 17.1716
vt -18.4692 0
vt -18.4692 3
vt -20 0
vt -20 3
vt -21.5308 0
vt -21.5308 3
vt 0 17.1716
vt 3 17.1716
vt 0 18.4692
vt 3 18.4692
vt 0 20
vt 3 20
vt 0 21.5308
vt 3 21.5308
vt 0 22.8284
vt 3 22.8284
vt -21.5308 0
vt -21.5308 3
vt -20 0
vt -20 3
vt -18.4692 0
vt -18.4692 3
vt 0 22.8284
vt 3 22.8284
vt 0 21.5308
vt 3 21.5308
vt 0 40
vt 0 38.4692
vt 3 38.4692
vt 3 40
vt 0 37.1716
vt 3 37.1716
vt 21.5308 0
vt 21.5308 3
vt 20 0
vt 20 3
vt 18.4692 0
vt 18.4692 3
vt 0 37.1716
vt 3 37.1716
vt 0 38.4692
vt 3 38.4692
vt 0 40
vt 3 40
vt 0 41.5308
vt 3 41.5308
vt 0 42.8284
vt 3 42.8284
vt 18.4692 0
vt 18.4692 3
vt 20 0
vt 20 3
vt 21.5308 0
vt 21.5308 3
vt 0 42.8284
vt 3 42.8284
vt 0 41.5308
vt 3 41.5308
vt 0 40
vt 0 38.4692
vt 3 38.4692
vt 3 40
vt 0 37.1716
vt 3 37.1716
vt -18.4692 0
vt -18.4692 3
vt -20 0
vt -20 3
vt -21.5308 0
vt -21.5308 3
vt 0 37.1716
vt 3 37.1716
vt 0 38.4692
vt 3 38.4692
vt 0 40
vt 3 40
vt 0 41.5308
vt 3 41.5308
vt 0 42.8284
vt 3 42.8284
vt -21.5308 0
vt -21.5308 3
vt -20 0
vt -20 3
vt -18.4692 0
vt -18.4692 3
vt 0 42.8284
vt 3 42.8284
vt 0 41.5308
vt 3 41.5308
vt 0 60
vt 0 58.4692
vt 3 58.4692
vt 3 60
vt 0 57.1716
vt 3 57.1716
vt 1.5308 0
vt 1.5308 3
vt 0 0
vt 0 3
vt -1.5308 0
vt -1.5308 3
vt 0 57.1716
vt 3 57.1716
vt 0 58.4692
vt 3 58.4692
vt 0 60
vt 3 60
vt 0 61.5308
vt 3 61.5308
vt 0 62.8284
vt 3 62.8284
vt -1.5308 0
vt -1.5308 3
vt 0 0
vt 0 3
vt 1.5308 0
vt 1.5308 3
vt 0 62.8284
vt 3 62.8284
vt 0 61.5308
vt 3 61.5308
vt 3 0
vt 0 0
vt 0 -3.827
vt 3 -3.827
vt 0 -7.071
vt 3 -7.071
vt 3.827 0
vt 3.827 3
vt 0 0
vt 0 3
vt -3.827 0
vt -3.827 3
vt 0 -7.071
vt 3 -7.071
vt 0 -3.827
vt 3 -3.827
vt 0 0
vt 3 0
vt 0 3.68
vt 3 3.68
vt -9.28 3
vt -9.28 0
vt -19.67 0
vt -19.67 3
vt -19.67 3
vt -19.67 0
vt -20 0
vt -20 3
vt 3 20
vt 0 20
vt 0 22.2962
vt 3 22.2962
vt 0 24.2426
vt 3 24.2426
vt -17.7038 0
vt -17.7038 3
vt -20 0
vt -20 3
vt -22.2962 0
vt -22.2962 3
vt 0 24.2426
vt 3 24.2426
vt 0 22.2962
vt 3 22.2962
vt 0 20
vt 3 20
vt 0 17.7038
vt 3 17.7038
vt 0 15.7574
vt 3 15.7574
vt -22.2962 0
vt -22.2962 3
vt 0 19.67
vt 3 19.67
vt 3 19.67
vt 0 19.67
vt 0 9.6
vt 3 9.6
vt 3 9.6
vt 0 9.6
vt 0 18.4
vt 3 18.4
vt 3 18.4
vt 0 18.4
vt 0 34.07
vt 3 34.07
vt -19.67 3
vt -19.67 0
vt -20 0
vt -20 3
vt 3 40
vt 0 40
vt 0 42.2962
vt 3 42.2962
vt 0 44.2426
vt 3 44.2426
vt -17.7038 0
vt -17.7038 3
vt -20 0
vt -20 3
vt -22.2962 0
vt -22.2962 3
vt 0 44.2426
vt 3 44.2426
vt 0 42.2962
vt 3 42.2962
vt 0 40
vt 3 40
vt 0 37.7038
vt 3 37.7038
vt 0 35.7574
vt 3 35.7574
vt -22.2962 0
vt -22.2962 3
vt 0 39.67
vt 3 39.67
vt -14.07 3
vt -14.07 0
vt -4 0
vt -4 3
vt 3 29.6
vt 0 29.6
vt 0 53.3
vt 3 53.3
vt -4 3
vt -4 0
vt -5.6 0
vt -5.6 3
vt 0 60
vt 0 56.9384
vt 0 54.3432
vt 0 60
vt 0 63.0616
vt 0 65.6568
vt 3.0616 0
vt 0 0
vt -3.0616 0
vt 0 65.6568
vt 0 63.0616
vt 0 56.9384
vt 0 54.3432
vt 5.6 3
vt 5.6 0
vt 4 0
vt 4 3
vt 3 53.3
vt 0 53.3
vt 0 29.6
vt 3 29.6
vt 4 3
vt 4 0
vt 14.07 0
vt 14.07 3
vt 3 39.67
vt 0 39.67
vt 0 40
vt 3 40
vt 0 42.2962
vt 3 42.2962
vt 0 44.2426
vt 3 44.2426
vt 17.7038 0
vt 17.7038 3
vt 20 0
vt 20 3
vt 22.2962 0
vt 22.2962 3
vt 0 44.2426
vt 3 44.2426
vt 0 42.2962
vt 3 42.2962
vt 0 40
vt 3 40
vt 0 37.7038
vt 3 37.7038
vt 0 35.7574
vt 3 35.7574
vt 22.2962 0
vt 22.2962 3
vt 20 0
vt 20 3
vt 19.67 0
vt 19.67 3
vt 3 34.07
vt 0 34.07
vt 0 18.4
vt 3 18.4
vt 3 18.4
vt 0 18.4
vt 0 9.6
vt 3 9.6
vt 3 9.6
vt 0 9.6
vt 0 19.67
vt 3 19.67
vt 3 19.67
vt 0 19.67
vt 0 20
vt 3 20
vt 0 22.2962
vt 3 22.2962
vt 0 24.2426
vt 3 24.2426
vt 17.7038 0
vt 17.7038 3
vt 20 0
vt 20 3
vt 22.2962 0
vt 22.2962 3
vt 0 24.2426
vt 3 24.2426
vt 0 22.2962
vt 3 22.2962
vt 0 20
vt 3 20
vt 0 17.7038
vt 3 17.7038
vt 0 15.7574
vt 3 15.7574
vt 22.2962 0
vt 22.2962 3
vt 20 0
vt 20 3
vt 19.67 0
vt 19.67 3
vt 19.67 3
vt 19.67 0
vt 9.28 0
vt 9.28 3
vt 3 3.68
vt 0 3.68
vt 19.67 -14.07
vt 9.6 -4
vt 4 -9.6
vt 14.07 -19.67
vt 39.67 -14.07
vt 29.6 -4
vt 18.4 -4
vt 34.07 -19.67
vt 53.3 4
vt 9.6 4
vt 53.3 -4
vt 39.67 14.07
vt 34.07 19.67
vt 18.4 4
vt 29.6 4
vt 19.67 14.07
vt 14.07 19.67
vt 4 9.6
vt -6 0
vt -4 0
vt -3.6956 1.5308
vt -5.5434 2.2962
vt -2.8284 2.8284
vt -4.2426 4.2426
vt -1.5308 3.6956
vt -2.2962 5.5434
vt 0 4
vt 0 6
vt 1.5308 3.6956
vt 2.2962 5.5434
vt 2.8284 2.8284
vt 4.2426 4.2426
vt 3.6956 1.5308
vt 5.5434 2.2962
vt 4 0
vt 6 0
vt 3.6956 -1.5308
vt 5.5434 -2.2962
vt 2.8284 -2.8284
vt 4.2426 -4.2426
vt 1.5308 -3.6956
vt 2.2962 -5.5434
vt 0 -4
vt 0 -6
vt -1.5308 -3.6956
vt -2.2962 -5.5434
vt -2.8284 -2.8284
vt -4.2426 -4.2426
vt -3.6956 -1.5308
vt -5.5434 -2.2962
vt -10 0
vt -8 0
vt -7.3912 3.0616
vt -9.239 3.827
vt -5.6568 5.6568
vt -7.071 7.071
vt -3.0616 7.3912
vt -3.827 9.239
vt 0 8
vt 0 10
vt 3.0616 7.3912
vt 3.827 9.239
vt 5.6568 5.6568
vt 7.071 7.071
vt 7.3912 3.0616
vt 9.239 3.827
vt 8 0
vt 10 0
vt 7.3912 -3.0616
vt 9.239 -3.827
vt 5.6568 -5.6568
vt 7.071 -7.071
vt 3.0616 -7.3912
vt 3.827 -9.239
vt 0 -8
vt 0 -10
vt -3.0616 -7.3912
vt -3.827 -9.239
vt -5.6568 -5.6568
vt -7.071 -7.071
vt -7.3912 -3.0616
vt -9.239 -3.827
vt 14 -20
vt 16 -20
vt 16.3044 -18.4692
vt 14.4566 -17.7038
vt 17.1716 -17.1716
vt 15.7574 -15.7574
vt 18.4692 -16.3044
vt 17.7038 -14.4566
vt 20 -16
vt 20 -14
vt 21.5308 -16.3044
vt 22.2962 -14.4566
vt 22.8284 -17.1716
vt 24.2426 -15.7574
vt 23.6956 -18.4692
vt 25.5434 -17.7038
vt 24 -20
vt 26 -20
vt 23.6956 -21.5308
vt 25.5434 -22.2962
vt 22.8284 -22.8284
vt 24.2426 -24.2426
vt 21.5308 -23.6956
vt 22.2962 -25.5434
vt 20 -24
vt 20 -26
vt 18.4692 -23.6956
vt 17.7038 -25.5434
vt 17.1716 -22.8284
vt 15.7574 -24.2426
vt 16.3044 -21.5308
vt 14.4566 -22.2962
vt 14 20
vt 16 20
vt 16.3044 21.5308
vt 14.4566 22.2962
vt 17.1716 22.8284
vt 15.7574 24.2426
vt 18.4692 23.6956
vt 17.7038 25.5434
vt 20 24
vt 20 26
vt 21.5308 23.6956
vt 22.2962 25.5434
vt 22.8284 22.8284
vt 24.2426 24.2426
vt 23.6956 21.5308
vt 25.5434 22.2962
vt 24 20
vt 26 20
vt 23.6956 18.4692
vt 25.5434 17.7038
vt 22.8284 17.1716
vt 24.2426 15.7574
vt 21.5308 16.3044
vt 22.2962 14.4566
vt 20 16
vt 20 14
vt 18.4692 16.3044
vt 17.7038 14.4566
vt 17.1716 17.1716
vt 15.7574 15.7574
vt 16.3044 18.4692
vt 14.4566 17.7038
vt 34 -20
vt 36 -20
vt 36.3044 -18.4692
vt 34.4566 -17.7038
vt 37.1716 -17.1716
vt 35.7574 -15.7574
vt 38.4692 -16.3044
vt 37.7038 -14.4566
vt 40 -16
vt 40 -14
vt 41.5308 -16.3044
vt 42.2962 -14.4566
vt 42.8284 -17.1716
vt 44.2426 -15.7574
vt 43.6956 -18.4692
vt 45.5434 -17.7038
vt 44 -20
vt 46 -20
vt 43.6956 -21.5308
vt 45.5434 -22.2962
vt 42.8284 -22.8284
vt 44.2426 -24.2426
vt 41.5308 -23.6956
vt 42.2962 -25.5434
vt 40 -24
vt 40 -26
vt 38.4692 -23.6956
vt 37.7038 -25.5434
vt 37.1716 -22.8284
vt 35.7574 -24.2426
vt 36.3044 -21.5308
vt 34.4566 -22.2962
vt 34 20
vt 36 20
vt 36.3044 21.5308
vt 34.4566 22.2962
vt 37.1716 22.8284
vt 35.7574 24.2426
vt 38.4692 23.6956
vt 37.7038 25.5434
vt 40 24
vt 40 26
vt 41.5308 23.6956
vt 42.2962 25.5434
vt 42.8284 22.8284
vt 44.2426 24.2426
vt 43.6956 21.5308
vt 45.5434 22.2962
vt 44 20
vt 46 20
vt 43.6956 18.4692
vt 45.5434 17.7038
vt 42.8284 17.1716
vt 44.2426 15.7574
vt 41.5308 16.3044
vt 42.2962 14.4566
vt 40 16
vt 40 14
vt 38.4692 16.3044
vt 37.7038 14.4566
vt 37.1716 17.1716
vt 35.7574 15.7574
vt 36.3044 18.4692
vt 34.4566 17.7038
vt 54 0
vt 56 0
vt 56.3044 1.5308
vt 54.4566 2.2962
vt 57.1716 2.8284
vt 55.7574 4.2426
vt 58.4692 3.6956
vt 57.7038 5.5434
vt 60 4
vt 60 6
vt 61.5308 3.6956
vt 62.2962 5.5434
vt 62.8284 2.8284
vt 64.2426 4.2426
vt 63.6956 1.5308
vt 65.5434 2.2962
vt 64 0
vt 66 0
vt 63.6956 -1.5308
vt 65.5434 -2.2962
vt 62.8284 -2.8284
vt 64.2426 -4.2426
vt 61.5308 -3.6956
vt 62.2962 -5.5434
vt 60 -4
vt 60 -6
vt 58.4692 -3.6956
vt 57.7038 -5.5434
vt 57.1716 -2.8284
vt 55.7574 -4.2426
vt 56.3044 -1.5308
vt 54.4566 -2.2962
vt 19.67 -14.07
vt 14.07 -19.67
vt 4 -9.6
vt 9.6 -4
vt 39.67 -14.07
vt 34.07 -19.67
vt 18.4 -4
vt 29.6 -4
vt 53.3 4
vt 53.3 -4
vt 9.6 4
vt 39.67 14.07
vt 29.6 4
vt 18.4 4
vt 34.07 19.67
vt 19.67 14.07
vt 4 9.6
vt 14.07 19.67
vt -8 0
vt -6 0
vt -5.5434 -2.2962
vt -7.3912 -3.0616
vt -4.2426 -4.2426
vt -5.6568 -5.6568
vt -2.2962 -5.5434
vt -3.0616 -7.3912
vt 0 -6
vt 0 -8
vt 2.2962 -5.5434
vt 3.0616 -7.3912
vt 4.2426 -4.2426
vt 5.6568 -5.6568
vt 5.5434 -2.2962
vt 7.3912 -3.0616
vt 6 0
vt 8 0
vt 5.5434 2.2962
vt 7.3912 3.0616
vt 4.2426 4.2426
vt 5.6568 5.6568
vt 2.2962 5.5434
vt 3.0616 7.3912
vt 0 6
vt 0 8
vt -2.2962 5.5434
vt -3.0616 7.3912
vt -4.2426 4.2426
vt -5.6568 5.6568
vt -5.5434 2.2962
vt -7.3912 3.0616
vt -10 0
vt -9.239 -3.827
vt -7.071 -7.071
vt -3.827 -9.239
vt 0 -10
vt 3.827 -9.239
vt 7.071 -7.071
vt 9.239 -3.827
vt 10 0
vt 9.239 3.827
vt 7.071 7.071
vt 3.827 9.239
vt 0 10
vt -3.827 9.239
vt -7.071 7.071
vt -9.239 3.827
vt 52 0
vt 54 0
vt 54.4566 -2.2962
vt 52.6088 -3.0616
vt 55.7574 -4.2426
vt 54.3432 -5.6568
vt 57.7038 -5.5434
vt 56.9384 -7.3912
vt 60 -6
vt 60 -8
vt 62.2962 -5.5434
vt 63.0616 -7.3912
vt 64.2426 -4.2426
vt 65.6568 -5.6568
vt 65.5434 -2.2962
vt 67.3912 -3.0616
vt 66 0
vt 68 0
vt 65.5434 2.2962
vt 67.3912 3.0616
vt 64.2426 4.2426
vt 65.6568 5.6568
vt 62.2962 5.5434
vt 63.0616 7.3912
vt 60 6
vt 60 8
vt 57.7038 5.5434
vt 56.9384 7.3912
vt 55.7574 4.2426
vt 54.3432 5.6568
vt 54.4566 2.2962
vt 52.6088 3.0616
vt -4 0
vt -4 -1.5308
vt -4 -2.8284
vt 1.5308 -4
vt 0 -4
vt -1.5308 -4
vt -4 -2.8284
vt -4 -1.5308
vt -4 0
vt -4 1.5308
vt -4 2.8284
vt -1.5308 -4
vt 0 -4
vt 1.5308 -4
vt -4 2.8284
vt -4 1.5308
vt -4 0
vt -4 -2.2962
vt 0 -2.2962
vt 0 0
vt -4 -4.2426
vt 0 -4.2426
vt 2.2962 -4
vt 2.2962 0
vt 0 -4
vt 0 0
vt -2.2962 -4
vt -2.2962 0
vt -4 -4.2426
vt 0 -4.2426
vt -4 -2.2962
vt 0 -2.2962
vt -4 0
vt 0 0
vt -4 2.2962
vt 0 2.2962
vt -4 4.2426
vt 0 4.2426
vt -2.2962 -4
vt -2.2962 0
vt 0 -4
vt 0 0
vt 2.2962 -4
vt 2.2962 0
vt -4 4.2426
vt 0 4.2426
vt -4 2.2962
vt 0 2.2962
vt -6 0
vt -4 0
vt -3.6956 -1.5308
vt -5.5434 -2.2962
vt -2.8284 -2.8284
vt -4.2426 -4.2426
vt -1.5308 -3.6956
vt -2.2962 -5.5434
vt 0 -4
vt 0 -6
vt 1.5308 -3.6956
vt 2.2962 -5.5434
vt 2.8284 -2.8284
vt 4.2426 -4.2426
vt 3.6956 -1.5308
vt 5.5434 -2.2962
vt 4 0
vt 6 0
vt 3.6956 1.5308
vt 5.5434 2.2962
vt 2.8284 2.8284
vt 4.2426 4.2426
vt 1.5308 3.6956
vt 2.2962 5.5434
vt 0 4
vt 0 6
vt -1.5308 3.6956
vt -2.2962 5.5434
vt -2.8284 2.8284
vt -4.2426 4.2426
vt -3.6956 1.5308
vt -5.5434 2.2962
vt -4 20
vt -4 18.4692
vt -4 17.1716
vt 21.5308 -4
vt 20 -4
vt 18.4692 -4
vt -4 17.1716
vt -4 18.4692
vt -4 20
vt -4 21.5308
vt -4 22.8284
vt 18.4692 -4
vt 20 -4
vt 21.5308 -4
vt -4 22.8284
vt -4 21.5308
vt -4 20
vt -4 17.7038
vt -4 15.7574
vt 22.2962 -4
vt 20 -4
vt 17.7038 -4
vt 17.7038 0
vt -4 15.7574
vt 0 15.7574
vt -4 17.7038
vt 0 17.7038
vt -4 20
vt -4 22.2962
vt -4 24.2426
vt 17.7038 -4
vt 20 -4
vt 22.2962 -4
vt -4 24.2426
vt -4 22.2962
vt 14 20
vt 16 20
vt 16.3044 18.4692
vt 14.4566 17.7038
vt 17.1716 17.1716
vt 15.7574 15.7574
vt 18.4692 16.3044
vt 17.7038 14.4566
vt 20 16
vt 20 14
vt 21.5308 16.3044
vt 22.2962 14.4566
vt 22.8284 17.1716
vt 24.2426 15.7574
vt 23.6956 18.4692
vt 25.5434 17.7038
vt 24 20
vt 26 20
vt 23.6956 21.5308
vt 25.5434 22.2962
vt 22.8284 22.8284
vt 24.2426 24.2426
vt 21.5308 23.6956
vt 22.2962 25.5434
vt 20 24
vt 20 26
vt 18.4692 23.6956
vt 17.7038 25.5434
vt 17.1716 22.8284
vt 15.7574 24.2426
vt 16.3044 21.5308
vt 14.4566 22.2962
vt -4 20
vt -4 18.4692
vt -4 17.1716
vt -18.4692 -4
vt -20 -4
vt -21.5308 -4
vt -4 17.1716
vt -4 18.4692
vt -4 20
vt -4 21.5308
vt -4 22.8284
vt -21.5308 -4
vt -20 -4
vt -18.4692 -4
vt -4 22.8284
vt -4 21.5308
vt -4 20
vt -4 17.7038
vt 0 17.7038
vt -4 15.7574
vt 0 15.7574
vt -17.7038 -4
vt -17.7038 0
vt -20 -4
vt -22.2962 -4
vt -4 15.7574
vt -4 17.7038
vt -4 20
vt -4 22.2962
vt -4 24.2426
vt -22.2962 -4
vt -20 -4
vt -17.7038 -4
vt -4 24.2426
vt -4 22.2962
vt 14 -20
vt 16 -20
vt 16.3044 -21.5308
vt 14.4566 -22.2962
vt 17.1716 -22.8284
vt 15.7574 -24.2426
vt 18.4692 -23.6956
vt 17.7038 -25.5434
vt 20 -24
vt 20 -26
vt 21.5308 -23.6956
vt 22.2962 -25.5434
vt 22.8284 -22.8284
vt 24.2426 -24.2426
vt 23.6956 -21.5308
vt 25.5434 -22.2962
vt 24 -20
vt 26 -20
vt 23.6956 -18.4692
vt 25.5434 -17.7038
vt 22.8284 -17.1716
vt 24.2426 -15.7574
vt 21.5308 -16.3044
vt 22.2962 -14.4566
vt 20 -16
vt 20 -14
vt 18.4692 -16.3044
vt 17.7038 -14.4566
vt 17.1716 -17.1716
vt 15.7574 -15.7574
vt 16.3044 -18.4692
vt 14.4566 -17.7038
vt -4 40
vt -4 38.4692
vt -4 37.1716
vt 21.5308 -4
vt 20 -4
vt 18.4692 -4
vt -4 37.1716
vt -4 38.4692
vt -4 40
vt -4 41.5308
vt -4 42.8284
vt 18.4692 -4
vt 20 -4
vt 21.5308 -4
vt -4 42.8284
vt -4 41.5308
vt -4 40
vt -4 37.7038
vt -4 35.7574
vt 22.2962 -4
vt 20 -4
vt 17.7038 -4
vt 17.7038 0
vt -4 35.7574
vt 0 35.7574
vt -4 37.7038
vt 0 37.7038
vt -4 40
vt -4 42.2962
vt -4 44.2426
vt 17.7038 -4
vt 20 -4
vt 22.2962 -4
vt -4 44.2426
vt -4 42.2962
vt 34 20
vt 36 20
vt 36.3044 18.4692
vt 34.4566 17.7038
vt 37.1716 17.1716
vt 35.7574 15.7574
vt 38.4692 16.3044
vt 37.7038 14.4566
vt 40 16
vt 40 14
vt 41.5308 16.3044
vt 42.2962 14.4566
vt 42.8284 17.1716
vt 44.2426 15.7574
vt 43.6956 18.4692
vt 45.5434 17.7038
vt 44 20
vt 46 20
vt 43.6956 21.5308
vt 45.5434 22.2962
vt 42.8284 22.8284
vt 44.2426 24.2426
vt 41.5308 23.6956
vt 42.2962 25.5434
vt 40 24
vt 40 26
vt 38.4692 23.6956
vt 37.7038 25.5434
vt 37.1716 22.8284
vt 35.7574 24.2426
vt 36.3044 21.5308
vt 34.4566 22.2962
vt -4 40
vt -4 38.4692
vt -4 37.1716
vt -18.4692 -4
vt -20 -4
vt -21.5308 -4
vt -4 37.1716
vt -4 38.4692
vt -4 40
vt -4 41.5308
vt -4 42.8284
vt -21.5308 -4
vt -20 -4
vt -18.4692 -4
vt -4 42.8284
vt -4 41.5308
vt -4 40
vt -4 37.7038
vt 0 37.7038
vt -4 35.7574
vt 0 35.7574
vt -17.7038 -4
vt -17.7038 0
vt -20 -4
vt -22.2962 -4
vt -4 35.7574
vt -4 37.7038
vt -4 40
vt -4 42.2962
vt -4 44.2426
vt -22.2962 -4
vt -20 -4
vt -17.7038 -4
vt -4 44.2426
vt -4 42.2962
vt 34 -20
vt 36 -20
vt 36.3044 -21.5308
vt 34.4566 -22.2962
vt 37.1716 -22.8284
vt 35.7574 -24.2426
vt 38.4692 -23.6956
vt 37.7038 -25.5434
vt 40 -24
vt 40 -26
vt 41.5308 -23.6956
vt 42.2962 -25.5434
vt 42.8284 -22.8284
vt 44.2426 -24.2426
vt 43.6956 -21.5308
vt 45.5434 -22.2962
vt 44 -20
vt 46 -20
vt 43.6956 -18.4692
vt 45.5434 -17.7038
vt 42.8284 -17.1716
vt 44.2426 -15.7574
vt 41.5308 -16.3044
vt 42.2962 -14.4566
vt 40 -16
vt 40 -14
vt 38.4692 -16.3044
vt 37.7038 -14.4566
vt 37.1716 -17.1716
vt 35.7574 -15.7574
vt 36.3044 -18.4692
vt 34.4566 -17.7038
vt -4 60
vt -4 58.4692
vt -4 57.1716
vt 1.5308 -4
vt 0 -4
vt -1.5308 -4
vt -4 57.1716
vt -4 58.4692
vt -4 60
vt -4 61.5308
vt -4 62.8284
vt -1.5308 -4
vt 0 -4
vt 1.5308 -4
vt -4 62.8284
vt -4 61.5308
vt -4 60
vt -4 57.7038
vt 0 57.7038
vt 0 60
vt -4 55.7574
vt 0 55.7574
vt 2.2962 -4
vt 2.2962 0
vt 0 -4
vt 0 0
vt -2.2962 -4
vt -2.2962 0
vt -4 55.7574
vt 0 55.7574
vt -4 57.7038
vt 0 57.7038
vt -4 60
vt 0 60
vt -4 62.2962
vt 0 62.2962
vt -4 64.2426
vt 0 64.2426
vt -2.2962 -4
vt -2.2962 0
vt 0 -4
vt 0 0
vt 2.2962 -4
vt 2.2962 0
vt -4 64.2426
vt 0 64.2426
vt -4 62.2962
vt 0 62.2962
vt 54 0
vt 56 0
vt 56.3044 -1.5308
vt 54.4566 -2.2962
vt 57.1716 -2.8284
vt 55.7574 -4.2426
vt 58.4692 -3.6956
vt 57.7038 -5.5434
vt 60 -4
vt 60 -6
vt 61.5308 -3.6956
vt 62.2962 -5.5434
vt 62.8284 -2.8284
vt 64.2426 -4.2426
vt 63.6956 -1.5308
vt 65.5434 -2.2962
vt 64 0
vt 66 0
vt 63.6956 1.5308
vt 65.5434 2.2962
vt 62.8284 2.8284
vt 64.2426 4.2426
vt 61.5308 3.6956
vt 62.2962 5.5434
vt 60 4
vt 60 6
vt 58.4692 3.6956
vt 57.7038 5.5434
vt 57.1716 2.8284
vt 55.7574 4.2426
vt 56.3044 1.5308
vt 54.4566 2.2962
vt -28.2308 -3.6428
vt -28.9686 -4.465
vt -28.8741 -6.5021
vt -30.0685 -5.1646
vt -30.2936 -7.3675
vt -30.9528 -4.3573
vt -31.0853 -6.6113
vt -6.6113 -1.7135
vt -4.3573 -1.0798
vt -4.4984 -2.3407
vt -6.7763 -3.7778
vt -0.4204 -6.3802
vt -1.0511 -4.5181
vt 1.1851 -4.7988
vt 2.0185 -7.9143
vt -4.7988 -31.0638
vt -4.3993 -29.8173
vt -6.2672 -29.565
vt -7.9143 -30.9265
vt -6.1837 -28.1538
vt -2.141 -3.1829
vt -1.7537 -1.583
vt 1.1259 -3.4103
vt -13.412 -28.6265
vt -7.8386 -15.1561
vt -6.8646 -12.9278
vt -4.909 -8.147799
vt -10.3704 -29.7391
vt -6.3486 -31.1888
vt -3.3399 -4.5183
vt -2.6214 -4.3975
vt -3.2905 -6.716
vt -3.8715 -4.3898
vt -3.3399 -4.5183
vt -4.909 -8.1478
vt -5.8276 -8.804
vt -6.8646 -12.9278
vt -7.2743 -12.5588
vt -8.0745 -14.3543
vt -7.8386 -15.1561
vt -5.2109 -26.4691
vt -2.9321 -25.8938
vt -2.9113 -28.1628
vt -4.644 -25.1665
vt -4.1473 -6.5285
vt -3.601 -4.644
vt -4.1473 -6.5285
vt -3.4959 -5.7093
vt -5.09 -24.698
vt -3.696 -7.7165
vt -25.8613 -2.0518
vt -24.698 -2.9445
vt -25.1838 -3.4959
vt -3.696 -7.7165
vt -2.0518 -5.9018
vt -3.4959 -5.7093
vt -4.9021 -26.2788
vt -6.2428 -27.5194
vt -0.7013 -5.866
vt -0.8376999 -7.6585
vt 0.4236 -5.561
vt -25.1178 0.1021
vt -24.4869 -1.0441
vt -3.7903 -28.207
vt -4.4968 -9.5039
vt -5.2453 -11.2628
vt -8.7528 -26.5193
vt -6.2983 -27.2753
vt -6.185 -7.8571
vt -1.6309 -25.2256
vt -1.1901 -28.2308
vt -5.866 -28.0673
vt -22.3726 -1.4931
vt -24.4869 -1.0441
vt -22.3726 -1.4931
vt -23.277 -2.3028
vt -3.982 -23.277
vt -1.4931 -3.5536
vt -2.687 -22.7887
vt -3.4385 -23.8945
vt -3.4385 -23.8945
vt -2.687 -22.7887
vt -3.6428 -1.1901
vt -6.6147 -2.4569
vt -5.047 -2.5923
vt -8.4284 -5.4597
vt 0.5753 -3.7903
vt -4.3776 -2.9113
vt -3.3591 -9.5014
vt -0.2533 -10.4677
vt -0.045 -12.701
vt -2.6949 -12.7998
vt -7.0629 -13.8716
vt -2.8658 -14.8968
vt -6.2618 -14.8361
vt -8.477099 -13.9506
vt -7.4918 -9.8375
vt -9.878099 -10.237
vt -5.9091 -6.2983
vt -9.459599 -7.6594
vt -6.154 -7.7255
vt -7.5598 -11.789
vt -10.059 -10.0688
vt -9.9667 -12.3792
vt -8.0745 -14.3543
vt -10.2725 -14.6465
vt -5.3803 -15.3108
vt -6.1285 -13.412
vt -4.6253 -10.4208
vt -1.9334 -11.9427
vt -3.3738 -13.6805
vt 0.248 -10.2415
vt -0.6874 -8.1926
vt -3.8715 -4.3898
vt -9.2205 -4.9478
vt -9.517099 -15.5447
vt -11.4635 -11.4805
vt -8.0044 -13.3504
vt -7.304 -13.461
vt -8.477099 -13.9506
vt -7.0629 -13.8716
vt -7.4918 -9.8375
vt -7.2629 -10.4253
vt -8.477099 -13.9506
vt -8.0044 -13.3504
vt -5.0185 -8.121799
vt -6.4707 -10.8688
vt -6.4707 -10.8688
vt -6.4707 -10.8688
vt -9.5014 -26.8844
vt -5.0185 -8.121799
vt -8.8944 -3.7672
vt -10.574 -5.4775
vt 1.1186 -6.1837
vt 1.5514 -10.9024
vt -0.045 -12.701
vt -7.6855 -16.8283
vt -10.4985 -15.8098
vt -9.5625 -16.912
vt -6.154 -7.7255
vt -10.4208 -30.504
vt -6.716 -31.529
vt -7.5598 -11.789
vt -2.141 -3.1829
vt 2.153 -11.043
vt 0.9107 -12.715
vt -1.0458 -14.7286
vt -4.011 -16.4328
vt -6.374 -17.2583
vt -7.6911 -17.2453
vt -23.9164 -9.6621
vt -9.600699 -16.4529
vt -11.1598 -15.6595
vt -12.2685 -12.1285
vt -12.3968 -9.3718
vt -11.8006 -6.5376
vt -10.726 -3.8443
vt -9.316999 -2.978
vt -29.4361 -3.8663
vt -28.0294 -6.6147
vt -30.6733 -3.0933
vt -8.789 -29.2897
vt -10.9024 -27.7025
vt -12.701 -26.523
vt -13.0473 -27.4708
vt -10.9024 -27.7025
vt -25.0095 -2.8658
vt -26.472 -1.6999
vt -25.3466 -3.9008
vt -22.5302 -7.6855
vt -24.1621 -6.1901
vt -23.058 -8.0956
vt -21.8205 -9.5625
vt -22.4822 -9.686399
vt -17.1828 -22.4822
vt -16.912 -21.8205
vt -15.8098 -22.151
vt -16.6275 -23.0814
vt -14.9633 -24.1017
vt -15.8098 -22.151
vt -11.4805 -24.2665
vt -11.8102 -25.3814
vt -9.2003 -26.3261
vt -5.4775 -26.904
vt -6.5466 -27.429
vt -28.419 -10.4864
vt -27.4667 -8.8944
vt -28.2776 -8.9575
vt -30.623 -9.316999
vt -29.7103 -8.8894
vt -30.0495 -10.726
vt -12.1285 -26.835
vt -9.371799 -27.8325
vt -15.6595 -25.0125
vt -23.9164 -9.6621
vt -25.2531 -7.6911
vt -24.3434 -8.1699
vt -25.6063 -6.374
vt -12.715 -29.4225
vt -11.043 -30.435
vt -11.026 -29.4043
vt -11.026 -29.4043
vt -11.043 -30.435
vt -3.7788 -29.4294
vt -3.7903 -28.207
vt -3.4103 -30.5346
vt -3.8443 -30.0495
vt -6.5376 -29.0035
vt -23.9164 -9.6621
vt -24.3434 -8.1699
vt -25.6063 -6.374
vt -26.7976 -4.011
vt -28.3136 -1.0458
vt -3.0933 -0.9590999
vt -0.7654 1.8478
vt 0 2
vt 0 0
vt -1.4142 1.4142
vt -1.8478 0.7654
vt -2 0
vt -1.8478 -0.7654
vt -1.4142 -1.4142
vt -0.7654 -1.8478
vt 0 -2
vt 0.7654 -1.8478
vt 1.4142 -1.4142
vt 1.8478 -0.7654
vt 2 0
vt 1.8478 0.7654
vt 1.4142 1.4142
vt 0.7654 1.8478
vt -15 0
vt -15 -0.7654
vt 0 -0.7654
vt 0 0
vt -15 -1.4142
vt 0 -1.4142
vt 0.7654 -15
vt 0.7654 0
vt 0 -15
vt 0 0
vt -0.7654 -15
vt -0.7654 0
vt -15 -1.4142
vt 0 -1.4142
vt -15 -0.7654
vt 0 -0.7654
vt -15 0
vt 0 0
vt -15 0.7654
vt 0 0.7654
vt -15 1.4142
vt 0 1.4142
vt -0.7654 -15
vt -0.7654 0
vt 0 -15
vt 0 0
vt 0.7654 -15
vt 0.7654 0
vt -15 1.4142
vt 0 1.4142
vt -15 0.7654
vt 0 0.7654
vt 0 0
vt 0 -1.5308
vt -30.5 -1.5308
vt -30.5 0
vt 0 -2.8284
vt -30.5 -2.8284
vt 1.5308 0
vt 1.5308 -30.5
vt 0 0
vt 0 -30.5
vt -1.5308 0
vt -1.5308 -30.5
vt 0 -2.8284
vt -30.5 -2.8284
vt 0 -1.5308
vt -30.5 -1.5308
vt 0 0
vt -30.5 0
vt 0 1.5308
vt -30.5 1.5308
vt 0 2.8284
vt -30.5 2.8284
vt -1.5308 0
vt -1.5308 -30.5
vt 0 0
vt 0 -30.5
vt 1.5308 0
vt 1.5308 -30.5
vt 0 2.8284
vt -30.5 2.8284
vt 0 1.5308
vt -30.5 1.5308
vt -4 0
vt -2 0
vt -1.8478 -0.7654
vt -3.6956 -1.5308
vt -1.4142 -1.4142
vt -2.8284 -2.8284
vt -0.7654 -1.8478
vt -1.5308 -3.6956
vt 0 -2
vt 0 -4
vt 0.7654 -1.8478
vt 1.5308 -3.6956
vt 1.4142 -1.4142
vt 2.8284 -2.8284
vt 1.8478 -0.7654
vt 3.6956 -1.5308
vt 2 0
vt 4 0
vt 1.8478 0.7654
vt 3.6956 1.5308
vt 1.4142 1.4142
vt 2.8284 2.8284
vt 0.7654 1.8478
vt 1.5308 3.6956
vt 0 2
vt 0 4
vt -0.7654 1.8478
vt -1.5308 3.6956
vt -1.4142 1.4142
vt -2.8284 2.8284
vt -1.8478 0.7654
vt -3.6956 1.5308
vt -1.5308 3.6956
vt -0.7654 1.8478
vt 0 2
vt 0 4
vt -2.8284 2.8284
vt -1.4142 1.4142
vt -3.6956 1.5308
vt -1.8478 0.7654
vt -4 0
vt -2 0
vt -3.6956 -1.5308
vt -1.8478 -0.7654
vt -2.8284 -2.8284
vt -1.4142 -1.4142
vt -1.5308 -3.6956
vt -0.7654 -1.8478
vt 0 -4
vt 0 -2
vt 1.5308 -3.6956
vt 0.7654 -1.8478
vt 2.8284 -2.8284
vt 1.4142 -1.4142
vt 3.6956 -1.5308
vt 1.8478 -0.7654
vt 4 0
vt 2 0
vt 3.6956 1.5308
vt 1.8478 0.7654
vt 2.8284 2.8284
vt 1.4142 1.4142
vt 1.5308 3.6956
vt 0.7654 1.8478
vt -0.7654 1.8478
vt 0 2
vt 0 0
vt -1.4142 1.4142
vt -1.8478 0.7654
vt -2 0
vt -1.8478 -0.7654
vt -1.4142 -1.4142
vt -0.7654 -1.8478
vt 0 -2
vt 0.7654 -1.8478
vt 1.4142 -1.4142
vt 1.8478 -0.7654
vt 2 0
vt 1.8478 0.7654
vt 1.4142 1.4142
vt 0.7654 1.8478
vt -24 0
vt -24 -0.7654
vt -31.3 -0.7654
vt -31.3 0
vt -24 -1.4142
vt -31.3 -1.4142
vt 0.7654 -24
vt 0.7654 -31.3
vt 0 -24
vt 0 -31.3
vt -0.7654 -24
vt -0.7654 -31.3
vt -24 -1.4142
vt -31.3 -1.4142
vt -24 -0.7654
vt -31.3 -0.7654
vt -24 0
vt -31.3 0
vt -24 0.7654
vt -31.3 0.7654
vt -24 1.4142
vt -31.3 1.4142
vt -0.7654 -24
vt -0.7654 -31.3
vt 0 -24
vt 0 -31.3
vt 0.7654 -24
vt 0.7654 -31.3
vt -24 1.4142
vt -31.3 1.4142
vt -24 0.7654
vt -31.3 0.7654
vt 3.749824 -28.2308
vt 4.509724 -28.9686
vt 6.605363 -28.8741
vt 5.089948 -30.0685
vt 7.371776 -30.2936
vt 4.313452 -30.9528
vt 6.582334 -31.0853
vt 1.821708 6.582334
vt 1.243511 4.313452
vt 0.2220836 5.066099
vt 0.116462 7.757379
vt -5.315245 3.554179
vt -3.38726 3.169334
vt -4.748455 1.373068
vt -7.863271 2.209069
vt -31.0638 -4.748455
vt -29.8173 -4.444876
vt -29.565 -6.266733
vt -30.9265 -7.863271
vt -28.1538 -5.914569
vt -1.685987 3.44562
vt -0.4940755 2.310256
vt -3.516372 0.7300868
vt -8.550943 12.01346
vt -9.206336 14.36651
vt -7.763562 12.40885
vt -4.601739 8.325241
vt -6.395427 9.6637
vt -3.705278 6.279537
vt -2.243033 5.151604
vt -2.497667 4.468961
vt -4.171007 6.207671
vt -1.865948 5.547735
vt -2.243033 5.151604
vt -4.60174 8.325241
vt -4.710728 9.448876
vt -7.763562 12.40885
vt -7.239147 12.57916
vt -8.394003 14.16991
vt -9.206336 14.36651
vt -2.166996 6.668516
vt -25.8938 -0.6252364
vt 5.246783 -28.1628
vt -25.1665 -2.221344
vt -3.580226 6.855936
vt -2.221344 5.440574
vt -3.580226 6.855936
vt -3.196475 5.882204
vt -24.698 -2.935843
vt -4.83472 7.059096
vt 4.72782 -25.8613
vt 5.095025 -24.698
vt 5.882204 -25.1838
vt 7.059096 -25.6595
vt -4.085236 4.72782
vt -3.196475 5.882204
vt 2.929099 -26.2788
vt 4.121578 -27.5194
vt -4.729482 3.540347
vt -6.21364 4.554723
vt -5.027793 2.41365
vt 1.834378 -25.1178
vt 3.142872 -24.4869
vt 1.396923 -28.207
vt -5.982263 8.646314
vt -7.131271 10.17399
vt -5.980137 7.147782
vt 8.266607 -27.2753
vt -3.711984 9.284945
vt -25.2256 0.3662417
vt 3.749824 -28.2308
vt 3.540347 -28.0673
vt 3.069869 -22.3726
vt 3.142872 -24.4869
vt 3.069869 -22.3726
vt 3.985294 -23.277
vt -23.277 -2.297131
vt -2.330974 3.069869
vt -22.7887 -0.9061226
vt -23.8945 -1.447594
vt -23.8945 -1.447594
vt -22.7887 -0.9061226
vt 0.7907377 3.749824
vt 1.179601 6.956978
vt 0.2784905 5.667004
vt -0.5140634 10.0291
vt -3.570163 1.396923
vt -0.3324733 5.246783
vt -6.548947 7.659781
vt -8.938692 5.453216
vt -10.97695 6.389472
vt -9.73756 8.733765
vt -8.481771 13.05248
vt -11.46818 9.930269
vt -9.717607 12.84096
vt -7.843088 14.31672
vt -4.773669 11.40687
vt -3.926498 13.67323
vt -2.499966 8.266607
vt -1.90347 12.022
vt -3.613514 9.192298
vt -6.429728 12.44151
vt -3.690383 13.7458
vt -5.737409 14.82106
vt -8.394003 14.16991
vt -7.548058 16.21954
vt -10.56946 12.3149
vt -8.550943 12.01346
vt -6.712075 9.216049
vt -9.376036 7.645732
vt -10.16082 9.762062
vt -8.993445 4.905974
vt -6.751338 4.691609
vt -1.865948 5.547735
vt 0.3253074 10.45913
vt -8.703627 16.01444
vt -4.210706 15.66798
vt -7.559647 13.60725
vt -8.005629 13.05598
vt -7.843088 14.31672
vt -8.481771 13.05248
vt -4.773669 11.40687
vt -5.397172 11.50254
vt -7.843088 14.31672
vt -7.559647 13.60725
vt -4.524472 8.407071
vt -6.177357 11.03822
vt -6.177357 11.03822
vt -6.177357 11.03822
vt 7.659781 -26.8844
vt -4.524472 8.407071
vt 1.184692 9.586417
vt 0.5433207 11.89615
vt -5.914569 2.123109
vt -10.2175 4.107641
vt -10.73106 15.07002
vt -8.442511 16.99691
vt -9.865047 16.73741
vt -3.613514 9.192298
vt -30.504 -6.712075
vt -4.171007 6.207671
vt -6.429728 12.44151
vt -1.685987 3.44562
vt -10.64007 3.656937
vt -11.46692 5.568807
vt -12.23251 8.269994
vt -12.2258 11.69005
vt -11.7592 14.14923
vt -11.0894 15.28337
vt -23.9164 -10.2383
vt -9.448355 16.54094
vt -7.981696 17.49447
vt -4.369395 16.68914
vt -1.917861 15.4219
vt 0.2385426 13.48847
vt 2.033721 11.21119
vt 2.079463 9.557801
vt 3.772032 -29.4361
vt 6.956978 -28.0294
vt 3.15844 -30.6733
vt -29.2897 -8.578087
vt -27.7025 -10.2175
vt 6.389471 -26.523
vt 6.371315 -27.4708
vt 4.107641 -27.7025
vt 9.930269 -25.0095
vt 8.841414 -26.472
vt 11.36226 -25.3466
vt 15.07002 -22.5302
vt 13.81776 -24.1621
vt 15.63788 -23.058
vt 16.73741 -21.8205
vt 16.98011 -22.4822
vt -22.4822 -10.03762
vt -21.8205 -9.865047
vt -22.151 -8.442511
vt -23.0814 -9.160062
vt -24.1017 -7.296766
vt -22.151 -8.442511
vt -24.2665 -4.210706
vt -25.3814 -4.232488
vt 15.00056 -26.3261
vt 11.89615 -26.904
vt 13.18363 -27.429
vt 11.10119 -28.419
vt 9.586417 -27.4667
vt 9.392612 -28.2776
vt 9.557801 -30.623
vt 9.106286 -29.7103
vt 11.21119 -30.0495
vt -26.835 -4.369395
vt -27.8325 -1.91786
vt -25.0125 -7.981696
vt -23.9164 -10.2383
vt 15.28337 -25.2531
vt 15.81513 -24.3434
vt 14.14923 -25.6063
vt 5.568807 -29.4225
vt 3.656937 -30.435
vt 3.736773 -29.4043
vt -29.4043 -10.57435
vt -30.435 -10.64007
vt -29.4294 -3.771004
vt -28.207 -3.570163
vt -30.5346 -3.516372
vt 11.21119 -30.0495
vt 13.48847 -29.0035
vt 17.06792 -23.9164
vt 15.81513 -24.3434
vt 14.14923 -25.6063
vt 11.69005 -26.7976
vt 8.269994 -28.3136
vt 0.7160406 3.15844
vt -28.2308 2.852062
vt -28.9686 3.346041
vt -28.8741 4.938683
vt -30.0685 3.651414
vt -30.2936 5.400741
vt -3.233652 -30.9528
vt -31.0853 4.789592
vt 4.789592 -4.868834
vt 3.113789 -3.233652
vt 4.276316 -2.725399
vt 6.659838 -3.979579
vt 5.735644 2.826021
vt 4.43836 1.348766
vt 3.563355 3.425732
vt 5.844771 5.705231
vt -31.0638 3.563355
vt -29.8173 3.174976
vt -29.565 4.588433
vt -30.9265 5.844771
vt -28.1538 4.795969
vt 3.826987 -0.2627202
vt 2.247775 -0.7272567
vt 2.390472 2.680213
vt 14.67944 1.398535
vt 17.04494 0.7895875
vt 14.62816 0.5189505
vt 9.510738 -0.1774411
vt 11.56673 0.7066989
vt 7.290878 0.06906295
vt 5.582933 -0.6333034
vt 5.119067 -0.07146096
vt 7.461507 0.5083282
vt 5.737449 -1.157935
vt 5.582933 -0.6333034
vt 9.510739 -0.1774406
vt 10.53833 -0.6448765
vt 14.62816 0.5189505
vt 14.51345 -0.0203619
vt 16.4685 0.1843905
vt 17.04494 0.7895875
vt -26.4691 6.858595
vt -25.8938 4.453336
vt -28.1628 4.710073
vt 5.822343 -0.7965739
vt 7.727526 -0.3274362
vt 5.822343 -0.7965739
vt 7.727526 -0.3274362
vt 6.692375 -0.172904
vt 5.880342 -0.005025387
vt 8.53072 0.6574032
vt -25.8613 6.137035
vt 5.880342 -0.005025387
vt 6.692375 -0.172904
vt -25.6595 8.53072
vt 6.137035 1.17398
vt 6.692375 -0.172904
vt -26.2788 4.521366
vt -27.5194 5.983902
vt 5.430781 2.325653
vt 7.05134 3.103776
vt 4.604193 3.14735
vt -25.1178 3.279355
vt -24.4869 4.399526
vt -28.207 2.994864
vt 10.47906 0.8575861
vt 12.37657 1.088813
vt -26.5193 9.180237
vt -27.2753 8.409066
vt 9.896984 -1.427845
vt -25.2256 3.191058
vt -28.2308 2.852062
vt -28.0673 5.430781
vt -22.3726 3.824074
vt 1.334428 -24.4869
vt 0.4837307 -22.3726
vt -0.003293872 -23.277
vt -0.003293872 -23.277
vt 3.824074 0.4837307
vt -1.117584 -22.7887
vt -0.9312346 -23.8945
vt -23.8945 4.508094
vt -22.7887 3.747922
vt 2.852062 -2.559724
vt 5.435099 -4.500079
vt 4.768509 -3.074703
vt 8.942463 -4.569397
vt 2.994864 2.393377
vt 4.710073 -2.335483
vt 9.908048 1.841619
vt 9.191992 5.014484
vt 11.02195 6.311529
vt 12.43246 4.066036
vt 15.54467 0.8191166
vt 14.33397 4.966531
vt 15.97941 1.995143
vt 16.32019 -0.3661222
vt 12.26547 -1.569374
vt 13.8046 -3.436231
vt 8.409066 -1.968308
vt 11.36307 -4.362597
vt 9.767514 -1.466799
vt 13.98953 -0.6525135
vt 13.74938 -3.676995
vt 15.70411 -2.44186
vt 16.4685 0.1843905
vt 17.82056 -1.573043
vt 15.94976 2.995899
vt 14.67944 1.398535
vt 11.33737 1.204751
vt 11.30943 4.296968
vt 13.53462 3.918438
vt 8.745446 5.335526
vt 7.438737 3.500991
vt 5.737449 -1.157935
vt 8.895193 -5.51133
vt 18.22073 -0.4697433
vt 15.67421 -4.187485
vt 15.56405 -0.2568507
vt 15.30963 0.4050169
vt 16.32019 -0.3661222
vt 15.54467 0.8191166
vt 12.26547 -1.569374
vt 12.66007 -1.077239
vt 16.32019 -0.3661222
vt 15.56405 -0.2568507
vt 9.542972 -0.2852716
vt 12.64806 -0.1694198
vt 12.64806 -0.1694198
vt 12.64806 -0.1694198
vt -26.8844 9.908048
vt 9.542972 -0.2852716
vt 7.709708 -5.819217
vt 10.03068 -6.41865
vt 4.795969 4.060591
vt 8.666105 6.794759
vt 18.41656 1.758277
vt 18.94101 -1.187116
vt 19.42755 0.1745872
vt 9.767514 -1.466799
vt -30.504 11.33737
vt 7.461507 0.5083282
vt 13.98953 -0.6525135
vt 3.826987 -0.2627202
vt 8.487068 7.386062
vt 10.55622 7.146194
vt 13.27831 6.458606
vt 16.2368 4.742754
vt 18.1332 3.109074
vt 18.7805 1.961927
vt 0.3325815 -23.9164
vt -0.08804321 -25.1708
vt -1.834971 -25.0125
vt 16.63789 -4.560638
vt 14.31466 -6.0501
vt 11.56206 -6.950873
vt 8.692279 -7.366888
vt 7.237537 -6.579801
vt -2.924632 -29.4361
vt -28.0294 5.435099
vt -2.199341 -30.6733
vt -29.2897 6.644987
vt -27.7025 8.666105
vt -26.523 11.02195
vt -27.4708 11.2114
vt -27.7025 8.666105
vt -25.0095 14.33397
vt -26.472 13.61393
vt -25.3466 15.77925
vt -22.5302 18.41656
vt -24.1621 17.74299
vt 1.615818 -23.058
vt 0.1745872 -21.8205
vt 0.2026882 -22.4822
vt 0.2026882 -22.4822
vt 0.1745872 -21.8205
vt -1.187116 -22.151
vt -0.7619848 -23.0814
vt -24.1017 18.62057
vt -22.151 18.94101
vt -24.2665 15.67421
vt -25.3814 16.22349
vt -26.3261 13.97239
vt -26.904 10.03068
vt -27.429 11.39125
vt -28.419 8.741355
vt -27.4667 7.709708
vt -28.2776 7.310927
vt -30.623 7.237537
vt -29.7103 6.883094
vt -30.0495 8.692279
vt -26.835 16.63789
vt -27.8325 14.31466
vt -1.834971 -25.0125
vt 0.3325815 -23.9164
vt 1.961927 -25.2531
vt 1.664371 -24.3434
vt 3.109074 -25.6063
vt -29.4225 10.55622
vt -30.435 8.487068
vt -29.4043 8.523346
vt -29.4043 8.523346
vt -30.435 8.487068
vt 2.752745 -29.4294
vt -28.207 2.994864
vt -30.5346 2.390472
vt -30.0495 8.692279
vt -29.0035 11.56206
vt 0.3325815 -23.9164
vt 1.664371 -24.3434
vt -25.6063 18.1332
vt -26.7976 16.2368
vt -28.3136 13.27831
vt 2.377259 -2.199341
usemtl 2
f 3/3/3 2/2/2 1/1/1
f 4/4/4 3/3/3 1/1/1
f 6/6/6 5/5/5 2/2/2
f 3/3/3 6/6/6 2/2/2
f 8/8/8 7/7/7 5/5/5
f 6/6/6 8/8/8 5/5/5
f 10/10/10 9/9/9 7/7/7
f 8/8/8 10/10/10 7/7/7
f 12/12/12 11/11/11 9/9/9
f 10/10/10 12/12/12 9/9/9
f 14/14/14 13/13/13 11/11/11
f 12/12/12 14/14/14 11/11/11
f 16/16/16 15/15/15 13/13/13
f 14/14/14 16/16/16 13/13/13
f 18/18/18 17/17/17 15/15/15
f 16/16/16 18/18/18 15/15/15
f 20/20/20 19/19/19 17/17/17
f 18/18/18 20/20/20 17/17/17
f 22/22/22 21/21/21 19/19/19
f 20/20/20 22/22/22 19/19/19
f 24/24/24 23/23/23 21/21/21
f 22/22/22 24/24/24 21/21/21
f 26/26/26 25/25/25 23/23/23
f 24/24/24 26/26/26 23/23/23
f 28/28/28 27/27/27 25/25/25
f 26/26/26 28/28/28 25/25/25
f 30/30/30 29/29/29 27/27/27
f 28/28/28 30/30/30 27/27/27
f 32/32/32 31/31/31 29/29/29
f 30/30/30 32/32/32 29/29/29
f 4/4/4 1/1/1 31/31/31
f 32/32/32 4/4/4 31/31/31
f 33/33/33 34/34/34 35/35/35
f 33/33/33 35/35/35 36/36/36
f 34/34/34 37/37/37 38/38/38
f 34/34/34 38/38/38 35/35/35
f 37/37/37 39/39/39 40/40/40
f 37/37/37 40/40/40 38/38/38
f 39/39/39 41/41/41 42/42/42
f 39/39/39 42/42/42 40/40/40
f 41/41/41 43/43/43 44/44/44
f 41/41/41 44/44/44 42/42/42
f 43/43/43 45/45/45 46/46/46
f 43/43/43 46/46/46 44/44/44
f 45/45/45 47/47/47 48/48/48
f 45/45/45 48/48/48 46/46/46
f 47/47/47 49/49/49 50/50/50
f 47/47/47 50/50/50 48/48/48
f 49/49/49 51/51/51 52/52/52
f 49/49/49 52/52/52 50/50/50
f 51/51/51 53/53/53 54/54/54
f 51/51/51 54/54/54 52/52/52
f 53/53/53 55/55/55 56/56/56
f 53/53/53 56/56/56 54/54/54
f 55/55/55 57/57/57 58/58/58
f 55/55/55 58/58/58 56/56/56
f 57/57/57 59/59/59 60/60/60
f 57/57/57 60/60/60 58/58/58
f 59/59/59 61/61/61 62/62/62
f 59/59/59 62/62/62 60/60/60
f 61/61/61 63/63/63 64/64/64
f 61/61/61 64/64/64 62/62/62
f 63/63/63 33/33/33 36/36/36
f 63/63/63 36/36/36 64/64/64
f 65/65/65 66/66/66 67/67/67
f 65/65/65 67/67/67 68/68/68
f 68/68/68 67/67/67 69/69/69
f 68/68/68 69/69/69 70/70/70
f 70/70/70 69/69/69 71/71/71
f 70/70/70 71/71/71 72/72/72
f 72/72/72 71/71/71 73/73/73
f 72/72/72 73/73/73 74/74/74
f 74/74/74 73/73/73 75/75/75
f 74/74/74 75/75/75 76/76/76
f 76/76/76 75/75/75 77/77/77
f 76/76/76 77/77/77 78/78/78
f 78/78/78 77/77/77 79/79/79
f 78/78/78 79/79/79 80/80/80
f 80/80/80 79/79/79 81/81/81
f 80/80/80 81/81/81 82/82/82
f 82/82/82 81/81/81 83/83/83
f 82/82/82 83/83/83 84/84/84
f 84/84/84 83/83/83 85/85/85
f 84/84/84 85/85/85 86/86/86
f 86/86/86 85/85/85 87/87/87
f 86/86/86 87/87/87 88/88/88
f 88/88/88 87/87/87 89/89/89
f 88/88/88 89/89/89 90/90/90
f 90/90/90 89/89/89 91/91/91
f 90/90/90 91/91/91 92/92/92
f 92/92/92 91/91/91 93/93/93
f 92/92/92 93/93/93 94/94/94
f 94/94/94 93/93/93 95/95/95
f 94/94/94 95/95/95 96/96/96
f 96/96/96 95/95/95 66/66/66
f 96/96/96 66/66/66 65/65/65
f 99/99/99 98/98/98 97/97/97
f 100/100/100 99/99/99 97/97/97
f 102/102/102 101/101/101 98/98/98
f 99/99/99 102/102/102 98/98/98
f 104/104/104 103/103/103 101/101/101
f 102/102/102 104/104/104 101/101/101
f 106/106/106 105/105/105 103/103/103
f 104/104/104 106/106/106 103/103/103
f 108/108/108 107/107/107 105/105/105
f 106/106/106 108/108/108 105/105/105
f 110/110/110 109/109/109 107/107/107
f 108/108/108 110/110/110 107/107/107
f 112/112/112 111/111/111 109/109/109
f 110/110/110 112/112/112 109/109/109
f 114/114/114 113/113/113 111/111/111
f 112/112/112 114/114/114 111/111/111
f 116/116/116 115/115/115 113/113/113
f 114/114/114 116/116/116 113/113/113
f 118/118/118 117/117/117 115/115/115
f 116/116/116 118/118/118 115/115/115
f 120/120/120 119/119/119 117/117/117
f 118/118/118 120/120/120 117/117/117
f 122/122/122 121/121/121 119/119/119
f 120/120/120 122/122/122 119/119/119
f 124/124/124 123/123/123 121/121/121
f 122/122/122 124/124/124 121/121/121
f 126/126/126 125/125/125 123/123/123
f 124/124/124 126/126/126 123/123/123
f 128/128/128 127/127/127 125/125/125
f 126/126/126 128/128/128 125/125/125
f 100/100/100 97/97/97 127/127/127
f 128/128/128 100/100/100 127/127/127
f 129/129/129 130/130/130 131/131/131
f 129/129/129 131/131/131 132/132/132
f 130/130/130 133/133/133 134/134/134
f 130/130/130 134/134/134 131/131/131
f 133/133/133 135/135/135 136/136/136
f 133/133/133 136/136/136 134/134/134
f 135/135/135 137/137/137 138/138/138
f 135/135/135 138/138/138 136/136/136
f 137/137/137 139/139/139 140/140/140
f 137/137/137 140/140/140 138/138/138
f 139/139/139 141/141/141 142/142/142
f 139/139/139 142/142/142 140/140/140
f 141/141/141 143/143/143 144/144/144
f 141/141/141 144/144/144 142/142/142
f 143/143/143 145/145/145 146/146/146
f 143/143/143 146/146/146 144/144/144
f 145/145/145 147/147/147 148/148/148
f 145/145/145 148/148/148 146/146/146
f 147/147/147 149/149/149 150/150/150
f 147/147/147 150/150/150 148/148/148
f 149/149/149 151/151/151 152/152/152
f 149/149/149 152/152/152 150/150/150
f 151/151/151 153/153/153 154/154/154
f 151/151/151 154/154/154 152/152/152
f 153/153/153 155/155/155 156/156/156
f 153/153/153 156/156/156 154/154/154
f 155/155/155 157/157/157 158/158/158
f 155/155/155 158/158/158 156/156/156
f 157/157/157 159/159/159 160/160/160
f 157/157/157 160/160/160 158/158/158
f 159/159/159 129/129/129 132/132/132
f 159/159/159 132/132/132 160/160/160
f 161/161/161 162/162/162 163/163/163
f 161/161/161 163/163/163 164/164/164
f 164/164/164 163/163/163 165/165/165
f 164/164/164 165/165/165 166/166/166
f 166/166/166 165/165/165 167/167/167
f 166/166/166 167/167/167 168/168/168
f 168/168/168 167/167/167 169/169/169
f 168/168/168 169/169/169 170/170/170
f 170/170/170 169/169/169 171/171/171
f 170/170/170 171/171/171 172/172/172
f 172/172/172 171/171/171 173/173/173
f 172/172/172 173/173/173 174/174/174
f 174/174/174 173/173/173 175/175/175
f 174/174/174 175/175/175 176/176/176
f 176/176/176 175/175/175 177/177/177
f 176/176/176 177/177/177 178/178/178
f 178/178/178 177/177/177 179/179/179
f 178/178/178 179/179/179 180/180/180
f 180/180/180 179/179/179 181/181/181
f 180/180/180 181/181/181 182/182/182
f 182/182/182 181/181/181 183/183/183
f 182/182/182 183/183/183 184/184/184
f 184/184/184 183/183/183 185/185/185
f 184/184/184 185/185/185 186/186/186
f 186/186/186 185/185/185 187/187/187
f 186/186/186 187/187/187 188/188/188
f 188/188/188 187/187/187 189/189/189
f 188/188/188 189/189/189 190/190/190
f 190/190/190 189/189/189 191/191/191
f 190/190/190 191/191/191 192/192/192
f 192/192/192 191/191/191 162/162/162
f 192/192/192 162/162/162 161/161/161
f 193/193/193 194/194/194 195/195/195
f 193/193/193 195/195/195 196/196/196
f 194/194/194 197/197/197 198/198/198
f 194/194/194 198/198/198 195/195/195
f 197/197/197 199/199/199 200/200/200
f 197/197/197 200/200/200 198/198/198
f 199/199/199 201/201/201 202/202/202
f 199/199/199 202/202/202 200/200/200
f 201/201/201 203/203/203 204/204/204
f 201/201/201 204/204/204 202/202/202
f 203/203/203 205/205/205 206/206/206
f 203/203/203 206/206/206 204/204/204
f 205/205/205 207/207/207 208/208/208
f 205/205/205 208/208/208 206/206/206
f 207/207/207 209/209/209 210/210/210
f 207/207/207 210/210/210 208/208/208
f 209/209/209 211/211/211 212/212/212
f 209/209/209 212/212/212 210/210/210
f 211/211/211 213/213/213 214/214/214
f 211/211/211 214/214/214 212/212/212
f 213/213/213 215/215/215 216/216/216
f 213/213/213 216/216/216 214/214/214
f 215/215/215 217/217/217 218/218/218
f 215/215/215 218/218/218 216/216/216
f 217/217/217 219/219/219 220/220/220
f 217/217/217 220/220/220 218/218/218
f 219/219/219 221/221/221 222/222/222
f 219/219/219 222/222/222 220/220/220
f 221/221/221 223/223/223 224/224/224
f 221/221/221 224/224/224 222/222/222
f 223/223/223 193/193/193 196/196/196
f 223/223/223 196/196/196 224/224/224
f 225/225/225 226/226/226 227/227/227
f 225/225/225 227/227/227 228/228/228
f 226/226/226 229/229/229 230/230/230
f 226/226/226 230/230/230 227/227/227
f 229/229/229 231/231/231 232/232/232
f 229/229/229 232/232/232 230/230/230
f 231/231/231 233/233/233 234/234/234
f 231/231/231 234/234/234 232/232/232
f 233/233/233 235/235/235 236/236/236
f 233/233/233 236/236/236 234/234/234
f 235/235/235 237/237/237 238/238/238
f 235/235/235 238/238/238 236/236/236
f 237/237/237 239/239/239 240/240/240
f 237/237/237 240/240/240 238/238/238
f 239/239/239 241/241/241 242/242/242
f 239/239/239 242/242/242 240/240/240
f 241/241/241 243/243/243 244/244/244
f 241/241/241 244/244/244 242/242/242
f 243/243/243 245/245/245 246/246/246
f 243/243/243 246/246/246 244/244/244
f 245/245/245 247/247/247 248/248/248
f 245/245/245 248/248/248 246/246/246
f 247/247/247 249/249/249 250/250/250
f 247/247/247 250/250/250 248/248/248
f 249/249/249 251/251/251 252/252/252
f 249/249/249 252/252/252 250/250/250
f 251/251/251 253/253/253 254/254/254
f 251/251/251 254/254/254 252/252/252
f 253/253/253 255/255/255 256/256/256
f 253/253/253 256/256/256 254/254/254
f 255/255/255 225/225/225 228/228/228
f 255/255/255 228/228/228 256/256/256
f 257/257/257 258/258/258 259/259/259
f 257/257/257 259/259/259 260/260/260
f 258/258/258 261/261/261 262/262/262
f 258/258/258 262/262/262 259/259/259
f 261/261/261 263/263/263 264/264/264
f 261/261/261 264/264/264 262/262/262
f 263/263/263 265/265/265 266/266/266
f 263/263/263 266/266/266 264/264/264
f 265/265/265 267/267/267 268/268/268
f 265/265/265 268/268/268 266/266/266
f 267/267/267 269/269/269 270/270/270
f 267/267/267 270/270/270 268/268/268
f 269/269/269 271/271/271 272/272/272
f 269/269/269 272/272/272 270/270/270
f 271/271/271 273/273/273 274/274/274
f 271/271/271 274/274/274 272/272/272
f 273/273/273 275/275/275 276/276/276
f 273/273/273 276/276/276 274/274/274
f 275/275/275 277/277/277 278/278/278
f 275/275/275 278/278/278 276/276/276
f 277/277/277 279/279/279 280/280/280
f 277/277/277 280/280/280 278/278/278
f 279/279/279 281/281/281 282/282/282
f 279/279/279 282/282/282 280/280/280
f 281/281/281 283/283/283 284/284/284
f 281/281/281 284/284/284 282/282/282
f 283/283/283 285/285/285 286/286/286
f 283/283/283 286/286/286 284/284/284
f 285/285/285 287/287/287 288/288/288
f 285/285/285 288/288/288 286/286/286
f 287/287/287 257/257/257 260/260/260
f 287/287/287 260/260/260 288/288/288
f 289/289/289 290/290/290 291/291/291
f 289/289/289 291/291/291 292/292/292
f 290/290/290 293/293/293 294/294/294
f 290/290/290 294/294/294 291/291/291
f 293/293/293 295/295/295 296/296/296
f 293/293/293 296/296/296 294/294/294
f 295/295/295 297/297/297 298/298/298
f 295/295/295 298/298/298 296/296/296
f 297/297/297 299/299/299 300/300/300
f 297/297/297 300/300/300 298/298/298
f 299/299/299 301/301/301 302/302/302
f 299/299/299 302/302/302 300/300/300
f 301/301/301 303/303/303 304/304/304
f 301/301/301 304/304/304 302/302/302
f 303/303/303 305/305/305 306/306/306
f 303/303/303 306/306/306 304/304/304
f 305/305/305 307/307/307 308/308/308
f 305/305/305 308/308/308 306/306/306
f 307/307/307 309/309/309 310/310/310
f 307/307/307 310/310/310 308/308/308
f 309/309/309 311/311/311 312/312/312
f 309/309/309 312/312/312 310/310/310
f 311/311/311 313/313/313 314/314/314
f 311/311/311 314/314/314 312/312/312
f 313/313/313 315/315/315 316/316/316
f 313/313/313 316/316/316 314/314/314
f 315/315/315 317/317/317 318/318/318
f 315/315/315 318/318/318 316/316/316
f 317/317/317 319/319/319 320/320/320
f 317/317/317 320/320/320 318/318/318
f 319/319/319 289/289/289 292/292/292
f 319/319/319 292/292/292 320/320/320
f 321/321/321 322/322/322 323/323/323
f 321/321/321 323/323/323 324/324/324
f 322/322/322 325/325/325 326/326/326
f 322/322/322 326/326/326 323/323/323
f 325/325/325 327/327/327 328/328/328
f 325/325/325 328/328/328 326/326/326
f 327/327/327 329/329/329 330/330/330
f 327/327/327 330/330/330 328/328/328
f 329/329/329 331/331/331 332/332/332
f 329/329/329 332/332/332 330/330/330
f 331/331/331 333/333/333 334/334/334
f 331/331/331 334/334/334 332/332/332
f 333/333/333 335/335/335 336/336/336
f 333/333/333 336/336/336 334/334/334
f 335/335/335 337/337/337 338/338/338
f 335/335/335 338/338/338 336/336/336
f 337/337/337 339/339/339 340/340/340
f 337/337/337 340/340/340 338/338/338
f 339/339/339 341/341/341 342/342/342
f 339/339/339 342/342/342 340/340/340
f 341/341/341 343/343/343 344/344/344
f 341/341/341 344/344/344 342/342/342
f 343/343/343 345/345/345 346/346/346
f 343/343/343 346/346/346 344/344/344
f 345/345/345 347/347/347 348/348/348
f 345/345/345 348/348/348 346/346/346
f 347/347/347 349/349/349 350/350/350
f 347/347/347 350/350/350 348/348/348
f 349/349/349 351/351/351 352/352/352
f 349/349/349 352/352/352 350/350/350
f 351/351/351 321/321/321 324/324/324
f 351/351/351 324/324/324 352/352/352
f 353/353/353 354/354/354 355/355/355
f 353/353/353 355/355/355 356/356/356
f 354/354/354 357/357/357 358/358/358
f 354/354/354 358/358/358 355/355/355
f 357/357/357 359/359/359 360/360/360
f 357/357/357 360/360/360 358/358/358
f 359/359/359 361/361/361 362/362/362
f 359/359/359 362/362/362 360/360/360
f 361/361/361 363/363/363 364/364/364
f 361/361/361 364/364/364 362/362/362
f 363/363/363 365/365/365 366/366/366
f 363/363/363 366/366/366 364/364/364
f 365/365/365 367/367/367 368/368/368
f 365/365/365 368/368/368 366/366/366
f 367/367/367 369/369/369 370/370/370
f 367/367/367 370/370/370 368/368/368
f 369/369/369 371/371/371 372/372/372
f 369/369/369 372/372/372 370/370/370
f 371/371/371 373/373/373 374/374/374
f 371/371/371 374/374/374 372/372/372
f 373/373/373 375/375/375 376/376/376
f 373/373/373 376/376/376 374/374/374
f 375/375/375 377/377/377 378/378/378
f 375/375/375 378/378/378 376/376/376
f 377/377/377 379/379/379 380/380/380
f 377/377/377 380/380/380 378/378/378
f 379/379/379 381/381/381 382/382/382
f 379/379/379 382/382/382 380/380/380
f 381/381/381 383/383/383 384/384/384
f 381/381/381 384/384/384 382/382/382
f 383/383/383 353/353/353 356/356/356
f 383/383/383 356/356/356 384/384/384
f 387/387/387 386/386/386 385/385/385
f 388/388/388 387/387/387 385/385/385
f 389/389/389 387/387/387 388/388/388
f 390/390/390 389/389/389 388/388/388
f 391/391/391 389/389/389 390/390/390
f 392/392/392 391/391/391 390/390/390
f 393/393/393 391/391/391 392/392/392
f 394/394/394 393/393/393 392/392/392
f 395/395/395 393/393/393 394/394/394
f 396/396/396 395/395/395 394/394/394
f 397/397/397 395/395/395 396/396/396
f 398/398/398 397/397/397 396/396/396
f 399/399/399 397/397/397 398/398/398
f 400/400/400 399/399/399 398/398/398
f 401/401/401 399/399/399 400/400/400
f 402/402/402 401/401/401 400/400/400
f 403/403/403 401/401/401 402/402/402
f 404/404/404 403/403/403 402/402/402
f 407/407/407 406/406/406 405/405/405
f 408/408/408 407/407/407 405/405/405
f 411/411/411 410/410/410 409/409/409
f 412/412/412 411/411/411 409/409/409
f 413/413/413 414/414/414 415/415/415
f 413/413/413 415/415/415 416/416/416
f 416/416/416 415/415/415 417/417/417
f 416/416/416 417/417/417 418/418/418
f 418/418/418 417/417/417 419/419/419
f 418/418/418 419/419/419 420/420/420
f 420/420/420 419/419/419 421/421/421
f 420/420/420 421/421/421 422/422/422
f 422/422/422 421/421/421 423/423/423
f 422/422/422 423/423/423 424/424/424
f 424/424/424 423/423/423 425/425/425
f 424/424/424 425/425/425 426/426/426
f 426/426/426 425/425/425 427/427/427
f 426/426/426 427/427/427 428/428/428
f 428/428/428 427/427/427 429/429/429
f 428/428/428 429/429/429 430/430/430
f 430/430/430 429/429/429 431/431/431
f 430/430/430 431/431/431 432/432/432
f 432/432/432 431/431/431 433/433/433
f 432/432/432 433/433/433 434/434/434
f 434/434/434 433/433/433 435/435/435
f 434/434/434 435/435/435 436/436/436
f 436/436/436 435/435/435 411/411/411
f 436/436/436 411/411/411 412/412/412
f 437/437/437 414/414/414 413/413/413
f 438/438/438 437/437/437 413/413/413
f 441/441/441 440/440/440 439/439/439
f 442/442/442 441/441/441 439/439/439
f 445/445/445 444/444/444 443/443/443
f 446/446/446 445/445/445 443/443/443
f 449/449/449 448/448/448 447/447/447
f 450/450/450 449/449/449 447/447/447
f 453/453/453 452/452/452 451/451/451
f 454/454/454 453/453/453 451/451/451
f 455/455/455 456/456/456 457/457/457
f 455/455/455 457/457/457 458/458/458
f 458/458/458 457/457/457 459/459/459
f 458/458/458 459/459/459 460/460/460
f 460/460/460 459/459/459 461/461/461
f 460/460/460 461/461/461 462/462/462
f 462/462/462 461/461/461 463/463/463
f 462/462/462 463/463/463 464/464/464
f 464/464/464 463/463/463 465/465/465
f 464/464/464 465/465/465 466/466/466
f 466/466/466 465/465/465 467/467/467
f 466/466/466 467/467/467 468/468/468
f 468/468/468 467/467/467 469/469/469
f 468/468/468 469/469/469 470/470/470
f 470/470/470 469/469/469 471/471/471
f 470/470/470 471/471/471 472/472/472
f 472/472/472 471/471/471 473/473/473
f 472/472/472 473/473/473 474/474/474
f 474/474/474 473/473/473 475/475/475
f 474/474/474 475/475/475 476/476/476
f 476/476/476 475/475/475 477/477/477
f 476/476/476 477/477/477 478/478/478
f 478/478/478 477/477/477 453/453/453
f 478/478/478 453/453/453 454/454/454
f 479/479/479 456/456/456 455/455/455
f 480/480/480 479/479/479 455/455/455
f 483/483/483 482/482/482 481/481/481
f 484/484/484 483/483/483 481/481/481
f 487/487/487 486/486/486 485/485/485
f 488/488/488 487/487/487 485/485/485
f 491/491/491 490/490/490 489/489/489
f 492/492/492 491/491/491 489/489/489
f 146/146/146 493/493/493 494/494/494
f 146/146/146 494/494/494 144/144/144
f 144/144/144 494/494/494 495/495/495
f 144/144/144 495/495/495 142/142/142
f 132/132/132 496/496/496 497/497/497
f 132/132/132 497/497/497 160/160/160
f 160/160/160 497/497/497 498/498/498
f 160/160/160 498/498/498 158/158/158
f 158/158/158 498/498/498 499/499/499
f 158/158/158 499/499/499 156/156/156
f 156/156/156 499/499/499 500/500/500
f 156/156/156 500/500/500 154/154/154
f 154/154/154 500/500/500 501/501/501
f 154/154/154 501/501/501 152/152/152
f 152/152/152 501/501/501 502/502/502
f 152/152/152 502/502/502 150/150/150
f 150/150/150 502/502/502 503/503/503
f 150/150/150 503/503/503 148/148/148
f 148/148/148 503/503/503 493/493/493
f 148/148/148 493/493/493 146/146/146
f 504/504/504 496/496/496 132/132/132
f 131/131/131 504/504/504 132/132/132
f 505/505/505 504/504/504 131/131/131
f 134/134/134 505/505/505 131/131/131
f 508/508/508 507/507/507 506/506/506
f 509/509/509 508/508/508 506/506/506
f 512/512/512 511/511/511 510/510/510
f 513/513/513 512/512/512 510/510/510
f 516/516/516 515/515/515 514/514/514
f 517/517/517 516/516/516 514/514/514
f 520/520/520 519/519/519 518/518/518
f 521/521/521 520/520/520 518/518/518
f 522/522/522 520/520/520 521/521/521
f 523/523/523 522/522/522 521/521/521
f 524/524/524 522/522/522 523/523/523
f 525/525/525 524/524/524 523/523/523
f 526/526/526 524/524/524 525/525/525
f 527/527/527 526/526/526 525/525/525
f 528/528/528 526/526/526 527/527/527
f 529/529/529 528/528/528 527/527/527
f 530/530/530 528/528/528 529/529/529
f 531/531/531 530/530/530 529/529/529
f 532/532/532 530/530/530 531/531/531
f 533/533/533 532/532/532 531/531/531
f 534/534/534 532/532/532 533/533/533
f 535/535/535 534/534/534 533/533/533
f 536/536/536 534/534/534 535/535/535
f 537/537/537 536/536/536 535/535/535
f 538/538/538 536/536/536 537/537/537
f 539/539/539 538/538/538 537/537/537
f 540/540/540 538/538/538 539/539/539
f 541/541/541 540/540/540 539/539/539
f 542/542/542 540/540/540 541/541/541
f 543/543/543 542/542/542 541/541/541
f 544/544/544 542/542/542 543/543/543
f 545/545/545 544/544/544 543/543/543
f 546/546/546 544/544/544 545/545/545
f 547/547/547 546/546/546 545/545/545
f 550/550/550 549/549/549 548/548/548
f 551/551/551 550/550/550 548/548/548
f 554/554/554 553/553/553 552/552/552
f 555/555/555 554/554/554 552/552/552
f 558/558/558 557/557/557 556/556/556
f 559/559/559 558/558/558 556/556/556
f 562/562/562 561/561/561 560/560/560
f 563/563/563 562/562/562 560/560/560
f 564/564/564 562/562/562 563/563/563
f 565/565/565 564/564/564 563/563/563
f 566/566/566 564/564/564 565/565/565
f 567/567/567 566/566/566 565/565/565
f 568/568/568 566/566/566 567/567/567
f 569/569/569 568/568/568 567/567/567
f 570/570/570 568/568/568 569/569/569
f 571/571/571 570/570/570 569/569/569
f 572/572/572 570/570/570 571/571/571
f 573/573/573 572/572/572 571/571/571
f 574/574/574 572/572/572 573/573/573
f 575/575/575 574/574/574 573/573/573
f 576/576/576 574/574/574 575/575/575
f 577/577/577 576/576/576 575/575/575
f 578/578/578 576/576/576 577/577/577
f 579/579/579 578/578/578 577/577/577
f 580/580/580 578/578/578 579/579/579
f 581/581/581 580/580/580 579/579/579
f 582/582/582 580/580/580 581/581/581
f 583/583/583 582/582/582 581/581/581
f 584/584/584 582/582/582 583/583/583
f 585/585/585 584/584/584 583/583/583
f 586/586/586 584/584/584 585/585/585
f 587/587/587 586/586/586 585/585/585
f 588/588/588 586/586/586 587/587/587
f 589/589/589 588/588/588 587/587/587
f 592/592/592 591/591/591 590/590/590
f 593/593/593 592/592/592 590/590/590
f 386/386/386 595/595/595 594/594/594
f 385/385/385 386/386/386 594/594/594
f 598/598/598 597/597/597 596/596/596
f 599/599/599 598/598/598 596/596/596
f 602/602/602 601/601/601 600/600/600
f 603/603/603 602/602/602 600/600/600
f 597/597/597 605/605/605 604/604/604
f 606/606/606 597/597/597 604/604/604
f 609/609/609 608/608/608 607/607/607
f 610/610/610 609/609/609 607/607/607
f 613/613/613 612/612/612 611/611/611
f 605/605/605 613/613/613 611/611/611
f 605/605/605 597/597/597 598/598/598
f 613/613/613 605/605/605 598/598/598
f 616/616/616 615/615/615 614/614/614
f 617/617/617 616/616/616 614/614/614
f 618/618/618 616/616/616 617/617/617
f 619/619/619 618/618/618 617/617/617
f 620/620/620 618/618/618 619/619/619
f 621/621/621 620/620/620 619/619/619
f 622/622/622 620/620/620 621/621/621
f 623/623/623 622/622/622 621/621/621
f 624/624/624 622/622/622 623/623/623
f 625/625/625 624/624/624 623/623/623
f 626/626/626 624/624/624 625/625/625
f 627/627/627 626/626/626 625/625/625
f 628/628/628 626/626/626 627/627/627
f 629/629/629 628/628/628 627/627/627
f 630/630/630 628/628/628 629/629/629
f 631/631/631 630/630/630 629/629/629
f 632/632/632 630/630/630 631/631/631
f 633/633/633 632/632/632 631/631/631
f 634/634/634 632/632/632 633/633/633
f 635/635/635 634/634/634 633/633/633
f 636/636/636 634/634/634 635/635/635
f 637/637/637 636/636/636 635/635/635
f 638/638/638 636/636/636 637/637/637
f 639/639/639 638/638/638 637/637/637
f 640/640/640 638/638/638 639/639/639
f 641/641/641 640/640/640 639/639/639
f 642/642/642 640/640/640 641/641/641
f 643/643/643 642/642/642 641/641/641
f 644/644/644 642/642/642 643/643/643
f 645/645/645 644/644/644 643/643/643
f 615/615/615 644/644/644 645/645/645
f 614/614/614 615/615/615 645/645/645
f 648/648/648 647/647/647 646/646/646
f 649/649/649 648/648/648 646/646/646
f 650/650/650 648/648/648 649/649/649
f 651/651/651 650/650/650 649/649/649
f 652/652/652 650/650/650 651/651/651
f 653/653/653 652/652/652 651/651/651
f 654/654/654 652/652/652 653/653/653
f 655/655/655 654/654/654 653/653/653
f 656/656/656 654/654/654 655/655/655
f 657/657/657 656/656/656 655/655/655
f 658/658/658 656/656/656 657/657/657
f 659/659/659 658/658/658 657/657/657
f 660/660/660 658/658/658 659/659/659
f 661/661/661 660/660/660 659/659/659
f 662/662/662 660/660/660 661/661/661
f 663/663/663 662/662/662 661/661/661
f 664/664/664 662/662/662 663/663/663
f 665/665/665 664/664/664 663/663/663
f 666/666/666 664/664/664 665/665/665
f 667/667/667 666/666/666 665/665/665
f 668/668/668 666/666/666 667/667/667
f 669/669/669 668/668/668 667/667/667
f 670/670/670 668/668/668 669/669/669
f 671/671/671 670/670/670 669/669/669
f 672/672/672 670/670/670 671/671/671
f 673/673/673 672/672/672 671/671/671
f 674/674/674 672/672/672 673/673/673
f 675/675/675 674/674/674 673/673/673
f 676/676/676 674/674/674 675/675/675
f 677/677/677 676/676/676 675/675/675
f 647/647/647 676/676/676 677/677/677
f 646/646/646 647/647/647 677/677/677
f 680/680/680 679/679/679 678/678/678
f 681/681/681 680/680/680 678/678/678
f 682/682/682 680/680/680 681/681/681
f 683/683/683 682/682/682 681/681/681
f 684/684/684 682/682/682 683/683/683
f 685/685/685 684/684/684 683/683/683
f 686/686/686 684/684/684 685/685/685
f 687/687/687 686/686/686 685/685/685
f 688/688/688 686/686/686 687/687/687
f 689/689/689 688/688/688 687/687/687
f 690/690/690 688/688/688 689/689/689
f 691/691/691 690/690/690 689/689/689
f 692/692/692 690/690/690 691/691/691
f 693/693/693 692/692/692 691/691/691
f 694/694/694 692/692/692 693/693/693
f 695/695/695 694/694/694 693/693/693
f 696/696/696 694/694/694 695/695/695
f 697/697/697 696/696/696 695/695/695
f 698/698/698 696/696/696 697/697/697
f 699/699/699 698/698/698 697/697/697
f 700/700/700 698/698/698 699/699/699
f 701/701/701 700/700/700 699/699/699
f 702/702/702 700/700/700 701/701/701
f 703/703/703 702/702/702 701/701/701
f 704/704/704 702/702/702 703/703/703
f 705/705/705 704/704/704 703/703/703
f 706/706/706 704/704/704 705/705/705
f 707/707/707 706/706/706 705/705/705
f 708/708/708 706/706/706 707/707/707
f 709/709/709 708/708/708 707/707/707
f 679/679/679 708/708/708 709/709/709
f 678/678/678 679/679/679 709/709/709
f 712/712/712 711/711/711 710/710/710
f 713/713/713 712/712/712 710/710/710
f 714/714/714 712/712/712 713/713/713
f 715/715/715 714/714/714 713/713/713
f 716/716/716 714/714/714 715/715/715
f 717/717/717 716/716/716 715/715/715
f 718/718/718 716/716/716 717/717/717
f 719/719/719 718/718/718 717/717/717
f 720/720/720 718/718/718 719/719/719
f 721/721/721 720/720/720 719/719/719
f 722/722/722 720/720/720 721/721/721
f 723/723/723 722/722/722 721/721/721
f 724/724/724 722/722/722 723/723/723
f 725/725/725 724/724/724 723/723/723
f 726/726/726 724/724/724 725/725/725
f 727/727/727 726/726/726 725/725/725
f 728/728/728 726/726/726 727/727/727
f 729/729/729 728/728/728 727/727/727
f 730/730/730 728/728/728 729/729/729
f 731/731/731 730/730/730 729/729/729
f 732/732/732 730/730/730 731/731/731
f 733/733/733 732/732/732 731/731/731
f 734/734/734 732/732/732 733/733/733
f 735/735/735 734/734/734 733/733/733
f 736/736/736 734/734/734 735/735/735
f 737/737/737 736/736/736 735/735/735
f 738/738/738 736/736/736 737/737/737
f 739/739/739 738/738/738 737/737/737
f 740/740/740 738/738/738 739/739/739
f 741/741/741 740/740/740 739/739/739
f 711/711/711 740/740/740 741/741/741
f 710/710/710 711/711/711 741/741/741
f 744/744/744 743/743/743 742/742/742
f 745/745/745 744/744/744 742/742/742
f 746/746/746 744/744/744 745/745/745
f 747/747/747 746/746/746 745/745/745
f 748/748/748 746/746/746 747/747/747
f 749/749/749 748/748/748 747/747/747
f 750/750/750 748/748/748 749/749/749
f 751/751/751 750/750/750 749/749/749
f 752/752/752 750/750/750 751/751/751
f 753/753/753 752/752/752 751/751/751
f 754/754/754 752/752/752 753/753/753
f 755/755/755 754/754/754 753/753/753
f 756/756/756 754/754/754 755/755/755
f 757/757/757 756/756/756 755/755/755
f 758/758/758 756/756/756 757/757/757
f 759/759/759 758/758/758 757/757/757
f 760/760/760 758/758/758 759/759/759
f 761/761/761 760/760/760 759/759/759
f 762/762/762 760/760/760 761/761/761
f 763/763/763 762/762/762 761/761/761
f 764/764/764 762/762/762 763/763/763
f 765/765/765 764/764/764 763/763/763
f 766/766/766 764/764/764 765/765/765
f 767/767/767 766/766/766 765/765/765
f 768/768/768 766/766/766 767/767/767
f 769/769/769 768/768/768 767/767/767
f 770/770/770 768/768/768 769/769/769
f 771/771/771 770/770/770 769/769/769
f 772/772/772 770/770/770 771/771/771
f 773/773/773 772/772/772 771/771/771
f 743/743/743 772/772/772 773/773/773
f 742/742/742 743/743/743 773/773/773
f 776/776/776 775/775/775 774/774/774
f 777/777/777 776/776/776 774/774/774
f 778/778/778 776/776/776 777/777/777
f 779/779/779 778/778/778 777/777/777
f 780/780/780 778/778/778 779/779/779
f 781/781/781 780/780/780 779/779/779
f 782/782/782 780/780/780 781/781/781
f 783/783/783 782/782/782 781/781/781
f 784/784/784 782/782/782 783/783/783
f 785/785/785 784/784/784 783/783/783
f 786/786/786 784/784/784 785/785/785
f 787/787/787 786/786/786 785/785/785
f 788/788/788 786/786/786 787/787/787
f 789/789/789 788/788/788 787/787/787
f 790/790/790 788/788/788 789/789/789
f 791/791/791 790/790/790 789/789/789
f 792/792/792 790/790/790 791/791/791
f 793/793/793 792/792/792 791/791/791
f 794/794/794 792/792/792 793/793/793
f 795/795/795 794/794/794 793/793/793
f 796/796/796 794/794/794 795/795/795
f 797/797/797 796/796/796 795/795/795
f 798/798/798 796/796/796 797/797/797
f 799/799/799 798/798/798 797/797/797
f 800/800/800 798/798/798 799/799/799
f 801/801/801 800/800/800 799/799/799
f 802/802/802 800/800/800 801/801/801
f 803/803/803 802/802/802 801/801/801
f 804/804/804 802/802/802 803/803/803
f 805/805/805 804/804/804 803/803/803
f 775/775/775 804/804/804 805/805/805
f 774/774/774 775/775/775 805/805/805
f 808/808/808 807/807/807 806/806/806
f 809/809/809 808/808/808 806/806/806
f 810/810/810 808/808/808 809/809/809
f 811/811/811 810/810/810 809/809/809
f 812/812/812 810/810/810 811/811/811
f 813/813/813 812/812/812 811/811/811
f 814/814/814 812/812/812 813/813/813
f 815/815/815 814/814/814 813/813/813
f 816/816/816 814/814/814 815/815/815
f 817/817/817 816/816/816 815/815/815
f 818/818/818 816/816/816 817/817/817
f 819/819/819 818/818/818 817/817/817
f 820/820/820 818/818/818 819/819/819
f 821/821/821 820/820/820 819/819/819
f 822/822/822 820/820/820 821/821/821
f 823/823/823 822/822/822 821/821/821
f 824/824/824 822/822/822 823/823/823
f 825/825/825 824/824/824 823/823/823
f 826/826/826 824/824/824 825/825/825
f 827/827/827 826/826/826 825/825/825
f 828/828/828 826/826/826 827/827/827
f 829/829/829 828/828/828 827/827/827
f 830/830/830 828/828/828 829/829/829
f 831/831/831 830/830/830 829/829/829
f 832/832/832 830/830/830 831/831/831
f 833/833/833 832/832/832 831/831/831
f 834/834/834 832/832/832 833/833/833
f 835/835/835 834/834/834 833/833/833
f 836/836/836 834/834/834 835/835/835
f 837/837/837 836/836/836 835/835/835
f 807/807/807 836/836/836 837/837/837
f 806/806/806 807/807/807 837/837/837
f 840/840/840 839/839/839 838/838/838
f 841/841/841 840/840/840 838/838/838
f 844/844/844 843/843/843 842/842/842
f 845/845/845 844/844/844 842/842/842
f 841/841/841 847/847/847 846/846/846
f 848/848/848 841/841/841 846/846/846
f 851/851/851 850/850/850 849/849/849
f 852/852/852 851/851/851 849/849/849
f 854/854/854 848/848/848 853/853/853
f 855/855/855 854/854/854 853/853/853
f 848/848/848 854/854/854 840/840/840
f 841/841/841 848/848/848 840/840/840
f 858/858/858 857/857/857 856/856/856
f 859/859/859 858/858/858 856/856/856
f 860/860/860 858/858/858 859/859/859
f 861/861/861 860/860/860 859/859/859
f 862/862/862 860/860/860 861/861/861
f 863/863/863 862/862/862 861/861/861
f 864/864/864 862/862/862 863/863/863
f 865/865/865 864/864/864 863/863/863
f 866/866/866 864/864/864 865/865/865
f 867/867/867 866/866/866 865/865/865
f 868/868/868 866/866/866 867/867/867
f 869/869/869 868/868/868 867/867/867
f 870/870/870 868/868/868 869/869/869
f 871/871/871 870/870/870 869/869/869
f 872/872/872 870/870/870 871/871/871
f 873/873/873 872/872/872 871/871/871
f 874/874/874 872/872/872 873/873/873
f 875/875/875 874/874/874 873/873/873
f 876/876/876 874/874/874 875/875/875
f 877/877/877 876/876/876 875/875/875
f 878/878/878 876/876/876 877/877/877
f 879/879/879 878/878/878 877/877/877
f 880/880/880 878/878/878 879/879/879
f 881/881/881 880/880/880 879/879/879
f 882/882/882 880/880/880 881/881/881
f 883/883/883 882/882/882 881/881/881
f 884/884/884 882/882/882 883/883/883
f 885/885/885 884/884/884 883/883/883
f 886/886/886 884/884/884 885/885/885
f 887/887/887 886/886/886 885/885/885
f 857/857/857 886/886/886 887/887/887
f 856/856/856 857/857/857 887/887/887
f 859/859/859 856/856/856 888/888/888
f 889/889/889 859/859/859 888/888/888
f 861/861/861 859/859/859 889/889/889
f 890/890/890 861/861/861 889/889/889
f 863/863/863 861/861/861 890/890/890
f 891/891/891 863/863/863 890/890/890
f 865/865/865 863/863/863 891/891/891
f 892/892/892 865/865/865 891/891/891
f 867/867/867 865/865/865 892/892/892
f 893/893/893 867/867/867 892/892/892
f 869/869/869 867/867/867 893/893/893
f 894/894/894 869/869/869 893/893/893
f 871/871/871 869/869/869 894/894/894
f 895/895/895 871/871/871 894/894/894
f 873/873/873 871/871/871 895/895/895
f 896/896/896 873/873/873 895/895/895
f 875/875/875 873/873/873 896/896/896
f 897/897/897 875/875/875 896/896/896
f 877/877/877 875/875/875 897/897/897
f 898/898/898 877/877/877 897/897/897
f 879/879/879 877/877/877 898/898/898
f 899/899/899 879/879/879 898/898/898
f 881/881/881 879/879/879 899/899/899
f 900/900/900 881/881/881 899/899/899
f 883/883/883 881/881/881 900/900/900
f 901/901/901 883/883/883 900/900/900
f 885/885/885 883/883/883 901/901/901
f 902/902/902 885/885/885 901/901/901
f 887/887/887 885/885/885 902/902/902
f 903/903/903 887/887/887 902/902/902
f 856/856/856 887/887/887 903/903/903
f 888/888/888 856/856/856 903/903/903
f 906/906/906 905/905/905 904/904/904
f 907/907/907 906/906/906 904/904/904
f 908/908/908 906/906/906 907/907/907
f 909/909/909 908/908/908 907/907/907
f 910/910/910 908/908/908 909/909/909
f 911/911/911 910/910/910 909/909/909
f 912/912/912 910/910/910 911/911/911
f 913/913/913 912/912/912 911/911/911
f 914/914/914 912/912/912 913/913/913
f 915/915/915 914/914/914 913/913/913
f 916/916/916 914/914/914 915/915/915
f 917/917/917 916/916/916 915/915/915
f 918/918/918 916/916/916 917/917/917
f 919/919/919 918/918/918 917/917/917
f 920/920/920 918/918/918 919/919/919
f 921/921/921 920/920/920 919/919/919
f 922/922/922 920/920/920 921/921/921
f 923/923/923 922/922/922 921/921/921
f 924/924/924 922/922/922 923/923/923
f 925/925/925 924/924/924 923/923/923
f 926/926/926 924/924/924 925/925/925
f 927/927/927 926/926/926 925/925/925
f 928/928/928 926/926/926 927/927/927
f 929/929/929 928/928/928 927/927/927
f 930/930/930 928/928/928 929/929/929
f 931/931/931 930/930/930 929/929/929
f 932/932/932 930/930/930 931/931/931
f 933/933/933 932/932/932 931/931/931
f 934/934/934 932/932/932 933/933/933
f 935/935/935 934/934/934 933/933/933
f 905/905/905 934/934/934 935/935/935
f 904/904/904 905/905/905 935/935/935
f 936/936/936 937/937/937 194/194/194
f 936/936/936 194/194/194 193/193/193
f 937/937/937 938/938/938 197/197/197
f 937/937/937 197/197/197 194/194/194
f 938/938/938 939/939/939 199/199/199
f 938/938/938 199/199/199 197/197/197
f 939/939/939 940/940/940 201/201/201
f 939/939/939 201/201/201 199/199/199
f 940/940/940 941/941/941 203/203/203
f 940/940/940 203/203/203 201/201/201
f 941/941/941 942/942/942 205/205/205
f 941/941/941 205/205/205 203/203/203
f 942/942/942 943/943/943 207/207/207
f 942/942/942 207/207/207 205/205/205
f 943/943/943 944/944/944 209/209/209
f 943/943/943 209/209/209 207/207/207
f 944/944/944 945/945/945 211/211/211
f 944/944/944 211/211/211 209/209/209
f 945/945/945 946/946/946 213/213/213
f 945/945/945 213/213/213 211/211/211
f 946/946/946 947/947/947 215/215/215
f 946/946/946 215/215/215 213/213/213
f 947/947/947 948/948/948 217/217/217
f 947/947/947 217/217/217 215/215/215
f 948/948/948 949/949/949 219/219/219
f 948/948/948 219/219/219 217/217/217
f 949/949/949 950/950/950 221/221/221
f 949/949/949 221/221/221 219/219/219
f 950/950/950 951/951/951 223/223/223
f 950/950/950 223/223/223 221/221/221
f 951/951/951 936/936/936 193/193/193
f 951/951/951 193/193/193 223/223/223
f 954/954/954 953/953/953 952/952/952
f 955/955/955 954/954/954 952/952/952
f 957/957/957 956/956/956 953/953/953
f 954/954/954 957/957/957 953/953/953
f 959/959/959 958/958/958 956/956/956
f 957/957/957 959/959/959 956/956/956
f 961/961/961 960/960/960 958/958/958
f 959/959/959 961/961/961 958/958/958
f 963/963/963 962/962/962 960/960/960
f 961/961/961 963/963/963 960/960/960
f 965/965/965 964/964/964 962/962/962
f 963/963/963 965/965/965 962/962/962
f 967/967/967 966/966/966 964/964/964
f 965/965/965 967/967/967 964/964/964
f 969/969/969 968/968/968 966/966/966
f 967/967/967 969/969/969 966/966/966
f 971/971/971 970/970/970 968/968/968
f 969/969/969 971/971/971 968/968/968
f 973/973/973 972/972/972 970/970/970
f 971/971/971 973/973/973 970/970/970
f 975/975/975 974/974/974 972/972/972
f 973/973/973 975/975/975 972/972/972
f 977/977/977 976/976/976 974/974/974
f 975/975/975 977/977/977 974/974/974
f 979/979/979 978/978/978 976/976/976
f 977/977/977 979/979/979 976/976/976
f 981/981/981 980/980/980 978/978/978
f 979/979/979 981/981/981 978/978/978
f 983/983/983 982/982/982 980/980/980
f 981/981/981 983/983/983 980/980/980
f 955/955/955 952/952/952 982/982/982
f 983/983/983 955/955/955 982/982/982
f 986/986/986 985/985/985 984/984/984
f 987/987/987 986/986/986 984/984/984
f 988/988/988 986/986/986 987/987/987
f 989/989/989 988/988/988 987/987/987
f 990/990/990 988/988/988 989/989/989
f 991/991/991 990/990/990 989/989/989
f 992/992/992 990/990/990 991/991/991
f 993/993/993 992/992/992 991/991/991
f 994/994/994 992/992/992 993/993/993
f 995/995/995 994/994/994 993/993/993
f 996/996/996 994/994/994 995/995/995
f 997/997/997 996/996/996 995/995/995
f 998/998/998 996/996/996 997/997/997
f 999/999/999 998/998/998 997/997/997
f 1000/1000/1000 998/998/998 999/999/999
f 1001/1001/1001 1000/1000/1000 999/999/999
f 1002/1002/1002 1000/1000/1000 1001/1001/1001
f 1003/1003/1003 1002/1002/1002 1001/1001/1001
f 1004/1004/1004 1002/1002/1002 1003/1003/1003
f 1005/1005/1005 1004/1004/1004 1003/1003/1003
f 1006/1006/1006 1004/1004/1004 1005/1005/1005
f 1007/1007/1007 1006/1006/1006 1005/1005/1005
f 1008/1008/1008 1006/1006/1006 1007/1007/1007
f 1009/1009/1009 1008/1008/1008 1007/1007/1007
f 1010/1010/1010 1008/1008/1008 1009/1009/1009
f 1011/1011/1011 1010/1010/1010 1009/1009/1009
f 1012/1012/1012 1010/1010/1010 1011/1011/1011
f 1013/1013/1013 1012/1012/1012 1011/1011/1011
f 1014/1014/1014 1012/1012/1012 1013/1013/1013
f 1015/1015/1015 1014/1014/1014 1013/1013/1013
f 985/985/985 1014/1014/1014 1015/1015/1015
f 984/984/984 985/985/985 1015/1015/1015
f 1016/1016/1016 1017/1017/1017 226/226/226
f 1016/1016/1016 226/226/226 225/225/225
f 1017/1017/1017 1018/1018/1018 229/229/229
f 1017/1017/1017 229/229/229 226/226/226
f 1018/1018/1018 1019/1019/1019 231/231/231
f 1018/1018/1018 231/231/231 229/229/229
f 1019/1019/1019 1020/1020/1020 233/233/233
f 1019/1019/1019 233/233/233 231/231/231
f 1020/1020/1020 1021/1021/1021 235/235/235
f 1020/1020/1020 235/235/235 233/233/233
f 1021/1021/1021 1022/1022/1022 237/237/237
f 1021/1021/1021 237/237/237 235/235/235
f 1022/1022/1022 1023/1023/1023 239/239/239
f 1022/1022/1022 239/239/239 237/237/237
f 1023/1023/1023 1024/1024/1024 241/241/241
f 1023/1023/1023 241/241/241 239/239/239
f 1024/1024/1024 1025/1025/1025 243/243/243
f 1024/1024/1024 243/243/243 241/241/241
f 1025/1025/1025 1026/1026/1026 245/245/245
f 1025/1025/1025 245/245/245 243/243/243
f 1026/1026/1026 1027/1027/1027 247/247/247
f 1026/1026/1026 247/247/247 245/245/245
f 1027/1027/1027 1028/1028/1028 249/249/249
f 1027/1027/1027 249/249/249 247/247/247
f 1028/1028/1028 1029/1029/1029 251/251/251
f 1028/1028/1028 251/251/251 249/249/249
f 1029/1029/1029 1030/1030/1030 253/253/253
f 1029/1029/1029 253/253/253 251/251/251
f 1030/1030/1030 1031/1031/1031 255/255/255
f 1030/1030/1030 255/255/255 253/253/253
f 1031/1031/1031 1016/1016/1016 225/225/225
f 1031/1031/1031 225/225/225 255/255/255
f 580/580/580 1033/1033/1033 1032/1032/1032
f 578/578/578 580/580/580 1032/1032/1032
f 582/582/582 1034/1034/1034 1033/1033/1033
f 580/580/580 582/582/582 1033/1033/1033
f 584/584/584 1035/1035/1035 1034/1034/1034
f 582/582/582 584/584/584 1034/1034/1034
f 586/586/586 1036/1036/1036 1035/1035/1035
f 584/584/584 586/586/586 1035/1035/1035
f 1038/1038/1038 1037/1037/1037 1036/1036/1036
f 586/586/586 1038/1038/1038 1036/1036/1036
f 1040/1040/1040 1039/1039/1039 1037/1037/1037
f 1038/1038/1038 1040/1040/1040 1037/1037/1037
f 1042/1042/1042 1041/1041/1041 1039/1039/1039
f 1040/1040/1040 1042/1042/1042 1039/1039/1039
f 562/562/562 1043/1043/1043 1041/1041/1041
f 1042/1042/1042 562/562/562 1041/1041/1041
f 564/564/564 1044/1044/1044 1043/1043/1043
f 562/562/562 564/564/564 1043/1043/1043
f 566/566/566 1045/1045/1045 1044/1044/1044
f 564/564/564 566/566/566 1044/1044/1044
f 568/568/568 1046/1046/1046 1045/1045/1045
f 566/566/566 568/568/568 1045/1045/1045
f 570/570/570 1047/1047/1047 1046/1046/1046
f 568/568/568 570/570/570 1046/1046/1046
f 572/572/572 1048/1048/1048 1047/1047/1047
f 570/570/570 572/572/572 1047/1047/1047
f 574/574/574 1049/1049/1049 1048/1048/1048
f 572/572/572 574/574/574 1048/1048/1048
f 576/576/576 1050/1050/1050 1049/1049/1049
f 574/574/574 576/576/576 1049/1049/1049
f 578/578/578 1032/1032/1032 1050/1050/1050
f 576/576/576 578/578/578 1050/1050/1050
f 1053/1053/1053 1052/1052/1052 1051/1051/1051
f 1054/1054/1054 1053/1053/1053 1051/1051/1051
f 1055/1055/1055 1053/1053/1053 1054/1054/1054
f 1056/1056/1056 1055/1055/1055 1054/1054/1054
f 1057/1057/1057 1055/1055/1055 1056/1056/1056
f 1058/1058/1058 1057/1057/1057 1056/1056/1056
f 1059/1059/1059 1057/1057/1057 1058/1058/1058
f 1060/1060/1060 1059/1059/1059 1058/1058/1058
f 1061/1061/1061 1059/1059/1059 1060/1060/1060
f 1062/1062/1062 1061/1061/1061 1060/1060/1060
f 1063/1063/1063 1061/1061/1061 1062/1062/1062
f 1064/1064/1064 1063/1063/1063 1062/1062/1062
f 1065/1065/1065 1063/1063/1063 1064/1064/1064
f 1066/1066/1066 1065/1065/1065 1064/1064/1064
f 1067/1067/1067 1065/1065/1065 1066/1066/1066
f 1068/1068/1068 1067/1067/1067 1066/1066/1066
f 1069/1069/1069 1067/1067/1067 1068/1068/1068
f 1070/1070/1070 1069/1069/1069 1068/1068/1068
f 1071/1071/1071 1069/1069/1069 1070/1070/1070
f 1072/1072/1072 1071/1071/1071 1070/1070/1070
f 1073/1073/1073 1071/1071/1071 1072/1072/1072
f 1074/1074/1074 1073/1073/1073 1072/1072/1072
f 1075/1075/1075 1073/1073/1073 1074/1074/1074
f 1076/1076/1076 1075/1075/1075 1074/1074/1074
f 1077/1077/1077 1075/1075/1075 1076/1076/1076
f 1078/1078/1078 1077/1077/1077 1076/1076/1076
f 1079/1079/1079 1077/1077/1077 1078/1078/1078
f 1080/1080/1080 1079/1079/1079 1078/1078/1078
f 1081/1081/1081 1079/1079/1079 1080/1080/1080
f 1082/1082/1082 1081/1081/1081 1080/1080/1080
f 1052/1052/1052 1081/1081/1081 1082/1082/1082
f 1051/1051/1051 1052/1052/1052 1082/1082/1082
f 1083/1083/1083 1084/1084/1084 258/258/258
f 1083/1083/1083 258/258/258 257/257/257
f 1084/1084/1084 1085/1085/1085 261/261/261
f 1084/1084/1084 261/261/261 258/258/258
f 1085/1085/1085 1086/1086/1086 263/263/263
f 1085/1085/1085 263/263/263 261/261/261
f 1086/1086/1086 1087/1087/1087 265/265/265
f 1086/1086/1086 265/265/265 263/263/263
f 1087/1087/1087 1088/1088/1088 267/267/267
f 1087/1087/1087 267/267/267 265/265/265
f 1088/1088/1088 1089/1089/1089 269/269/269
f 1088/1088/1088 269/269/269 267/267/267
f 1089/1089/1089 1090/1090/1090 271/271/271
f 1089/1089/1089 271/271/271 269/269/269
f 1090/1090/1090 1091/1091/1091 273/273/273
f 1090/1090/1090 273/273/273 271/271/271
f 1091/1091/1091 1092/1092/1092 275/275/275
f 1091/1091/1091 275/275/275 273/273/273
f 1092/1092/1092 1093/1093/1093 277/277/277
f 1092/1092/1092 277/277/277 275/275/275
f 1093/1093/1093 1094/1094/1094 279/279/279
f 1093/1093/1093 279/279/279 277/277/277
f 1094/1094/1094 1095/1095/1095 281/281/281
f 1094/1094/1094 281/281/281 279/279/279
f 1095/1095/1095 1096/1096/1096 283/283/283
f 1095/1095/1095 283/283/283 281/281/281
f 1096/1096/1096 1097/1097/1097 285/285/285
f 1096/1096/1096 285/285/285 283/283/283
f 1097/1097/1097 1098/1098/1098 287/287/287
f 1097/1097/1097 287/287/287 285/285/285
f 1098/1098/1098 1083/1083/1083 257/257/257
f 1098/1098/1098 257/257/257 287/287/287
f 1101/1101/1101 1100/1100/1100 1099/1099/1099
f 414/414/414 1101/1101/1101 1099/1099/1099
f 1103/1103/1103 1102/1102/1102 1100/1100/1100
f 1101/1101/1101 1103/1103/1103 1100/1100/1100
f 1105/1105/1105 1104/1104/1104 1102/1102/1102
f 1103/1103/1103 1105/1105/1105 1102/1102/1102
f 411/411/411 1106/1106/1106 1104/1104/1104
f 1105/1105/1105 411/411/411 1104/1104/1104
f 435/435/435 1107/1107/1107 1106/1106/1106
f 411/411/411 435/435/435 1106/1106/1106
f 433/433/433 1108/1108/1108 1107/1107/1107
f 435/435/435 433/433/433 1107/1107/1107
f 431/431/431 1109/1109/1109 1108/1108/1108
f 433/433/433 431/431/431 1108/1108/1108
f 429/429/429 1110/1110/1110 1109/1109/1109
f 431/431/431 429/429/429 1109/1109/1109
f 427/427/427 1111/1111/1111 1110/1110/1110
f 429/429/429 427/427/427 1110/1110/1110
f 425/425/425 1112/1112/1112 1111/1111/1111
f 427/427/427 425/425/425 1111/1111/1111
f 423/423/423 1113/1113/1113 1112/1112/1112
f 425/425/425 423/423/423 1112/1112/1112
f 421/421/421 1114/1114/1114 1113/1113/1113
f 423/423/423 421/421/421 1113/1113/1113
f 419/419/419 1115/1115/1115 1114/1114/1114
f 421/421/421 419/419/419 1114/1114/1114
f 417/417/417 1116/1116/1116 1115/1115/1115
f 419/419/419 417/417/417 1115/1115/1115
f 415/415/415 1117/1117/1117 1116/1116/1116
f 417/417/417 415/415/415 1116/1116/1116
f 414/414/414 1099/1099/1099 1117/1117/1117
f 415/415/415 414/414/414 1117/1117/1117
f 1120/1120/1120 1119/1119/1119 1118/1118/1118
f 1121/1121/1121 1120/1120/1120 1118/1118/1118
f 1122/1122/1122 1120/1120/1120 1121/1121/1121
f 1123/1123/1123 1122/1122/1122 1121/1121/1121
f 1124/1124/1124 1122/1122/1122 1123/1123/1123
f 1125/1125/1125 1124/1124/1124 1123/1123/1123
f 1126/1126/1126 1124/1124/1124 1125/1125/1125
f 1127/1127/1127 1126/1126/1126 1125/1125/1125
f 1128/1128/1128 1126/1126/1126 1127/1127/1127
f 1129/1129/1129 1128/1128/1128 1127/1127/1127
f 1130/1130/1130 1128/1128/1128 1129/1129/1129
f 1131/1131/1131 1130/1130/1130 1129/1129/1129
f 1132/1132/1132 1130/1130/1130 1131/1131/1131
f 1133/1133/1133 1132/1132/1132 1131/1131/1131
f 1134/1134/1134 1132/1132/1132 1133/1133/1133
f 1135/1135/1135 1134/1134/1134 1133/1133/1133
f 1136/1136/1136 1134/1134/1134 1135/1135/1135
f 1137/1137/1137 1136/1136/1136 1135/1135/1135
f 1138/1138/1138 1136/1136/1136 1137/1137/1137
f 1139/1139/1139 1138/1138/1138 1137/1137/1137
f 1140/1140/1140 1138/1138/1138 1139/1139/1139
f 1141/1141/1141 1140/1140/1140 1139/1139/1139
f 1142/1142/1142 1140/1140/1140 1141/1141/1141
f 1143/1143/1143 1142/1142/1142 1141/1141/1141
f 1144/1144/1144 1142/1142/1142 1143/1143/1143
f 1145/1145/1145 1144/1144/1144 1143/1143/1143
f 1146/1146/1146 1144/1144/1144 1145/1145/1145
f 1147/1147/1147 1146/1146/1146 1145/1145/1145
f 1148/1148/1148 1146/1146/1146 1147/1147/1147
f 1149/1149/1149 1148/1148/1148 1147/1147/1147
f 1119/1119/1119 1148/1148/1148 1149/1149/1149
f 1118/1118/1118 1119/1119/1119 1149/1149/1149
f 1150/1150/1150 1151/1151/1151 290/290/290
f 1150/1150/1150 290/290/290 289/289/289
f 1151/1151/1151 1152/1152/1152 293/293/293
f 1151/1151/1151 293/293/293 290/290/290
f 1152/1152/1152 1153/1153/1153 295/295/295
f 1152/1152/1152 295/295/295 293/293/293
f 1153/1153/1153 1154/1154/1154 297/297/297
f 1153/1153/1153 297/297/297 295/295/295
f 1154/1154/1154 1155/1155/1155 299/299/299
f 1154/1154/1154 299/299/299 297/297/297
f 1155/1155/1155 1156/1156/1156 301/301/301
f 1155/1155/1155 301/301/301 299/299/299
f 1156/1156/1156 1157/1157/1157 303/303/303
f 1156/1156/1156 303/303/303 301/301/301
f 1157/1157/1157 1158/1158/1158 305/305/305
f 1157/1157/1157 305/305/305 303/303/303
f 1158/1158/1158 1159/1159/1159 307/307/307
f 1158/1158/1158 307/307/307 305/305/305
f 1159/1159/1159 1160/1160/1160 309/309/309
f 1159/1159/1159 309/309/309 307/307/307
f 1160/1160/1160 1161/1161/1161 311/311/311
f 1160/1160/1160 311/311/311 309/309/309
f 1161/1161/1161 1162/1162/1162 313/313/313
f 1161/1161/1161 313/313/313 311/311/311
f 1162/1162/1162 1163/1163/1163 315/315/315
f 1162/1162/1162 315/315/315 313/313/313
f 1163/1163/1163 1164/1164/1164 317/317/317
f 1163/1163/1163 317/317/317 315/315/315
f 1164/1164/1164 1165/1165/1165 319/319/319
f 1164/1164/1164 319/319/319 317/317/317
f 1165/1165/1165 1150/1150/1150 289/289/289
f 1165/1165/1165 289/289/289 319/319/319
f 538/538/538 1167/1167/1167 1166/1166/1166
f 536/536/536 538/538/538 1166/1166/1166
f 540/540/540 1168/1168/1168 1167/1167/1167
f 538/538/538 540/540/540 1167/1167/1167
f 542/542/542 1169/1169/1169 1168/1168/1168
f 540/540/540 542/542/542 1168/1168/1168
f 544/544/544 1170/1170/1170 1169/1169/1169
f 542/542/542 544/544/544 1169/1169/1169
f 1172/1172/1172 1171/1171/1171 1170/1170/1170
f 544/544/544 1172/1172/1172 1170/1170/1170
f 1174/1174/1174 1173/1173/1173 1171/1171/1171
f 1172/1172/1172 1174/1174/1174 1171/1171/1171
f 1176/1176/1176 1175/1175/1175 1173/1173/1173
f 1174/1174/1174 1176/1176/1176 1173/1173/1173
f 520/520/520 1177/1177/1177 1175/1175/1175
f 1176/1176/1176 520/520/520 1175/1175/1175
f 522/522/522 1178/1178/1178 1177/1177/1177
f 520/520/520 522/522/522 1177/1177/1177
f 524/524/524 1179/1179/1179 1178/1178/1178
f 522/522/522 524/524/524 1178/1178/1178
f 526/526/526 1180/1180/1180 1179/1179/1179
f 524/524/524 526/526/526 1179/1179/1179
f 528/528/528 1181/1181/1181 1180/1180/1180
f 526/526/526 528/528/528 1180/1180/1180
f 530/530/530 1182/1182/1182 1181/1181/1181
f 528/528/528 530/530/530 1181/1181/1181
f 532/532/532 1183/1183/1183 1182/1182/1182
f 530/530/530 532/532/532 1182/1182/1182
f 534/534/534 1184/1184/1184 1183/1183/1183
f 532/532/532 534/534/534 1183/1183/1183
f 536/536/536 1166/1166/1166 1184/1184/1184
f 534/534/534 536/536/536 1184/1184/1184
f 1187/1187/1187 1186/1186/1186 1185/1185/1185
f 1188/1188/1188 1187/1187/1187 1185/1185/1185
f 1189/1189/1189 1187/1187/1187 1188/1188/1188
f 1190/1190/1190 1189/1189/1189 1188/1188/1188
f 1191/1191/1191 1189/1189/1189 1190/1190/1190
f 1192/1192/1192 1191/1191/1191 1190/1190/1190
f 1193/1193/1193 1191/1191/1191 1192/1192/1192
f 1194/1194/1194 1193/1193/1193 1192/1192/1192
f 1195/1195/1195 1193/1193/1193 1194/1194/1194
f 1196/1196/1196 1195/1195/1195 1194/1194/1194
f 1197/1197/1197 1195/1195/1195 1196/1196/1196
f 1198/1198/1198 1197/1197/1197 1196/1196/1196
f 1199/1199/1199 1197/1197/1197 1198/1198/1198
f 1200/1200/1200 1199/1199/1199 1198/1198/1198
f 1201/1201/1201 1199/1199/1199 1200/1200/1200
f 1202/1202/1202 1201/1201/1201 1200/1200/1200
f 1203/1203/1203 1201/1201/1201 1202/1202/1202
f 1204/1204/1204 1203/1203/1203 1202/1202/1202
f 1205/1205/1205 1203/1203/1203 1204/1204/1204
f 1206/1206/1206 1205/1205/1205 1204/1204/1204
f 1207/1207/1207 1205/1205/1205 1206/1206/1206
f 1208/1208/1208 1207/1207/1207 1206/1206/1206
f 1209/1209/1209 1207/1207/1207 1208/1208/1208
f 1210/1210/1210 1209/1209/1209 1208/1208/1208
f 1211/1211/1211 1209/1209/1209 1210/1210/1210
f 1212/1212/1212 1211/1211/1211 1210/1210/1210
f 1213/1213/1213 1211/1211/1211 1212/1212/1212
f 1214/1214/1214 1213/1213/1213 1212/1212/1212
f 1215/1215/1215 1213/1213/1213 1214/1214/1214
f 1216/1216/1216 1215/1215/1215 1214/1214/1214
f 1186/1186/1186 1215/1215/1215 1216/1216/1216
f 1185/1185/1185 1186/1186/1186 1216/1216/1216
f 1217/1217/1217 1218/1218/1218 322/322/322
f 1217/1217/1217 322/322/322 321/321/321
f 1218/1218/1218 1219/1219/1219 325/325/325
f 1218/1218/1218 325/325/325 322/322/322
f 1219/1219/1219 1220/1220/1220 327/327/327
f 1219/1219/1219 327/327/327 325/325/325
f 1220/1220/1220 1221/1221/1221 329/329/329
f 1220/1220/1220 329/329/329 327/327/327
f 1221/1221/1221 1222/1222/1222 331/331/331
f 1221/1221/1221 331/331/331 329/329/329
f 1222/1222/1222 1223/1223/1223 333/333/333
f 1222/1222/1222 333/333/333 331/331/331
f 1223/1223/1223 1224/1224/1224 335/335/335
f 1223/1223/1223 335/335/335 333/333/333
f 1224/1224/1224 1225/1225/1225 337/337/337
f 1224/1224/1224 337/337/337 335/335/335
f 1225/1225/1225 1226/1226/1226 339/339/339
f 1225/1225/1225 339/339/339 337/337/337
f 1226/1226/1226 1227/1227/1227 341/341/341
f 1226/1226/1226 341/341/341 339/339/339
f 1227/1227/1227 1228/1228/1228 343/343/343
f 1227/1227/1227 343/343/343 341/341/341
f 1228/1228/1228 1229/1229/1229 345/345/345
f 1228/1228/1228 345/345/345 343/343/343
f 1229/1229/1229 1230/1230/1230 347/347/347
f 1229/1229/1229 347/347/347 345/345/345
f 1230/1230/1230 1231/1231/1231 349/349/349
f 1230/1230/1230 349/349/349 347/347/347
f 1231/1231/1231 1232/1232/1232 351/351/351
f 1231/1231/1231 351/351/351 349/349/349
f 1232/1232/1232 1217/1217/1217 321/321/321
f 1232/1232/1232 321/321/321 351/351/351
f 1235/1235/1235 1234/1234/1234 1233/1233/1233
f 456/456/456 1235/1235/1235 1233/1233/1233
f 1237/1237/1237 1236/1236/1236 1234/1234/1234
f 1235/1235/1235 1237/1237/1237 1234/1234/1234
f 1239/1239/1239 1238/1238/1238 1236/1236/1236
f 1237/1237/1237 1239/1239/1239 1236/1236/1236
f 453/453/453 1240/1240/1240 1238/1238/1238
f 1239/1239/1239 453/453/453 1238/1238/1238
f 477/477/477 1241/1241/1241 1240/1240/1240
f 453/453/453 477/477/477 1240/1240/1240
f 475/475/475 1242/1242/1242 1241/1241/1241
f 477/477/477 475/475/475 1241/1241/1241
f 473/473/473 1243/1243/1243 1242/1242/1242
f 475/475/475 473/473/473 1242/1242/1242
f 471/471/471 1244/1244/1244 1243/1243/1243
f 473/473/473 471/471/471 1243/1243/1243
f 469/469/469 1245/1245/1245 1244/1244/1244
f 471/471/471 469/469/469 1244/1244/1244
f 467/467/467 1246/1246/1246 1245/1245/1245
f 469/469/469 467/467/467 1245/1245/1245
f 465/465/465 1247/1247/1247 1246/1246/1246
f 467/467/467 465/465/465 1246/1246/1246
f 463/463/463 1248/1248/1248 1247/1247/1247
f 465/465/465 463/463/463 1247/1247/1247
f 461/461/461 1249/1249/1249 1248/1248/1248
f 463/463/463 461/461/461 1248/1248/1248
f 459/459/459 1250/1250/1250 1249/1249/1249
f 461/461/461 459/459/459 1249/1249/1249
f 457/457/457 1251/1251/1251 1250/1250/1250
f 459/459/459 457/457/457 1250/1250/1250
f 456/456/456 1233/1233/1233 1251/1251/1251
f 457/457/457 456/456/456 1251/1251/1251
f 1254/1254/1254 1253/1253/1253 1252/1252/1252
f 1255/1255/1255 1254/1254/1254 1252/1252/1252
f 1256/1256/1256 1254/1254/1254 1255/1255/1255
f 1257/1257/1257 1256/1256/1256 1255/1255/1255
f 1258/1258/1258 1256/1256/1256 1257/1257/1257
f 1259/1259/1259 1258/1258/1258 1257/1257/1257
f 1260/1260/1260 1258/1258/1258 1259/1259/1259
f 1261/1261/1261 1260/1260/1260 1259/1259/1259
f 1262/1262/1262 1260/1260/1260 1261/1261/1261
f 1263/1263/1263 1262/1262/1262 1261/1261/1261
f 1264/1264/1264 1262/1262/1262 1263/1263/1263
f 1265/1265/1265 1264/1264/1264 1263/1263/1263
f 1266/1266/1266 1264/1264/1264 1265/1265/1265
f 1267/1267/1267 1266/1266/1266 1265/1265/1265
f 1268/1268/1268 1266/1266/1266 1267/1267/1267
f 1269/1269/1269 1268/1268/1268 1267/1267/1267
f 1270/1270/1270 1268/1268/1268 1269/1269/1269
f 1271/1271/1271 1270/1270/1270 1269/1269/1269
f 1272/1272/1272 1270/1270/1270 1271/1271/1271
f 1273/1273/1273 1272/1272/1272 1271/1271/1271
f 1274/1274/1274 1272/1272/1272 1273/1273/1273
f 1275/1275/1275 1274/1274/1274 1273/1273/1273
f 1276/1276/1276 1274/1274/1274 1275/1275/1275
f 1277/1277/1277 1276/1276/1276 1275/1275/1275
f 1278/1278/1278 1276/1276/1276 1277/1277/1277
f 1279/1279/1279 1278/1278/1278 1277/1277/1277
f 1280/1280/1280 1278/1278/1278 1279/1279/1279
f 1281/1281/1281 1280/1280/1280 1279/1279/1279
f 1282/1282/1282 1280/1280/1280 1281/1281/1281
f 1283/1283/1283 1282/1282/1282 1281/1281/1281
f 1253/1253/1253 1282/1282/1282 1283/1283/1283
f 1252/1252/1252 1253/1253/1253 1283/1283/1283
f 1284/1284/1284 1285/1285/1285 354/354/354
f 1284/1284/1284 354/354/354 353/353/353
f 1285/1285/1285 1286/1286/1286 357/357/357
f 1285/1285/1285 357/357/357 354/354/354
f 1286/1286/1286 1287/1287/1287 359/359/359
f 1286/1286/1286 359/359/359 357/357/357
f 1287/1287/1287 1288/1288/1288 361/361/361
f 1287/1287/1287 361/361/361 359/359/359
f 1288/1288/1288 1289/1289/1289 363/363/363
f 1288/1288/1288 363/363/363 361/361/361
f 1289/1289/1289 1290/1290/1290 365/365/365
f 1289/1289/1289 365/365/365 363/363/363
f 1290/1290/1290 1291/1291/1291 367/367/367
f 1290/1290/1290 367/367/367 365/365/365
f 1291/1291/1291 1292/1292/1292 369/369/369
f 1291/1291/1291 369/369/369 367/367/367
f 1292/1292/1292 1293/1293/1293 371/371/371
f 1292/1292/1292 371/371/371 369/369/369
f 1293/1293/1293 1294/1294/1294 373/373/373
f 1293/1293/1293 373/373/373 371/371/371
f 1294/1294/1294 1295/1295/1295 375/375/375
f 1294/1294/1294 375/375/375 373/373/373
f 1295/1295/1295 1296/1296/1296 377/377/377
f 1295/1295/1295 377/377/377 375/375/375
f 1296/1296/1296 1297/1297/1297 379/379/379
f 1296/1296/1296 379/379/379 377/377/377
f 1297/1297/1297 1298/1298/1298 381/381/381
f 1297/1297/1297 381/381/381 379/379/379
f 1298/1298/1298 1299/1299/1299 383/383/383
f 1298/1298/1298 383/383/383 381/381/381
f 1299/1299/1299 1284/1284/1284 353/353/353
f 1299/1299/1299 353/353/353 383/383/383
f 1302/1302/1302 1301/1301/1301 1300/1300/1300
f 1303/1303/1303 1302/1302/1302 1300/1300/1300
f 1305/1305/1305 1304/1304/1304 1301/1301/1301
f 1302/1302/1302 1305/1305/1305 1301/1301/1301
f 1307/1307/1307 1306/1306/1306 1304/1304/1304
f 1305/1305/1305 1307/1307/1307 1304/1304/1304
f 1309/1309/1309 1308/1308/1308 1306/1306/1306
f 1307/1307/1307 1309/1309/1309 1306/1306/1306
f 1311/1311/1311 1310/1310/1310 1308/1308/1308
f 1309/1309/1309 1311/1311/1311 1308/1308/1308
f 1313/1313/1313 1312/1312/1312 1310/1310/1310
f 1311/1311/1311 1313/1313/1313 1310/1310/1310
f 1315/1315/1315 1314/1314/1314 1312/1312/1312
f 1313/1313/1313 1315/1315/1315 1312/1312/1312
f 1317/1317/1317 1316/1316/1316 1314/1314/1314
f 1315/1315/1315 1317/1317/1317 1314/1314/1314
f 1319/1319/1319 1318/1318/1318 1316/1316/1316
f 1317/1317/1317 1319/1319/1319 1316/1316/1316
f 1321/1321/1321 1320/1320/1320 1318/1318/1318
f 1319/1319/1319 1321/1321/1321 1318/1318/1318
f 1323/1323/1323 1322/1322/1322 1320/1320/1320
f 1321/1321/1321 1323/1323/1323 1320/1320/1320
f 1325/1325/1325 1324/1324/1324 1322/1322/1322
f 1323/1323/1323 1325/1325/1325 1322/1322/1322
f 1327/1327/1327 1326/1326/1326 1324/1324/1324
f 1325/1325/1325 1327/1327/1327 1324/1324/1324
f 1329/1329/1329 1328/1328/1328 1326/1326/1326
f 1327/1327/1327 1329/1329/1329 1326/1326/1326
f 1331/1331/1331 1330/1330/1330 1328/1328/1328
f 1329/1329/1329 1331/1331/1331 1328/1328/1328
f 1303/1303/1303 1300/1300/1300 1330/1330/1330
f 1331/1331/1331 1303/1303/1303 1330/1330/1330
f 1334/1334/1334 1333/1333/1333 1332/1332/1332
f 1335/1335/1335 1334/1334/1334 1332/1332/1332
f 1336/1336/1336 1334/1334/1334 1335/1335/1335
f 1337/1337/1337 1336/1336/1336 1335/1335/1335
f 1338/1338/1338 1336/1336/1336 1337/1337/1337
f 1339/1339/1339 1338/1338/1338 1337/1337/1337
f 1340/1340/1340 1338/1338/1338 1339/1339/1339
f 1341/1341/1341 1340/1340/1340 1339/1339/1339
f 1342/1342/1342 1340/1340/1340 1341/1341/1341
f 1343/1343/1343 1342/1342/1342 1341/1341/1341
f 1344/1344/1344 1342/1342/1342 1343/1343/1343
f 1345/1345/1345 1344/1344/1344 1343/1343/1343
f 1346/1346/1346 1344/1344/1344 1345/1345/1345
f 1347/1347/1347 1346/1346/1346 1345/1345/1345
f 1348/1348/1348 1346/1346/1346 1347/1347/1347
f 1349/1349/1349 1348/1348/1348 1347/1347/1347
f 1350/1350/1350 1348/1348/1348 1349/1349/1349
f 1351/1351/1351 1350/1350/1350 1349/1349/1349
f 1352/1352/1352 1350/1350/1350 1351/1351/1351
f 1353/1353/1353 1352/1352/1352 1351/1351/1351
f 1354/1354/1354 1352/1352/1352 1353/1353/1353
f 1355/1355/1355 1354/1354/1354 1353/1353/1353
f 1356/1356/1356 1354/1354/1354 1355/1355/1355
f 1357/1357/1357 1356/1356/1356 1355/1355/1355
f 1358/1358/1358 1356/1356/1356 1357/1357/1357
f 1359/1359/1359 1358/1358/1358 1357/1357/1357
f 1360/1360/1360 1358/1358/1358 1359/1359/1359
f 1361/1361/1361 1360/1360/1360 1359/1359/1359
f 1362/1362/1362 1360/1360/1360 1361/1361/1361
f 1363/1363/1363 1362/1362/1362 1361/1361/1361
f 1333/1333/1333 1362/1362/1362 1363/1363/1363
f 1332/1332/1332 1333/1333/1333 1363/1363/1363
usemtl 10
f 1366/1366/1366 1365/1365/1365 1364/1364/1364
f 1366/1366/1366 1367/1367/1367 1365/1365/1365
f 1368/1368/1368 1367/1367/1367 1366/1366/1366
f 1367/1367/1367 1370/1370/1370 1369/1369/1369
f 1368/1368/1368 1370/1370/1370 1367/1367/1367
f 1373/1373/1373 1372/1372/1372 1371/1371/1371
f 1374/1374/1374 1373/1373/1373 1371/1371/1371
f 1377/1377/1377 1376/1376/1376 1375/1375/1375
f 1375/1375/1375 1378/1378/1378 1377/1377/1377
f 1381/1381/1381 1380/1380/1380 1379/1379/1379
f 1381/1381/1381 1379/1379/1379 1382/1382/1382
f 1383/1383/1383 1380/1380/1380 1381/1381/1381
f 1385/1385/1385 1384/1384/1384 1376/1376/1376
f 1377/1377/1377 1386/1386/1386 1385/1385/1385
f 1376/1376/1376 1377/1377/1377 1385/1385/1385
f 1389/1389/1389 1388/1388/1388 1387/1387/1387
f 1389/1389/1389 1391/1391/1391 1390/1390/1390
f 1392/1392/1392 1390/1390/1390 1391/1391/1391
f 1393/1393/1393 1390/1390/1390 1392/1392/1392
f 1395/1395/1395 1394/1394/1394 1393/1393/1393
f 1398/1398/1398 1397/1397/1397 1396/1396/1396
f 1399/1399/1399 1398/1398/1398 1396/1396/1396
f 1398/1398/1398 1399/1399/1399 1400/1400/1400
f 1399/1399/1399 1401/1401/1401 1400/1400/1400
f 1402/1402/1402 1400/1400/1400 1401/1401/1401
f 1403/1403/1403 1400/1400/1400 1402/1402/1402
f 1384/1384/1384 1393/1393/1393 1394/1394/1394
f 1406/1406/1406 1405/1405/1405 1404/1404/1404
f 1404/1404/1404 1405/1405/1405 1407/1407/1407
f 1404/1404/1404 1407/1407/1407 1408/1408/1408
f 1411/1411/1411 1410/1410/1410 1409/1409/1409
f 1412/1412/1412 1411/1411/1411 1407/1407/1407
f 1413/1413/1413 1410/1410/1410 1411/1411/1411
f 1416/1416/1416 1415/1415/1415 1414/1414/1414
f 1419/1419/1419 1418/1418/1418 1417/1417/1417
f 1421/1421/1421 1414/1414/1414 1420/1420/1420
f 1424/1424/1424 1423/1423/1423 1422/1422/1422
f 1425/1425/1425 1420/1420/1420 1414/1414/1414
f 1426/1426/1426 1425/1425/1425 1414/1414/1414
f 1420/1420/1420 1425/1425/1425 1427/1427/1427
f 1421/1421/1421 1420/1420/1420 1427/1427/1427
f 1430/1430/1430 1429/1429/1429 1428/1428/1428
f 1430/1430/1430 1428/1428/1428 1417/1417/1417
f 1417/1417/1417 1421/1421/1421 1430/1430/1430
f 1431/1431/1431 1406/1406/1406 1404/1404/1404
f 1432/1432/1432 1431/1431/1431 1404/1404/1404
f 1406/1406/1406 1434/1434/1434 1433/1433/1433
f 1405/1405/1405 1406/1406/1406 1433/1433/1433
f 1421/1421/1421 1427/1427/1427 1435/1435/1435
f 1436/1436/1436 1425/1425/1425 1426/1426/1426
f 1439/1439/1439 1438/1438/1438 1437/1437/1437
f 1442/1442/1442 1441/1441/1441 1440/1440/1440
f 1443/1443/1443 1442/1442/1442 1440/1440/1440
f 1433/1433/1433 1445/1445/1445 1444/1444/1444
f 1405/1405/1405 1433/1433/1433 1444/1444/1444
f 1448/1448/1448 1447/1447/1447 1446/1446/1446
f 1448/1448/1448 1449/1449/1449 1447/1447/1447
f 1424/1424/1424 1422/1422/1422 1450/1450/1450
f 1451/1451/1451 1448/1448/1448 1446/1446/1446
f 1452/1452/1452 1422/1422/1422 1423/1423/1423
f 1453/1453/1453 1452/1452/1452 1423/1423/1423
f 1452/1452/1452 1453/1453/1453 1454/1454/1454
f 1455/1455/1455 1452/1452/1452 1454/1454/1454
f 1456/1456/1456 1452/1452/1452 1455/1455/1455
f 1456/1456/1456 1455/1455/1455 1457/1457/1457
f 1459/1459/1459 1456/1456/1456 1458/1458/1458
f 1461/1461/1461 1460/1460/1460 1459/1459/1459
f 1449/1449/1449 1460/1460/1460 1461/1461/1461
f 1462/1462/1462 1460/1460/1460 1449/1449/1449
f 1451/1451/1451 1462/1462/1462 1449/1449/1449
f 1448/1448/1448 1451/1451/1451 1449/1449/1449
f 1465/1465/1465 1464/1464/1464 1463/1463/1463
f 1463/1463/1463 1466/1466/1466 1465/1465/1465
f 1467/1467/1467 1465/1465/1465 1466/1466/1466
f 1469/1469/1469 1468/1468/1468 1465/1465/1465
f 1467/1467/1467 1469/1469/1469 1465/1465/1465
f 1403/1403/1403 1468/1468/1468 1469/1469/1469
f 1471/1471/1471 1403/1403/1403 1470/1470/1470
f 1474/1474/1474 1473/1473/1473 1472/1472/1472
f 1474/1474/1474 1472/1472/1472 1471/1471/1471
f 1470/1470/1470 1474/1474/1474 1471/1471/1471
f 1472/1472/1472 1473/1473/1473 1475/1475/1475
f 1475/1475/1475 1395/1395/1395 1472/1472/1472
f 1476/1476/1476 1395/1395/1395 1475/1475/1475
f 1375/1375/1375 1395/1395/1395 1476/1476/1476
f 1394/1394/1394 1395/1395/1395 1375/1375/1375
f 1376/1376/1376 1394/1394/1394 1375/1375/1375
f 1384/1384/1384 1373/1373/1373 1477/1477/1477
f 1373/1373/1373 1374/1374/1374 1477/1477/1477
f 1374/1374/1374 1478/1478/1478 1464/1464/1464
f 1374/1374/1374 1464/1464/1464 1477/1477/1477
f 1463/1463/1463 1464/1464/1464 1478/1478/1478
f 1459/1459/1459 1458/1458/1458 1479/1479/1479
f 1459/1459/1459 1479/1479/1479 1480/1480/1480
f 1482/1482/1482 1459/1459/1459 1481/1481/1481
f 1484/1484/1484 1483/1483/1483 1482/1482/1482
f 1431/1431/1431 1432/1432/1432 1485/1485/1485
f 1432/1432/1432 1486/1486/1486 1485/1485/1485
f 1485/1485/1485 1486/1486/1486 1487/1487/1487
f 1486/1486/1486 1488/1488/1488 1487/1487/1487
f 1439/1439/1439 1426/1426/1426 1414/1414/1414
f 1415/1415/1415 1439/1439/1439 1414/1414/1414
f 1417/1417/1417 1414/1414/1414 1421/1421/1421
f 1410/1410/1410 1413/1413/1413 1489/1489/1489
f 1417/1417/1417 1428/1428/1428 1490/1490/1490
f 1489/1489/1489 1413/1413/1413 1491/1491/1491
f 1490/1490/1490 1428/1428/1428 1429/1429/1429
f 1429/1429/1429 1482/1482/1482 1490/1490/1490
f 1481/1481/1481 1491/1491/1491 1482/1482/1482
f 1486/1486/1486 1492/1492/1492 1488/1488/1488
f 1482/1482/1482 1429/1429/1429 1484/1484/1484
f 1484/1484/1484 1429/1429/1429 1493/1493/1493
f 1405/1405/1405 1444/1444/1444 1407/1407/1407
f 1443/1443/1443 1440/1440/1440 1412/1412/1412
f 1407/1407/1407 1443/1443/1443 1412/1412/1412
f 1432/1432/1432 1404/1404/1404 1408/1408/1408
f 1494/1494/1494 1432/1432/1432 1408/1408/1408
f 1435/1435/1435 1493/1493/1493 1421/1421/1421
f 1430/1430/1430 1421/1421/1421 1493/1493/1493
f 1429/1429/1429 1430/1430/1430 1493/1493/1493
f 1494/1494/1494 1492/1492/1492 1486/1486/1486
f 1432/1432/1432 1494/1494/1494 1486/1486/1486
f 1495/1495/1495 1447/1447/1447 1449/1449/1449
f 1496/1496/1496 1495/1495/1495 1449/1449/1449
f 1423/1423/1423 1424/1424/1424 1497/1497/1497
f 1497/1497/1497 1498/1498/1498 1453/1453/1453
f 1453/1453/1453 1423/1423/1423 1497/1497/1497
f 1450/1450/1450 1497/1497/1497 1424/1424/1424
f 1498/1498/1498 1499/1499/1499 1453/1453/1453
f 1449/1449/1449 1461/1461/1461 1496/1496/1496
f 1457/1457/1457 1458/1458/1458 1456/1456/1456
f 1499/1499/1499 1457/1457/1457 1455/1455/1455
f 1461/1461/1461 1480/1480/1480 1496/1496/1496
f 1457/1457/1457 1500/1500/1500 1458/1458/1458
f 1480/1480/1480 1461/1461/1461 1459/1459/1459
f 1501/1501/1501 1480/1480/1480 1479/1479/1479
f 1479/1479/1479 1458/1458/1458 1500/1500/1500
f 1479/1479/1479 1500/1500/1500 1502/1502/1502
f 1502/1502/1502 1501/1501/1501 1479/1479/1479
f 1503/1503/1503 1399/1399/1399 1396/1396/1396
f 1392/1392/1392 1391/1391/1391 1504/1504/1504
f 1504/1504/1504 1505/1505/1505 1392/1392/1392
f 1399/1399/1399 1506/1506/1506 1401/1401/1401
f 1503/1503/1503 1506/1506/1506 1399/1399/1399
f 1387/1387/1387 1504/1504/1504 1391/1391/1391
f 1387/1387/1387 1391/1391/1391 1389/1389/1389
f 1402/1402/1402 1401/1401/1401 1506/1506/1506
f 1393/1393/1393 1392/1392/1392 1505/1505/1505
f 1396/1396/1396 1397/1397/1397 1507/1507/1507
f 1372/1372/1372 1373/1373/1373 1385/1385/1385
f 1375/1375/1375 1476/1476/1476 1378/1378/1378
f 1475/1475/1475 1508/1508/1508 1378/1378/1378
f 1476/1476/1476 1475/1475/1475 1378/1378/1378
f 1509/1509/1509 1473/1473/1473 1474/1474/1474
f 1510/1510/1510 1509/1509/1509 1474/1474/1474
f 1473/1473/1473 1509/1509/1509 1508/1508/1508
f 1475/1475/1475 1473/1473/1473 1508/1508/1508
f 1511/1511/1511 1510/1510/1510 1474/1474/1474
f 1470/1470/1470 1511/1511/1511 1474/1474/1474
f 1470/1470/1470 1513/1513/1513 1512/1512/1512
f 1511/1511/1511 1470/1470/1470 1512/1512/1512
f 1515/1515/1515 1514/1514/1514 1513/1513/1513
f 1516/1516/1516 1514/1514/1514 1515/1515/1515
f 1515/1515/1515 1469/1469/1469 1516/1516/1516
f 1517/1517/1517 1516/1516/1516 1469/1469/1469
f 1467/1467/1467 1517/1517/1517 1469/1469/1469
f 1519/1519/1519 1518/1518/1518 1466/1466/1466
f 1463/1463/1463 1519/1519/1519 1466/1466/1466
f 1466/1466/1466 1518/1518/1518 1517/1517/1517
f 1467/1467/1467 1466/1466/1466 1517/1517/1517
f 1520/1520/1520 1519/1519/1519 1463/1463/1463
f 1478/1478/1478 1520/1520/1520 1463/1463/1463
f 1521/1521/1521 1520/1520/1520 1478/1478/1478
f 1374/1374/1374 1521/1521/1521 1478/1478/1478
f 1374/1374/1374 1371/1371/1371 1521/1521/1521
f 1365/1365/1365 1522/1522/1522 1364/1364/1364
f 1364/1364/1364 1523/1523/1523 1366/1366/1366
f 1367/1367/1367 1522/1522/1522 1365/1365/1365
f 1522/1522/1522 1367/1367/1367 1369/1369/1369
f 1369/1369/1369 1524/1524/1524 1522/1522/1522
f 1381/1381/1381 1525/1525/1525 1383/1383/1383
f 1383/1383/1383 1525/1525/1525 1526/1526/1526
f 1529/1529/1529 1528/1528/1528 1527/1527/1527
f 1531/1531/1531 1530/1530/1530 1527/1527/1527
f 1527/1527/1527 1528/1528/1528 1531/1531/1531
f 1531/1531/1531 1532/1532/1532 1530/1530/1530
f 1532/1532/1532 1534/1534/1534 1533/1533/1533
f 1530/1530/1530 1532/1532/1532 1533/1533/1533
f 1534/1534/1534 1535/1535/1535 1533/1533/1533
f 1536/1536/1536 1533/1533/1533 1535/1535/1535
f 1535/1535/1535 1537/1537/1537 1536/1536/1536
f 1540/1540/1540 1539/1539/1539 1538/1538/1538
f 1541/1541/1541 1540/1540/1540 1538/1538/1538
f 1542/1542/1542 1540/1540/1540 1541/1541/1541
f 1544/1544/1544 1543/1543/1543 1542/1542/1542
f 1545/1545/1545 1544/1544/1544 1542/1542/1542
f 1546/1546/1546 1544/1544/1544 1545/1545/1545
f 1547/1547/1547 1544/1544/1544 1546/1546/1546
f 1548/1548/1548 1547/1547/1547 1546/1546/1546
f 1548/1548/1548 1549/1549/1549 1547/1547/1547
f 1550/1550/1550 1547/1547/1547 1549/1549/1549
f 1523/1523/1523 1550/1550/1550 1551/1551/1551
f 1549/1549/1549 1551/1551/1551 1550/1550/1550
f 1523/1523/1523 1551/1551/1551 1366/1366/1366
f 1552/1552/1552 1370/1370/1370 1368/1368/1368
f 1368/1368/1368 1553/1553/1553 1552/1552/1552
f 1552/1552/1552 1553/1553/1553 1554/1554/1554
f 1556/1556/1556 1545/1545/1545 1555/1555/1555
f 1542/1542/1542 1557/1557/1557 1555/1555/1555
f 1555/1555/1555 1545/1545/1545 1542/1542/1542
f 1541/1541/1541 1558/1558/1558 1557/1557/1557
f 1542/1542/1542 1541/1541/1541 1557/1557/1557
f 1560/1560/1560 1559/1559/1559 1514/1514/1514
f 1561/1561/1561 1559/1559/1559 1560/1560/1560
f 1564/1564/1564 1563/1563/1563 1562/1562/1562
f 1566/1566/1566 1565/1565/1565 1525/1525/1525
f 1525/1525/1525 1382/1382/1382 1566/1566/1566
f 1381/1381/1381 1382/1382/1382 1525/1525/1525
f 1567/1567/1567 1380/1380/1380 1383/1383/1383
f 1568/1568/1568 1567/1567/1567 1383/1383/1383
f 1567/1567/1567 1569/1569/1569 1380/1380/1380
f 1379/1379/1379 1380/1380/1380 1569/1569/1569
f 1549/1549/1549 1553/1553/1553 1551/1551/1551
f 1553/1553/1553 1549/1549/1549 1554/1554/1554
f 1366/1366/1366 1553/1553/1553 1368/1368/1368
f 1366/1366/1366 1551/1551/1551 1553/1553/1553
f 1571/1571/1571 1570/1570/1570 1549/1549/1549
f 1548/1548/1548 1571/1571/1571 1549/1549/1549
f 1546/1546/1546 1556/1556/1556 1571/1571/1571
f 1548/1548/1548 1546/1546/1546 1571/1571/1571
f 1556/1556/1556 1546/1546/1546 1545/1545/1545
f 1573/1573/1573 1572/1572/1572 1537/1537/1537
f 1535/1535/1535 1573/1573/1573 1537/1537/1537
f 1538/1538/1538 1558/1558/1558 1541/1541/1541
f 1574/1574/1574 1573/1573/1573 1535/1535/1535
f 1535/1535/1535 1534/1534/1534 1574/1574/1574
f 1575/1575/1575 1574/1574/1574 1534/1534/1534
f 1532/1532/1532 1575/1575/1575 1534/1534/1534
f 1576/1576/1576 1575/1575/1575 1532/1532/1532
f 1531/1531/1531 1576/1576/1576 1532/1532/1532
f 1528/1528/1528 1576/1576/1576 1531/1531/1531
f 1562/1562/1562 1576/1576/1576 1528/1528/1528
f 1564/1564/1564 1562/1562/1562 1528/1528/1528
f 1525/1525/1525 1565/1565/1565 1526/1526/1526
f 1529/1529/1529 1564/1564/1564 1528/1528/1528
f 1384/1384/1384 1394/1394/1394 1376/1376/1376
f 1385/1385/1385 1577/1577/1577 1372/1372/1372
f 1384/1384/1384 1385/1385/1385 1373/1373/1373
f 1403/1403/1403 1513/1513/1513 1470/1470/1470
f 1515/1515/1515 1513/1513/1513 1403/1403/1403
f 1515/1515/1515 1403/1403/1403 1469/1469/1469
f 1578/1578/1578 1579/1579/1579 1580/1580/1580
f 1581/1581/1581 1578/1578/1578 1580/1580/1580
f 1582/1582/1582 1581/1581/1581 1580/1580/1580
f 1583/1583/1583 1582/1582/1582 1580/1580/1580
f 1584/1584/1584 1583/1583/1583 1580/1580/1580
f 1585/1585/1585 1584/1584/1584 1580/1580/1580
f 1586/1586/1586 1585/1585/1585 1580/1580/1580
f 1587/1587/1587 1586/1586/1586 1580/1580/1580
f 1588/1588/1588 1587/1587/1587 1580/1580/1580
f 1589/1589/1589 1588/1588/1588 1580/1580/1580
f 1590/1590/1590 1589/1589/1589 1580/1580/1580
f 1591/1591/1591 1590/1590/1590 1580/1580/1580
f 1592/1592/1592 1591/1591/1591 1580/1580/1580
f 1593/1593/1593 1592/1592/1592 1580/1580/1580
f 1594/1594/1594 1593/1593/1593 1580/1580/1580
f 1579/1579/1579 1594/1594/1594 1580/1580/1580
f 1595/1595/1595 1596/1596/1596 1597/1597/1597
f 1595/1595/1595 1597/1597/1597 1598/1598/1598
f 1596/1596/1596 1599/1599/1599 1600/1600/1600
f 1596/1596/1596 1600/1600/1600 1597/1597/1597
f 1599/1599/1599 1601/1601/1601 1602/1602/1602
f 1599/1599/1599 1602/1602/1602 1600/1600/1600
f 1601/1601/1601 1603/1603/1603 1604/1604/1604
f 1601/1601/1601 1604/1604/1604 1602/1602/1602
f 1603/1603/1603 1605/1605/1605 1606/1606/1606
f 1603/1603/1603 1606/1606/1606 1604/1604/1604
f 1605/1605/1605 1607/1607/1607 1608/1608/1608
f 1605/1605/1605 1608/1608/1608 1606/1606/1606
f 1607/1607/1607 1609/1609/1609 1610/1610/1610
f 1607/1607/1607 1610/1610/1610 1608/1608/1608
f 1609/1609/1609 1611/1611/1611 1612/1612/1612
f 1609/1609/1609 1612/1612/1612 1610/1610/1610
f 1611/1611/1611 1613/1613/1613 1614/1614/1614
f 1611/1611/1611 1614/1614/1614 1612/1612/1612
f 1613/1613/1613 1615/1615/1615 1616/1616/1616
f 1613/1613/1613 1616/1616/1616 1614/1614/1614
f 1615/1615/1615 1617/1617/1617 1618/1618/1618
f 1615/1615/1615 1618/1618/1618 1616/1616/1616
f 1617/1617/1617 1619/1619/1619 1620/1620/1620
f 1617/1617/1617 1620/1620/1620 1618/1618/1618
f 1619/1619/1619 1621/1621/1621 1622/1622/1622
f 1619/1619/1619 1622/1622/1622 1620/1620/1620
f 1621/1621/1621 1623/1623/1623 1624/1624/1624
f 1621/1621/1621 1624/1624/1624 1622/1622/1622
f 1623/1623/1623 1625/1625/1625 1626/1626/1626
f 1623/1623/1623 1626/1626/1626 1624/1624/1624
f 1625/1625/1625 1595/1595/1595 1598/1598/1598
f 1625/1625/1625 1598/1598/1598 1626/1626/1626
f 1627/1627/1627 1628/1628/1628 1629/1629/1629
f 1627/1627/1627 1629/1629/1629 1630/1630/1630
f 1628/1628/1628 1631/1631/1631 1632/1632/1632
f 1628/1628/1628 1632/1632/1632 1629/1629/1629
f 1631/1631/1631 1633/1633/1633 1634/1634/1634
f 1631/1631/1631 1634/1634/1634 1632/1632/1632
f 1633/1633/1633 1635/1635/1635 1636/1636/1636
f 1633/1633/1633 1636/1636/1636 1634/1634/1634
f 1635/1635/1635 1637/1637/1637 1638/1638/1638
f 1635/1635/1635 1638/1638/1638 1636/1636/1636
f 1637/1637/1637 1639/1639/1639 1640/1640/1640
f 1637/1637/1637 1640/1640/1640 1638/1638/1638
f 1639/1639/1639 1641/1641/1641 1642/1642/1642
f 1639/1639/1639 1642/1642/1642 1640/1640/1640
f 1641/1641/1641 1643/1643/1643 1644/1644/1644
f 1641/1641/1641 1644/1644/1644 1642/1642/1642
f 1643/1643/1643 1645/1645/1645 1646/1646/1646
f 1643/1643/1643 1646/1646/1646 1644/1644/1644
f 1645/1645/1645 1647/1647/1647 1648/1648/1648
f 1645/1645/1645 1648/1648/1648 1646/1646/1646
f 1647/1647/1647 1649/1649/1649 1650/1650/1650
f 1647/1647/1647 1650/1650/1650 1648/1648/1648
f 1649/1649/1649 1651/1651/1651 1652/1652/1652
f 1649/1649/1649 1652/1652/1652 1650/1650/1650
f 1651/1651/1651 1653/1653/1653 1654/1654/1654
f 1651/1651/1651 1654/1654/1654 1652/1652/1652
f 1653/1653/1653 1655/1655/1655 1656/1656/1656
f 1653/1653/1653 1656/1656/1656 1654/1654/1654
f 1655/1655/1655 1657/1657/1657 1658/1658/1658
f 1655/1655/1655 1658/1658/1658 1656/1656/1656
f 1657/1657/1657 1627/1627/1627 1630/1630/1630
f 1657/1657/1657 1630/1630/1630 1658/1658/1658
f 1659/1659/1659 1660/1660/1660 1661/1661/1661
f 1659/1659/1659 1661/1661/1661 1662/1662/1662
f 1662/1662/1662 1661/1661/1661 1663/1663/1663
f 1662/1662/1662 1663/1663/1663 1664/1664/1664
f 1664/1664/1664 1663/1663/1663 1665/1665/1665
f 1664/1664/1664 1665/1665/1665 1666/1666/1666
f 1666/1666/1666 1665/1665/1665 1667/1667/1667
f 1666/1666/1666 1667/1667/1667 1668/1668/1668
f 1668/1668/1668 1667/1667/1667 1669/1669/1669
f 1668/1668/1668 1669/1669/1669 1670/1670/1670
f 1670/1670/1670 1669/1669/1669 1671/1671/1671
f 1670/1670/1670 1671/1671/1671 1672/1672/1672
f 1672/1672/1672 1671/1671/1671 1673/1673/1673
f 1672/1672/1672 1673/1673/1673 1674/1674/1674
f 1674/1674/1674 1673/1673/1673 1675/1675/1675
f 1674/1674/1674 1675/1675/1675 1676/1676/1676
f 1676/1676/1676 1675/1675/1675 1677/1677/1677
f 1676/1676/1676 1677/1677/1677 1678/1678/1678
f 1678/1678/1678 1677/1677/1677 1679/1679/1679
f 1678/1678/1678 1679/1679/1679 1680/1680/1680
f 1680/1680/1680 1679/1679/1679 1681/1681/1681
f 1680/1680/1680 1681/1681/1681 1682/1682/1682
f 1682/1682/1682 1681/1681/1681 1683/1683/1683
f 1682/1682/1682 1683/1683/1683 1684/1684/1684
f 1684/1684/1684 1683/1683/1683 1685/1685/1685
f 1684/1684/1684 1685/1685/1685 1686/1686/1686
f 1686/1686/1686 1685/1685/1685 1687/1687/1687
f 1686/1686/1686 1687/1687/1687 1688/1688/1688
f 1688/1688/1688 1687/1687/1687 1689/1689/1689
f 1688/1688/1688 1689/1689/1689 1690/1690/1690
f 1690/1690/1690 1689/1689/1689 1660/1660/1660
f 1690/1690/1690 1660/1660/1660 1659/1659/1659
f 1691/1691/1691 1692/1692/1692 1693/1693/1693
f 1691/1691/1691 1693/1693/1693 1694/1694/1694
f 1695/1695/1695 1696/1696/1696 1692/1692/1692
f 1695/1695/1695 1692/1692/1692 1691/1691/1691
f 1697/1697/1697 1698/1698/1698 1696/1696/1696
f 1697/1697/1697 1696/1696/1696 1695/1695/1695
f 1699/1699/1699 1700/1700/1700 1698/1698/1698
f 1699/1699/1699 1698/1698/1698 1697/1697/1697
f 1701/1701/1701 1702/1702/1702 1700/1700/1700
f 1701/1701/1701 1700/1700/1700 1699/1699/1699
f 1703/1703/1703 1704/1704/1704 1702/1702/1702
f 1703/1703/1703 1702/1702/1702 1701/1701/1701
f 1705/1705/1705 1706/1706/1706 1704/1704/1704
f 1705/1705/1705 1704/1704/1704 1703/1703/1703
f 1707/1707/1707 1708/1708/1708 1706/1706/1706
f 1707/1707/1707 1706/1706/1706 1705/1705/1705
f 1709/1709/1709 1710/1710/1710 1708/1708/1708
f 1709/1709/1709 1708/1708/1708 1707/1707/1707
f 1711/1711/1711 1712/1712/1712 1710/1710/1710
f 1711/1711/1711 1710/1710/1710 1709/1709/1709
f 1713/1713/1713 1714/1714/1714 1712/1712/1712
f 1713/1713/1713 1712/1712/1712 1711/1711/1711
f 1715/1715/1715 1716/1716/1716 1714/1714/1714
f 1715/1715/1715 1714/1714/1714 1713/1713/1713
f 1717/1717/1717 1718/1718/1718 1716/1716/1716
f 1717/1717/1717 1716/1716/1716 1715/1715/1715
f 1719/1719/1719 1720/1720/1720 1718/1718/1718
f 1719/1719/1719 1718/1718/1718 1717/1717/1717
f 1721/1721/1721 1722/1722/1722 1720/1720/1720
f 1721/1721/1721 1720/1720/1720 1719/1719/1719
f 1694/1694/1694 1693/1693/1693 1722/1722/1722
f 1694/1694/1694 1722/1722/1722 1721/1721/1721
f 1725/1725/1725 1724/1724/1724 1723/1723/1723
f 1725/1725/1725 1723/1723/1723 1726/1726/1726
f 1725/1725/1725 1726/1726/1726 1727/1727/1727
f 1725/1725/1725 1727/1727/1727 1728/1728/1728
f 1725/1725/1725 1728/1728/1728 1729/1729/1729
f 1725/1725/1725 1729/1729/1729 1730/1730/1730
f 1725/1725/1725 1730/1730/1730 1731/1731/1731
f 1725/1725/1725 1731/1731/1731 1732/1732/1732
f 1725/1725/1725 1732/1732/1732 1733/1733/1733
f 1725/1725/1725 1733/1733/1733 1734/1734/1734
f 1725/1725/1725 1734/1734/1734 1735/1735/1735
f 1725/1725/1725 1735/1735/1735 1736/1736/1736
f 1725/1725/1725 1736/1736/1736 1737/1737/1737
f 1725/1725/1725 1737/1737/1737 1738/1738/1738
f 1725/1725/1725 1738/1738/1738 1739/1739/1739
f 1725/1725/1725 1739/1739/1739 1724/1724/1724
f 1742/1742/1742 1741/1741/1741 1740/1740/1740
f 1743/1743/1743 1742/1742/1742 1740/1740/1740
f 1745/1745/1745 1744/1744/1744 1741/1741/1741
f 1742/1742/1742 1745/1745/1745 1741/1741/1741
f 1747/1747/1747 1746/1746/1746 1744/1744/1744
f 1745/1745/1745 1747/1747/1747 1744/1744/1744
f 1749/1749/1749 1748/1748/1748 1746/1746/1746
f 1747/1747/1747 1749/1749/1749 1746/1746/1746
f 1751/1751/1751 1750/1750/1750 1748/1748/1748
f 1749/1749/1749 1751/1751/1751 1748/1748/1748
f 1753/1753/1753 1752/1752/1752 1750/1750/1750
f 1751/1751/1751 1753/1753/1753 1750/1750/1750
f 1755/1755/1755 1754/1754/1754 1752/1752/1752
f 1753/1753/1753 1755/1755/1755 1752/1752/1752
f 1757/1757/1757 1756/1756/1756 1754/1754/1754
f 1755/1755/1755 1757/1757/1757 1754/1754/1754
f 1759/1759/1759 1758/1758/1758 1756/1756/1756
f 1757/1757/1757 1759/1759/1759 1756/1756/1756
f 1761/1761/1761 1760/1760/1760 1758/1758/1758
f 1759/1759/1759 1761/1761/1761 1758/1758/1758
f 1763/1763/1763 1762/1762/1762 1760/1760/1760
f 1761/1761/1761 1763/1763/1763 1760/1760/1760
f 1765/1765/1765 1764/1764/1764 1762/1762/1762
f 1763/1763/1763 1765/1765/1765 1762/1762/1762
f 1767/1767/1767 1766/1766/1766 1764/1764/1764
f 1765/1765/1765 1767/1767/1767 1764/1764/1764
f 1769/1769/1769 1768/1768/1768 1766/1766/1766
f 1767/1767/1767 1769/1769/1769 1766/1766/1766
f 1771/1771/1771 1770/1770/1770 1768/1768/1768
f 1769/1769/1769 1771/1771/1771 1768/1768/1768
f 1743/1743/1743 1740/1740/1740 1770/1770/1770
f 1771/1771/1771 1743/1743/1743 1770/1770/1770
f 1774/1774/1774 1773/1773/1773 1772/1772/1772
f 1774/1774/1774 1775/1775/1775 1773/1773/1773
f 1776/1776/1776 1775/1775/1775 1774/1774/1774
f 1775/1775/1775 1778/1778/1778 1777/1777/1777
f 1776/1776/1776 1778/1778/1778 1775/1775/1775
f 1781/1781/1781 1780/1780/1780 1779/1779/1779
f 1782/1782/1782 1781/1781/1781 1779/1779/1779
f 1785/1785/1785 1784/1784/1784 1783/1783/1783
f 1783/1783/1783 1786/1786/1786 1785/1785/1785
f 1789/1789/1789 1788/1788/1788 1787/1787/1787
f 1789/1789/1789 1787/1787/1787 1790/1790/1790
f 1791/1791/1791 1788/1788/1788 1789/1789/1789
f 1793/1793/1793 1792/1792/1792 1784/1784/1784
f 1785/1785/1785 1794/1794/1794 1793/1793/1793
f 1784/1784/1784 1785/1785/1785 1793/1793/1793
f 1797/1797/1797 1796/1796/1796 1795/1795/1795
f 1797/1797/1797 1799/1799/1799 1798/1798/1798
f 1800/1800/1800 1798/1798/1798 1799/1799/1799
f 1801/1801/1801 1798/1798/1798 1800/1800/1800
f 1803/1803/1803 1802/1802/1802 1801/1801/1801
f 1806/1806/1806 1805/1805/1805 1804/1804/1804
f 1807/1807/1807 1806/1806/1806 1804/1804/1804
f 1806/1806/1806 1807/1807/1807 1808/1808/1808
f 1807/1807/1807 1809/1809/1809 1808/1808/1808
f 1810/1810/1810 1808/1808/1808 1809/1809/1809
f 1811/1811/1811 1808/1808/1808 1810/1810/1810
f 1792/1792/1792 1801/1801/1801 1802/1802/1802
f 1814/1814/1814 1813/1813/1813 1812/1812/1812
f 1812/1812/1812 1813/1813/1813 1815/1815/1815
f 1812/1812/1812 1815/1815/1815 1816/1816/1816
f 1819/1819/1819 1818/1818/1818 1817/1817/1817
f 1820/1820/1820 1819/1819/1819 1815/1815/1815
f 1821/1821/1821 1818/1818/1818 1819/1819/1819
f 1824/1824/1824 1823/1823/1823 1822/1822/1822
f 1827/1827/1827 1826/1826/1826 1825/1825/1825
f 1829/1829/1829 1822/1822/1822 1828/1828/1828
f 1832/1832/1832 1831/1831/1831 1830/1830/1830
f 1833/1833/1833 1828/1828/1828 1822/1822/1822
f 1834/1834/1834 1833/1833/1833 1822/1822/1822
f 1828/1828/1828 1833/1833/1833 1835/1835/1835
f 1829/1829/1829 1828/1828/1828 1835/1835/1835
f 1838/1838/1838 1837/1837/1837 1836/1836/1836
f 1838/1838/1838 1836/1836/1836 1825/1825/1825
f 1825/1825/1825 1829/1829/1829 1838/1838/1838
f 1839/1839/1839 1814/1814/1814 1812/1812/1812
f 1840/1840/1840 1839/1839/1839 1812/1812/1812
f 1814/1814/1814 1842/1842/1842 1841/1841/1841
f 1813/1813/1813 1814/1814/1814 1841/1841/1841
f 1829/1829/1829 1835/1835/1835 1843/1843/1843
f 1844/1844/1844 1833/1833/1833 1834/1834/1834
f 1847/1847/1847 1846/1846/1846 1845/1845/1845
f 1850/1850/1850 1849/1849/1849 1848/1848/1848
f 1851/1851/1851 1850/1850/1850 1848/1848/1848
f 1841/1841/1841 1853/1853/1853 1852/1852/1852
f 1813/1813/1813 1841/1841/1841 1852/1852/1852
f 1856/1856/1856 1855/1855/1855 1854/1854/1854
f 1856/1856/1856 1857/1857/1857 1855/1855/1855
f 1832/1832/1832 1830/1830/1830 1858/1858/1858
f 1859/1859/1859 1856/1856/1856 1854/1854/1854
f 1860/1860/1860 1830/1830/1830 1831/1831/1831
f 1861/1861/1861 1860/1860/1860 1831/1831/1831
f 1860/1860/1860 1861/1861/1861 1862/1862/1862
f 1863/1863/1863 1860/1860/1860 1862/1862/1862
f 1864/1864/1864 1860/1860/1860 1863/1863/1863
f 1864/1864/1864 1863/1863/1863 1865/1865/1865
f 1867/1867/1867 1864/1864/1864 1866/1866/1866
f 1869/1869/1869 1868/1868/1868 1867/1867/1867
f 1857/1857/1857 1868/1868/1868 1869/1869/1869
f 1870/1870/1870 1868/1868/1868 1857/1857/1857
f 1859/1859/1859 1870/1870/1870 1857/1857/1857
f 1856/1856/1856 1859/1859/1859 1857/1857/1857
f 1873/1873/1873 1872/1872/1872 1871/1871/1871
f 1871/1871/1871 1874/1874/1874 1873/1873/1873
f 1875/1875/1875 1873/1873/1873 1874/1874/1874
f 1877/1877/1877 1876/1876/1876 1873/1873/1873
f 1875/1875/1875 1877/1877/1877 1873/1873/1873
f 1811/1811/1811 1876/1876/1876 1877/1877/1877
f 1879/1879/1879 1811/1811/1811 1878/1878/1878
f 1882/1882/1882 1881/1881/1881 1880/1880/1880
f 1882/1882/1882 1880/1880/1880 1879/1879/1879
f 1878/1878/1878 1882/1882/1882 1879/1879/1879
f 1880/1880/1880 1881/1881/1881 1883/1883/1883
f 1883/1883/1883 1803/1803/1803 1880/1880/1880
f 1884/1884/1884 1803/1803/1803 1883/1883/1883
f 1783/1783/1783 1803/1803/1803 1884/1884/1884
f 1802/1802/1802 1803/1803/1803 1783/1783/1783
f 1784/1784/1784 1802/1802/1802 1783/1783/1783
f 1792/1792/1792 1781/1781/1781 1885/1885/1885
f 1781/1781/1781 1782/1782/1782 1885/1885/1885
f 1782/1782/1782 1886/1886/1886 1872/1872/1872
f 1782/1782/1782 1872/1872/1872 1885/1885/1885
f 1871/1871/1871 1872/1872/1872 1886/1886/1886
f 1867/1867/1867 1866/1866/1866 1887/1887/1887
f 1867/1867/1867 1887/1887/1887 1888/1888/1888
f 1890/1890/1890 1867/1867/1867 1889/1889/1889
f 1892/1892/1892 1891/1891/1891 1890/1890/1890
f 1839/1839/1839 1840/1840/1840 1893/1893/1893
f 1840/1840/1840 1894/1894/1894 1893/1893/1893
f 1893/1893/1893 1894/1894/1894 1895/1895/1895
f 1894/1894/1894 1896/1896/1896 1895/1895/1895
f 1847/1847/1847 1834/1834/1834 1822/1822/1822
f 1823/1823/1823 1847/1847/1847 1822/1822/1822
f 1825/1825/1825 1822/1822/1822 1829/1829/1829
f 1818/1818/1818 1821/1821/1821 1897/1897/1897
f 1825/1825/1825 1836/1836/1836 1898/1898/1898
f 1897/1897/1897 1821/1821/1821 1899/1899/1899
f 1898/1898/1898 1836/1836/1836 1837/1837/1837
f 1837/1837/1837 1890/1890/1890 1898/1898/1898
f 1889/1889/1889 1899/1899/1899 1890/1890/1890
f 1894/1894/1894 1900/1900/1900 1896/1896/1896
f 1890/1890/1890 1837/1837/1837 1892/1892/1892
f 1892/1892/1892 1837/1837/1837 1901/1901/1901
f 1813/1813/1813 1852/1852/1852 1815/1815/1815
f 1851/1851/1851 1848/1848/1848 1820/1820/1820
f 1815/1815/1815 1851/1851/1851 1820/1820/1820
f 1840/1840/1840 1812/1812/1812 1816/1816/1816
f 1902/1902/1902 1840/1840/1840 1816/1816/1816
f 1843/1843/1843 1901/1901/1901 1829/1829/1829
f 1838/1838/1838 1829/1829/1829 1901/1901/1901
f 1837/1837/1837 1838/1838/1838 1901/1901/1901
f 1902/1902/1902 1900/1900/1900 1894/1894/1894
f 1840/1840/1840 1902/1902/1902 1894/1894/1894
f 1903/1903/1903 1855/1855/1855 1857/1857/1857
f 1904/1904/1904 1903/1903/1903 1857/1857/1857
f 1831/1831/1831 1832/1832/1832 1905/1905/1905
f 1905/1905/1905 1906/1906/1906 1861/1861/1861
f 1861/1861/1861 1831/1831/1831 1905/1905/1905
f 1858/1858/1858 1905/1905/1905 1832/1832/1832
f 1906/1906/1906 1862/1862/1862 1861/1861/1861
f 1857/1857/1857 1869/1869/1869 1904/1904/1904
f 1865/1865/1865 1866/1866/1866 1864/1864/1864
f 1862/1862/1862 1865/1865/1865 1863/1863/1863
f 1869/1869/1869 1888/1888/1888 1904/1904/1904
f 1865/1865/1865 1907/1907/1907 1866/1866/1866
f 1888/1888/1888 1869/1869/1869 1867/1867/1867
f 1908/1908/1908 1888/1888/1888 1887/1887/1887
f 1887/1887/1887 1866/1866/1866 1907/1907/1907
f 1887/1887/1887 1907/1907/1907 1909/1909/1909
f 1909/1909/1909 1908/1908/1908 1887/1887/1887
f 1910/1910/1910 1807/1807/1807 1804/1804/1804
f 1800/1800/1800 1799/1799/1799 1911/1911/1911
f 1911/1911/1911 1912/1912/1912 1800/1800/1800
f 1807/1807/1807 1913/1913/1913 1809/1809/1809
f 1910/1910/1910 1913/1913/1913 1807/1807/1807
f 1795/1795/1795 1911/1911/1911 1799/1799/1799
f 1795/1795/1795 1799/1799/1799 1797/1797/1797
f 1810/1810/1810 1809/1809/1809 1913/1913/1913
f 1801/1801/1801 1800/1800/1800 1912/1912/1912
f 1804/1804/1804 1805/1805/1805 1914/1914/1914
f 1780/1780/1780 1781/1781/1781 1793/1793/1793
f 1783/1783/1783 1884/1884/1884 1786/1786/1786
f 1883/1883/1883 1915/1915/1915 1786/1786/1786
f 1884/1884/1884 1883/1883/1883 1786/1786/1786
f 1916/1916/1916 1881/1881/1881 1882/1882/1882
f 1917/1917/1917 1916/1916/1916 1882/1882/1882
f 1881/1881/1881 1916/1916/1916 1915/1915/1915
f 1883/1883/1883 1881/1881/1881 1915/1915/1915
f 1918/1918/1918 1917/1917/1917 1882/1882/1882
f 1878/1878/1878 1918/1918/1918 1882/1882/1882
f 1878/1878/1878 1920/1920/1920 1919/1919/1919
f 1918/1918/1918 1878/1878/1878 1919/1919/1919
f 1922/1922/1922 1921/1921/1921 1920/1920/1920
f 1923/1923/1923 1921/1921/1921 1922/1922/1922
f 1922/1922/1922 1877/1877/1877 1923/1923/1923
f 1924/1924/1924 1923/1923/1923 1877/1877/1877
f 1875/1875/1875 1924/1924/1924 1877/1877/1877
f 1926/1926/1926 1925/1925/1925 1874/1874/1874
f 1871/1871/1871 1926/1926/1926 1874/1874/1874
f 1874/1874/1874 1925/1925/1925 1924/1924/1924
f 1875/1875/1875 1874/1874/1874 1924/1924/1924
f 1927/1927/1927 1926/1926/1926 1871/1871/1871
f 1886/1886/1886 1927/1927/1927 1871/1871/1871
f 1928/1928/1928 1927/1927/1927 1886/1886/1886
f 1782/1782/1782 1928/1928/1928 1886/1886/1886
f 1782/1782/1782 1779/1779/1779 1928/1928/1928
f 1773/1773/1773 1929/1929/1929 1772/1772/1772
f 1772/1772/1772 1930/1930/1930 1774/1774/1774
f 1775/1775/1775 1929/1929/1929 1773/1773/1773
f 1929/1929/1929 1775/1775/1775 1777/1777/1777
f 1777/1777/1777 1931/1931/1931 1929/1929/1929
f 1789/1789/1789 1932/1932/1932 1791/1791/1791
f 1791/1791/1791 1932/1932/1932 1933/1933/1933
f 1936/1936/1936 1935/1935/1935 1934/1934/1934
f 1938/1938/1938 1937/1937/1937 1934/1934/1934
f 1934/1934/1934 1935/1935/1935 1938/1938/1938
f 1938/1938/1938 1939/1939/1939 1937/1937/1937
f 1939/1939/1939 1941/1941/1941 1940/1940/1940
f 1937/1937/1937 1939/1939/1939 1940/1940/1940
f 1941/1941/1941 1942/1942/1942 1940/1940/1940
f 1943/1943/1943 1940/1940/1940 1942/1942/1942
f 1942/1942/1942 1944/1944/1944 1943/1943/1943
f 1947/1947/1947 1946/1946/1946 1945/1945/1945
f 1948/1948/1948 1947/1947/1947 1945/1945/1945
f 1949/1949/1949 1947/1947/1947 1948/1948/1948
f 1951/1951/1951 1950/1950/1950 1949/1949/1949
f 1952/1952/1952 1951/1951/1951 1949/1949/1949
f 1953/1953/1953 1951/1951/1951 1952/1952/1952
f 1954/1954/1954 1951/1951/1951 1953/1953/1953
f 1955/1955/1955 1954/1954/1954 1953/1953/1953
f 1955/1955/1955 1956/1956/1956 1954/1954/1954
f 1957/1957/1957 1954/1954/1954 1956/1956/1956
f 1930/1930/1930 1957/1957/1957 1958/1958/1958
f 1956/1956/1956 1958/1958/1958 1957/1957/1957
f 1930/1930/1930 1958/1958/1958 1774/1774/1774
f 1959/1959/1959 1778/1778/1778 1776/1776/1776
f 1776/1776/1776 1960/1960/1960 1959/1959/1959
f 1959/1959/1959 1960/1960/1960 1961/1961/1961
f 1963/1963/1963 1952/1952/1952 1962/1962/1962
f 1949/1949/1949 1964/1964/1964 1962/1962/1962
f 1962/1962/1962 1952/1952/1952 1949/1949/1949
f 1948/1948/1948 1965/1965/1965 1964/1964/1964
f 1949/1949/1949 1948/1948/1948 1964/1964/1964
f 1967/1967/1967 1966/1966/1966 1921/1921/1921
f 1968/1968/1968 1966/1966/1966 1967/1967/1967
f 1971/1971/1971 1970/1970/1970 1969/1969/1969
f 1973/1973/1973 1972/1972/1972 1932/1932/1932
f 1932/1932/1932 1790/1790/1790 1973/1973/1973
f 1789/1789/1789 1790/1790/1790 1932/1932/1932
f 1974/1974/1974 1788/1788/1788 1791/1791/1791
f 1975/1975/1975 1974/1974/1974 1791/1791/1791
f 1974/1974/1974 1976/1976/1976 1788/1788/1788
f 1787/1787/1787 1788/1788/1788 1976/1976/1976
f 1956/1956/1956 1960/1960/1960 1958/1958/1958
f 1960/1960/1960 1956/1956/1956 1961/1961/1961
f 1774/1774/1774 1960/1960/1960 1776/1776/1776
f 1774/1774/1774 1958/1958/1958 1960/1960/1960
f 1978/1978/1978 1977/1977/1977 1956/1956/1956
f 1955/1955/1955 1978/1978/1978 1956/1956/1956
f 1953/1953/1953 1963/1963/1963 1978/1978/1978
f 1955/1955/1955 1953/1953/1953 1978/1978/1978
f 1963/1963/1963 1953/1953/1953 1952/1952/1952
f 1980/1980/1980 1979/1979/1979 1944/1944/1944
f 1942/1942/1942 1980/1980/1980 1944/1944/1944
f 1945/1945/1945 1965/1965/1965 1948/1948/1948
f 1981/1981/1981 1980/1980/1980 1942/1942/1942
f 1942/1942/1942 1941/1941/1941 1981/1981/1981
f 1982/1982/1982 1981/1981/1981 1941/1941/1941
f 1939/1939/1939 1982/1982/1982 1941/1941/1941
f 1983/1983/1983 1982/1982/1982 1939/1939/1939
f 1938/1938/1938 1983/1983/1983 1939/1939/1939
f 1935/1935/1935 1983/1983/1983 1938/1938/1938
f 1969/1969/1969 1983/1983/1983 1935/1935/1935
f 1971/1971/1971 1969/1969/1969 1935/1935/1935
f 1932/1932/1932 1972/1972/1972 1933/1933/1933
f 1936/1936/1936 1971/1971/1971 1935/1935/1935
f 1792/1792/1792 1802/1802/1802 1784/1784/1784
f 1793/1793/1793 1984/1984/1984 1780/1780/1780
f 1792/1792/1792 1793/1793/1793 1781/1781/1781
f 1811/1811/1811 1920/1920/1920 1878/1878/1878
f 1922/1922/1922 1920/1920/1920 1811/1811/1811
f 1922/1922/1922 1811/1811/1811 1877/1877/1877
f 1987/1987/1987 1986/1986/1986 1985/1985/1985
f 1987/1987/1987 1988/1988/1988 1986/1986/1986
f 1989/1989/1989 1988/1988/1988 1987/1987/1987
f 1988/1988/1988 1991/1991/1991 1990/1990/1990
f 1989/1989/1989 1991/1991/1991 1988/1988/1988
f 1994/1994/1994 1993/1993/1993 1992/1992/1992
f 1995/1995/1995 1994/1994/1994 1992/1992/1992
f 1998/1998/1998 1997/1997/1997 1996/1996/1996
f 1996/1996/1996 1999/1999/1999 1998/1998/1998
f 2002/2002/2002 2001/2001/2001 2000/2000/2000
f 2002/2002/2002 2000/2000/2000 2003/2003/2003
f 2004/2004/2004 2001/2001/2001 2002/2002/2002
f 2006/2006/2006 2005/2005/2005 1997/1997/1997
f 1998/1998/1998 2007/2007/2007 2006/2006/2006
f 1997/1997/1997 1998/1998/1998 2006/2006/2006
f 2010/2010/2010 2009/2009/2009 2008/2008/2008
f 2010/2010/2010 2012/2012/2012 2011/2011/2011
f 2013/2013/2013 2011/2011/2011 2012/2012/2012
f 2014/2014/2014 2011/2011/2011 2013/2013/2013
f 2016/2016/2016 2015/2015/2015 2014/2014/2014
f 2019/2019/2019 2018/2018/2018 2017/2017/2017
f 2020/2020/2020 2019/2019/2019 2017/2017/2017
f 2019/2019/2019 2020/2020/2020 2021/2021/2021
f 2020/2020/2020 2022/2022/2022 2021/2021/2021
f 2023/2023/2023 2021/2021/2021 2022/2022/2022
f 2024/2024/2024 2021/2021/2021 2023/2023/2023
f 2005/2005/2005 2014/2014/2014 2015/2015/2015
f 2027/2027/2027 2026/2026/2026 2025/2025/2025
f 2025/2025/2025 2026/2026/2026 2028/2028/2028
f 2025/2025/2025 2028/2028/2028 2029/2029/2029
f 2032/2032/2032 2031/2031/2031 2030/2030/2030
f 2033/2033/2033 2032/2032/2032 2028/2028/2028
f 2034/2034/2034 2031/2031/2031 2032/2032/2032
f 2037/2037/2037 2036/2036/2036 2035/2035/2035
f 2040/2040/2040 2039/2039/2039 2038/2038/2038
f 2042/2042/2042 2035/2035/2035 2041/2041/2041
f 2045/2045/2045 2044/2044/2044 2043/2043/2043
f 2046/2046/2046 2041/2041/2041 2035/2035/2035
f 2047/2047/2047 2046/2046/2046 2035/2035/2035
f 2041/2041/2041 2046/2046/2046 2048/2048/2048
f 2042/2042/2042 2041/2041/2041 2048/2048/2048
f 2051/2051/2051 2050/2050/2050 2049/2049/2049
f 2051/2051/2051 2049/2049/2049 2038/2038/2038
f 2038/2038/2038 2042/2042/2042 2051/2051/2051
f 2052/2052/2052 2027/2027/2027 2025/2025/2025
f 2053/2053/2053 2052/2052/2052 2025/2025/2025
f 2027/2027/2027 2055/2055/2055 2054/2054/2054
f 2026/2026/2026 2027/2027/2027 2054/2054/2054
f 2042/2042/2042 2048/2048/2048 2056/2056/2056
f 2057/2057/2057 2046/2046/2046 2047/2047/2047
f 2060/2060/2060 2059/2059/2059 2058/2058/2058
f 2063/2063/2063 2062/2062/2062 2061/2061/2061
f 2064/2064/2064 2063/2063/2063 2061/2061/2061
f 2054/2054/2054 2066/2066/2066 2065/2065/2065
f 2026/2026/2026 2054/2054/2054 2065/2065/2065
f 2069/2069/2069 2068/2068/2068 2067/2067/2067
f 2069/2069/2069 2070/2070/2070 2068/2068/2068
f 2045/2045/2045 2043/2043/2043 2071/2071/2071
f 2072/2072/2072 2069/2069/2069 2067/2067/2067
f 2073/2073/2073 2043/2043/2043 2044/2044/2044
f 2074/2074/2074 2073/2073/2073 2044/2044/2044
f 2073/2073/2073 2074/2074/2074 2075/2075/2075
f 2076/2076/2076 2073/2073/2073 2075/2075/2075
f 2077/2077/2077 2073/2073/2073 2076/2076/2076
f 2077/2077/2077 2076/2076/2076 2078/2078/2078
f 2080/2080/2080 2077/2077/2077 2079/2079/2079
f 2082/2082/2082 2081/2081/2081 2080/2080/2080
f 2070/2070/2070 2081/2081/2081 2082/2082/2082
f 2083/2083/2083 2081/2081/2081 2070/2070/2070
f 2072/2072/2072 2083/2083/2083 2070/2070/2070
f 2069/2069/2069 2072/2072/2072 2070/2070/2070
f 2086/2086/2086 2085/2085/2085 2084/2084/2084
f 2084/2084/2084 2087/2087/2087 2086/2086/2086
f 2088/2088/2088 2086/2086/2086 2087/2087/2087
f 2090/2090/2090 2089/2089/2089 2086/2086/2086
f 2088/2088/2088 2090/2090/2090 2086/2086/2086
f 2024/2024/2024 2089/2089/2089 2090/2090/2090
f 2092/2092/2092 2024/2024/2024 2091/2091/2091
f 2095/2095/2095 2094/2094/2094 2093/2093/2093
f 2095/2095/2095 2093/2093/2093 2092/2092/2092
f 2091/2091/2091 2095/2095/2095 2092/2092/2092
f 2093/2093/2093 2094/2094/2094 2096/2096/2096
f 2096/2096/2096 2016/2016/2016 2093/2093/2093
f 2097/2097/2097 2016/2016/2016 2096/2096/2096
f 1996/1996/1996 2016/2016/2016 2097/2097/2097
f 2015/2015/2015 2016/2016/2016 1996/1996/1996
f 1997/1997/1997 2015/2015/2015 1996/1996/1996
f 2005/2005/2005 1994/1994/1994 2098/2098/2098
f 1994/1994/1994 1995/1995/1995 2098/2098/2098
f 1995/1995/1995 2099/2099/2099 2085/2085/2085
f 1995/1995/1995 2085/2085/2085 2098/2098/2098
f 2084/2084/2084 2085/2085/2085 2099/2099/2099
f 2080/2080/2080 2079/2079/2079 2100/2100/2100
f 2080/2080/2080 2100/2100/2100 2101/2101/2101
f 2103/2103/2103 2080/2080/2080 2102/2102/2102
f 2105/2105/2105 2104/2104/2104 2103/2103/2103
f 2052/2052/2052 2053/2053/2053 2106/2106/2106
f 2053/2053/2053 2107/2107/2107 2106/2106/2106
f 2106/2106/2106 2107/2107/2107 2108/2108/2108
f 2107/2107/2107 2109/2109/2109 2108/2108/2108
f 2060/2060/2060 2047/2047/2047 2035/2035/2035
f 2036/2036/2036 2060/2060/2060 2035/2035/2035
f 2038/2038/2038 2035/2035/2035 2042/2042/2042
f 2031/2031/2031 2034/2034/2034 2110/2110/2110
f 2038/2038/2038 2049/2049/2049 2111/2111/2111
f 2110/2110/2110 2034/2034/2034 2112/2112/2112
f 2111/2111/2111 2049/2049/2049 2050/2050/2050
f 2050/2050/2050 2103/2103/2103 2111/2111/2111
f 2102/2102/2102 2112/2112/2112 2103/2103/2103
f 2107/2107/2107 2113/2113/2113 2109/2109/2109
f 2103/2103/2103 2050/2050/2050 2105/2105/2105
f 2105/2105/2105 2050/2050/2050 2114/2114/2114
f 2026/2026/2026 2065/2065/2065 2028/2028/2028
f 2064/2064/2064 2061/2061/2061 2033/2033/2033
f 2028/2028/2028 2064/2064/2064 2033/2033/2033
f 2053/2053/2053 2025/2025/2025 2029/2029/2029
f 2115/2115/2115 2053/2053/2053 2029/2029/2029
f 2056/2056/2056 2114/2114/2114 2042/2042/2042
f 2051/2051/2051 2042/2042/2042 2114/2114/2114
f 2050/2050/2050 2051/2051/2051 2114/2114/2114
f 2115/2115/2115 2113/2113/2113 2107/2107/2107
f 2053/2053/2053 2115/2115/2115 2107/2107/2107
f 2116/2116/2116 2068/2068/2068 2070/2070/2070
f 2117/2117/2117 2116/2116/2116 2070/2070/2070
f 2044/2044/2044 2045/2045/2045 2118/2118/2118
f 2118/2118/2118 2119/2119/2119 2074/2074/2074
f 2074/2074/2074 2044/2044/2044 2118/2118/2118
f 2071/2071/2071 2118/2118/2118 2045/2045/2045
f 2119/2119/2119 2075/2075/2075 2074/2074/2074
f 2070/2070/2070 2082/2082/2082 2117/2117/2117
f 2078/2078/2078 2079/2079/2079 2077/2077/2077
f 2075/2075/2075 2078/2078/2078 2076/2076/2076
f 2082/2082/2082 2101/2101/2101 2117/2117/2117
f 2078/2078/2078 2120/2120/2120 2079/2079/2079
f 2101/2101/2101 2082/2082/2082 2080/2080/2080
f 2121/2121/2121 2101/2101/2101 2100/2100/2100
f 2100/2100/2100 2079/2079/2079 2120/2120/2120
f 2100/2100/2100 2120/2120/2120 2122/2122/2122
f 2122/2122/2122 2121/2121/2121 2100/2100/2100
f 2123/2123/2123 2020/2020/2020 2017/2017/2017
f 2013/2013/2013 2012/2012/2012 2124/2124/2124
f 2124/2124/2124 2125/2125/2125 2013/2013/2013
f 2020/2020/2020 2126/2126/2126 2022/2022/2022
f 2123/2123/2123 2126/2126/2126 2020/2020/2020
f 2008/2008/2008 2124/2124/2124 2012/2012/2012
f 2008/2008/2008 2012/2012/2012 2010/2010/2010
f 2023/2023/2023 2022/2022/2022 2126/2126/2126
f 2014/2014/2014 2013/2013/2013 2125/2125/2125
f 2017/2017/2017 2018/2018/2018 2127/2127/2127
f 1993/1993/1993 1994/1994/1994 2006/2006/2006
f 1996/1996/1996 2097/2097/2097 1999/1999/1999
f 2096/2096/2096 2128/2128/2128 1999/1999/1999
f 2097/2097/2097 2096/2096/2096 1999/1999/1999
f 2129/2129/2129 2094/2094/2094 2095/2095/2095
f 2130/2130/2130 2129/2129/2129 2095/2095/2095
f 2094/2094/2094 2129/2129/2129 2128/2128/2128
f 2096/2096/2096 2094/2094/2094 2128/2128/2128
f 2131/2131/2131 2130/2130/2130 2095/2095/2095
f 2091/2091/2091 2131/2131/2131 2095/2095/2095
f 2091/2091/2091 2133/2133/2133 2132/2132/2132
f 2131/2131/2131 2091/2091/2091 2132/2132/2132
f 2135/2135/2135 2134/2134/2134 2133/2133/2133
f 2136/2136/2136 2134/2134/2134 2135/2135/2135
f 2135/2135/2135 2090/2090/2090 2136/2136/2136
f 2137/2137/2137 2136/2136/2136 2090/2090/2090
f 2088/2088/2088 2137/2137/2137 2090/2090/2090
f 2139/2139/2139 2138/2138/2138 2087/2087/2087
f 2084/2084/2084 2139/2139/2139 2087/2087/2087
f 2087/2087/2087 2138/2138/2138 2137/2137/2137
f 2088/2088/2088 2087/2087/2087 2137/2137/2137
f 2140/2140/2140 2139/2139/2139 2084/2084/2084
f 2099/2099/2099 2140/2140/2140 2084/2084/2084
f 2141/2141/2141 2140/2140/2140 2099/2099/2099
f 1995/1995/1995 2141/2141/2141 2099/2099/2099
f 1995/1995/1995 1992/1992/1992 2141/2141/2141
f 1986/1986/1986 2142/2142/2142 1985/1985/1985
f 1985/1985/1985 2143/2143/2143 1987/1987/1987
f 1988/1988/1988 2142/2142/2142 1986/1986/1986
f 2142/2142/2142 1988/1988/1988 1990/1990/1990
f 1990/1990/1990 2144/2144/2144 2142/2142/2142
f 2002/2002/2002 2145/2145/2145 2004/2004/2004
f 2004/2004/2004 2145/2145/2145 2146/2146/2146
f 2149/2149/2149 2148/2148/2148 2147/2147/2147
f 2151/2151/2151 2150/2150/2150 2147/2147/2147
f 2147/2147/2147 2148/2148/2148 2151/2151/2151
f 2151/2151/2151 2152/2152/2152 2150/2150/2150
f 2152/2152/2152 2154/2154/2154 2153/2153/2153
f 2150/2150/2150 2152/2152/2152 2153/2153/2153
f 2154/2154/2154 2155/2155/2155 2153/2153/2153
f 2156/2156/2156 2153/2153/2153 2155/2155/2155
f 2155/2155/2155 2157/2157/2157 2156/2156/2156
f 2160/2160/2160 2159/2159/2159 2158/2158/2158
f 2161/2161/2161 2160/2160/2160 2158/2158/2158
f 2162/2162/2162 2160/2160/2160 2161/2161/2161
f 2164/2164/2164 2163/2163/2163 2162/2162/2162
f 2165/2165/2165 2164/2164/2164 2162/2162/2162
f 2166/2166/2166 2164/2164/2164 2165/2165/2165
f 2167/2167/2167 2164/2164/2164 2166/2166/2166
f 2168/2168/2168 2167/2167/2167 2166/2166/2166
f 2168/2168/2168 2169/2169/2169 2167/2167/2167
f 2170/2170/2170 2167/2167/2167 2169/2169/2169
f 2143/2143/2143 2170/2170/2170 2171/2171/2171
f 2169/2169/2169 2171/2171/2171 2170/2170/2170
f 2143/2143/2143 2171/2171/2171 1987/1987/1987
f 2172/2172/2172 1991/1991/1991 1989/1989/1989
f 1989/1989/1989 2173/2173/2173 2172/2172/2172
f 2172/2172/2172 2173/2173/2173 2174/2174/2174
f 2176/2176/2176 2165/2165/2165 2175/2175/2175
f 2162/2162/2162 2177/2177/2177 2175/2175/2175
f 2175/2175/2175 2165/2165/2165 2162/2162/2162
f 2161/2161/2161 2178/2178/2178 2177/2177/2177
f 2162/2162/2162 2161/2161/2161 2177/2177/2177
f 2180/2180/2180 2179/2179/2179 2134/2134/2134
f 2181/2181/2181 2179/2179/2179 2180/2180/2180
f 2184/2184/2184 2183/2183/2183 2182/2182/2182
f 2186/2186/2186 2185/2185/2185 2145/2145/2145
f 2145/2145/2145 2003/2003/2003 2186/2186/2186
f 2002/2002/2002 2003/2003/2003 2145/2145/2145
f 2187/2187/2187 2001/2001/2001 2004/2004/2004
f 2188/2188/2188 2187/2187/2187 2004/2004/2004
f 2187/2187/2187 2189/2189/2189 2001/2001/2001
f 2000/2000/2000 2001/2001/2001 2189/2189/2189
f 2169/2169/2169 2173/2173/2173 2171/2171/2171
f 2173/2173/2173 2169/2169/2169 2174/2174/2174
f 1987/1987/1987 2173/2173/2173 1989/1989/1989
f 1987/1987/1987 2171/2171/2171 2173/2173/2173
f 2191/2191/2191 2190/2190/2190 2169/2169/2169
f 2168/2168/2168 2191/2191/2191 2169/2169/2169
f 2166/2166/2166 2176/2176/2176 2191/2191/2191
f 2168/2168/2168 2166/2166/2166 2191/2191/2191
f 2176/2176/2176 2166/2166/2166 2165/2165/2165
f 2193/2193/2193 2192/2192/2192 2157/2157/2157
f 2155/2155/2155 2193/2193/2193 2157/2157/2157
f 2158/2158/2158 2178/2178/2178 2161/2161/2161
f 2194/2194/2194 2193/2193/2193 2155/2155/2155
f 2155/2155/2155 2154/2154/2154 2194/2194/2194
f 2195/2195/2195 2194/2194/2194 2154/2154/2154
f 2152/2152/2152 2195/2195/2195 2154/2154/2154
f 2196/2196/2196 2195/2195/2195 2152/2152/2152
f 2151/2151/2151 2196/2196/2196 2152/2152/2152
f 2148/2148/2148 2196/2196/2196 2151/2151/2151
f 2182/2182/2182 2196/2196/2196 2148/2148/2148
f 2184/2184/2184 2182/2182/2182 2148/2148/2148
f 2145/2145/2145 2185/2185/2185 2146/2146/2146
f 2149/2149/2149 2184/2184/2184 2148/2148/2148
f 2005/2005/2005 2015/2015/2015 1997/1997/1997
f 2006/2006/2006 2197/2197/2197 1993/1993/1993
f 2005/2005/2005 2006/2006/2006 1994/1994/1994
f 2024/2024/2024 2133/2133/2133 2091/2091/2091
f 2135/2135/2135 2133/2133/2133 2024/2024/2024
f 2135/2135/2135 2024/2024/2024 2090/2090/2090
