mtllib leave-4.mtl
v 37.75439 12.00006 -26.08851
v 36.22359 12.00006 -25.78411
v 36.22358 8.000064 -25.78411
v 37.75439 8.000062 -26.08851
v 34.92599 12.00006 -24.91691
v 34.92598 8.000065 -24.91691
v 34.05878 12.00007 -23.61931
v 34.05878 8.000066 -23.61931
v 33.75439 12.00007 -22.08851
v 33.75438 8.000066 -22.08851
v 34.05879 12.00007 -20.55771
v 34.05878 8.000066 -20.55771
v 34.92599 12.00006 -19.26011
v 34.92599 8.000065 -19.26011
v 36.22359 12.00006 -18.39291
v 36.22359 8.000063 -18.39291
v 37.7544 12.00006 -18.08851
v 37.75439 8.000062 -18.08851
v 39.2852 12.00006 -18.39291
v 39.2852 8.00006 -18.39291
v 40.5828 12.00006 -19.26011
v 40.5828 8.000059 -19.26011
v 41.45 12.00006 -20.55771
v 41.45 8.000058 -20.55771
v 41.7544 12.00006 -22.08851
v 41.7544 8.000058 -22.08851
v 41.45 12.00006 -23.61931
v 41.45 8.000058 -23.61931
v 40.5828 12.00006 -24.91691
v 40.58279 8.000059 -24.91691
v 39.28519 12.00006 -25.78411
v 39.28519 8.000061 -25.78411
v 37.75439 12.00006 -28.08851
v 35.45818 12.00006 -27.63191
v 35.45818 8.000065 -27.63191
v 37.75438 8.000063 -28.08851
v 33.51178 12.00007 -26.33111
v 33.51178 8.000067 -26.33111
v 32.21098 12.00007 -24.38471
v 32.21098 8.000068 -24.38471
v 31.75438 12.00007 -22.08851
v 31.75438 8.000068 -22.08851
v 32.21099 12.00007 -19.79231
v 32.21098 8.000068 -19.79231
v 33.51179 12.00007 -17.84591
v 33.51179 8.000066 -17.84591
v 35.45819 12.00006 -16.54511
v 35.45819 8.000064 -16.54511
v 37.7544 12.00006 -16.08851
v 37.7544 8.000061 -16.08851
v 40.05061 12.00006 -16.54511
v 40.0506 8.000059 -16.54511
v 41.99701 12.00006 -17.84591
v 41.997 8.000057 -17.84591
v 43.29781 12.00006 -19.79231
v 43.29781 8.000056 -19.79231
v 43.75441 12.00006 -22.08851
v 43.7544 8.000056 -22.08851
v 43.2978 12.00006 -24.38471
v 43.2978 8.000056 -24.38471
v 41.997 12.00006 -26.33111
v 41.99699 8.000058 -26.33111
v 40.05059 12.00006 -27.63191
v 40.05059 8.00006 -27.63191
v 31.75438 12.00007 -22.08851
v 33.75439 12.00007 -22.08851
v 34.05879 12.00007 -20.55771
v 32.21099 12.00007 -19.79231
v 34.92599 12.00006 -19.26011
v 33.51179 12.00007 -17.84591
v 36.22359 12.00006 -18.39291
v 35.45819 12.00006 -16.54511
v 37.7544 12.00006 -18.08851
v 37.7544 12.00006 -16.08851
v 39.2852 12.00006 -18.39291
v 40.05061 12.00006 -16.54511
v 40.5828 12.00006 -19.26011
v 41.99701 12.00006 -17.84591
v 41.45 12.00006 -20.55771
v 43.29781 12.00006 -19.79231
v 41.7544 12.00006 -22.08851
v 43.75441 12.00006 -22.08851
v 41.45 12.00006 -23.61931
v 43.2978 12.00006 -24.38471
v 40.5828 12.00006 -24.91691
v 41.997 12.00006 -26.33111
v 39.28519 12.00006 -25.78411
v 40.05059 12.00006 -27.63191
v 37.75439 12.00006 -26.08851
v 37.75439 12.00006 -28.08851
v 36.22359 12.00006 -25.78411
v 35.45818 12.00006 -27.63191
v 34.92599 12.00006 -24.91691
v 33.51178 12.00007 -26.33111
v 34.05878 12.00007 -23.61931
v 32.21098 12.00007 -24.38471
v 37.75439 6.146429E-05 -16.08851
v 35.45818 6.380041E-05 -16.54511
v 35.45819 5.000064 -16.54511
v 37.75439 5.000062 -16.08851
v 33.51178 6.586053E-05 -17.84591
v 33.51178 5.000066 -17.84591
v 32.21098 6.733149E-05 -19.79231
v 32.21098 5.000067 -19.79231
v 31.75437 6.798883E-05 -22.08851
v 31.75438 5.000068 -22.08851
v 32.21097 6.773297E-05 -24.38471
v 32.21098 5.000068 -24.38471
v 33.51177 6.660233E-05 -26.33111
v 33.51178 5.000067 -26.33111
v 35.45817 6.476965E-05 -27.63191
v 35.45818 5.000065 -27.63191
v 37.75438 6.251337E-05 -28.08851
v 37.75438 5.000062 -28.08851
v 40.05058 6.017725E-05 -27.63191
v 40.05059 5.00006 -27.63191
v 41.99699 5.811713E-05 -26.33111
v 41.99699 5.000058 -26.33111
v 43.29779 5.664617E-05 -24.38471
v 43.2978 5.000057 -24.38471
v 43.75439 5.598883E-05 -22.08851
v 43.7544 5.000056 -22.08851
v 43.29779 5.624469E-05 -19.79231
v 43.2978 5.000056 -19.79231
v 41.99699 5.737533E-05 -17.84591
v 41.997 5.000057 -17.84591
v 40.05059 5.920801E-05 -16.54511
v 40.0506 5.000059 -16.54511
v 37.75439 6.128945E-05 -14.08851
v 34.69278 6.440427E-05 -14.69731
v 34.69279 5.000064 -14.69731
v 37.75439 5.000062 -14.08851
v 32.09758 6.71511E-05 -16.43171
v 32.09758 5.000067 -16.43171
v 30.36317 6.911238E-05 -19.02691
v 30.36318 5.000069 -19.02691
v 29.75437 6.998883E-05 -22.08851
v 29.75437 5.00007 -22.08851
v 30.36316 6.964769E-05 -25.15011
v 30.36317 5.00007 -25.15011
v 32.09756 6.814017E-05 -27.74531
v 32.09757 5.000068 -27.74531
v 34.69277 6.569659E-05 -29.47971
v 34.69278 5.000066 -29.47971
v 37.75438 6.268821E-05 -30.08851
v 37.75438 5.000062 -30.08851
v 40.81598 5.957339E-05 -29.47971
v 40.81599 5.00006 -29.47971
v 43.41119 5.682656E-05 -27.74531
v 43.41119 5.000057 -27.74531
v 45.1456 5.486528E-05 -25.15011
v 45.1456 5.000055 -25.15011
v 45.7544 5.398883E-05 -22.08851
v 45.7544 5.000054 -22.08851
v 45.1456 5.432998E-05 -19.02691
v 45.14561 5.000054 -19.02691
v 43.4112 5.58375E-05 -16.43171
v 43.41121 5.000056 -16.43171
v 40.816 5.828107E-05 -14.69731
v 40.816 5.000058 -14.69731
v 29.75437 6.998883E-05 -22.08851
v 31.75437 6.798883E-05 -22.08851
v 32.21097 6.773297E-05 -24.38471
v 30.36316 6.964769E-05 -25.15011
v 33.51177 6.660233E-05 -26.33111
v 32.09756 6.814017E-05 -27.74531
v 35.45817 6.476965E-05 -27.63191
v 34.69277 6.569659E-05 -29.47971
v 37.75438 6.251337E-05 -28.08851
v 37.75438 6.268821E-05 -30.08851
v 40.05058 6.017725E-05 -27.63191
v 40.81598 5.957339E-05 -29.47971
v 41.99699 5.811713E-05 -26.33111
v 43.41119 5.682656E-05 -27.74531
v 43.29779 5.664617E-05 -24.38471
v 45.1456 5.486528E-05 -25.15011
v 43.75439 5.598883E-05 -22.08851
v 45.7544 5.398883E-05 -22.08851
v 43.29779 5.624469E-05 -19.79231
v 45.1456 5.432998E-05 -19.02691
v 41.99699 5.737533E-05 -17.84591
v 43.4112 5.58375E-05 -16.43171
v 40.05059 5.920801E-05 -16.54511
v 40.816 5.828107E-05 -14.69731
v 37.75439 6.146429E-05 -16.08851
v 37.75439 6.128945E-05 -14.08851
v 35.45818 6.380041E-05 -16.54511
v 34.69278 6.440427E-05 -14.69731
v 33.51178 6.586053E-05 -17.84591
v 32.09758 6.71511E-05 -16.43171
v 32.21098 6.733149E-05 -19.79231
v 30.36317 6.911238E-05 -19.02691
v 37.75439 8.000062 -27.08851
v 35.84088 8.000064 -26.70801
v 33.92737 8.000067 -31.32751
v 37.75438 8.000063 -32.08851
v 34.21888 8.000066 -25.62401
v 30.68337 8.00007 -29.15951
v 33.13488 8.000067 -24.00201
v 28.51537 8.000072 -25.91551
v 32.75438 8.000067 -22.08851
v 27.75437 8.000072 -22.08851
v 33.13488 8.000067 -20.17501
v 28.51538 8.000071 -18.26151
v 34.21889 8.000065 -18.55301
v 30.68338 8.000069 -15.01751
v 35.84089 8.000064 -17.46901
v 33.92739 8.000065 -12.84951
v 37.75439 8.000062 -17.08851
v 37.7544 8.000061 -12.08851
v 39.6679 8.00006 -17.46901
v 41.58141 8.000057 -12.84951
v 41.2899 8.000058 -18.55301
v 44.82541 8.000054 -15.01751
v 42.3739 8.000057 -20.17501
v 46.99341 8.000052 -18.26151
v 42.7544 8.000057 -22.08851
v 47.75441 8.000052 -22.08851
v 31.75438 5.000068 -22.08851
v 33.75438 5.000066 -22.08851
v 34.05878 5.000065 -20.55771
v 32.21098 5.000067 -19.79231
v 34.92598 5.000064 -19.26011
v 33.51178 5.000066 -17.84591
v 36.22359 5.000063 -18.39291
v 35.45819 5.000064 -16.54511
v 37.75439 5.000062 -18.08851
v 37.75439 5.000062 -16.08851
v 39.28519 5.00006 -18.39291
v 40.0506 5.000059 -16.54511
v 40.5828 5.000059 -19.26011
v 41.997 5.000057 -17.84591
v 41.45 5.000058 -20.55771
v 43.2978 5.000056 -19.79231
v 41.75439 5.000058 -22.08851
v 43.7544 5.000056 -22.08851
v 41.44999 5.000059 -23.61931
v 43.2978 5.000057 -24.38471
v 40.58279 5.00006 -24.91691
v 41.99699 5.000058 -26.33111
v 39.28519 5.000061 -25.78411
v 40.05059 5.00006 -27.63191
v 37.75438 5.000062 -26.08851
v 37.75438 5.000062 -28.08851
v 36.22358 5.000064 -25.78411
v 35.45818 5.000065 -27.63191
v 34.92598 5.000065 -24.91691
v 33.51178 5.000067 -26.33111
v 34.05878 5.000066 -23.61931
v 32.21098 5.000068 -24.38471
v 37.75438 5.000062 -26.08851
v 36.22358 5.000064 -25.78411
v 34.92598 5.000065 -24.91691
v 34.05878 5.000066 -23.61931
v 33.75438 5.000066 -22.08851
v 34.05878 5.000065 -20.55771
v 34.92598 5.000064 -19.26011
v 36.22359 5.000063 -18.39291
v 37.75439 5.000062 -18.08851
v 39.28519 5.00006 -18.39291
v 40.5828 5.000059 -19.26011
v 41.45 5.000058 -20.55771
v 41.75439 5.000058 -22.08851
v 41.44999 5.000059 -23.61931
v 40.58279 5.00006 -24.91691
v 39.28519 5.000061 -25.78411
v 37.75438 7.000063 -32.08851
v 37.75438 8.000063 -32.08851
v 33.92737 8.000067 -31.32751
v 33.92737 7.000067 -31.32751
v 30.68337 8.00007 -29.15951
v 30.68337 7.00007 -29.15951
v 47.75441 7.000052 -22.08851
v 47.75441 8.000052 -22.08851
v 46.99341 8.000052 -18.26151
v 46.99341 7.000052 -18.26151
v 44.82541 8.000054 -15.01751
v 44.82541 7.000054 -15.01751
v 44.82548 5.000054 -15.01744
v 41.58127 8.000057 -12.84945
v 41.58127 5.000057 -12.84945
v 37.7544 8.000061 -12.0886
v 37.7544 5.000061 -12.0886
v 33.92753 8.000065 -12.84945
v 33.92752 5.000065 -12.84945
v 30.68331 8.000069 -15.01744
v 30.68331 5.000069 -15.01744
v 28.51532 8.000071 -18.26165
v 28.51531 5.000071 -18.26165
v 27.75446 8.000072 -22.08851
v 27.75446 5.000072 -22.08851
v 28.51531 8.000072 -25.91537
v 28.5153 5.000072 -25.91537
v 30.6833 5.00007 -29.15958
v 32.09753 5.000068 -27.74535
v 30.36314 5.00007 -25.14999
v 28.51533 5.000072 -25.91536
v 30.68332 5.00007 -29.15956
v 29.75447 5.00007 -22.08851
v 27.75449 5.000072 -22.08851
v 30.36315 5.000069 -19.02703
v 28.51534 5.000071 -18.26166
v 32.09754 5.000067 -16.43167
v 30.68333 5.000069 -15.01746
v 34.69291 5.000064 -14.69728
v 33.92754 5.000065 -12.84948
v 37.75439 5.000062 -14.08861
v 37.7544 5.000061 -12.08863
v 40.81588 5.000058 -14.69728
v 41.58126 5.000057 -12.84948
v 43.41124 5.000056 -16.43167
v 44.82546 5.000054 -15.01746
v 46.1544 8.544354 -31.18851
v 47.3544 8.342653 -31.28851
v 45.5544 8.300055 -30.18851
v 47.8544 9.245152 -32.78851
v 49.05441 9.188352 -32.68851
v 49.6544 10.61175 -34.38851
v 50.45441 10.40185 -34.28851
v 51.65441 11.46315 -36.38851
v 52.25441 11.06635 -35.98851
v 53.85441 11.82845 -38.58851
v 54.45441 11.38845 -38.28851
v 55.55441 11.71305 -40.18851
v 55.95441 11.26295 -39.88851
v 57.45441 11.08914 -41.08851
v 57.45441 11.08914 -41.08851
v 56.25441 11.65434 -39.48851
v 55.95441 11.26295 -39.88851
v 54.85441 11.75965 -37.98851
v 54.45441 11.38845 -38.28851
v 52.65441 11.43835 -35.58851
v 52.25441 11.06635 -35.98851
v 50.95441 10.78945 -33.88851
v 50.45441 10.40185 -34.28851
v 49.45441 9.578951 -32.28851
v 49.05441 9.188352 -32.68851
v 47.5544 8.669653 -30.78851
v 47.3544 8.342653 -31.28851
v 45.5544 8.300055 -30.18851
v 46.45439 11.00776 -42.38851
v 45.75439 11.12436 -40.28851
v 44.55439 10.43356 -41.18851
v 48.3544 11.82315 -41.58851
v 48.55439 11.21895 -42.98851
v 51.5544 11.73995 -42.48851
v 51.6544 11.06175 -43.78851
v 54.35441 11.29805 -42.68851
v 54.6544 10.30755 -43.98851
v 56.95441 10.62564 -42.68851
v 57.85441 9.073244 -43.78851
v 58.45441 10.02614 -42.38851
v 59.25441 8.598442 -43.28851
v 60.05442 8.679042 -42.08851
v 58.95441 10.36524 -40.88851
v 60.35442 9.812641 -38.38851
v 59.05442 10.93694 -37.78851
v 60.05442 10.39804 -34.68851
v 58.55442 11.18224 -34.68851
v 58.55442 10.22874 -30.58851
v 56.55442 10.63954 -30.68851
v 56.15442 8.894344 -26.98851
v 54.85442 9.456045 -27.78851
v 54.05442 7.957246 -25.38851
v 52.75442 8.414847 -26.28851
v 50.55441 7.600049 -23.98851
v 50.15441 8.00005 -25.18851
v 47.55441 8.000052 -23.28851
v 47.25441 8.000052 -24.68851
v 42.85439 9.278358 -39.68851
v 43.55439 9.737758 -38.58851
v 41.35438 8.12996 -37.38851
v 42.25439 8.470259 -35.88851
v 40.25438 7.900061 -34.48851
v 41.45439 8.000059 -33.78851
v 39.35439 8.000061 -31.78851
v 40.75439 8.00006 -31.48851
v 57.45441 11.08914 -41.08851
v 55.55441 11.71305 -40.18851
v 53.85441 11.82845 -38.58851
v 51.65441 11.46315 -36.38851
v 49.6544 10.61175 -34.38851
v 45.75439 11.12436 -40.28851
v 47.8544 9.245152 -32.78851
v 47.5544 8.669653 -30.78851
v 49.45441 9.578951 -32.28851
v 50.95441 10.78945 -33.88851
v 52.65441 11.43835 -35.58851
v 54.85441 11.75965 -37.98851
v 58.55442 11.18224 -34.68851
v 56.25441 11.65434 -39.48851
v 50.35442 7.300049 -19.88851
v 50.15442 7.700049 -19.28851
v 48.85441 7.700051 -20.58851
v 51.75442 7.700047 -18.88851
v 51.95442 7.300047 -19.88851
v 53.65442 7.300046 -19.98851
v 53.65443 7.700046 -18.98851
v 55.55443 7.700044 -19.78851
v 55.35443 7.300044 -20.58851
v 57.55443 7.900042 -20.48851
v 57.55443 7.500042 -20.98851
v 59.65444 7.90004 -20.58851
v 59.75444 7.50004 -20.98851
v 61.85444 7.500038 -20.78851
v 61.85444 7.500038 -20.78851
v 59.75444 7.50004 -20.98851
v 59.75444 7.90004 -21.38851
v 57.55443 7.500042 -20.98851
v 57.55443 7.900042 -21.38851
v 55.25443 7.700045 -21.08851
v 55.35443 7.300044 -20.58851
v 53.55442 7.700046 -20.68851
v 53.65442 7.300046 -19.98851
v 51.95442 7.300047 -19.88851
v 51.95442 7.700047 -20.58851
v 50.35442 7.300049 -19.88851
v 50.45442 7.700049 -20.58851
v 48.85441 7.700051 -20.58851
v 59.15443 7.400041 -26.28851
v 58.65443 7.900042 -25.58851
v 56.30433 8.032544 -27.21331
v 56.55442 7.600044 -27.58851
v 61.75444 7.000038 -24.08851
v 60.85443 7.500039 -23.58851
v 62.15444 7.500038 -21.88851
v 63.35444 6.500036 -22.08851
v 63.55444 6.500036 -21.28851
v 63.05444 6.500037 -20.38851
v 62.15444 7.500038 -21.88851
v 61.85444 7.500038 -20.78851
v 60.65444 7.600039 -19.18851
v 61.85444 6.600038 -18.78851
v 59.95444 6.800039 -16.68851
v 58.75444 7.60004 -16.88851
v 57.45444 6.700042 -14.68851
v 56.55444 7.400043 -15.28851
v 54.45443 6.600045 -13.48851
v 53.65443 7.400045 -14.28851
v 51.75443 6.600047 -12.98851
v 51.65443 7.500047 -14.08851
v 48.65442 6.90005 -13.68851
v 49.05442 7.70005 -14.98851
v 44.82541 7.500054 -15.01751
v 45.66851 7.900054 -16.27911
v 30.68337 7.70007 -29.15951
v 29.25436 7.100071 -32.58851
v 30.85437 7.60007 -32.98851
v 29.55436 7.700071 -35.78851
v 28.45436 7.100072 -35.28851
v 28.35436 7.100073 -37.08851
v 29.65436 7.700071 -37.38851
v 30.65436 8.000071 -40.48851
v 29.45436 7.400072 -40.78851
v 31.95436 7.60007 -44.98851
v 32.95436 8.200068 -44.38851
v 34.35436 7.400068 -47.58851
v 35.35436 8.000067 -46.58851
v 36.55436 7.100066 -49.08851
v 37.35436 7.800065 -47.98851
v 38.35437 8.000064 -47.98851
v 37.75436 6.800065 -49.68851
v 38.75436 6.800064 -49.58851
v 40.15437 6.900062 -48.28851
v 38.35437 8.000064 -47.98851
v 39.95437 8.000062 -46.18851
v 41.65437 7.10006 -46.38851
v 43.05438 7.400059 -43.88851
v 41.55438 8.00006 -43.48851
v 44.41418 8.637557 -40.95481
v 42.85439 8.563559 -39.68851
v 41.55438 8.00006 -43.48851
v 36.45438 7.700065 -35.28851
v 36.65438 7.600064 -33.38851
v 35.95437 7.300065 -35.18851
v 35.85437 7.300065 -37.18851
v 36.55437 7.700065 -37.18851
v 37.35437 8.300064 -39.88851
v 36.65437 7.900064 -39.98851
v 37.65437 8.100064 -43.08851
v 38.35437 8.500063 -43.18851
v 38.35437 7.900064 -46.18851
v 38.35437 7.900064 -46.18851
v 37.65437 8.100064 -43.08851
v 37.05437 8.500065 -43.08851
v 36.05437 8.300065 -40.08851
v 36.65437 7.900064 -39.98851
v 35.05437 7.700066 -37.28851
v 35.85437 7.300065 -37.18851
v 35.25437 7.700066 -34.98851
v 35.95437 7.300065 -35.18851
v 36.65438 7.600064 -33.38851
v 38.75437 8.300063 -45.88851
v 38.35437 8.000064 -47.98851
v 38.35437 8.000064 -47.98851
v 37.85437 8.300064 -46.28851
v 47.75441 7.600052 -22.08851
v 48.85441 7.700051 -20.58851
v 50.15442 7.700049 -19.28851
v 49.05442 7.70005 -14.98851
v 53.65443 7.400045 -14.28851
v 51.65443 7.500047 -14.08851
v 51.75442 7.700047 -18.88851
v 56.55444 7.400043 -15.28851
v 58.75444 7.60004 -16.88851
v 53.65443 7.700046 -18.98851
v 57.55443 7.900042 -20.48851
v 55.55443 7.700044 -19.78851
v 60.65444 7.600039 -19.18851
v 59.65444 7.90004 -20.58851
v 61.85444 7.500038 -20.78851
v 59.75444 7.90004 -21.38851
v 58.65443 7.900042 -25.58851
v 56.30433 8.032544 -27.21331
v 57.55443 7.900042 -21.38851
v 50.55441 7.400049 -23.98851
v 55.25443 7.700044 -21.08851
v 53.55442 7.700046 -20.68851
v 51.95442 7.700047 -20.58851
v 47.55441 7.400053 -23.28851
v 50.45442 7.700049 -20.58851
v 36.65438 7.600064 -33.38851
v 39.35439 7.447061 -31.78851
v 41.35438 7.77136 -37.38851
v 36.45438 7.700065 -35.28851
v 36.55437 7.700065 -37.18851
v 37.35437 8.300064 -39.88851
v 38.35437 8.500063 -43.18851
v 38.75437 8.300063 -45.88851
v 37.85437 8.300064 -46.28851
v 37.05437 8.500065 -43.08851
v 36.05437 8.300065 -40.08851
v 35.05437 7.700066 -37.28851
v 30.65436 8.000071 -40.48851
v 35.25437 7.700066 -34.98851
v 44.41418 8.637557 -40.95481
v 43.7544 8.000056 -22.08851
v 37.75438 8.000063 -28.08851
v 60.05442 8.679042 -42.08851
v 59.25441 8.598442 -43.28851
v 59.25441 6.298442 -43.28851
v 60.05441 6.379041 -42.08851
v 59.25441 8.598442 -43.28851
v 57.85441 9.073244 -43.78851
v 57.85441 6.773244 -43.78851
v 59.25441 6.298442 -43.28851
v 54.6544 10.30755 -43.98851
v 54.6544 8.007547 -43.98851
v 51.6544 11.06175 -43.78851
v 51.6544 8.76175 -43.78851
v 48.55439 11.21895 -42.98851
v 48.55439 8.918953 -42.98851
v 46.45439 11.00776 -42.38851
v 46.45439 8.707755 -42.38851
v 44.55439 10.43356 -41.18851
v 44.34998 7.815157 -40.84791
v 56.15442 8.894344 -26.98851
v 58.55442 10.22874 -30.58851
v 58.55442 7.928742 -30.58851
v 56.55442 6.594344 -27.58851
v 60.05442 10.39804 -34.68851
v 60.05442 8.098041 -34.68851
v 60.35442 9.812641 -38.38851
v 60.35442 7.512641 -38.38851
v 60.05442 8.679042 -42.08851
v 60.05441 6.379041 -42.08851
v 56.55442 6.594344 -27.58851
v 44.34998 7.815157 -40.84791
v 44.35439 6.408757 -36.98851
v 46.45439 8.707755 -42.38851
v 58.55442 7.928742 -30.58851
v 60.05442 8.098041 -34.68851
v 48.55439 8.918953 -42.98851
v 60.35442 7.512641 -38.38851
v 51.6544 8.76175 -43.78851
v 54.6544 8.007547 -43.98851
v 59.25441 6.298442 -43.28851
v 60.05441 6.379041 -42.08851
v 57.85441 6.773244 -43.78851
v 48.65442 5.20005 -13.68851
v 44.82551 5.000054 -15.01741
v 44.82541 7.500054 -15.01751
v 48.65442 6.90005 -13.68851
v 51.75443 4.900047 -12.98851
v 51.75443 6.600047 -12.98851
v 54.45443 4.900044 -13.48851
v 54.45443 6.600045 -13.48851
v 57.45444 5.100041 -14.68851
v 57.45444 6.700042 -14.68851
v 59.95444 5.100039 -16.68851
v 59.95444 6.800039 -16.68851
v 61.85444 4.900038 -18.78851
v 61.85444 6.600038 -18.78851
v 63.05444 4.800036 -20.38851
v 63.05444 6.500037 -20.38851
v 63.55444 4.800036 -21.28851
v 63.55444 6.500036 -21.28851
v 63.35444 4.800036 -22.08851
v 63.55444 4.800036 -21.28851
v 63.55444 6.500036 -21.28851
v 63.35444 6.500036 -22.08851
v 61.75443 5.000038 -24.08851
v 61.75444 7.000038 -24.08851
v 59.15443 5.400041 -26.28851
v 59.15443 7.400041 -26.28851
v 56.55442 5.400044 -27.58851
v 56.55442 7.600044 -27.58851
v 53.20441 5.250047 -27.58851
v 56.55442 5.400044 -27.58851
v 56.55442 7.600044 -27.58851
v 53.15302 5.815647 -27.58851
v 51.45441 5.200749 -26.98851
v 47.55441 8.000052 -23.28851
v 47.55441 7.400052 -23.28851
v 50.55441 7.400049 -23.98851
v 47.55441 7.400052 -23.28851
v 47.55441 8.000052 -23.28851
v 50.55441 7.600049 -23.98851
v 54.05442 7.830246 -25.38851
v 54.05442 7.957246 -25.38851
v 51.45441 5.200749 -26.98851
v 43.25439 5.415358 -34.28851
v 43.41119 5.000057 -27.74531
v 49.65441 5.000051 -25.08851
v 45.7544 5.000054 -22.08851
v 40.81599 5.00006 -29.47971
v 48.65442 5.20005 -13.68851
v 54.45443 4.900044 -13.48851
v 53.15302 5.815647 -27.58851
v 51.75443 4.900047 -12.98851
v 53.20441 5.250047 -27.58851
v 56.55442 5.400044 -27.58851
v 57.45444 5.100041 -14.68851
v 59.15443 5.400041 -26.28851
v 59.95444 5.100039 -16.68851
v 61.85444 4.900038 -18.78851
v 61.75443 5.000038 -24.08851
v 63.05444 4.800036 -20.38851
v 63.35444 4.800036 -22.08851
v 63.55444 4.800036 -21.28851
v 44.25438 6.000057 -40.68851
v 44.41418 8.637557 -40.95481
v 43.05438 7.400059 -43.88851
v 43.05438 5.300058 -43.88851
v 41.65437 5.00006 -46.38851
v 41.65437 7.10006 -46.38851
v 44.35439 5.700057 -36.98851
v 43.25439 5.415358 -34.28851
v 44.35439 6.408757 -36.98851
v 42.85439 8.563559 -39.68851
v 42.85439 9.278358 -39.68851
v 41.35438 7.77136 -37.38851
v 41.35438 8.12996 -37.38851
v 40.25438 7.60846 -34.48851
v 40.25438 7.900061 -34.48851
v 39.35439 7.447061 -31.78851
v 39.35439 8.000061 -31.78851
v 39.35439 8.000061 -31.78851
v 39.35439 7.447061 -31.78851
v 40.15437 4.800062 -48.28851
v 40.15437 6.900062 -48.28851
v 38.75436 4.700063 -49.58851
v 38.75436 6.800063 -49.58851
v 37.75436 6.800065 -49.68851
v 37.75436 4.700065 -49.68851
v 38.75436 4.700063 -49.58851
v 38.75436 6.800063 -49.58851
v 29.25436 5.000072 -32.58851
v 29.25436 7.100071 -32.58851
v 30.68337 7.70007 -29.15951
v 30.68337 5.00007 -29.15951
v 28.45436 5.000072 -35.28851
v 28.45436 7.100072 -35.28851
v 28.35435 5.000072 -37.08851
v 28.35436 7.100073 -37.08851
v 29.45435 5.300072 -40.78851
v 29.45436 7.400072 -40.78851
v 31.95435 5.50007 -44.98851
v 31.95436 7.60007 -44.98851
v 34.35435 5.300067 -47.58851
v 34.35436 7.400068 -47.58851
v 36.55436 5.000065 -49.08851
v 36.55436 7.100066 -49.08851
v 37.75436 6.800065 -49.68851
v 37.75436 4.700065 -49.68851
v 37.75438 5.000062 -30.08851
v 29.25436 5.000072 -32.58851
v 34.69278 5.000066 -29.47971
v 28.45436 5.000072 -35.28851
v 44.25438 6.000057 -40.68851
v 29.45435 5.300072 -40.78851
v 28.35435 5.000072 -37.08851
v 44.35439 5.700057 -36.98851
v 31.95435 5.50007 -44.98851
v 34.35435 5.300067 -47.58851
v 43.05438 5.300058 -43.88851
v 41.65437 5.00006 -46.38851
v 36.55436 5.000065 -49.08851
v 38.75436 4.700063 -49.58851
v 40.15437 4.800062 -48.28851
v 37.75436 4.700065 -49.68851
v -9.70499 8.000029 15.10962
v -11.04626 8.000027 17.02847
v -11.04626 13.00003 17.02848
v -9.70499 13.00003 15.10962
v -11.55076 8.000025 19.31453
v -11.55076 13.00002 19.31454
v -11.14243 8.000023 21.61971
v -11.14243 13.00002 21.61971
v -9.882687 8.000022 23.59305
v -9.882687 13.00002 23.59305
v -7.963827 8.000023 24.93432
v -7.963827 13.00002 24.93433
v -5.677769 8.000024 25.43882
v -5.677769 13.00002 25.43882
v -3.372591 8.000026 25.03049
v -3.372591 13.00003 25.0305
v -1.39925 8.000029 23.77075
v -1.39925 13.00003 23.77075
v -0.05797619 8.000031 21.85189
v -0.05797619 13.00003 21.8519
v 0.4465172 8.000032 19.56584
v 0.4465172 13.00003 19.56584
v 0.03819287 8.000034 17.26066
v 0.03819287 13.00003 17.26066
v -1.221554 8.000035 15.28732
v -1.221554 13.00004 15.28732
v -3.140414 8.000034 13.94604
v -3.140414 13.00003 13.94605
v -5.426471 8.000033 13.44155
v -5.426471 13.00003 13.44156
v -7.731649 8.000031 13.84987
v -7.731649 13.00003 13.84988
v -11.08928 8.00003 13.66609
v -12.87765 8.000026 16.22457
v -12.87765 13.00003 16.22458
v -11.08928 13.00003 13.6661
v -13.5503 8.000023 19.27265
v -13.5503 13.00002 19.27265
v -13.00587 8.000021 22.34621
v -13.00587 13.00002 22.34622
v -11.32621 8.00002 24.97733
v -11.32621 13.00002 24.97734
v -8.767729 8.000021 26.7657
v -8.767729 13.00002 26.76571
v -5.719652 8.000022 27.43836
v -5.719652 13.00002 27.43837
v -2.646081 8.000025 26.89393
v -2.646081 13.00002 26.89394
v -0.01496029 8.000028 25.21427
v -0.01496029 13.00003 25.21428
v 1.773405 8.000031 22.65579
v 1.773405 13.00003 22.6558
v 2.446063 8.000034 19.60772
v 2.446063 13.00003 19.60773
v 1.901631 8.000036 16.53415
v 1.901631 13.00004 16.53416
v 0.2219677 8.000037 13.90303
v 0.2219677 13.00004 13.90304
v -2.336511 8.000036 12.11466
v -2.336511 13.00004 12.11467
v -5.384588 8.000035 11.44201
v -5.384588 13.00004 11.44201
v -8.458158 8.000032 11.98643
v -8.458158 13.00003 11.98644
v -11.32621 8.00002 24.97733
v -9.882687 8.000022 23.59305
v -7.963827 8.000023 24.93432
v -8.767729 8.000021 26.7657
v -5.677769 8.000024 25.43882
v -5.719652 8.000022 27.43836
v -3.372591 8.000026 25.03049
v -2.646081 8.000025 26.89393
v -1.39925 8.000029 23.77075
v -0.01496029 8.000028 25.21427
v -0.05797619 8.000031 21.85189
v 1.773405 8.000031 22.65579
v 0.4465172 8.000032 19.56584
v 2.446063 8.000034 19.60772
v 0.03819287 8.000034 17.26066
v 1.901631 8.000036 16.53415
v -1.221554 8.000035 15.28732
v 0.2219677 8.000037 13.90303
v -3.140414 8.000034 13.94604
v -2.336511 8.000036 12.11466
v -5.426471 8.000033 13.44155
v -5.384588 8.000035 11.44201
v -7.731649 8.000031 13.84987
v -8.458158 8.000032 11.98643
v -9.70499 8.000029 15.10962
v -11.08928 8.00003 13.66609
v -11.04626 8.000027 17.02847
v -12.87765 8.000026 16.22457
v -11.55076 8.000025 19.31453
v -13.5503 8.000023 19.27265
v -11.14243 8.000023 21.61971
v -13.00587 8.000021 22.34621
v 33.60067 8.000093 -26.41902
v 32.2594 8.000091 -24.50016
v 32.2594 13.00009 -24.50016
v 33.60067 13.00009 -26.41902
v 31.7549 8.000088 -22.21411
v 31.7549 13.00009 -22.2141
v 32.16323 8.000087 -19.90893
v 32.16323 13.00009 -19.90893
v 33.42297 8.000086 -17.93559
v 33.42297 13.00009 -17.93559
v 35.34183 8.000086 -16.59432
v 35.34183 13.00009 -16.59431
v 37.62789 8.000088 -16.08982
v 37.62789 13.00009 -16.08982
v 39.93307 8.00009 -16.49815
v 39.93307 13.00009 -16.49814
v 41.90641 8.000092 -17.75789
v 41.90641 13.00009 -17.75788
v 43.24768 8.000094 -19.67675
v 43.24768 13.00009 -19.67674
v 43.75217 8.000096 -21.9628
v 43.75217 13.0001 -21.9628
v 43.34385 8.000098 -24.26798
v 43.34385 13.0001 -24.26797
v 42.08411 8.000098 -26.24132
v 42.08411 13.0001 -26.24131
v 40.16524 8.000098 -27.58259
v 40.16524 13.0001 -27.58259
v 37.87919 8.000097 -28.08709
v 37.87919 13.0001 -28.08708
v 35.57401 8.000095 -27.67877
v 35.57401 13.0001 -27.67876
v 32.21638 8.000093 -27.86254
v 30.42801 8.00009 -25.30407
v 30.42801 13.00009 -25.30406
v 32.21638 13.00009 -27.86254
v 29.75536 8.000087 -22.25599
v 29.75536 13.00009 -22.25599
v 30.29979 8.000085 -19.18242
v 30.29979 13.00008 -19.18242
v 31.97945 8.000084 -16.5513
v 31.97945 13.00008 -16.5513
v 34.53793 8.000084 -14.76294
v 34.53793 13.00008 -14.76293
v 37.58601 8.000086 -14.09028
v 37.58601 13.00009 -14.09027
v 40.65958 8.000089 -14.63471
v 40.65958 13.00009 -14.6347
v 43.2907 8.000092 -16.31437
v 43.2907 13.00009 -16.31436
v 45.07906 8.000095 -18.87284
v 45.07906 13.0001 -18.87284
v 45.75172 8.000098 -21.92092
v 45.75172 13.0001 -21.92091
v 45.20729 8.0001 -24.99449
v 45.20729 13.0001 -24.99448
v 43.52763 8.000101 -27.62561
v 43.52763 13.0001 -27.6256
v 40.96915 8.0001 -29.41397
v 40.96915 13.0001 -29.41397
v 37.92107 8.000098 -30.08663
v 37.92107 13.0001 -30.08663
v 34.8475 8.000096 -29.5422
v 34.8475 13.0001 -29.5422
v 31.97945 8.000084 -16.5513
v 33.42297 8.000086 -17.93559
v 35.34183 8.000086 -16.59432
v 34.53793 8.000084 -14.76294
v 37.62789 8.000088 -16.08982
v 37.58601 8.000086 -14.09028
v 39.93307 8.00009 -16.49815
v 40.65958 8.000089 -14.63471
v 41.90641 8.000092 -17.75789
v 43.2907 8.000092 -16.31437
v 43.24768 8.000094 -19.67675
v 45.07906 8.000095 -18.87284
v 43.75217 8.000096 -21.9628
v 45.75172 8.000098 -21.92092
v 43.34385 8.000098 -24.26798
v 45.20729 8.0001 -24.99449
v 42.08411 8.000098 -26.24132
v 43.52763 8.000101 -27.62561
v 40.16524 8.000098 -27.58259
v 40.96915 8.0001 -29.41397
v 37.87919 8.000097 -28.08709
v 37.92107 8.000098 -30.08663
v 35.57401 8.000095 -27.67877
v 34.8475 8.000096 -29.5422
v 33.60067 8.000093 -26.41902
v 32.21638 8.000093 -27.86254
v 32.2594 8.000091 -24.50016
v 30.42801 8.00009 -25.30407
v 31.7549 8.000088 -22.21411
v 29.75536 8.000087 -22.25599
v 32.16323 8.000087 -19.90893
v 30.29979 8.000085 -19.18242
v -8.3207 16.00003 16.55315
v -9.214883 16.00003 17.83239
v -9.214883 13.00003 17.83238
v -8.3207 13.00003 16.55314
v -9.551211 16.00003 19.35642
v -9.551211 13.00003 19.35642
v -9.278996 16.00002 20.89321
v -9.278996 13.00002 20.8932
v -8.439164 16.00002 22.20877
v -8.439164 13.00002 22.20876
v -7.159925 16.00002 23.10295
v -7.159925 13.00002 23.10295
v -5.635886 16.00002 23.43928
v -5.635886 13.00003 23.43928
v -4.099101 16.00003 23.16706
v -4.099101 13.00003 23.16706
v -2.78354 16.00003 22.32724
v -2.78354 13.00003 22.32723
v -1.889357 16.00003 21.048
v -1.889357 13.00003 21.04799
v -1.553029 16.00003 19.52396
v -1.553029 13.00003 19.52396
v -1.825245 16.00003 17.98717
v -1.825245 13.00003 17.98717
v -2.665076 16.00003 16.67162
v -2.665076 13.00003 16.67161
v -3.944316 16.00003 15.77743
v -3.944316 13.00003 15.77743
v -5.468354 16.00003 15.4411
v -5.468354 13.00003 15.4411
v -7.005139 16.00003 15.71332
v -7.005139 13.00003 15.71331
v -7.72838 16.00005 -11.72495
v -8.622563 16.00005 -10.44571
v -8.622563 13.00005 -10.44572
v -7.72838 13.00005 -11.72496
v -8.958892 16.00005 -8.921677
v -8.958892 13.00005 -8.92168
v -8.686676 16.00005 -7.384892
v -8.686676 13.00005 -7.384895
v -7.846844 16.00005 -6.069332
v -7.846844 13.00005 -6.069335
v -6.567605 16.00005 -5.175149
v -6.567605 13.00005 -5.175152
v -5.043566 16.00005 -4.83882
v -5.043566 13.00005 -4.838823
v -3.50678 16.00005 -5.111034
v -3.50678 13.00005 -5.111037
v -2.19122 16.00005 -5.950864
v -2.19122 13.00005 -5.950867
v -1.297037 16.00005 -7.230102
v -1.297037 13.00005 -7.230105
v -0.960709 16.00005 -8.754139
v -0.960709 13.00005 -8.754143
v -1.232924 16.00006 -10.29092
v -1.232924 13.00006 -10.29093
v -2.072756 16.00006 -11.60648
v -2.072756 13.00006 -11.60649
v -3.351995 16.00006 -12.50067
v -3.351995 13.00006 -12.50067
v -4.876034 16.00005 -12.837
v -4.876034 13.00005 -12.837
v -6.41282 16.00005 -12.56478
v -6.41282 13.00005 -12.56479
v 19.95742 16.00005 17.14549
v 19.06324 16.00005 18.42472
v 19.06324 13.00005 18.42472
v 19.95742 13.00005 17.14548
v 18.72691 16.00005 19.94876
v 18.72691 13.00005 19.94876
v 18.99912 16.00004 21.48555
v 18.99912 13.00004 21.48554
v 19.83895 16.00004 22.80111
v 19.83895 13.00004 22.8011
v 21.11819 16.00004 23.69529
v 21.11819 13.00004 23.69529
v 22.64223 16.00005 24.03162
v 22.64223 13.00005 24.03162
v 24.17902 16.00005 23.75941
v 24.17902 13.00005 23.7594
v 25.49458 16.00005 22.91957
v 25.49458 13.00005 22.91957
v 26.38876 16.00005 21.64034
v 26.38876 13.00005 21.64034
v 26.72509 16.00005 20.1163
v 26.72509 13.00005 20.1163
v 26.45288 16.00005 18.57952
v 26.45288 13.00005 18.57951
v 25.61304 16.00005 17.26396
v 25.61304 13.00005 17.26395
v 24.33381 16.00005 16.36977
v 24.33381 13.00005 16.36977
v 22.80976 16.00005 16.03344
v 22.80976 13.00005 16.03344
v 21.27298 16.00005 16.30566
v 21.27298 13.00005 16.30565
v 6.70684 16.00007 -25.56783
v 5.812656 16.00007 -24.28859
v 5.812656 13.00007 -24.2886
v 6.70684 13.00007 -25.56783
v 5.476328 16.00007 -22.76456
v 5.476328 13.00007 -22.76456
v 5.748545 16.00007 -21.22777
v 5.748545 13.00007 -21.22778
v 6.588376 16.00007 -19.91221
v 6.588376 13.00007 -19.91221
v 7.867616 16.00007 -19.01803
v 7.867616 13.00007 -19.01803
v 9.391654 16.00007 -18.6817
v 9.391654 13.00007 -18.6817
v 10.92844 16.00007 -18.95391
v 10.92844 13.00007 -18.95392
v 12.244 16.00007 -19.79374
v 12.244 13.00007 -19.79375
v 13.13818 16.00007 -21.07298
v 13.13818 13.00007 -21.07298
v 13.47451 16.00007 -22.59702
v 13.47451 13.00008 -22.59702
v 13.20229 16.00008 -24.1338
v 13.20229 13.00008 -24.13381
v 12.36246 16.00008 -25.44936
v 12.36246 13.00008 -25.44937
v 11.08322 16.00008 -26.34355
v 11.08322 13.00008 -26.34355
v 9.559185 16.00008 -26.67988
v 9.559185 13.00008 -26.67988
v 8.0224 16.00007 -26.40766
v 8.0224 13.00007 -26.40767
v 34.39264 16.00007 3.302608
v 33.49846 16.00007 4.581846
v 33.49846 13.00007 4.581842
v 34.39264 13.00007 3.302605
v 33.16213 16.00007 6.105883
v 33.16213 13.00007 6.10588
v 33.43435 16.00007 7.642667
v 33.43435 13.00007 7.642663
v 34.27417 16.00006 8.958228
v 34.27417 13.00007 8.958224
v 35.55342 16.00006 9.85241
v 35.55342 13.00007 9.852407
v 37.07745 16.00007 10.18874
v 37.07745 13.00007 10.18874
v 38.61424 16.00007 9.916526
v 38.61424 13.00007 9.916523
v 39.9298 16.00007 9.076696
v 39.9298 13.00007 9.076693
v 40.82398 16.00007 7.797458
v 40.82398 13.00007 7.797455
v 41.16031 16.00007 6.273421
v 41.16031 13.00007 6.273417
v 40.88809 16.00007 4.736637
v 40.88809 13.00007 4.736634
v 40.04826 16.00007 3.421076
v 40.04826 13.00007 3.421073
v 38.76902 16.00007 2.526894
v 38.76902 13.00007 2.526891
v 37.24498 16.00007 2.190564
v 37.24498 13.00007 2.19056
v 35.7082 16.00007 2.462778
v 35.7082 13.00007 2.462775
v 34.98496 16.00009 -24.97549
v 34.09077 16.00009 -23.69625
v 34.09077 13.00009 -23.69626
v 34.98496 13.00009 -24.97549
v 33.75445 16.00009 -22.17222
v 33.75445 13.00009 -22.17222
v 34.02666 16.00009 -20.63543
v 34.02666 13.00009 -20.63544
v 34.86649 16.00009 -19.31987
v 34.86649 13.00009 -19.31987
v 36.14574 16.00009 -18.42569
v 36.14574 13.00009 -18.42569
v 37.66977 16.00009 -18.08936
v 37.66977 13.00009 -18.08936
v 39.20656 16.00009 -18.36157
v 39.20656 13.00009 -18.36158
v 40.52212 16.00009 -19.2014
v 40.52212 13.00009 -19.20141
v 41.4163 16.00009 -20.48064
v 41.4163 13.00009 -20.48064
v 41.75263 16.0001 -22.00468
v 41.75263 13.0001 -22.00468
v 41.48042 16.0001 -23.54146
v 41.48042 13.0001 -23.54147
v 40.64058 16.0001 -24.85702
v 40.64058 13.0001 -24.85703
v 39.36134 16.0001 -25.75121
v 39.36134 13.0001 -25.75121
v 37.8373 16.0001 -26.08754
v 37.8373 13.0001 -26.08754
v 36.30052 16.00009 -25.81532
v 36.30052 13.00009 -25.81532
v -12.47357 13.00003 12.22258
v -12.47357 16.00003 12.22258
v -14.70903 16.00002 15.42068
v -14.70903 13.00002 15.42067
v -15.54985 16.00002 19.23077
v -15.54985 13.00002 19.23077
v -14.86931 16.00002 23.07273
v -14.86931 13.00002 23.07273
v -12.76973 16.00002 26.36163
v -12.76973 13.00002 26.36163
v -9.571631 16.00002 28.59709
v -9.571631 13.00002 28.59709
v -5.761535 16.00002 29.43791
v -5.761535 13.00002 29.43791
v -1.919572 16.00002 28.75738
v -1.919572 13.00002 28.75737
v 1.36933 16.00003 26.6578
v 1.36933 13.00003 26.6578
v 3.527066 16.00003 23.59104
v 3.527066 13.00003 23.59104
v 3.527066 13.00003 23.59104
v 3.527066 16.00003 23.59104
v 18.21755 16.00004 23.89876
v 18.21755 13.00004 23.89876
v 18.21755 13.00004 23.89876
v 18.21755 16.00004 23.89876
v 18.39543 16.00004 24.1854
v 18.39543 13.00004 24.18539
v 18.57313 13.00005 15.70196
v 18.57313 16.00005 15.70197
v 20.54647 16.00005 14.44222
v 20.54647 13.00005 14.44222
v 22.85165 16.00005 14.0339
v 22.85165 13.00005 14.0339
v 25.13771 16.00006 14.53839
v 25.13771 13.00005 14.53839
v 27.05656 16.00006 15.87967
v 27.05656 13.00006 15.87966
v 28.31631 16.00005 17.85301
v 28.31631 13.00005 17.853
v 28.72464 16.00005 20.15818
v 28.72464 13.00005 20.15818
v 28.22014 16.00005 22.44424
v 28.22014 13.00005 22.44424
v 26.87887 16.00005 24.3631
v 26.87887 13.00005 24.36309
v 24.90553 16.00005 25.62284
v 24.90553 13.00005 25.62284
v 22.60035 16.00004 26.03116
v 22.60035 13.00004 26.03116
v 20.31429 16.00004 25.52667
v 20.31429 13.00004 25.52667
v 18.3834 16.00005 15.9809
v 18.3834 13.00005 15.98089
v 18.3834 13.00005 15.98089
v 18.3834 16.00005 15.9809
v 4.145366 16.00004 15.68265
v 4.145366 13.00004 15.68265
v 4.145366 13.00004 15.68265
v 4.145366 16.00004 15.68265
v 10.49686 16.00005 9.591786
v 10.49686 13.00005 9.591784
v 10.49686 13.00005 9.591784
v 10.49686 16.00005 9.591786
v 32.65277 16.00006 10.05589
v 32.65277 13.00006 10.05588
v 32.65277 13.00006 10.05588
v 32.65277 16.00006 10.05589
v 32.83065 16.00006 10.34252
v 32.83065 13.00006 10.34251
v 33.00835 13.00007 1.859083
v 33.00835 16.00007 1.859086
v 34.98169 16.00007 0.5993414
v 34.98169 13.00007 0.5993381
v 37.28687 16.00007 0.1910195
v 37.28687 13.00007 0.1910162
v 39.57293 16.00008 0.6955137
v 39.57293 13.00008 0.6955105
v 41.49178 16.00008 2.036788
v 41.49178 13.00008 2.036785
v 42.75153 16.00008 4.010128
v 42.75153 13.00008 4.010125
v 43.15985 16.00007 6.315305
v 43.15985 13.00007 6.315302
v 42.65536 16.00007 8.601361
v 42.65536 13.00007 8.601357
v 41.31409 16.00007 10.52022
v 41.31409 13.00007 10.52022
v 39.34075 16.00007 11.77996
v 39.34075 13.00007 11.77996
v 37.03557 16.00006 12.18828
v 37.03557 13.00006 12.18828
v 34.74951 16.00006 11.68379
v 34.74951 13.00006 11.68379
v 32.81861 16.00007 2.138018
v 32.81861 13.00007 2.138015
v 32.81861 13.00007 2.138015
v 32.81861 16.00007 2.138018
v 18.58059 16.00006 1.839773
v 18.58059 13.00006 1.83977
v 18.58059 13.00006 1.83977
v 18.58059 16.00006 1.839773
v 35.68632 16.00009 -14.56404
v 35.68632 13.00008 -14.56404
v 35.68632 13.00008 -14.56404
v 35.68632 16.00009 -14.56404
v 37.58769 16.00009 -14.17058
v 37.58769 13.00009 -14.17058
v 43.2907 16.00009 -16.31436
v 40.65958 16.00009 -14.6347
v 37.58601 16.00009 -14.09027
v 32.21638 16.00009 -27.86254
v 34.8475 16.0001 -29.54219
v 37.92107 16.0001 -30.08662
v 40.96915 16.0001 -29.41396
v 43.52763 16.0001 -27.6256
v 45.20729 16.0001 -24.99448
v 45.75172 16.0001 -21.92091
v 45.07906 16.0001 -18.87284
v 30.42801 16.00009 -25.30406
v 29.75536 16.00009 -22.25599
v 29.83567 13.00009 -22.25431
v 29.83567 16.00009 -22.2543
v 30.14916 16.00009 -20.33813
v 30.14916 13.00009 -20.33813
v 30.14916 13.00009 -20.33813
v 30.14916 16.00009 -20.33813
v 13.04343 16.00006 -3.934315
v 13.04343 13.00006 -3.934318
v 13.04343 13.00006 -3.934318
v 13.04343 16.00006 -3.934315
v 13.34166 16.00007 -18.17234
v 13.34166 13.00007 -18.17234
v 13.34166 13.00007 -18.17234
v 13.34166 16.00007 -18.17234
v 13.62829 16.00007 -18.35022
v 13.62829 13.00007 -18.35023
v 14.96956 16.00007 -20.26908
v 14.96956 13.00007 -20.26908
v 15.47406 16.00008 -22.55513
v 15.47406 13.00008 -22.55514
v 15.06573 16.00008 -24.86031
v 15.06573 13.00008 -24.86031
v 13.80599 16.00008 -26.83365
v 13.80599 13.00008 -26.83365
v 11.88713 16.00008 -28.17492
v 11.88713 13.00008 -28.17493
v 9.601068 16.00008 -28.67942
v 9.601068 13.00008 -28.67942
v 7.29589 16.00007 -28.2711
v 7.29589 13.00008 -28.2711
v 5.32255 16.00007 -27.01135
v 5.32255 13.00007 -27.01136
v 3.981276 16.00007 -25.0925
v 3.981276 13.00007 -25.0925
v 3.476783 16.00007 -22.80644
v 3.476783 13.00007 -22.80644
v 3.885107 16.00007 -20.50126
v 3.885107 13.00007 -20.50127
v 5.144854 16.00007 -18.52792
v 5.144854 13.00007 -18.52793
v 5.423784 16.00007 -18.33819
v 5.423784 13.00007 -18.3382
v 5.423784 13.00007 -18.3382
v 5.423784 16.00007 -18.33819
v 4.959702 16.00005 3.817698
v 4.959702 13.00005 3.817695
v 4.959702 13.00005 3.817695
v 4.959702 16.00005 3.817698
v -1.391794 16.00004 9.908565
v -1.391794 13.00004 9.908562
v -1.391794 13.00004 9.908562
v -1.391794 16.00004 9.908565
v -1.093561 16.00005 -4.329458
v -1.093561 13.00005 -4.329461
v -1.093561 13.00005 -4.329461
v -1.093561 16.00005 -4.329458
v -0.8069303 16.00005 -4.507342
v -0.8069303 13.00005 -4.507345
v 0.5343436 16.00005 -6.426199
v 0.5343436 13.00005 -6.426202
v 1.038836 16.00006 -8.712255
v 1.038836 13.00006 -8.712258
v 0.6305127 16.00006 -11.01743
v 0.6305127 13.00006 -11.01744
v -0.6292343 16.00006 -12.99077
v -0.6292343 13.00006 -12.99078
v -2.548094 16.00006 -14.33205
v -2.548094 13.00006 -14.33205
v -4.834151 16.00006 -14.83654
v -4.834151 13.00006 -14.83654
v -7.139329 16.00005 -14.42822
v -7.139329 13.00005 -14.42822
v -9.11267 16.00005 -13.16847
v -9.11267 13.00005 -13.16848
v -10.45394 16.00005 -11.24962
v -10.45394 13.00005 -11.24962
v -10.95844 16.00005 -8.963561
v -10.95844 13.00005 -8.963565
v -10.55011 16.00005 -6.658385
v -10.55011 13.00005 -6.658388
v -9.290366 16.00004 -4.685044
v -9.290366 13.00004 -4.685048
v -9.011436 16.00004 -4.495313
v -9.011436 13.00004 -4.495316
v -9.011436 13.00004 -4.495316
v -9.011436 16.00004 -4.495313
v -9.319145 16.00003 10.19516
v -9.319145 13.00003 10.19516
v -9.319145 13.00003 10.19516
v -9.319145 16.00003 10.19516
v 18.3834 13.00005 15.98089
v 4.145366 13.00004 15.68265
v 3.979516 13.00003 23.60052
v 18.21755 13.00004 23.89876
v 32.81861 13.00007 2.138015
v 18.58059 13.00006 1.83977
v 10.49686 13.00005 9.591784
v 32.65277 13.00006 10.05588
v 30.14916 13.00009 -20.33813
v -1.391794 13.00004 9.908562
v 35.68632 13.00008 -14.56404
v 13.34166 13.00007 -18.17234
v 5.423784 13.00007 -18.3382
v 4.959702 13.00005 3.817695
v 13.04343 13.00006 -3.934318
v -1.093561 13.00005 -4.329461
v -9.011436 13.00004 -4.495316
v -9.309669 13.00003 9.742706
v -9.882687 13.00002 23.59305
v -8.439164 13.00002 22.20876
v -9.278996 13.00002 20.8932
v -11.14243 13.00002 21.61971
v -9.551211 13.00003 19.35642
v -11.55076 13.00002 19.31454
v -9.214883 13.00003 17.83238
v -11.04626 13.00003 17.02848
v -8.3207 13.00003 16.55314
v -9.70499 13.00003 15.10962
v -7.005139 13.00003 15.71331
v -7.731649 13.00003 13.84988
v -5.468354 13.00003 15.4411
v -5.426471 13.00003 13.44156
v -3.944316 13.00003 15.77743
v -3.140414 13.00003 13.94605
v -2.665076 13.00003 16.67161
v -1.221554 13.00004 15.28732
v -1.825245 13.00003 17.98717
v 0.03819287 13.00003 17.26066
v -1.553029 13.00003 19.52396
v 0.4465172 13.00003 19.56584
v -1.889357 13.00003 21.04799
v -0.05797619 13.00003 21.8519
v -2.78354 13.00003 22.32723
v -1.39925 13.00003 23.77075
v -4.099101 13.00003 23.16706
v -3.372591 13.00003 25.0305
v -5.635886 13.00003 23.43928
v -5.677769 13.00002 25.43882
v -7.159925 13.00002 23.10295
v -7.963827 13.00002 24.93433
v -12.76973 13.00002 26.36163
v -11.32621 13.00002 24.97734
v -13.00587 13.00002 22.34622
v -14.86931 13.00002 23.07273
v -13.5503 13.00002 19.27265
v -15.54985 13.00002 19.23077
v -12.87765 13.00003 16.22458
v -14.70903 13.00002 15.42067
v -11.08928 13.00003 13.6661
v -12.47357 13.00003 12.22258
v -8.458158 13.00003 11.98644
v -9.184669 13.00003 10.123
v -5.384588 13.00004 11.44201
v -5.342705 13.00004 9.442466
v -2.336511 13.00004 12.11467
v -1.532609 13.00004 10.28329
v 0.2219677 13.00004 13.90304
v 1.66549 13.00004 12.51875
v 1.901631 13.00004 16.53416
v 3.765069 13.00004 15.80765
v 2.446063 13.00003 19.60773
v 4.445609 13.00004 19.64961
v 1.773405 13.00003 22.6558
v 3.604787 13.00003 23.4597
v -0.01496029 13.00003 25.21428
v 1.36933 13.00003 26.6578
v -2.646081 13.00002 26.89394
v -1.919572 13.00002 28.75737
v -5.719652 13.00002 27.43837
v -5.761535 13.00002 29.43791
v -8.767729 13.00002 26.76571
v -9.571631 13.00002 28.59709
v 18.39543 13.00004 24.18539
v 19.83895 13.00004 22.8011
v 18.99912 13.00004 21.48554
v 17.13569 13.00004 22.21205
v 18.72691 13.00005 19.94876
v 16.72736 13.00004 19.90688
v 19.06324 13.00005 18.42472
v 17.23186 13.00005 17.62082
v 19.95742 13.00005 17.14548
v 18.57313 13.00005 15.70196
v 21.27298 13.00005 16.30565
v 20.54647 13.00005 14.44222
v 22.80976 13.00005 16.03344
v 22.85165 13.00005 14.0339
v 24.33381 13.00005 16.36977
v 25.13771 13.00005 14.53839
v 25.61304 13.00005 17.26395
v 27.05656 13.00006 15.87966
v 26.45288 13.00005 18.57951
v 28.31631 13.00005 17.853
v 26.72509 13.00005 20.1163
v 28.72464 13.00005 20.15818
v 26.38876 13.00005 21.64034
v 28.22014 13.00005 22.44424
v 25.49458 13.00005 22.91957
v 26.87887 13.00005 24.36309
v 24.17902 13.00005 23.7594
v 24.90553 13.00005 25.62284
v 22.64223 13.00005 24.03162
v 22.60035 13.00004 26.03116
v 21.11819 13.00004 23.69529
v 20.31429 13.00004 25.52667
v -9.290366 13.00004 -4.685048
v -7.846844 13.00005 -6.069335
v -8.686676 13.00005 -7.384895
v -10.55011 13.00005 -6.658388
v -8.958892 13.00005 -8.92168
v -10.95844 13.00005 -8.963565
v -8.622563 13.00005 -10.44572
v -10.45394 13.00005 -11.24962
v -7.72838 13.00005 -11.72496
v -9.11267 13.00005 -13.16848
v -6.41282 13.00005 -12.56479
v -7.139329 13.00005 -14.42822
v -4.876034 13.00005 -12.837
v -4.834151 13.00006 -14.83654
v -3.351995 13.00006 -12.50067
v -2.548094 13.00006 -14.33205
v -2.072756 13.00006 -11.60649
v -0.6292343 13.00006 -12.99078
v -1.232924 13.00006 -10.29093
v 0.6305127 13.00006 -11.01744
v -0.960709 13.00005 -8.754143
v 1.038836 13.00006 -8.712258
v -1.297037 13.00005 -7.230105
v 0.5343436 13.00005 -6.426202
v -2.19122 13.00005 -5.950867
v -0.8069303 13.00005 -4.507345
v -3.50678 13.00005 -5.111037
v -2.780271 13.00005 -3.247601
v -5.043566 13.00005 -4.838823
v -5.085449 13.00005 -2.839279
v -6.567605 13.00005 -5.175152
v -7.371507 13.00004 -3.343773
v 32.83065 13.00006 10.34251
v 34.27417 13.00007 8.958224
v 33.43435 13.00007 7.642663
v 31.57091 13.00006 8.369172
v 33.16213 13.00007 6.10588
v 31.16258 13.00007 6.063995
v 33.49846 13.00007 4.581842
v 31.66708 13.00007 3.77794
v 34.39264 13.00007 3.302605
v 33.00835 13.00007 1.859083
v 35.7082 13.00007 2.462775
v 34.98169 13.00007 0.5993381
v 37.24498 13.00007 2.19056
v 37.28687 13.00007 0.1910162
v 38.76902 13.00007 2.526891
v 39.57293 13.00008 0.6955105
v 40.04826 13.00007 3.421073
v 41.49178 13.00008 2.036785
v 40.88809 13.00007 4.736634
v 42.75153 13.00008 4.010125
v 41.16031 13.00007 6.273417
v 43.15985 13.00007 6.315302
v 40.82398 13.00007 7.797455
v 42.65536 13.00007 8.601357
v 39.9298 13.00007 9.076693
v 41.31409 13.00007 10.52022
v 38.61424 13.00007 9.916523
v 39.34075 13.00007 11.77996
v 37.07745 13.00007 10.18874
v 37.03557 13.00006 12.18828
v 35.55342 13.00007 9.852407
v 34.74951 13.00006 11.68379
v 5.144854 13.00007 -18.52793
v 6.588376 13.00007 -19.91221
v 5.748545 13.00007 -21.22778
v 3.885107 13.00007 -20.50127
v 5.476328 13.00007 -22.76456
v 3.476783 13.00007 -22.80644
v 5.812656 13.00007 -24.2886
v 3.981276 13.00007 -25.0925
v 6.70684 13.00007 -25.56783
v 5.32255 13.00007 -27.01136
v 8.0224 13.00007 -26.40767
v 7.29589 13.00008 -28.2711
v 9.559185 13.00008 -26.67988
v 9.601068 13.00008 -28.67942
v 11.08322 13.00008 -26.34355
v 11.88713 13.00008 -28.17493
v 12.36246 13.00008 -25.44937
v 13.80599 13.00008 -26.83365
v 13.20229 13.00008 -24.13381
v 15.06573 13.00008 -24.86031
v 13.47451 13.00008 -22.59702
v 15.47406 13.00008 -22.55514
v 13.13818 13.00007 -21.07298
v 14.96956 13.00007 -20.26908
v 12.244 13.00007 -19.79375
v 13.62829 13.00007 -18.35023
v 10.92844 13.00007 -18.95392
v 11.65495 13.00007 -17.09048
v 9.391654 13.00007 -18.6817
v 9.349771 13.00007 -16.68216
v 7.867616 13.00007 -19.01803
v 7.063713 13.00007 -17.18665
v 33.42297 13.00009 -17.93559
v 34.86649 13.00009 -19.31987
v 34.02666 13.00009 -20.63544
v 32.16323 13.00009 -19.90893
v 33.75445 13.00009 -22.17222
v 31.7549 13.00009 -22.2141
v 34.09077 13.00009 -23.69626
v 32.2594 13.00009 -24.50016
v 34.98496 13.00009 -24.97549
v 33.60067 13.00009 -26.41902
v 36.30052 13.00009 -25.81532
v 35.57401 13.0001 -27.67876
v 37.8373 13.0001 -26.08754
v 37.87919 13.0001 -28.08708
v 39.36134 13.0001 -25.75121
v 40.16524 13.0001 -27.58259
v 40.64058 13.0001 -24.85703
v 42.08411 13.0001 -26.24131
v 41.48042 13.0001 -23.54147
v 43.34385 13.0001 -24.26797
v 41.75263 13.0001 -22.00468
v 43.75217 13.0001 -21.9628
v 41.4163 13.00009 -20.48064
v 43.24768 13.00009 -19.67674
v 40.52212 13.00009 -19.20141
v 41.90641 13.00009 -17.75788
v 39.20656 13.00009 -18.36158
v 39.93307 13.00009 -16.49814
v 37.66977 13.00009 -18.08936
v 37.62789 13.00009 -16.08982
v 36.14574 13.00009 -18.42569
v 35.34183 13.00009 -16.59431
v 18.3834 16.00005 15.9809
v 18.21755 16.00004 23.89876
v 3.979516 16.00003 23.60052
v 4.145366 16.00004 15.68265
v 32.81861 16.00007 2.138018
v 32.65277 16.00006 10.05589
v 10.49686 16.00005 9.591786
v 18.58059 16.00006 1.839773
v 30.14916 16.00009 -20.33813
v 35.68632 16.00009 -14.56404
v -1.391794 16.00004 9.908565
v 13.34166 16.00007 -18.17234
v 13.04343 16.00006 -3.934315
v 4.959702 16.00005 3.817698
v 5.423784 16.00007 -18.33819
v -1.093561 16.00005 -4.329458
v -9.309669 16.00003 9.742709
v -9.011436 16.00004 -4.495313
v -11.32621 16.00002 24.97734
v -9.882687 16.00002 23.59306
v -7.963827 16.00002 24.93433
v -8.767729 16.00002 26.76571
v -5.677769 16.00002 25.43882
v -5.719652 16.00002 27.43837
v -3.372591 16.00003 25.0305
v -2.646081 16.00002 26.89394
v -1.39925 16.00003 23.77076
v -0.01496029 16.00003 25.21428
v -0.05797619 16.00003 21.8519
v 1.773405 16.00003 22.6558
v 0.4465172 16.00003 19.56584
v 2.446063 16.00003 19.60773
v 0.03819287 16.00003 17.26067
v 1.901631 16.00004 16.53416
v -1.221554 16.00003 15.28733
v 0.2219677 16.00004 13.90304
v -3.140414 16.00003 13.94605
v -2.336511 16.00004 12.11467
v -5.426471 16.00003 13.44156
v -5.384588 16.00003 11.44201
v -7.731649 16.00003 13.84988
v -8.458158 16.00003 11.98644
v -9.70499 16.00003 15.10962
v -11.08928 16.00003 13.6661
v -11.04626 16.00003 17.02848
v -12.87765 16.00003 16.22458
v -11.55076 16.00002 19.31454
v -13.5503 16.00002 19.27265
v -11.14243 16.00002 21.61971
v -13.00587 16.00002 22.34622
v -12.76973 16.00002 26.36163
v -9.571631 16.00002 28.59709
v -5.761535 16.00002 29.43791
v -1.919572 16.00002 28.75738
v 1.36933 16.00003 26.6578
v 3.604787 16.00003 23.45971
v 4.445609 16.00004 19.64961
v 3.765069 16.00004 15.80765
v 1.66549 16.00004 12.51875
v -1.532609 16.00004 10.28329
v -5.342705 16.00004 9.44247
v -9.184669 16.00003 10.12301
v -12.47357 16.00003 12.22258
v -14.70903 16.00002 15.42068
v -15.54985 16.00002 19.23077
v -14.86931 16.00002 23.07273
v 31.97945 16.00008 -16.5513
v 33.42297 16.00009 -17.93558
v 35.34183 16.00009 -16.59431
v 34.53793 16.00008 -14.76293
v 37.62789 16.00009 -16.08982
v 37.58601 16.00009 -14.09027
v 39.93307 16.00009 -16.49814
v 40.65958 16.00009 -14.6347
v 41.90641 16.00009 -17.75788
v 43.2907 16.00009 -16.31436
v 43.24768 16.00009 -19.67674
v 45.07906 16.0001 -18.87284
v 43.75217 16.0001 -21.96279
v 45.75172 16.0001 -21.92091
v 43.34385 16.0001 -24.26797
v 45.20729 16.0001 -24.99448
v 42.08411 16.0001 -26.24131
v 43.52763 16.0001 -27.6256
v 40.16524 16.0001 -27.58258
v 40.96915 16.0001 -29.41396
v 37.87919 16.0001 -28.08708
v 37.92107 16.0001 -30.08662
v 35.57401 16.0001 -27.67876
v 34.8475 16.0001 -29.54219
v 33.60067 16.00009 -26.41901
v 32.21638 16.00009 -27.86254
v 32.2594 16.00009 -24.50016
v 30.42801 16.00009 -25.30406
v 31.7549 16.00009 -22.2141
v 29.75536 16.00009 -22.25599
v 32.16323 16.00009 -19.90892
v 30.29979 16.00008 -19.18242
v -8.3207 20.00003 16.55315
v -9.214883 20.00003 17.83239
v -9.551211 20.00003 19.35643
v -9.278996 20.00002 20.89321
v -8.439164 20.00002 22.20877
v -7.159925 20.00002 23.10295
v -5.635886 20.00002 23.43928
v -4.099101 20.00003 23.16707
v -2.78354 20.00003 22.32724
v -1.889357 20.00003 21.048
v -1.553029 20.00003 19.52396
v -1.825245 20.00003 17.98718
v -2.665076 20.00003 16.67162
v -3.944316 20.00003 15.77744
v -5.468354 20.00003 15.44111
v -7.005139 20.00003 15.71332
v -9.70499 20.00003 15.10963
v -11.04626 20.00003 17.02849
v -11.04626 16.00003 17.02848
v -9.70499 16.00003 15.10962
v -11.55076 20.00002 19.31454
v -11.55076 16.00002 19.31454
v -11.14243 20.00002 21.61972
v -11.14243 16.00002 21.61971
v -9.882687 20.00002 23.59306
v -9.882687 16.00002 23.59306
v -7.963827 20.00002 24.93433
v -7.963827 16.00002 24.93433
v -5.677769 20.00002 25.43883
v -5.677769 16.00002 25.43882
v -3.372591 20.00003 25.03051
v -3.372591 16.00003 25.0305
v -1.39925 20.00003 23.77076
v -1.39925 16.00003 23.77076
v -0.05797619 20.00003 21.8519
v -0.05797619 16.00003 21.8519
v 0.4465172 20.00003 19.56585
v 0.4465172 16.00003 19.56584
v 0.03819287 20.00003 17.26067
v 0.03819287 16.00003 17.26067
v -1.221554 20.00003 15.28733
v -1.221554 16.00003 15.28733
v -3.140414 20.00003 13.94606
v -3.140414 16.00003 13.94605
v -5.426471 20.00003 13.44156
v -5.426471 16.00003 13.44156
v -7.731649 20.00003 13.84988
v -7.731649 16.00003 13.84988
v -9.882687 20.00002 23.59306
v -8.439164 20.00002 22.20877
v -7.159925 20.00002 23.10295
v -7.963827 20.00002 24.93433
v -5.635886 20.00002 23.43928
v -5.677769 20.00002 25.43883
v -4.099101 20.00003 23.16707
v -3.372591 20.00003 25.03051
v -2.78354 20.00003 22.32724
v -1.39925 20.00003 23.77076
v -1.889357 20.00003 21.048
v -0.05797619 20.00003 21.8519
v -1.553029 20.00003 19.52396
v 0.4465172 20.00003 19.56585
v -1.825245 20.00003 17.98718
v 0.03819287 20.00003 17.26067
v -2.665076 20.00003 16.67162
v -1.221554 20.00003 15.28733
v -3.944316 20.00003 15.77744
v -3.140414 20.00003 13.94606
v -5.468354 20.00003 15.44111
v -5.426471 20.00003 13.44156
v -7.005139 20.00003 15.71332
v -7.731649 20.00003 13.84988
v -8.3207 20.00003 16.55315
v -9.70499 20.00003 15.10963
v -9.214883 20.00003 17.83239
v -11.04626 20.00003 17.02849
v -9.551211 20.00003 19.35643
v -11.55076 20.00002 19.31454
v -9.278996 20.00002 20.89321
v -11.14243 20.00002 21.61972
v -7.72838 20.00005 -11.72495
v -8.622563 20.00005 -10.44571
v -8.958892 20.00005 -8.921673
v -8.686676 20.00005 -7.384888
v -7.846844 20.00005 -6.069328
v -6.567605 20.00005 -5.175144
v -5.043566 20.00005 -4.838815
v -3.50678 20.00005 -5.11103
v -2.19122 20.00005 -5.95086
v -1.297037 20.00005 -7.230097
v -0.960709 20.00005 -8.754135
v -1.232924 20.00006 -10.29092
v -2.072756 20.00006 -11.60648
v -3.351995 20.00006 -12.50066
v -4.876034 20.00005 -12.83699
v -6.41282 20.00005 -12.56478
v -9.11267 20.00005 -13.16847
v -10.45394 20.00005 -11.24961
v -10.95844 20.00005 -8.963557
v -10.55011 20.00005 -6.658381
v -9.290366 20.00004 -4.68504
v -7.371507 20.00005 -3.343765
v -7.371507 16.00005 -3.34377
v -5.085449 20.00005 -2.839271
v -5.085449 16.00005 -2.839276
v -2.780271 20.00005 -3.247593
v -2.780271 16.00005 -3.247597
v -0.8069303 20.00005 -4.507338
v 0.5343436 20.00005 -6.426195
v 1.038836 20.00006 -8.712251
v 0.6305127 20.00006 -11.01743
v -0.6292343 20.00006 -12.99077
v -2.548094 20.00006 -14.33204
v -4.834151 20.00006 -14.83654
v -7.139329 20.00005 -14.42821
v -9.290366 20.00004 -4.68504
v -7.846844 20.00005 -6.069328
v -6.567605 20.00005 -5.175144
v -7.371507 20.00005 -3.343765
v -5.043566 20.00005 -4.838815
v -5.085449 20.00005 -2.839271
v -3.50678 20.00005 -5.11103
v -2.780271 20.00005 -3.247593
v -2.19122 20.00005 -5.95086
v -0.8069303 20.00005 -4.507338
v -1.297037 20.00005 -7.230097
v 0.5343436 20.00005 -6.426195
v -0.960709 20.00005 -8.754135
v 1.038836 20.00006 -8.712251
v -1.232924 20.00006 -10.29092
v 0.6305127 20.00006 -11.01743
v -2.072756 20.00006 -11.60648
v -0.6292343 20.00006 -12.99077
v -3.351995 20.00006 -12.50066
v -2.548094 20.00006 -14.33204
v -4.876034 20.00005 -12.83699
v -4.834151 20.00006 -14.83654
v -6.41282 20.00005 -12.56478
v -7.139329 20.00005 -14.42821
v -7.72838 20.00005 -11.72495
v -9.11267 20.00005 -13.16847
v -8.622563 20.00005 -10.44571
v -10.45394 20.00005 -11.24961
v -8.958892 20.00005 -8.921673
v -10.95844 20.00005 -8.963557
v -8.686676 20.00005 -7.384888
v -10.55011 20.00005 -6.658381
v 19.95742 20.00005 17.14549
v 19.06324 20.00005 18.42473
v 18.72691 20.00005 19.94877
v 18.99912 20.00004 21.48555
v 19.83895 20.00004 22.80111
v 21.11819 20.00004 23.6953
v 22.64223 20.00005 24.03162
v 24.17902 20.00005 23.75941
v 25.49458 20.00005 22.91958
v 26.38876 20.00005 21.64034
v 26.72509 20.00005 20.1163
v 26.45288 20.00005 18.57952
v 25.61304 20.00005 17.26396
v 24.33381 20.00005 16.36978
v 22.80976 20.00005 16.03345
v 21.27298 20.00005 16.30566
v 18.57313 20.00005 15.70197
v 17.23186 20.00005 17.62083
v 17.23186 16.00005 17.62082
v 16.72736 20.00004 19.90688
v 16.72736 16.00004 19.90688
v 17.13569 20.00004 22.21206
v 17.13569 16.00004 22.21206
v 18.39543 20.00004 24.1854
v 20.31429 20.00004 25.52667
v 22.60035 20.00004 26.03117
v 24.90553 20.00005 25.62285
v 26.87887 20.00005 24.3631
v 28.22014 20.00005 22.44424
v 28.72464 20.00005 20.15819
v 28.31631 20.00005 17.85301
v 27.05656 20.00006 15.87967
v 25.13771 20.00006 14.5384
v 22.85165 20.00005 14.0339
v 20.54647 20.00005 14.44223
v 18.39543 20.00004 24.1854
v 19.83895 20.00004 22.80111
v 21.11819 20.00004 23.6953
v 20.31429 20.00004 25.52667
v 22.64223 20.00005 24.03162
v 22.60035 20.00004 26.03117
v 24.17902 20.00005 23.75941
v 24.90553 20.00005 25.62285
v 25.49458 20.00005 22.91958
v 26.87887 20.00005 24.3631
v 26.38876 20.00005 21.64034
v 28.22014 20.00005 22.44424
v 26.72509 20.00005 20.1163
v 28.72464 20.00005 20.15819
v 26.45288 20.00005 18.57952
v 28.31631 20.00005 17.85301
v 25.61304 20.00005 17.26396
v 27.05656 20.00006 15.87967
v 24.33381 20.00005 16.36978
v 25.13771 20.00006 14.5384
v 22.80976 20.00005 16.03345
v 22.85165 20.00005 14.0339
v 21.27298 20.00005 16.30566
v 20.54647 20.00005 14.44223
v 19.95742 20.00005 17.14549
v 18.57313 20.00005 15.70197
v 19.06324 20.00005 18.42473
v 17.23186 20.00005 17.62083
v 18.72691 20.00005 19.94877
v 16.72736 20.00004 19.90688
v 18.99912 20.00004 21.48555
v 17.13569 20.00004 22.21206
v 6.70684 20.00007 -25.56783
v 5.812656 20.00007 -24.28859
v 5.476328 20.00007 -22.76455
v 5.748545 20.00007 -21.22777
v 6.588376 20.00007 -19.91221
v 7.867616 20.00007 -19.01802
v 9.391654 20.00007 -18.68169
v 10.92844 20.00007 -18.95391
v 12.244 20.00007 -19.79374
v 13.13818 20.00007 -21.07298
v 13.47451 20.00007 -22.59702
v 13.20229 20.00008 -24.1338
v 12.36246 20.00008 -25.44936
v 11.08322 20.00008 -26.34354
v 9.559185 20.00008 -26.67987
v 8.0224 20.00007 -26.40766
v 5.32255 20.00007 -27.01135
v 3.981276 20.00007 -25.09249
v 3.476783 20.00007 -22.80644
v 3.885107 20.00007 -20.50126
v 5.144854 20.00007 -18.52792
v 7.063713 20.00007 -17.18665
v 7.063713 16.00007 -17.18665
v 9.349771 20.00007 -16.68215
v 9.349771 16.00007 -16.68216
v 11.65495 20.00007 -17.09047
v 11.65495 16.00007 -17.09048
v 13.62829 20.00007 -18.35022
v 14.96956 20.00007 -20.26907
v 15.47406 20.00008 -22.55513
v 15.06573 20.00008 -24.86031
v 13.80599 20.00008 -26.83365
v 11.88713 20.00008 -28.17492
v 9.601068 20.00008 -28.67941
v 7.29589 20.00007 -28.27109
v 5.144854 20.00007 -18.52792
v 6.588376 20.00007 -19.91221
v 7.867616 20.00007 -19.01802
v 7.063713 20.00007 -17.18665
v 9.391654 20.00007 -18.68169
v 9.349771 20.00007 -16.68215
v 10.92844 20.00007 -18.95391
v 11.65495 20.00007 -17.09047
v 12.244 20.00007 -19.79374
v 13.62829 20.00007 -18.35022
v 13.13818 20.00007 -21.07298
v 14.96956 20.00007 -20.26907
v 13.47451 20.00007 -22.59702
v 15.47406 20.00008 -22.55513
v 13.20229 20.00008 -24.1338
v 15.06573 20.00008 -24.86031
v 12.36246 20.00008 -25.44936
v 13.80599 20.00008 -26.83365
v 11.08322 20.00008 -26.34354
v 11.88713 20.00008 -28.17492
v 9.559185 20.00008 -26.67987
v 9.601068 20.00008 -28.67941
v 8.0224 20.00007 -26.40766
v 7.29589 20.00007 -28.27109
v 6.70684 20.00007 -25.56783
v 5.32255 20.00007 -27.01135
v 5.812656 20.00007 -24.28859
v 3.981276 20.00007 -25.09249
v 5.476328 20.00007 -22.76455
v 3.476783 20.00007 -22.80644
v 5.748545 20.00007 -21.22777
v 3.885107 20.00007 -20.50126
v 34.39264 20.00007 3.302612
v 33.49846 20.00007 4.58185
v 33.16213 20.00007 6.105887
v 33.43435 20.00007 7.642671
v 34.27417 20.00006 8.958232
v 35.55342 20.00006 9.852414
v 37.07745 20.00007 10.18874
v 38.61424 20.00007 9.916531
v 39.9298 20.00007 9.0767
v 40.82398 20.00007 7.797462
v 41.16031 20.00007 6.273425
v 40.88809 20.00007 4.736641
v 40.04826 20.00007 3.42108
v 38.76902 20.00007 2.526898
v 37.24498 20.00007 2.190568
v 35.7082 20.00007 2.462782
v 33.00835 20.00007 1.85909
v 31.66708 20.00007 3.777947
v 31.66708 16.00007 3.777943
v 31.16258 20.00006 6.064003
v 31.16258 16.00006 6.063999
v 31.57091 20.00006 8.36918
v 31.57091 16.00006 8.369175
v 32.83065 20.00006 10.34252
v 34.74951 20.00006 11.68379
v 37.03557 20.00006 12.18829
v 39.34075 20.00007 11.77997
v 41.31409 20.00007 10.52022
v 42.65536 20.00007 8.601365
v 43.15985 20.00007 6.31531
v 42.75153 20.00008 4.010133
v 41.49178 20.00008 2.036793
v 39.57293 20.00008 0.6955181
v 37.28687 20.00007 0.1910238
v 34.98169 20.00007 0.5993457
v 32.83065 20.00006 10.34252
v 34.27417 20.00006 8.958232
v 35.55342 20.00006 9.852414
v 34.74951 20.00006 11.68379
v 37.07745 20.00007 10.18874
v 37.03557 20.00006 12.18829
v 38.61424 20.00007 9.916531
v 39.34075 20.00007 11.77997
v 39.9298 20.00007 9.0767
v 41.31409 20.00007 10.52022
v 40.82398 20.00007 7.797462
v 42.65536 20.00007 8.601365
v 41.16031 20.00007 6.273425
v 43.15985 20.00007 6.31531
v 40.88809 20.00007 4.736641
v 42.75153 20.00008 4.010133
v 40.04826 20.00007 3.42108
v 41.49178 20.00008 2.036793
v 38.76902 20.00007 2.526898
v 39.57293 20.00008 0.6955181
v 37.24498 20.00007 2.190568
v 37.28687 20.00007 0.1910238
v 35.7082 20.00007 2.462782
v 34.98169 20.00007 0.5993457
v 34.39264 20.00007 3.302612
v 33.00835 20.00007 1.85909
v 33.49846 20.00007 4.58185
v 31.66708 20.00007 3.777947
v 33.16213 20.00007 6.105887
v 31.16258 20.00006 6.064003
v 33.43435 20.00007 7.642671
v 31.57091 20.00006 8.36918
v 34.98496 20.00009 -24.97549
v 34.09077 20.00009 -23.69625
v 33.75445 20.00009 -22.17221
v 34.02666 20.00009 -20.63543
v 34.86649 20.00009 -19.31987
v 36.14574 20.00009 -18.42569
v 37.66977 20.00009 -18.08935
v 39.20656 20.00009 -18.36157
v 40.52212 20.00009 -19.2014
v 41.4163 20.00009 -20.48064
v 41.75263 20.0001 -22.00467
v 41.48042 20.0001 -23.54146
v 40.64058 20.0001 -24.85702
v 39.36134 20.0001 -25.7512
v 37.8373 20.0001 -26.08753
v 36.30052 20.00009 -25.81532
v 33.60067 20.00009 -26.41901
v 32.2594 20.00009 -24.50015
v 32.2594 16.00009 -24.50016
v 33.60067 16.00009 -26.41901
v 31.7549 20.00009 -22.2141
v 31.7549 16.00009 -22.2141
v 32.16323 20.00009 -19.90892
v 32.16323 16.00009 -19.90892
v 33.42297 20.00009 -17.93558
v 33.42297 16.00009 -17.93558
v 35.34183 20.00009 -16.59431
v 35.34183 16.00009 -16.59431
v 37.62789 20.00009 -16.08981
v 37.62789 16.00009 -16.08982
v 39.93307 20.00009 -16.49813
v 39.93307 16.00009 -16.49814
v 41.90641 20.00009 -17.75788
v 41.90641 16.00009 -17.75788
v 43.24768 20.00009 -19.67673
v 43.24768 16.00009 -19.67674
v 43.75217 20.0001 -21.96279
v 43.75217 16.0001 -21.96279
v 43.34385 20.0001 -24.26796
v 43.34385 16.0001 -24.26797
v 42.08411 20.0001 -26.24131
v 42.08411 16.0001 -26.24131
v 40.16524 20.0001 -27.58258
v 40.16524 16.0001 -27.58258
v 37.87919 20.0001 -28.08708
v 37.87919 16.0001 -28.08708
v 35.57401 20.0001 -27.67875
v 35.57401 16.0001 -27.67876
v 33.42297 20.00009 -17.93558
v 34.86649 20.00009 -19.31987
v 36.14574 20.00009 -18.42569
v 35.34183 20.00009 -16.59431
v 37.66977 20.00009 -18.08935
v 37.62789 20.00009 -16.08981
v 39.20656 20.00009 -18.36157
v 39.93307 20.00009 -16.49813
v 40.52212 20.00009 -19.2014
v 41.90641 20.00009 -17.75788
v 41.4163 20.00009 -20.48064
v 43.24768 20.00009 -19.67673
v 41.75263 20.0001 -22.00467
v 43.75217 20.0001 -21.96279
v 41.48042 20.0001 -23.54146
v 43.34385 20.0001 -24.26796
v 40.64058 20.0001 -24.85702
v 42.08411 20.0001 -26.24131
v 39.36134 20.0001 -25.7512
v 40.16524 20.0001 -27.58258
v 37.8373 20.0001 -26.08753
v 37.87919 20.0001 -28.08708
v 36.30052 20.00009 -25.81532
v 35.57401 20.0001 -27.67875
v 34.98496 20.00009 -24.97549
v 33.60067 20.00009 -26.41901
v 34.09077 20.00009 -23.69625
v 32.2594 20.00009 -24.50015
v 33.75445 20.00009 -22.17221
v 31.7549 20.00009 -22.2141
v 34.02666 20.00009 -20.63543
v 32.16323 20.00009 -19.90892
vn 1E-06 -8.742278E-08 1
vn 0.3826998 -4.634657E-07 0.9238735
vn 0.3826998 -4.634657E-07 0.9238735
vn 1E-06 -8.742278E-08 1
vn 0.707109 -7.689241E-07 0.7071068
vn 0.707109 -7.689241E-07 0.7071068
vn 0.9238757 -9.5733E-07 0.3826981
vn 0.9238757 -9.5733E-07 0.3826981
vn 1.000002 -1E-06 -8.742278E-14
vn 1.000002 -1E-06 -8.742278E-14
vn 0.923875 -8.90417E-07 -0.3826981
vn 0.923875 -8.90417E-07 -0.3826981
vn 0.7071075 -6.452896E-07 -0.7071068
vn 0.7071075 -6.452896E-07 -0.7071068
vn 0.3826979 -3.019305E-07 -0.9238735
vn 0.3826979 -3.019305E-07 -0.9238735
vn -1E-06 8.742278E-08 -1
vn -1E-06 8.742278E-08 -1
vn -0.3826998 4.634657E-07 -0.9238735
vn -0.3826998 4.634657E-07 -0.9238735
vn -0.707109 7.689241E-07 -0.7071068
vn -0.707109 7.689241E-07 -0.7071068
vn -0.9238757 9.5733E-07 -0.3826981
vn -0.9238757 9.5733E-07 -0.3826981
vn -1.000002 1E-06 8.742278E-14
vn -1.000002 1E-06 8.742278E-14
vn -0.923875 8.90417E-07 0.3826981
vn -0.923875 8.90417E-07 0.3826981
vn -0.7071075 6.452896E-07 0.7071068
vn -0.7071075 6.452896E-07 0.7071068
vn -0.3826979 3.019305E-07 0.9238735
vn -0.3826979 3.019305E-07 0.9238735
vn -1E-06 8.742278E-08 -1
vn -0.3826998 4.634657E-07 -0.9238735
vn -0.3826998 4.634657E-07 -0.9238735
vn -1E-06 8.742278E-08 -1
vn -0.707109 7.689241E-07 -0.7071068
vn -0.707109 7.689241E-07 -0.7071068
vn -0.9238757 9.5733E-07 -0.3826981
vn -0.9238757 9.5733E-07 -0.3826981
vn -1.000002 1E-06 8.742278E-14
vn -1.000002 1E-06 8.742278E-14
vn -0.923875 8.90417E-07 0.3826981
vn -0.923875 8.90417E-07 0.3826981
vn -0.7071075 6.452896E-07 0.7071068
vn -0.7071075 6.452896E-07 0.7071068
vn -0.382698 3.019305E-07 0.9238735
vn -0.382698 3.019305E-07 0.9238735
vn 1E-06 -8.742278E-08 1
vn 1E-06 -8.742278E-08 1
vn 0.3826998 -4.634657E-07 0.9238735
vn 0.3826998 -4.634657E-07 0.9238735
vn 0.707109 -7.689241E-07 0.7071068
vn 0.707109 -7.689241E-07 0.7071068
vn 0.9238757 -9.5733E-07 0.3826981
vn 0.9238757 -9.5733E-07 0.3826981
vn 1.000002 -1E-06 -8.742278E-14
vn 1.000002 -1E-06 -8.742278E-14
vn 0.923875 -8.90417E-07 -0.3826981
vn 0.923875 -8.90417E-07 -0.3826981
vn 0.7071075 -6.452896E-07 -0.7071068
vn 0.7071075 -6.452896E-07 -0.7071068
vn 0.382698 -3.019305E-07 -0.9238735
vn 0.382698 -3.019305E-07 -0.9238735
vn 1E-06 1 8.742278E-08
vn 1E-06 1 8.742278E-08
vn 1E-06 1 8.742278E-08
vn 1E-06 1 8.742278E-08
vn 1E-06 1 8.742278E-08
vn 1E-06 1 8.742278E-08
vn 1E-06 1 8.742278E-08
vn 1E-06 1 8.742278E-08
vn 1E-06 1 8.742278E-08
vn 1E-06 1 8.742278E-08
vn 1E-06 1 8.742278E-08
vn 1E-06 1 8.742278E-08
vn 1E-06 1 8.742278E-08
vn 1E-06 1 8.742278E-08
vn 1E-06 1 8.742278E-08
vn 1E-06 1 8.742278E-08
vn 1E-06 1 8.742278E-08
vn 1E-06 1 8.742278E-08
vn 1E-06 1 8.742278E-08
vn 1E-06 1 8.742278E-08
vn 1E-06 1 8.742278E-08
vn 1E-06 1 8.742278E-08
vn 1E-06 1 8.742278E-08
vn 1E-06 1 8.742278E-08
vn 1E-06 1 8.742278E-08
vn 1E-06 1 8.742278E-08
vn 1E-06 1 8.742278E-08
vn 1E-06 1 8.742278E-08
vn 1E-06 1 8.742278E-08
vn 1E-06 1 8.742278E-08
vn 1E-06 1 8.742278E-08
vn 1E-06 1 8.742278E-08
vn -1E-06 8.742278E-08 -1
vn 0.382698 -3.019305E-07 -0.9238735
vn 0.382698 -3.019305E-07 -0.9238735
vn -1E-06 8.742278E-08 -1
vn 0.7071075 -6.452896E-07 -0.7071068
vn 0.7071075 -6.452896E-07 -0.7071068
vn 0.923875 -8.90417E-07 -0.3826981
vn 0.923875 -8.90417E-07 -0.3826981
vn 1.000002 -1E-06 -8.742278E-14
vn 1.000002 -1E-06 -8.742278E-14
vn 0.9238757 -9.5733E-07 0.3826981
vn 0.9238757 -9.5733E-07 0.3826981
vn 0.707109 -7.689241E-07 0.7071068
vn 0.707109 -7.689241E-07 0.7071068
vn 0.3826998 -4.634657E-07 0.9238735
vn 0.3826998 -4.634657E-07 0.9238735
vn 1E-06 -8.742278E-08 1
vn 1E-06 -8.742278E-08 1
vn -0.382698 3.019305E-07 0.9238735
vn -0.382698 3.019305E-07 0.9238735
vn -0.7071075 6.452896E-07 0.7071068
vn -0.7071075 6.452896E-07 0.7071068
vn -0.923875 8.90417E-07 0.3826981
vn -0.923875 8.90417E-07 0.3826981
vn -1.000002 1E-06 8.742278E-14
vn -1.000002 1E-06 8.742278E-14
vn -0.9238757 9.5733E-07 -0.3826981
vn -0.9238757 9.5733E-07 -0.3826981
vn -0.707109 7.689241E-07 -0.7071068
vn -0.707109 7.689241E-07 -0.7071068
vn -0.3826998 4.634657E-07 -0.9238735
vn -0.3826998 4.634657E-07 -0.9238735
vn 1E-06 -8.742278E-08 1
vn -0.3826979 3.019305E-07 0.9238735
vn -0.3826979 3.019305E-07 0.9238735
vn 1E-06 -8.742278E-08 1
vn -0.7071075 6.452896E-07 0.7071068
vn -0.7071075 6.452896E-07 0.7071068
vn -0.923875 8.90417E-07 0.3826981
vn -0.923875 8.90417E-07 0.3826981
vn -1.000002 1E-06 8.742278E-14
vn -1.000002 1E-06 8.742278E-14
vn -0.9238757 9.5733E-07 -0.3826981
vn -0.9238757 9.5733E-07 -0.3826981
vn -0.707109 7.689241E-07 -0.7071068
vn -0.707109 7.689241E-07 -0.7071068
vn -0.3826998 4.634657E-07 -0.9238735
vn -0.3826998 4.634657E-07 -0.9238735
vn -1E-06 8.742278E-08 -1
vn -1E-06 8.742278E-08 -1
vn 0.3826979 -3.019305E-07 -0.9238735
vn 0.3826979 -3.019305E-07 -0.9238735
vn 0.7071075 -6.452896E-07 -0.7071068
vn 0.7071075 -6.452896E-07 -0.7071068
vn 0.923875 -8.90417E-07 -0.3826981
vn 0.923875 -8.90417E-07 -0.3826981
vn 1.000002 -1E-06 -8.742278E-14
vn 1.000002 -1E-06 -8.742278E-14
vn 0.9238757 -9.5733E-07 0.3826981
vn 0.9238757 -9.5733E-07 0.3826981
vn 0.707109 -7.689241E-07 0.7071068
vn 0.707109 -7.689241E-07 0.7071068
vn 0.3826998 -4.634657E-07 0.9238735
vn 0.3826998 -4.634657E-07 0.9238735
vn -1E-06 -1 -8.742278E-08
vn -1E-06 -1 -8.742278E-08
vn -1E-06 -1 -8.742278E-08
vn -1E-06 -1 -8.742278E-08
vn -1E-06 -1 -8.742278E-08
vn -1E-06 -1 -8.742278E-08
vn -1E-06 -1 -8.742278E-08
vn -1E-06 -1 -8.742278E-08
vn -1E-06 -1 -8.742278E-08
vn -1E-06 -1 -8.742278E-08
vn -1E-06 -1 -8.742278E-08
vn -1E-06 -1 -8.742278E-08
vn -1E-06 -1 -8.742278E-08
vn -1E-06 -1 -8.742278E-08
vn -1E-06 -1 -8.742278E-08
vn -1E-06 -1 -8.742278E-08
vn -1E-06 -1 -8.742278E-08
vn -1E-06 -1 -8.742278E-08
vn -1E-06 -1 -8.742278E-08
vn -1E-06 -1 -8.742278E-08
vn -1E-06 -1 -8.742278E-08
vn -1E-06 -1 -8.742278E-08
vn -1E-06 -1 -8.742278E-08
vn -1E-06 -1 -8.742278E-08
vn -1E-06 -1 -8.742278E-08
vn -1E-06 -1 -8.742278E-08
vn -1E-06 -1 -8.742278E-08
vn -1E-06 -1 -8.742278E-08
vn -1E-06 -1 -8.742278E-08
vn -1E-06 -1 -8.742278E-08
vn -1E-06 -1 -8.742278E-08
vn -1E-06 -1 -8.742278E-08
vn 1E-06 1 8.742278E-08
vn 1E-06 1 8.742278E-08
vn 1E-06 1 8.742278E-08
vn 1E-06 1 8.742278E-08
vn 1E-06 1 8.742278E-08
vn 1E-06 1 8.742278E-08
vn 1E-06 1 8.742278E-08
vn 1E-06 1 8.742278E-08
vn 1E-06 1 8.742278E-08
vn 1E-06 1 8.742278E-08
vn 1E-06 1 8.742278E-08
vn 1E-06 1 8.742278E-08
vn 1E-06 1 8.742278E-08
vn 1E-06 1 8.742278E-08
vn 1E-06 1 8.742278E-08
vn 1E-06 1 8.742278E-08
vn 1E-06 1 8.742278E-08
vn 1E-06 1 8.742278E-08
vn 1E-06 1 8.742278E-08
vn 1E-06 1 8.742278E-08
vn 1E-06 1 8.742278E-08
vn 1E-06 1 8.742278E-08
vn 1E-06 1 8.742278E-08
vn 1E-06 1 8.742278E-08
vn 1E-06 1 8.742278E-08
vn 1E-06 1 8.742278E-08
vn -1E-06 -1 -8.742278E-08
vn -1E-06 -1 -8.742278E-08
vn -1E-06 -1 -8.742278E-08
vn -1E-06 -1 -8.742278E-08
vn -1E-06 -1 -8.742278E-08
vn -1E-06 -1 -8.742278E-08
vn -1E-06 -1 -8.742278E-08
vn -1E-06 -1 -8.742278E-08
vn -1E-06 -1 -8.742278E-08
vn -1E-06 -1 -8.742278E-08
vn -1E-06 -1 -8.742278E-08
vn -1E-06 -1 -8.742278E-08
vn -1E-06 -1 -8.742278E-08
vn -1E-06 -1 -8.742278E-08
vn -1E-06 -1 -8.742278E-08
vn -1E-06 -1 -8.742278E-08
vn -1E-06 -1 -8.742278E-08
vn -1E-06 -1 -8.742278E-08
vn -1E-06 -1 -8.742278E-08
vn -1E-06 -1 -8.742278E-08
vn -1E-06 -1 -8.742278E-08
vn -1E-06 -1 -8.742278E-08
vn -1E-06 -1 -8.742278E-08
vn -1E-06 -1 -8.742278E-08
vn -1E-06 -1 -8.742278E-08
vn -1E-06 -1 -8.742278E-08
vn -1E-06 -1 -8.742278E-08
vn -1E-06 -1 -8.742278E-08
vn -1E-06 -1 -8.742278E-08
vn -1E-06 -1 -8.742278E-08
vn -1E-06 -1 -8.742278E-08
vn -1E-06 -1 -8.742278E-08
vn 1E-06 -8.742278E-08 1
vn 0.3826998 -4.634657E-07 0.9238735
vn 0.707109 -7.689241E-07 0.7071068
vn 0.9238757 -9.5733E-07 0.3826981
vn 1.000002 -1E-06 -8.742278E-14
vn 0.923875 -8.90417E-07 -0.3826981
vn 0.7071075 -6.452896E-07 -0.7071068
vn 0.3826979 -3.019305E-07 -0.9238735
vn -1E-06 8.742278E-08 -1
vn -0.3826998 4.634657E-07 -0.9238735
vn -0.707109 7.689241E-07 -0.7071068
vn -0.9238757 9.5733E-07 -0.3826981
vn -1.000002 1E-06 8.742278E-14
vn -0.923875 8.90417E-07 0.3826981
vn -0.7071075 6.452896E-07 0.7071068
vn -0.3826979 3.019305E-07 0.9238735
vn -0.005471844 9.289231E-08 -0.9999851
vn -0.005471844 9.289231E-08 -0.9999851
vn -0.3826998 4.634656E-07 -0.9238734
vn -0.3826998 4.634656E-07 -0.9238734
vn -0.7071201 7.689342E-07 -0.7070956
vn -0.5556483 6.283312E-07 -0.8314189
vn 0.9998808 -1.00124E-06 0.01557
vn 0.9998808 -1.00124E-06 0.01557
vn 0.9238757 -9.573299E-07 0.3826981
vn 0.9238757 -9.573299E-07 0.3826981
vn 0.7070977 -7.689138E-07 0.7071179
vn 0.8314211 -8.79995E-07 0.5556463
vn 0.5556219 -6.283064E-07 0.8314364
vn 0.3826705 -4.634374E-07 0.9238856
vn 0.3826705 -4.634374E-07 0.9238856
vn 1E-06 -8.742278E-08 1
vn 1E-06 -8.742278E-08 1
vn -0.3826686 3.019001E-07 0.9238856
vn -0.3826686 3.019001E-07 0.9238856
vn -0.7071075 6.452896E-07 0.7071068
vn -0.7071075 6.452896E-07 0.7071068
vn -0.9238871 8.904317E-07 0.3826688
vn -0.9238871 8.904317E-07 0.3826688
vn -1.000002 1E-06 8.742278E-14
vn -1.000002 1E-06 8.742278E-14
vn -0.9238879 9.573396E-07 -0.3826688
vn -0.9238879 9.573396E-07 -0.3826688
vn -0.8314387 8.800102E-07 -0.5556199
vn -1E-06 -1 -8.742278E-08
vn -1E-06 -1 -8.742278E-08
vn -1E-06 -1 -8.742278E-08
vn -1E-06 -1 -8.742278E-08
vn -1E-06 -1 -8.742278E-08
vn -1E-06 -1 -8.742278E-08
vn -1E-06 -1 -8.742278E-08
vn -1E-06 -1 -8.742278E-08
vn -1E-06 -1 -8.742278E-08
vn -1E-06 -1 -8.742278E-08
vn -1E-06 -1 -8.742278E-08
vn -1E-06 -1 -8.742278E-08
vn -1E-06 -1 -8.742278E-08
vn -1E-06 -1 -8.742278E-08
vn -1E-06 -1 -8.742278E-08
vn -1E-06 -1 -8.742278E-08
vn -1E-06 -1 -8.742278E-08
vn 0.01663484 -0.9998592 0.002185288
vn -0.04949494 0.9599049 0.2759215
vn 0.1223805 0.8732951 0.4715707
vn -0.04400112 0.9908801 0.1273599
vn 0.05489308 0.8187035 0.5715867
vn 0.03114623 0.7935155 0.6077526
vn 0.08446787 0.7891865 0.6083172
vn 0.1548659 0.8066542 0.5703735
vn 0.2120562 0.844758 0.4913415
vn 0.2813896 0.8345737 0.4736107
vn 0.3548176 0.8333533 0.4238246
vn 0.4329946 0.7953965 0.4241005
vn 0.4686135 0.7713177 0.4306644
vn 0.4939619 0.7415599 0.4539738
vn 0.4708125 0.739293 0.4814383
vn -0.3277852 0.7863693 -0.523623
vn -0.3765197 0.7874049 -0.4880854
vn -0.386894 0.7911833 -0.4736485
vn -0.4409536 0.7969524 -0.4128291
vn -0.4514072 0.8125477 -0.3687802
vn -0.4938091 0.818039 -0.2949002
vn -0.4966446 0.8321526 -0.2467134
vn -0.554485 0.8209141 -0.1365574
vn -0.6032892 0.7940648 -0.07419316
vn -0.6229206 0.777896 -0.08276122
vn -0.6140363 0.7697119 -0.1746564
vn -0.4873303 0.8154619 -0.3123015
vn -0.4488199 0.8194731 -0.3564066
vn -0.2891636 0.8500347 -0.4402567
vn -0.311102 0.9159287 -0.2535563
vn -0.3670841 0.9300548 0.01574876
vn -0.4618873 0.884685 -0.06319462
vn -0.145367 0.9813285 -0.1259489
vn -0.1245842 0.8947541 -0.4288288
vn 0.02116601 0.9607725 -0.2765287
vn 0.06558196 0.8627571 -0.5013472
vn 0.176034 0.8969284 -0.4056247
vn 0.2240542 0.7587851 -0.611592
vn 0.3370416 0.8004611 -0.4956461
vn 0.3787295 0.6600448 -0.6487718
vn 0.5090858 0.7082034 -0.4891628
vn 0.5356156 0.6442693 -0.5459244
vn 0.6613604 0.6571718 -0.3615645
vn 0.5495903 0.7865737 -0.2815195
vn 0.6538996 0.7384373 -0.1647037
vn 0.4594779 0.8834216 -0.09190822
vn 0.5228703 0.8511794 0.04583918
vn 0.3025651 0.9489821 0.08881298
vn 0.2706075 0.9176605 0.2909833
vn 0.03755649 0.9524032 0.3025188
vn 0.1044169 0.8763572 0.4702078
vn -0.09891146 0.9024084 0.4193752
vn 0.01231014 0.8768264 0.4806495
vn -0.09261952 0.9377734 0.3346679
vn 0.07695649 0.9439363 0.3210325
vn -0.006349751 0.9867455 0.1621514
vn 0.04692638 0.9968322 0.06421354
vn -0.01873554 0.9992801 0.03298908
vn -0.5490938 0.8354042 0.02443037
vn -0.4463658 0.8759178 0.1831016
vn -0.477194 0.8778011 0.04186023
vn -0.289487 0.9461393 0.1449763
vn -0.1750589 0.9843408 0.0206825
vn -0.1099428 0.9921677 0.05929634
vn -0.01288958 0.9998254 -0.01353498
vn -0.03539826 0.9992507 0.01565372
vn 0.3287759 0.910283 -0.2515777
vn 0.1205248 0.9774889 -0.1731739
vn -0.004042767 0.9999304 0.01108369
vn -0.1425295 0.9758754 0.165386
vn -0.2970878 0.9114364 0.2846451
vn -0.3333912 0.8944244 0.2980865
vn -0.2929595 0.9173214 0.2696224
vn -0.143299 0.966841 0.2113852
vn -0.2490839 0.9106163 0.3297501
vn -0.1880952 0.9312556 0.3120628
vn -0.0502885 0.9785948 0.1995574
vn 0.0695784 0.9931222 0.09416597
vn 0.0239717 0.98897 0.1461639
vn 0.2316555 0.9722543 -0.03251975
vn 0.182635 0.87876 -0.440937
vn 0.2721843 0.8400429 -0.4693011
vn 0.4082496 0.8164961 -0.4082484
vn 0.03656897 0.9050552 -0.4237189
vn -0.01103257 0.9276574 -0.3732695
vn -0.1072566 0.9165702 -0.3852208
vn -0.04105719 0.9856991 -0.1634371
vn -0.1317965 0.9470658 -0.2927393
vn -0.1857305 0.8596188 -0.4759831
vn -0.1472853 0.8227849 -0.5489373
vn -0.0707342 0.7552772 -0.6515774
vn 0.01224691 0.7353081 -0.6776222
vn 0.03321888 0.7108567 -0.7025519
vn 0.06639995 0.7137975 -0.6971974
vn -0.06719007 0.7055089 0.7055088
vn -0.03361332 0.7067072 0.7067072
vn -0.03361332 0.7067072 0.7067072
vn 0.02404297 0.7339273 0.6788024
vn 0.01536789 0.7070233 0.7070233
vn 0.07135562 0.7614905 0.6442366
vn 0.116845 0.8159071 0.5662534
vn 0.1130362 0.8439738 0.5243388
vn 0.09788774 0.8700328 0.483178
vn 0.01499872 0.8685912 0.4953025
vn 0.01550015 0.8681388 0.4960794
vn 1.364382E-06 0.8682432 0.496139
vn 1.364382E-06 0.8682431 0.496139
vn 1.364382E-06 0.8682431 0.496139
vn 0.3621784 0.82159 -0.4402466
vn 0.3352894 0.9074065 -0.2533671
vn 0.3385492 0.7990859 -0.4968363
vn 0.3533788 0.7212112 -0.5958003
vn 0.4311742 0.8588414 -0.2765516
vn 0.276255 0.9462914 -0.1679763
vn 0.3863662 0.9087936 -0.1575306
vn 0.603258 0.7673691 -0.2173148
vn 0.5636595 0.8239639 0.05807392
vn 0.5387895 0.8010394 0.2608512
vn 0.542047 0.8120733 0.2161559
vn 0.5666639 0.7828211 0.2570693
vn 0.5021157 0.779631 0.3742417
vn 0.5196014 0.7708914 0.3684326
vn 0.4615218 0.7704944 0.4397015
vn 0.3897263 0.786219 0.4795564
vn 0.3036868 0.7793386 0.5480933
vn 0.2358068 0.7931434 0.5615329
vn 0.1771727 0.7752952 0.6062403
vn 0.1406127 0.7741274 0.6172156
vn 0.05040941 0.7702631 0.6357309
vn -0.02477494 0.8071336 0.5898488
vn -0.07323673 0.8315769 0.5505598
vn -0.06625876 0.8997699 0.4313049
vn -0.04607512 0.9167479 0.3968002
vn 0.004886509 0.9986666 0.05139175
vn -0.06723804 0.9977358 -0.001528745
vn -0.3341634 0.9389747 0.08161754
vn -0.1535533 0.9876224 0.03199184
vn -0.270848 0.961078 0.0545042
vn -0.4502996 0.8895671 0.0768205
vn -0.4420628 0.8968031 -0.01803729
vn -0.2190711 0.9756975 0.004736746
vn -0.2814782 0.9582594 -0.0500913
vn -0.4182547 0.8995401 -0.1260606
vn -0.3770319 0.8914877 -0.251192
vn -0.1920393 0.9678198 -0.162622
vn -0.228677 0.9039212 -0.3614327
vn -0.1345875 0.9528735 -0.2718793
vn -0.1502576 0.8788261 -0.452866
vn -0.1648002 0.9275705 -0.3353417
vn -0.09695617 0.8829371 -0.459371
vn -0.006708643 0.8180634 -0.5750889
vn 0.2308044 0.8052202 -0.5462141
vn 0.4077179 0.8090246 -0.423374
vn 0.3480359 0.8677025 -0.3549137
vn 0.3316733 0.9036923 -0.2708015
vn 0.4017794 0.8399661 -0.3647339
vn 0.3201068 0.8873601 -0.3318491
vn 0.2097283 0.9556609 -0.2067038
vn -0.129551 0.9863189 -0.1019403
vn -0.0258694 0.9995977 0.01163271
vn -0.129551 0.9863189 -0.1019403
vn -0.5771369 0.8158129 0.03692678
vn -0.6082706 0.7866969 0.1054336
vn -0.614875 0.785664 0.06828055
vn -0.5397587 0.8416606 0.01640469
vn -0.4961148 0.8682011 0.009899849
vn -0.4962685 0.8665957 -0.05225405
vn -0.4928408 0.8696465 -0.02869951
vn -0.4984594 0.8581054 -0.1232662
vn -0.5525359 0.8215314 -0.140683
vn -0.6292256 0.7714304 -0.09472172
vn 0.5941495 0.8010609 0.07272854
vn 0.5375933 0.8247499 0.1754489
vn 0.5688699 0.8110284 0.1364602
vn 0.5127132 0.8161669 0.266455
vn 0.465487 0.8366668 0.2886376
vn 0.4497651 0.8693565 0.2047721
vn 0.4519197 0.8885049 0.07955229
vn 0.3558092 0.9305665 -0.08629102
vn 0.4534048 0.8759147 -0.1649192
vn 0.4065345 0.8623426 -0.3018201
vn -0.6845036 0.7268239 -0.05642698
vn -0.7208546 0.6920207 0.03844559
vn 0.6187752 0.7843597 0.04357561
vn 0.6140317 0.7858688 0.07332893
vn -0.008340904 0.99609 -0.08794851
vn 0.004312947 0.9987448 -0.04990314
vn 0.03126442 0.9993318 0.01892899
vn 0.05742317 0.9978998 0.02997812
vn 0.03002504 0.9982237 0.05145663
vn 0.05584661 0.9966264 0.0601414
vn 0.001869458 0.9976109 0.06905766
vn 0.001164773 0.9970244 0.07707704
vn -0.0004333307 0.9974868 0.07085036
vn -0.02024399 0.995122 0.09655339
vn 0.006109266 0.9924715 0.1223231
vn -0.06296328 0.9926131 0.1037059
vn 0.08922317 0.9894931 0.1137666
vn 0.09799111 0.9851328 0.1411073
vn 0.1795201 0.9817646 0.06253743
vn 0.1237395 0.9920376 -0.02345543
vn 0.06867445 0.997477 -0.01798579
vn -0.005921035 0.9998648 0.01534955
vn -0.04228751 0.9986728 0.0293996
vn -0.02714052 0.9968116 -0.07503314
vn -0.05017913 0.9984987 -0.02196666
vn -0.01146235 0.9967138 -0.08018912
vn 0.001213146 0.9966915 -0.08126826
vn -0.03693459 0.986701 -0.1582942
vn 9.312661E-07 0.9977852 -0.06651892
vn 0.02553472 0.9987019 0.0440745
vn 0.02842624 0.9984661 0.04751099
vn -0.01021135 0.9920559 0.1253829
vn -0.003618376 0.9996684 0.02549596
vn -0.01026838 0.9941052 0.1079316
vn -0.03732892 0.9819588 0.1853736
vn 0.07876235 0.9947201 -0.06578956
vn 0.1862797 0.9754633 -0.1173505
vn -0.1284082 0.9730796 -0.1913827
vn -0.07547022 0.995398 -0.05905173
vn -0.07017136 0.9942632 0.08072475
vn -0.02340758 0.995284 0.09413758
vn -0.001772186 0.9954031 0.09575738
vn -0.01355151 0.999902 0.003504976
vn 0.21962 0.8582693 -0.4638328
vn 1E-06 1 8.742278E-08
vn 1E-06 1 8.742278E-08
vn 0.8320519 -7.835574E-07 -0.5546996
vn 0.8320519 -7.835574E-07 -0.5546996
vn 0.8320519 -7.835574E-07 -0.5546996
vn 0.8320519 -7.835574E-07 -0.5546996
vn 0.3363362 -2.540068E-07 -0.9417419
vn 0.201335 -1.15703E-07 -0.9795223
vn 0.201335 -1.15703E-07 -0.9795223
vn 0.3363362 -2.540068E-07 -0.9417419
vn -0.002075675 8.949726E-08 -0.9999978
vn -0.002075675 8.949726E-08 -0.9999978
vn -0.1588863 2.451973E-07 -0.9872971
vn -0.1588863 2.451973E-07 -0.9872971
vn -0.2623231 3.466828E-07 -0.9649805
vn -0.2623231 3.466828E-07 -0.9649805
vn -0.4084997 4.882939E-07 -0.9127593
vn -0.4655789 -0.02078935 -0.8847631
vn -0.6003837 -0.02847984 -0.7992063
vn -0.6005607 -0.0568639 -0.7975562
vn 0.6984223 -0.03062177 0.7150326
vn 0.8918579 -9.313987E-07 0.4523203
vn 0.8918579 -9.573421E-07 0.4523203
vn 0.7409286 -0.0459303 0.6700137
vn 0.9768041 -9.95523E-07 0.2141447
vn 0.9768041 -9.95523E-07 0.2141447
vn 1.000002 -1E-06 2.242501E-08
vn 1.000002 -1E-06 1.868749E-08
vn 0.996731 -9.896638E-07 -0.08081615
vn 0.996731 -9.896638E-07 -0.08081616
vn 0.2295968 -0.9295105 -0.2886095
vn 0.2346507 -0.924278 -0.30108
vn 0.2413897 -0.9244903 -0.2950403
vn 0.0802264 -0.9830564 -0.1648149
vn 0.09739745 -0.9815277 -0.1646722
vn -0.04648719 -0.9985952 -0.02542732
vn -0.06663602 -0.9967752 -0.04471073
vn -0.2152509 -0.9686748 0.1238403
vn -0.1562084 -0.9874503 0.02325501
vn -0.3242262 -0.924564 0.2001476
vn -0.3663557 -0.9031934 0.2236637
vn -0.3607682 -0.8831475 0.2998287
vn -0.3639503 -0.9199952 0.1454284
vn -0.2745063 6.376838E-06 0.9615852
vn -0.327885 2.49521E-05 0.9447176
vn -0.3278916 1.25987E-05 0.9447153
vn -0.2745096 1.904457E-07 0.9615843
vn -0.01948348 -6.792174E-08 0.9998102
vn -0.01948348 -6.792174E-08 0.9998102
vn 0.2780949 -3.620677E-07 0.9605541
vn 0.2780949 -3.620677E-07 0.9605541
vn 0.5034835 -5.790154E-07 0.864006
vn 0.5034835 -5.790154E-07 0.864006
vn 0.6853263 -7.489888E-07 0.728238
vn 0.6853263 -7.489888E-07 0.728238
vn 0.7715853 -8.271953E-07 0.6361284
vn 0.7715854 -8.271953E-07 0.6361284
vn 0.8390316 -8.865949E-07 0.5440862
vn 0.8390316 -8.865949E-07 0.5440862
vn 0.8741596 -9.166135E-07 0.4856429
vn 0.8741596 -9.166135E-07 0.4856429
vn 0.8961164 -8.573149E-07 -0.4438219
vn 0.9701446 -9.489399E-07 -0.2425343
vn 0.9701446 -9.489399E-07 -0.2425343
vn 0.8961164 -8.573148E-07 -0.4438219
vn 0.7167686 -6.558069E-07 -0.6973119
vn 0.7167686 -6.558068E-07 -0.6973118
vn 0.5504912 -4.775068E-07 -0.8348411
vn 0.5504912 -4.775068E-07 -0.8348411
vn 0.4472136 -3.690203E-07 -0.8944272
vn 0.4472136 -3.690203E-07 -0.8944272
vn -0.1639601 -0.01489988 -0.9863546
vn -1E-06 8.742278E-08 -1
vn -1E-06 8.742278E-08 -1
vn -0.1639601 -0.01489988 -0.9863546
vn -0.3234447 -0.02939321 -0.9457911
vn 0.9863959 -9.720219E-07 -0.1643988
vn 0.9863958 -9.720217E-07 -0.1643988
vn 0.3001699 -3.835598E-07 0.9538863
vn 0.227231 -3.123655E-07 0.9738412
vn 0.2272311 -3.123655E-07 0.9738412
vn 0.3001699 -3.835598E-07 0.9538863
vn 0.5421266 -0.03057124 0.8397418
vn 0.4932255 -5.692729E-07 0.8699026
vn 0.0896859 -0.990205 -0.1070061
vn 0.07579529 -0.9907596 -0.1124746
vn 0.02481639 -0.9986945 -0.04464719
vn 0.002947176 -0.9998741 -0.01559242
vn 0.01609313 -0.9998503 0.006341993
vn 0.02926736 -0.997028 -0.07126482
vn -0.01133577 -0.9998705 0.01142225
vn 0.03472313 -0.9990814 -0.02511632
vn 0.2245426 -0.9345898 -0.2759029
vn -0.04995138 -0.9987516 0.0004148331
vn 0.03189342 -0.9991093 -0.02762818
vn 0.0311302 -0.9991768 -0.02601109
vn 0.01478095 -0.9995306 -0.02683458
vn -0.04816929 -0.9985529 -0.02391357
vn -0.0752886 -0.9968514 -0.02487775
vn -0.1190506 -0.9927338 -0.01750867
vn -0.1211642 -0.9924916 -0.01672292
vn -0.05184442 -0.9986174 -0.008699755
vn -0.05099968 -0.9986581 -0.008999869
vn -1E-06 -1 -8.742278E-08
vn 0.9641457 -0.05349353 -0.2599321
vn 0.9891714 -0.0536855 -0.1366069
vn 0.911683 -0.03160989 -0.4096796
vn 0.9070275 -8.702146E-07 -0.4210745
vn 0.8312817 -7.826864E-07 -0.5558529
vn 0.8312817 -7.826864E-07 -0.5558529
vn 0.992263 -0.02161387 0.1222751
vn 0.9260947 -9.590767E-07 0.3772969
vn 0.9798744 -9.97324E-07 0.1996256
vn -0.7161296 -0.01750067 -0.6977502
vn -0.7564971 8.136694E-07 -0.6539996
vn -0.8914695 9.310772E-07 -0.4530851
vn -0.8914696 9.310773E-07 -0.4530852
vn -0.9420386 9.713676E-07 -0.3355108
vn -0.9420386 9.713676E-07 -0.3355107
vn -0.9486856 9.763289E-07 -0.3162278
vn -0.9486856 9.763288E-07 -0.3162278
vn 0.184288 -9.836323E-08 -0.9828722
vn 0.184288 -9.836323E-08 -0.9828722
vn 0.7348489 -6.755551E-07 -0.6782319
vn 0.7348489 -6.755551E-07 -0.6782319
vn 0.6804516 -6.16388E-07 -0.7327937
vn 0.6804516 -6.16388E-07 -0.7327937
vn 0.09950331 -1.251519E-08 -0.9950371
vn 0.09950331 -1.251519E-08 -0.9950371
vn 0.09950331 -1.251519E-08 -0.9950371
vn 0.09950331 -1.251519E-08 -0.9950371
vn -0.9422702 9.129944E-07 0.3348579
vn -0.9422702 9.129944E-07 0.3348579
vn -0.9230545 8.894239E-07 0.3846727
vn -0.9230545 8.894239E-07 0.3846727
vn -0.9852845 9.703392E-07 0.1709334
vn -0.9852845 9.703392E-07 0.1709334
vn -0.9931959 1.003376E-06 -0.1164735
vn -0.9931959 1.003376E-06 -0.1164735
vn -0.915946 9.510271E-07 -0.4013067
vn -0.9159459 9.51027E-07 -0.4013067
vn -0.8014016 8.536895E-07 -0.5981296
vn -0.8014016 8.536895E-07 -0.5981296
vn -0.6532739 7.194617E-07 -0.7571234
vn -0.6532739 7.194617E-07 -0.7571234
vn -0.5064265 5.818079E-07 -0.8622842
vn -0.5064265 5.818079E-07 -0.8622842
vn -0.4472156 5.254072E-07 -0.8944272
vn -0.4472156 5.254071E-07 -0.8944271
vn 0.01216995 -0.9986835 -0.04983047
vn 0.01652836 -0.9995102 -0.02657207
vn -1E-06 -1 -8.742278E-08
vn 0.08376972 -0.9957508 -0.03825029
vn 0.0148395 -0.9997382 0.01741796
vn 0.1066546 -0.9939573 -0.02595867
vn 0.2239331 -0.9745253 -0.01244077
vn 0.05580228 -0.9950534 -0.08218826
vn 0.02890876 -0.9990216 0.03347014
vn -0.05548772 -0.9869239 0.1513352
vn -0.08638978 -0.9753333 0.2031304
vn -0.07342444 -0.9862037 0.1483615
vn -0.06416272 -0.9720367 0.2258931
vn -0.06713237 -0.9568069 0.2828668
vn -0.09652692 -0.9790545 0.1792628
vn -0.0384333 -0.9223943 0.3843326
vn 0.692145 -6.309835E-08 0.721761
vn 0.915671 3.4756E-07 0.4019336
vn 0.915671 3.4756E-07 0.4019336
vn 0.692145 -6.309835E-08 0.721761
vn 0.9997826 7.05276E-07 0.02094239
vn 0.9997826 7.05276E-07 0.02094239
vn 0.9316984 9.556287E-07 -0.3632369
vn 0.9316984 9.556287E-07 -0.3632369
vn 0.721761 1.060509E-06 -0.692144
vn 0.721761 1.060509E-06 -0.692144
vn 0.4019333 1.003924E-06 -0.91567
vn 0.4019333 1.003924E-06 -0.91567
vn 0.02094167 7.945105E-07 -0.9997818
vn 0.02094167 7.945105E-07 -0.9997818
vn -0.3632378 4.641497E-07 -0.931698
vn -0.3632378 4.641497E-07 -0.931698
vn -0.692145 6.309835E-08 -0.721761
vn -0.692145 6.309835E-08 -0.721761
vn -0.915671 -3.4756E-07 -0.4019336
vn -0.915671 -3.4756E-07 -0.4019336
vn -0.9997826 -7.05276E-07 -0.02094239
vn -0.9997826 -7.05276E-07 -0.02094239
vn -0.9316984 -9.556287E-07 0.3632369
vn -0.9316984 -9.556287E-07 0.3632369
vn -0.721761 -1.060509E-06 0.692144
vn -0.721761 -1.060509E-06 0.692144
vn -0.4019333 -1.003924E-06 0.91567
vn -0.4019333 -1.003924E-06 0.91567
vn -0.02094167 -7.945105E-07 0.9997818
vn -0.02094167 -7.945105E-07 0.9997818
vn 0.3632378 -4.641497E-07 0.931698
vn 0.3632378 -4.641497E-07 0.931698
vn -0.692145 6.309835E-08 -0.721761
vn -0.9156709 -3.475599E-07 -0.4019337
vn -0.9156709 -3.475599E-07 -0.4019337
vn -0.692145 6.309835E-08 -0.721761
vn -0.9997826 -7.05276E-07 -0.02094239
vn -0.9997826 -7.05276E-07 -0.02094239
vn -0.9316984 -9.556287E-07 0.3632369
vn -0.9316984 -9.556287E-07 0.3632369
vn -0.721761 -1.060509E-06 0.692144
vn -0.721761 -1.060509E-06 0.692144
vn -0.4019333 -1.003924E-06 0.91567
vn -0.4019333 -1.003924E-06 0.91567
vn -0.02094167 -7.945105E-07 0.9997818
vn -0.02094167 -7.945105E-07 0.9997818
vn 0.3632379 -4.641497E-07 0.931698
vn 0.3632379 -4.641497E-07 0.931698
vn 0.692145 -6.309835E-08 0.721761
vn 0.692145 -6.309835E-08 0.721761
vn 0.9156709 3.475599E-07 0.4019337
vn 0.9156709 3.475599E-07 0.4019337
vn 0.9997826 7.05276E-07 0.02094239
vn 0.9997826 7.05276E-07 0.02094239
vn 0.9316984 9.556287E-07 -0.3632369
vn 0.9316984 9.556287E-07 -0.3632369
vn 0.721761 1.060509E-06 -0.692144
vn 0.721761 1.060509E-06 -0.692144
vn 0.4019333 1.003924E-06 -0.91567
vn 0.4019333 1.003924E-06 -0.91567
vn 0.02094167 7.945105E-07 -0.9997818
vn 0.02094167 7.945105E-07 -0.9997818
vn -0.3632379 4.641497E-07 -0.931698
vn -0.3632379 4.641497E-07 -0.931698
vn 0 -1 -1.087423E-06
vn 0 -1 -1.087423E-06
vn 0 -1 -1.087423E-06
vn 0 -1 -1.087423E-06
vn 0 -1 -1.087423E-06
vn 0 -1 -1.087423E-06
vn 0 -1 -1.087423E-06
vn 0 -1 -1.087423E-06
vn 0 -1 -1.087423E-06
vn 0 -1 -1.087423E-06
vn 0 -1 -1.087423E-06
vn 0 -1 -1.087423E-06
vn 0 -1 -1.087423E-06
vn 0 -1 -1.087423E-06
vn 0 -1 -1.087423E-06
vn 0 -1 -1.087423E-06
vn 0 -1 -1.087423E-06
vn 0 -1 -1.087423E-06
vn 0 -1 -1.087423E-06
vn 0 -1 -1.087423E-06
vn 0 -1 -1.087423E-06
vn 0 -1 -1.087423E-06
vn 0 -1 -1.087423E-06
vn 0 -1 -1.087423E-06
vn 0 -1 -1.087423E-06
vn 0 -1 -1.087423E-06
vn 0 -1 -1.087423E-06
vn 0 -1 -1.087423E-06
vn 0 -1 -1.087423E-06
vn 0 -1 -1.087423E-06
vn 0 -1 -1.087423E-06
vn 0 -1 -1.087423E-06
vn 0.692145 -6.309835E-08 0.721761
vn 0.915671 3.4756E-07 0.4019336
vn 0.915671 3.4756E-07 0.4019336
vn 0.692145 -6.309835E-08 0.721761
vn 0.9997826 7.05276E-07 0.02094239
vn 0.9997826 7.05276E-07 0.02094239
vn 0.9316984 9.556287E-07 -0.3632369
vn 0.9316984 9.556287E-07 -0.3632369
vn 0.721761 1.060509E-06 -0.692144
vn 0.721761 1.060509E-06 -0.692144
vn 0.4019333 1.003924E-06 -0.91567
vn 0.4019333 1.003924E-06 -0.91567
vn 0.02094167 7.945105E-07 -0.9997818
vn 0.02094167 7.945105E-07 -0.9997818
vn -0.3632378 4.641497E-07 -0.931698
vn -0.3632378 4.641497E-07 -0.931698
vn -0.692145 6.309835E-08 -0.721761
vn -0.692145 6.309835E-08 -0.721761
vn -0.915671 -3.4756E-07 -0.4019336
vn -0.915671 -3.4756E-07 -0.4019336
vn -0.9997826 -7.05276E-07 -0.02094239
vn -0.9997826 -7.05276E-07 -0.02094239
vn -0.9316984 -9.556287E-07 0.3632369
vn -0.9316984 -9.556287E-07 0.3632369
vn -0.721761 -1.060509E-06 0.692144
vn -0.721761 -1.060509E-06 0.692144
vn -0.4019333 -1.003924E-06 0.91567
vn -0.4019333 -1.003924E-06 0.91567
vn -0.02094167 -7.945105E-07 0.9997818
vn -0.02094167 -7.945105E-07 0.9997818
vn 0.3632378 -4.641497E-07 0.931698
vn 0.3632378 -4.641497E-07 0.931698
vn -0.692145 6.309835E-08 -0.721761
vn -0.9156709 -3.475599E-07 -0.4019337
vn -0.915671 -3.4756E-07 -0.4019337
vn -0.692145 6.309835E-08 -0.721761
vn -0.9997826 -7.05276E-07 -0.02094239
vn -0.9929211 -6.240435E-07 -0.1187919
vn -0.9316984 -9.556287E-07 0.3632369
vn -0.9316984 -9.556287E-07 0.3632369
vn -0.721761 -1.060509E-06 0.692144
vn -0.721761 -1.060509E-06 0.692144
vn -0.4019333 -1.003924E-06 0.91567
vn -0.4019333 -1.003924E-06 0.91567
vn -0.02094167 -7.945105E-07 0.9997818
vn 0.07710938 -7.215912E-07 0.9970238
vn 0.3632379 -4.641497E-07 0.931698
vn 0.3632379 -4.641497E-07 0.9316981
vn 0.692145 -6.309835E-08 0.721761
vn 0.692145 -6.309835E-08 0.721761
vn 0.9156709 3.475599E-07 0.4019337
vn 0.915671 3.4756E-07 0.4019337
vn 0.9997826 7.05276E-07 0.02094239
vn 0.9997826 7.05276E-07 0.02094239
vn 0.9316984 9.556287E-07 -0.3632369
vn 0.9316984 9.556287E-07 -0.3632369
vn 0.721761 1.060509E-06 -0.692144
vn 0.721761 1.060509E-06 -0.692144
vn 0.4019333 1.003924E-06 -0.91567
vn 0.4019333 1.003924E-06 -0.9156701
vn 0.02094167 7.945105E-07 -0.9997818
vn 0.02094167 7.945105E-07 -0.9997818
vn -0.3632379 4.641497E-07 -0.931698
vn -0.3632379 4.641497E-07 -0.9316981
vn 0 -1 -1.087423E-06
vn 0 -1 -1.087423E-06
vn 0 -1 -1.087423E-06
vn 0 -1 -1.087423E-06
vn 0 -1 -1.087423E-06
vn 0 -1 -1.087423E-06
vn 0 -1 -1.087423E-06
vn 0 -1 -1.087423E-06
vn 0 -1 -1.087423E-06
vn 0 -1 -1.087423E-06
vn 0 -1 -1.087423E-06
vn 0 -1 -1.087423E-06
vn 0 -1 -1.087423E-06
vn 0 -1 -1.087423E-06
vn 0 -1 -1.087423E-06
vn 0 -1 -1.087423E-06
vn 0 -1 -1.087423E-06
vn 0 -1 -1.087423E-06
vn 0 -1 -1.087423E-06
vn 0 -1 -1.087423E-06
vn 0 -1 -1.087423E-06
vn 0 -1 -1.087423E-06
vn 0 -1 -1.087423E-06
vn 0 -1 -1.087423E-06
vn 0 -1 -1.087423E-06
vn 0 -1 -1.087423E-06
vn 0 -1 -1.087423E-06
vn 0 -1 -1.087423E-06
vn 0 -1 -1.087423E-06
vn 0 -1 -1.087423E-06
vn 0 -1 -1.087423E-06
vn 0 -1 -1.087423E-06
vn 0.692145 -6.309835E-08 0.721761
vn 0.9156709 3.475599E-07 0.4019337
vn 0.9156709 3.475599E-07 0.4019337
vn 0.692145 -6.309835E-08 0.721761
vn 0.9997826 7.05276E-07 0.02094239
vn 0.9997826 7.05276E-07 0.02094239
vn 0.9316984 9.556287E-07 -0.3632369
vn 0.9316984 9.556287E-07 -0.3632369
vn 0.721761 1.060509E-06 -0.692144
vn 0.721761 1.060509E-06 -0.692144
vn 0.4019333 1.003924E-06 -0.91567
vn 0.4019333 1.003924E-06 -0.91567
vn 0.02094167 7.945105E-07 -0.9997818
vn 0.02094167 7.945105E-07 -0.9997818
vn -0.3632379 4.641497E-07 -0.931698
vn -0.3632379 4.641497E-07 -0.931698
vn -0.692145 6.309835E-08 -0.721761
vn -0.692145 6.309835E-08 -0.721761
vn -0.9156709 -3.475599E-07 -0.4019337
vn -0.9156709 -3.475599E-07 -0.4019337
vn -0.9997826 -7.05276E-07 -0.02094239
vn -0.9997826 -7.05276E-07 -0.02094239
vn -0.9316984 -9.556287E-07 0.3632369
vn -0.9316984 -9.556287E-07 0.3632369
vn -0.721761 -1.060509E-06 0.692144
vn -0.721761 -1.060509E-06 0.692144
vn -0.4019333 -1.003924E-06 0.91567
vn -0.4019333 -1.003924E-06 0.91567
vn -0.02094167 -7.945105E-07 0.9997818
vn -0.02094167 -7.945105E-07 0.9997818
vn 0.3632379 -4.641497E-07 0.931698
vn 0.3632379 -4.641497E-07 0.931698
vn 0.692145 -6.309835E-08 0.721761
vn 0.9156709 3.475599E-07 0.4019337
vn 0.9156709 3.475599E-07 0.4019337
vn 0.692145 -6.309835E-08 0.721761
vn 0.9997826 7.05276E-07 0.02094239
vn 0.9997826 7.05276E-07 0.02094239
vn 0.9316984 9.556287E-07 -0.3632369
vn 0.9316984 9.556287E-07 -0.3632369
vn 0.721761 1.060509E-06 -0.692144
vn 0.721761 1.060509E-06 -0.692144
vn 0.4019333 1.003924E-06 -0.91567
vn 0.4019333 1.003924E-06 -0.91567
vn 0.02094167 7.945105E-07 -0.9997818
vn 0.02094167 7.945105E-07 -0.9997818
vn -0.3632379 4.641497E-07 -0.931698
vn -0.3632379 4.641497E-07 -0.931698
vn -0.692145 6.309835E-08 -0.721761
vn -0.692145 6.309835E-08 -0.721761
vn -0.9156709 -3.475599E-07 -0.4019337
vn -0.9156709 -3.475599E-07 -0.4019337
vn -0.9997826 -7.05276E-07 -0.02094239
vn -0.9997826 -7.05276E-07 -0.02094239
vn -0.9316984 -9.556287E-07 0.3632369
vn -0.9316984 -9.556287E-07 0.3632369
vn -0.721761 -1.060509E-06 0.692144
vn -0.721761 -1.060509E-06 0.692144
vn -0.4019333 -1.003924E-06 0.91567
vn -0.4019333 -1.003924E-06 0.91567
vn -0.02094167 -7.945105E-07 0.9997818
vn -0.02094167 -7.945105E-07 0.9997818
vn 0.3632379 -4.641497E-07 0.931698
vn 0.3632379 -4.641497E-07 0.931698
vn 0.692145 -6.309835E-08 0.721761
vn 0.9156709 3.475599E-07 0.4019337
vn 0.9156709 3.475599E-07 0.4019337
vn 0.692145 -6.309835E-08 0.721761
vn 0.9997826 7.05276E-07 0.02094239
vn 0.9997826 7.05276E-07 0.02094239
vn 0.9316984 9.556287E-07 -0.3632369
vn 0.9316984 9.556287E-07 -0.3632369
vn 0.721761 1.060509E-06 -0.692144
vn 0.721761 1.060509E-06 -0.692144
vn 0.4019333 1.003924E-06 -0.91567
vn 0.4019333 1.003924E-06 -0.91567
vn 0.02094167 7.945105E-07 -0.9997818
vn 0.02094167 7.945105E-07 -0.9997818
vn -0.3632379 4.641497E-07 -0.931698
vn -0.3632379 4.641497E-07 -0.931698
vn -0.692145 6.309835E-08 -0.721761
vn -0.692145 6.309835E-08 -0.721761
vn -0.9156709 -3.475599E-07 -0.4019337
vn -0.9156709 -3.475599E-07 -0.4019337
vn -0.9997826 -7.05276E-07 -0.02094239
vn -0.9997826 -7.05276E-07 -0.02094239
vn -0.9316984 -9.556287E-07 0.3632369
vn -0.9316984 -9.556287E-07 0.3632369
vn -0.721761 -1.060509E-06 0.692144
vn -0.721761 -1.060509E-06 0.692144
vn -0.4019333 -1.003924E-06 0.91567
vn -0.4019333 -1.003924E-06 0.91567
vn -0.02094167 -7.945105E-07 0.9997818
vn -0.02094167 -7.945105E-07 0.9997818
vn 0.3632379 -4.641497E-07 0.931698
vn 0.3632379 -4.641497E-07 0.931698
vn 0.692145 -6.309835E-08 0.721761
vn 0.9156709 3.475599E-07 0.4019337
vn 0.9156709 3.475599E-07 0.4019337
vn 0.692145 -6.309835E-08 0.721761
vn 0.9997826 7.05276E-07 0.02094239
vn 0.9997826 7.05276E-07 0.02094239
vn 0.9316984 9.556287E-07 -0.3632369
vn 0.9316984 9.556287E-07 -0.3632369
vn 0.721761 1.060509E-06 -0.692144
vn 0.721761 1.060509E-06 -0.692144
vn 0.4019333 1.003924E-06 -0.91567
vn 0.4019333 1.003924E-06 -0.91567
vn 0.02094167 7.945105E-07 -0.9997818
vn 0.02094167 7.945105E-07 -0.9997818
vn -0.3632379 4.641497E-07 -0.931698
vn -0.3632379 4.641497E-07 -0.931698
vn -0.692145 6.309835E-08 -0.721761
vn -0.692145 6.309835E-08 -0.721761
vn -0.9156709 -3.475599E-07 -0.4019337
vn -0.9156709 -3.475599E-07 -0.4019337
vn -0.9997826 -7.05276E-07 -0.02094239
vn -0.9997826 -7.05276E-07 -0.02094239
vn -0.9316984 -9.556287E-07 0.3632369
vn -0.9316984 -9.556287E-07 0.3632369
vn -0.721761 -1.060509E-06 0.692144
vn -0.721761 -1.060509E-06 0.692144
vn -0.4019333 -1.003924E-06 0.91567
vn -0.4019333 -1.003924E-06 0.91567
vn -0.02094167 -7.945105E-07 0.9997818
vn -0.02094167 -7.945105E-07 0.9997818
vn 0.3632379 -4.641497E-07 0.931698
vn 0.3632379 -4.641497E-07 0.931698
vn 0.692145 -6.309835E-08 0.721761
vn 0.9156709 3.475599E-07 0.4019337
vn 0.9156709 3.475599E-07 0.4019337
vn 0.692145 -6.309835E-08 0.721761
vn 0.9997826 7.05276E-07 0.02094239
vn 0.9997826 7.05276E-07 0.02094239
vn 0.9316984 9.556287E-07 -0.3632369
vn 0.9316984 9.556287E-07 -0.3632369
vn 0.721761 1.060509E-06 -0.692144
vn 0.721761 1.060509E-06 -0.692144
vn 0.4019333 1.003924E-06 -0.91567
vn 0.4019333 1.003924E-06 -0.91567
vn 0.02094167 7.945105E-07 -0.9997818
vn 0.02094167 7.945105E-07 -0.9997818
vn -0.3632379 4.641497E-07 -0.931698
vn -0.3632379 4.641497E-07 -0.931698
vn -0.692145 6.309835E-08 -0.721761
vn -0.692145 6.309835E-08 -0.721761
vn -0.9156709 -3.475599E-07 -0.4019337
vn -0.9156709 -3.475599E-07 -0.4019337
vn -0.9997826 -7.05276E-07 -0.02094239
vn -0.9997826 -7.05276E-07 -0.02094239
vn -0.9316984 -9.556287E-07 0.3632369
vn -0.9316984 -9.556287E-07 0.3632369
vn -0.721761 -1.060509E-06 0.692144
vn -0.721761 -1.060509E-06 0.692144
vn -0.4019333 -1.003924E-06 0.91567
vn -0.4019333 -1.003924E-06 0.91567
vn -0.02094167 -7.945105E-07 0.9997818
vn -0.02094167 -7.945105E-07 0.9997818
vn 0.3632379 -4.641497E-07 0.931698
vn 0.3632379 -4.641497E-07 0.931698
vn 0.692145 -6.309835E-08 0.721761
vn 0.9156709 3.475599E-07 0.4019337
vn 0.9156709 3.475599E-07 0.4019337
vn 0.692145 -6.309835E-08 0.721761
vn 0.9997826 7.05276E-07 0.02094239
vn 0.9997826 7.05276E-07 0.02094239
vn 0.9316984 9.556287E-07 -0.3632369
vn 0.9316984 9.556287E-07 -0.3632369
vn 0.721761 1.060509E-06 -0.692144
vn 0.721761 1.060509E-06 -0.692144
vn 0.4019333 1.003924E-06 -0.91567
vn 0.4019333 1.003924E-06 -0.91567
vn 0.02094167 7.945105E-07 -0.9997818
vn 0.02094167 7.945105E-07 -0.9997818
vn -0.3632379 4.641497E-07 -0.931698
vn -0.3632379 4.641497E-07 -0.931698
vn -0.692145 6.309835E-08 -0.721761
vn -0.692145 6.309835E-08 -0.721761
vn -0.9156709 -3.475599E-07 -0.4019337
vn -0.9156709 -3.475599E-07 -0.4019337
vn -0.9997826 -7.05276E-07 -0.02094239
vn -0.9997826 -7.05276E-07 -0.02094239
vn -0.9316984 -9.556287E-07 0.3632369
vn -0.9316984 -9.556287E-07 0.3632369
vn -0.721761 -1.060509E-06 0.692144
vn -0.721761 -1.060509E-06 0.692144
vn -0.4019333 -1.003924E-06 0.91567
vn -0.4019333 -1.003924E-06 0.91567
vn -0.02094167 -7.945105E-07 0.9997818
vn -0.02094167 -7.945105E-07 0.9997818
vn 0.3632379 -4.641497E-07 0.931698
vn 0.3632379 -4.641497E-07 0.931698
vn -0.6932551 6.146603E-08 -0.7206949
vn -0.6932551 6.146603E-08 -0.7206949
vn -0.9156709 -3.475599E-07 -0.4019337
vn -0.9156709 -3.475599E-07 -0.4019337
vn -0.9997826 -7.05276E-07 -0.02094239
vn -0.9997826 -7.05276E-07 -0.02094239
vn -0.9316984 -9.556287E-07 0.3632369
vn -0.9316984 -9.556287E-07 0.3632369
vn -0.721761 -1.060509E-06 0.692144
vn -0.721761 -1.060509E-06 0.692144
vn -0.4019333 -1.003924E-06 0.91567
vn -0.4019333 -1.003924E-06 0.91567
vn -0.02094167 -7.945105E-07 0.9997818
vn -0.02094167 -7.945105E-07 0.9997818
vn 0.3632379 -4.641497E-07 0.931698
vn 0.3632379 -4.641497E-07 0.931698
vn 0.6910333 -6.473053E-08 0.7228255
vn 0.6910333 -6.473053E-08 0.7228255
vn 0.8178526 1.417059E-07 0.5754312
vn 0.8178526 1.417059E-07 0.5754312
vn -0.02094172 -7.945105E-07 0.9997818
vn -0.02094172 -7.945105E-07 0.9997818
vn -0.02094172 -7.945105E-07 0.9997818
vn -0.02094172 -7.945105E-07 0.9997818
vn -0.8496737 -1.024333E-06 0.5273111
vn -0.8496737 -1.024333E-06 0.5273111
vn -0.7246718 -1.060234E-06 0.6890958
vn -0.7261526 -1.060086E-06 0.6875352
vn -0.6967258 5.634577E-08 -0.7173401
vn -0.6951809 5.862803E-08 -0.7188374
vn -0.3632379 4.641497E-07 -0.931698
vn -0.3632379 4.641497E-07 -0.931698
vn 0.02094167 7.945105E-07 -0.9997818
vn 0.02094167 7.945105E-07 -0.9997818
vn 0.4019333 1.003924E-06 -0.91567
vn 0.4019333 1.003924E-06 -0.91567
vn 0.721761 1.060509E-06 -0.692144
vn 0.721761 1.060509E-06 -0.692144
vn 0.9316984 9.556287E-07 -0.3632369
vn 0.9316984 9.556287E-07 -0.3632369
vn 0.9997826 7.05276E-07 0.02094239
vn 0.9997826 7.05276E-07 0.02094239
vn 0.9156709 3.475599E-07 0.4019337
vn 0.9156709 3.475599E-07 0.4019337
vn 0.692145 -6.309835E-08 0.721761
vn 0.692145 -6.309835E-08 0.721761
vn 0.3632379 -4.641497E-07 0.931698
vn 0.3632379 -4.641497E-07 0.931698
vn -0.02094167 -7.945105E-07 0.9997818
vn -0.02094167 -7.945105E-07 0.9997818
vn -0.4019333 -1.003924E-06 0.91567
vn -0.4019333 -1.003924E-06 0.91567
vn -0.8268478 -1.583343E-07 -0.5624291
vn -0.8268478 -1.583343E-07 -0.5624291
vn 0.02094167 7.945105E-07 -0.9997818
vn 0.02094167 7.945105E-07 -0.9997818
vn 0.02094167 7.945105E-07 -0.9997818
vn 0.02094167 7.945105E-07 -0.9997818
vn 0.692145 -6.309835E-08 0.721761
vn 0.692145 -6.309835E-08 0.721761
vn 0.692145 -6.309835E-08 0.721761
vn 0.692145 -6.309835E-08 0.721761
vn -0.02094167 -7.945105E-07 0.9997818
vn -0.02094167 -7.945105E-07 0.9997818
vn -0.02094167 -7.945105E-07 0.9997818
vn -0.02094167 -7.945105E-07 0.9997818
vn -0.8496737 -1.024333E-06 0.5273111
vn -0.8496737 -1.024333E-06 0.5273111
vn -0.7246718 -1.060234E-06 0.6890958
vn -0.7261526 -1.060086E-06 0.6875352
vn -0.6967253 5.634639E-08 -0.7173405
vn -0.6951806 5.862844E-08 -0.7188376
vn -0.3632379 4.641497E-07 -0.931698
vn -0.3632379 4.641497E-07 -0.931698
vn 0.02094167 7.945105E-07 -0.9997818
vn 0.02094167 7.945105E-07 -0.9997818
vn 0.4019333 1.003924E-06 -0.91567
vn 0.4019333 1.003924E-06 -0.91567
vn 0.721761 1.060509E-06 -0.692144
vn 0.721761 1.060509E-06 -0.692144
vn 0.9316984 9.556287E-07 -0.3632369
vn 0.9316984 9.556287E-07 -0.3632369
vn 0.9997826 7.05276E-07 0.02094239
vn 0.9997826 7.05276E-07 0.02094239
vn 0.9156709 3.475599E-07 0.4019337
vn 0.9156709 3.475599E-07 0.4019337
vn 0.692145 -6.309835E-08 0.721761
vn 0.692145 -6.309835E-08 0.721761
vn 0.3632379 -4.641497E-07 0.931698
vn 0.3632379 -4.641497E-07 0.931698
vn -0.02094167 -7.945105E-07 0.9997818
vn -0.02094167 -7.945105E-07 0.9997818
vn -0.4019333 -1.003924E-06 0.91567
vn -0.4019333 -1.003924E-06 0.91567
vn -0.8268471 -1.58333E-07 -0.5624301
vn -0.8268471 -1.58333E-07 -0.5624301
vn 0.02094176 7.945106E-07 -0.9997818
vn 0.02094176 7.945105E-07 -0.9997818
vn 0.02094176 7.945106E-07 -0.9997818
vn 0.02094176 7.945105E-07 -0.9997818
vn 0.692145 -6.309835E-08 0.721761
vn 0.692145 -6.309835E-08 0.721761
vn 0.692145 -6.309835E-08 0.721761
vn 0.692145 -6.309835E-08 0.721761
vn -0.2026403 -9.096505E-07 0.9792542
vn -0.2026403 -9.096505E-07 0.9792542
vn -0.2026403 -9.096505E-07 0.9792542
vn -0.2026403 -9.096505E-07 0.9792542
vn 0.692145 -6.309835E-08 0.721761
vn 0.3632379 -4.641497E-07 0.9316981
vn 0.1744185 -6.417291E-07 0.9846728
vn -0.692145 6.309835E-08 -0.721761
vn -0.3632379 4.641497E-07 -0.9316981
vn 0.02094167 7.945105E-07 -0.9997818
vn 0.4019333 1.003924E-06 -0.9156701
vn 0.721761 1.060509E-06 -0.692144
vn 0.9316984 9.556287E-07 -0.3632369
vn 0.9997826 7.05276E-07 0.02094239
vn 0.915671 3.4756E-07 0.4019337
vn -0.915671 -3.4756E-07 -0.4019337
vn -0.9765061 -5.368067E-07 -0.2154984
vn -0.9868816 -8.381563E-07 0.1614563
vn -0.9868816 -8.381563E-07 0.1614563
vn -0.9868816 -8.381563E-07 0.1614563
vn -0.9868816 -8.381563E-07 0.1614563
vn -0.692145 6.309835E-08 -0.721761
vn -0.692145 6.309835E-08 -0.721761
vn -0.692145 6.309835E-08 -0.721761
vn -0.692145 6.309835E-08 -0.721761
vn 0.9997826 7.05276E-07 0.02094231
vn 0.9997825 7.05276E-07 0.0209423
vn 0.9997826 7.05276E-07 0.02094231
vn 0.9997825 7.05276E-07 0.0209423
vn 0.5273131 -2.81783E-07 0.8496729
vn 0.5273131 -2.81783E-07 0.8496729
vn 0.6890971 -6.756714E-08 0.7246715
vn 0.6875366 -6.984775E-08 0.7261522
vn 0.9156709 3.475599E-07 0.4019337
vn 0.9156709 3.475599E-07 0.4019337
vn 0.9997826 7.05276E-07 0.02094239
vn 0.9997826 7.05276E-07 0.02094239
vn 0.9316984 9.556287E-07 -0.3632369
vn 0.9316984 9.556287E-07 -0.3632369
vn 0.721761 1.060509E-06 -0.692144
vn 0.721761 1.060509E-06 -0.692144
vn 0.4019333 1.003924E-06 -0.91567
vn 0.4019333 1.003924E-06 -0.91567
vn 0.02094167 7.945105E-07 -0.9997818
vn 0.02094167 7.945105E-07 -0.9997818
vn -0.3632379 4.641497E-07 -0.931698
vn -0.3632379 4.641497E-07 -0.931698
vn -0.692145 6.309835E-08 -0.721761
vn -0.692145 6.309835E-08 -0.721761
vn -0.9156709 -3.475599E-07 -0.4019337
vn -0.9156709 -3.475599E-07 -0.4019337
vn -0.9997826 -7.05276E-07 -0.02094239
vn -0.9997826 -7.05276E-07 -0.02094239
vn -0.9316984 -9.556287E-07 0.3632369
vn -0.9316984 -9.556287E-07 0.3632369
vn -0.7188374 -1.060766E-06 0.6951799
vn -0.7173401 -1.060889E-06 0.6967248
vn -0.562429 -1.050519E-06 0.8268468
vn -0.562429 -1.050519E-06 0.8268468
vn -0.9997826 -7.05276E-07 -0.02094239
vn -0.9997826 -7.05276E-07 -0.02094239
vn -0.9997826 -7.05276E-07 -0.02094239
vn -0.9997826 -7.05276E-07 -0.02094239
vn -0.692145 6.309835E-08 -0.721761
vn -0.692145 6.309835E-08 -0.721761
vn -0.692145 6.309835E-08 -0.721761
vn -0.692145 6.309835E-08 -0.721761
vn 0.9997826 7.05276E-07 0.02094239
vn 0.9997826 7.05276E-07 0.02094239
vn 0.9997826 7.05276E-07 0.02094239
vn 0.9997826 7.05276E-07 0.02094239
vn 0.5273121 -2.817842E-07 0.8496736
vn 0.5273121 -2.817842E-07 0.8496736
vn 0.6890968 -6.756755E-08 0.7246718
vn 0.6875362 -6.984837E-08 0.7261526
vn 0.9156709 3.475599E-07 0.4019337
vn 0.9156709 3.475599E-07 0.4019337
vn 0.9997826 7.05276E-07 0.02094239
vn 0.9997826 7.05276E-07 0.02094239
vn 0.9316984 9.556287E-07 -0.3632369
vn 0.9316984 9.556287E-07 -0.3632369
vn 0.721761 1.060509E-06 -0.692144
vn 0.721761 1.060509E-06 -0.692144
vn 0.4019333 1.003924E-06 -0.91567
vn 0.4019333 1.003924E-06 -0.91567
vn 0.02094167 7.945105E-07 -0.9997818
vn 0.02094167 7.945105E-07 -0.9997818
vn -0.3632379 4.641497E-07 -0.931698
vn -0.3632379 4.641497E-07 -0.931698
vn -0.692145 6.309835E-08 -0.721761
vn -0.692145 6.309835E-08 -0.721761
vn -0.9156709 -3.475599E-07 -0.4019337
vn -0.9156709 -3.475599E-07 -0.4019337
vn -0.9997826 -7.05276E-07 -0.02094239
vn -0.9997826 -7.05276E-07 -0.02094239
vn -0.9316984 -9.556287E-07 0.3632369
vn -0.9316984 -9.556287E-07 0.3632369
vn -0.7188374 -1.060766E-06 0.6951799
vn -0.7173401 -1.060889E-06 0.6967248
vn -0.562429 -1.050519E-06 0.8268468
vn -0.562429 -1.050519E-06 0.8268468
vn -0.9997825 -7.05276E-07 -0.02094235
vn -0.9997825 -7.05276E-07 -0.02094235
vn -0.9997825 -7.05276E-07 -0.02094235
vn -0.9997825 -7.05276E-07 -0.02094235
vn -0.5406795 2.655544E-07 -0.8412307
vn -0.5406795 2.655544E-07 -0.8412307
vn 0 -1 -1.087423E-06
vn 0 -1 -1.087423E-06
vn 0 -1 -1.087423E-06
vn 0 -1 -1.087423E-06
vn 0 -1 -1.087423E-06
vn 0 -1 -1.087423E-06
vn 0 -1 -1.087423E-06
vn 0 -1 -1.087423E-06
vn 0 -1 -1.087423E-06
vn 0 -1 -1.087423E-06
vn 0 -1 -1.087423E-06
vn 0 -1 -1.087423E-06
vn 0 -1 -1.087423E-06
vn 0 -1 -1.087423E-06
vn 0 -1 -1.087423E-06
vn 0 -1 -1.087423E-06
vn 0 -1 -1.087423E-06
vn 0 -1 -1.087423E-06
vn 0 -1 -1.087423E-06
vn 0 -1 -1.087423E-06
vn 0 -1 -1.087423E-06
vn 0 -1 -1.087423E-06
vn 0 -1 -1.087423E-06
vn 0 -1 -1.087423E-06
vn 0 -1 -1.087423E-06
vn 0 -1 -1.087423E-06
vn 0 -1 -1.087423E-06
vn 0 -1 -1.087423E-06
vn 0 -1 -1.087423E-06
vn 0 -1 -1.087423E-06
vn 0 -1 -1.087423E-06
vn 0 -1 -1.087423E-06
vn 0 -1 -1.087423E-06
vn 0 -1 -1.087423E-06
vn 0 -1 -1.087423E-06
vn 0 -1 -1.087423E-06
vn 0 -1 -1.087423E-06
vn 0 -1 -1.087423E-06
vn 0 -1 -1.087423E-06
vn 0 -1 -1.087423E-06
vn 0 -1 -1.087423E-06
vn 0 -1 -1.087423E-06
vn 0 -1 -1.087423E-06
vn 0 -1 -1.087423E-06
vn 0 -1 -1.087423E-06
vn 0 -1 -1.087423E-06
vn 0 -1 -1.087423E-06
vn 0 -1 -1.087423E-06
vn 0 -1 -1.087423E-06
vn 0 -1 -1.087423E-06
vn 0 -1 -1.087423E-06
vn 0 -1 -1.087423E-06
vn 0 -1 -1.087423E-06
vn 0 -1 -1.087423E-06
vn 0 -1 -1.087423E-06
vn 0 -1 -1.087423E-06
vn 0 -1 -1.087423E-06
vn 0 -1 -1.087423E-06
vn 0 -1 -1.087423E-06
vn 0 -1 -1.087423E-06
vn 0 -1 -1.087423E-06
vn 0 -1 -1.087423E-06
vn 0 -1 -1.087423E-06
vn 0 -1 -1.087423E-06
vn 0 -1 -1.087423E-06
vn 0 -1 -1.087423E-06
vn 0 -1 -1.087423E-06
vn 0 -1 -1.087423E-06
vn 0 -1 -1.087423E-06
vn 0 -1 -1.087423E-06
vn 0 -1 -1.087423E-06
vn 0 -1 -1.087423E-06
vn 0 -1 -1.087423E-06
vn 0 -1 -1.087423E-06
vn 0 -1 -1.087423E-06
vn 0 -1 -1.087423E-06
vn 0 -1 -1.087423E-06
vn 0 -1 -1.087423E-06
vn 0 -1 -1.087423E-06
vn 0 -1 -1.087423E-06
vn 0 -1 -1.087423E-06
vn 0 -1 -1.087423E-06
vn 0 -1 -1.087423E-06
vn 0 -1 -1.087423E-06
vn 0 -1 -1.087423E-06
vn 0 -1 -1.087423E-06
vn 0 -1 -1.087423E-06
vn 0 -1 -1.087423E-06
vn 0 -1 -1.087423E-06
vn 0 -1 -1.087423E-06
vn 0 -1 -1.087423E-06
vn 0 -1 -1.087423E-06
vn 0 -1 -1.087423E-06
vn 0 -1 -1.087423E-06
vn 0 -1 -1.087423E-06
vn 0 -1 -1.087423E-06
vn 0 -1 -1.087423E-06
vn 0 -1 -1.087423E-06
vn 0 -1 -1.087423E-06
vn 0 -1 -1.087423E-06
vn 0 -1 -1.087423E-06
vn 0 -1 -1.087423E-06
vn 0 -1 -1.087423E-06
vn 0 -1 -1.087423E-06
vn 0 -1 -1.087423E-06
vn 0 -1 -1.087423E-06
vn 0 -1 -1.087423E-06
vn 0 -1 -1.087423E-06
vn 0 -1 -1.087423E-06
vn 0 -1 -1.087423E-06
vn 0 -1 -1.087423E-06
vn 0 -1 -1.087423E-06
vn 0 -1 -1.087423E-06
vn 0 -1 -1.087423E-06
vn 0 -1 -1.087423E-06
vn 0 -1 -1.087423E-06
vn 0 -1 -1.087423E-06
vn 0 -1 -1.087423E-06
vn 0 -1 -1.087423E-06
vn 0 -1 -1.087423E-06
vn 0 -1 -1.087423E-06
vn 0 -1 -1.087423E-06
vn 0 -1 -1.087423E-06
vn 0 -1 -1.087423E-06
vn 0 -1 -1.087423E-06
vn 0 -1 -1.087423E-06
vn 0 -1 -1.087423E-06
vn 0 -1 -1.087423E-06
vn 0 -1 -1.087423E-06
vn 0 -1 -1.087423E-06
vn 0 -1 -1.087423E-06
vn 0 -1 -1.087423E-06
vn 0 -1 -1.087423E-06
vn 0 -1 -1.087423E-06
vn 0 -1 -1.087423E-06
vn 0 -1 -1.087423E-06
vn 0 -1 -1.087423E-06
vn 0 -1 -1.087423E-06
vn 0 -1 -1.087423E-06
vn 0 -1 -1.087423E-06
vn 0 -1 -1.087423E-06
vn 0 -1 -1.087423E-06
vn 0 -1 -1.087423E-06
vn 0 -1 -1.087423E-06
vn 0 -1 -1.087423E-06
vn 0 -1 -1.087423E-06
vn 0 -1 -1.087423E-06
vn 0 -1 -1.087423E-06
vn 0 -1 -1.087423E-06
vn 0 -1 -1.087423E-06
vn 0 -1 -1.087423E-06
vn 0 -1 -1.087423E-06
vn 0 -1 -1.087423E-06
vn 0 -1 -1.087423E-06
vn 0 -1 -1.087423E-06
vn 0 -1 -1.087423E-06
vn 0 -1 -1.087423E-06
vn 0 -1 -1.087423E-06
vn 0 -1 -1.087423E-06
vn 0 -1 -1.087423E-06
vn 0 -1 -1.087423E-06
vn 0 -1 -1.087423E-06
vn 0 -1 -1.087423E-06
vn 0 -1 -1.087423E-06
vn 0 -1 -1.087423E-06
vn 0 -1 -1.087423E-06
vn 0 -1 -1.087423E-06
vn 0 -1 -1.087423E-06
vn 0 -1 -1.087423E-06
vn 0 -1 -1.087423E-06
vn 0 -1 -1.087423E-06
vn 0 -1 -1.087423E-06
vn 0 -1 -1.087423E-06
vn 0 -1 -1.087423E-06
vn 0 -1 -1.087423E-06
vn 0 -1 -1.087423E-06
vn 0 -1 -1.087423E-06
vn 0 -1 -1.087423E-06
vn 0 -1 -1.087423E-06
vn 0 -1 -1.087423E-06
vn 0 -1 -1.087423E-06
vn 0 -1 -1.087423E-06
vn 0 -1 -1.087423E-06
vn 0 -1 -1.087423E-06
vn 0 -1 -1.087423E-06
vn 0 -1 -1.087423E-06
vn 0 -1 -1.087423E-06
vn 0 -1 -1.087423E-06
vn 0 -1 -1.087423E-06
vn 0 -1 -1.087423E-06
vn 0 -1 -1.087423E-06
vn 0 -1 -1.087423E-06
vn 0 -1 -1.087423E-06
vn 0 -1 -1.087423E-06
vn 0 -1 -1.087423E-06
vn 0 -1 -1.087423E-06
vn 0 -1 -1.087423E-06
vn 0 -1 -1.087423E-06
vn 0 -1 -1.087423E-06
vn 0 -1 -1.087423E-06
vn 0 -1 -1.087423E-06
vn 0 -1 -1.087423E-06
vn 0 -1 -1.087423E-06
vn 0 -1 -1.087423E-06
vn 0 -1 -1.087423E-06
vn 0 -1 -1.087423E-06
vn 0 -1 -1.087423E-06
vn 0 -1 -1.087423E-06
vn 0 -1 -1.087423E-06
vn 0 -1 -1.087423E-06
vn 0 -1 -1.087423E-06
vn 0 -1 -1.087423E-06
vn 0 -1 -1.087423E-06
vn 0 -1 -1.087423E-06
vn 0 -1 -1.087423E-06
vn 0 -1 -1.087423E-06
vn 0 -1 -1.087423E-06
vn 0 -1 -1.087423E-06
vn 0 -1 -1.087423E-06
vn 0 -1 -1.087423E-06
vn 0 -1 -1.087423E-06
vn 0 -1 -1.087423E-06
vn 0 -1 -1.087423E-06
vn 0 -1 -1.087423E-06
vn 0 -1 -1.087423E-06
vn 0 -1 -1.087423E-06
vn 0 -1 -1.087423E-06
vn 0 -1 -1.087423E-06
vn 0 -1 -1.087423E-06
vn 0 -1 -1.087423E-06
vn 0 -1 -1.087423E-06
vn 0 -1 -1.087423E-06
vn 0 -1 -1.087423E-06
vn 0 -1 -1.087423E-06
vn 0 -1 -1.087423E-06
vn 0 -1 -1.087423E-06
vn 0 -1 -1.087423E-06
vn 0 -1 -1.087423E-06
vn 0 -1 -1.087423E-06
vn 0 -1 -1.087423E-06
vn 0 -1 -1.087423E-06
vn 0 -1 -1.087423E-06
vn 0 1 1.087423E-06
vn 0 1 1.087423E-06
vn 0 1 1.087423E-06
vn 0 1 1.087423E-06
vn 0 1 1.087423E-06
vn 0 1 1.087423E-06
vn 0 1 1.087423E-06
vn 0 1 1.087423E-06
vn 0 1 1.087423E-06
vn 0 1 1.087423E-06
vn 0 1 1.087423E-06
vn 0 1 1.087423E-06
vn 0 1 1.087423E-06
vn 0 1 1.087423E-06
vn 0 1 1.087423E-06
vn 0 1 1.087423E-06
vn 0 1 1.087423E-06
vn 0 1 1.087423E-06
vn 0 1 1.087423E-06
vn 0 1 1.087423E-06
vn 0 1 1.087423E-06
vn 0 1 1.087423E-06
vn 0 1 1.087423E-06
vn 0 1 1.087423E-06
vn 0 1 1.087423E-06
vn 0 1 1.087423E-06
vn 0 1 1.087423E-06
vn 0 1 1.087423E-06
vn 0 1 1.087423E-06
vn 0 1 1.087423E-06
vn 0 1 1.087423E-06
vn 0 1 1.087423E-06
vn 0 1 1.087423E-06
vn 0 1 1.087423E-06
vn 0 1 1.087423E-06
vn 0 1 1.087423E-06
vn 0 1 1.087423E-06
vn 0 1 1.087423E-06
vn 0 1 1.087423E-06
vn 0 1 1.087423E-06
vn 0 1 1.087423E-06
vn 0 1 1.087423E-06
vn 0 1 1.087423E-06
vn 0 1 1.087423E-06
vn 0 1 1.087423E-06
vn 0 1 1.087423E-06
vn 0 1 1.087423E-06
vn 0 1 1.087423E-06
vn 0 1 1.087423E-06
vn 0 1 1.087423E-06
vn 0 1 1.087423E-06
vn 0 1 1.087423E-06
vn 0 1 1.087423E-06
vn 0 1 1.087423E-06
vn 0 1 1.087423E-06
vn 0 1 1.087423E-06
vn 0 1 1.087423E-06
vn 0 1 1.087423E-06
vn 0 1 1.087423E-06
vn 0 1 1.087423E-06
vn 0 1 1.087423E-06
vn 0 1 1.087423E-06
vn 0 1 1.087423E-06
vn 0 1 1.087423E-06
vn 0 1 1.087423E-06
vn 0 1 1.087423E-06
vn 0 1 1.087423E-06
vn 0 1 1.087423E-06
vn 0 1 1.087423E-06
vn 0 1 1.087423E-06
vn 0 1 1.087423E-06
vn 0 1 1.087423E-06
vn 0 1 1.087423E-06
vn 0 1 1.087423E-06
vn 0 1 1.087423E-06
vn 0 1 1.087423E-06
vn 0 1 1.087423E-06
vn 0 1 1.087423E-06
vn 0 1 1.087423E-06
vn 0 1 1.087423E-06
vn 0 1 1.087423E-06
vn 0 1 1.087423E-06
vn 0 1 1.087423E-06
vn 0 1 1.087423E-06
vn 0 1 1.087423E-06
vn 0 1 1.087423E-06
vn 0 1 1.087423E-06
vn 0 1 1.087423E-06
vn 0 1 1.087423E-06
vn 0 1 1.087423E-06
vn 0 1 1.087423E-06
vn 0 1 1.087423E-06
vn 0 1 1.087423E-06
vn 0 1 1.087423E-06
vn 0 1 1.087423E-06
vn 0 1 1.087423E-06
vn 0 1 1.087423E-06
vn 0 1 1.087423E-06
vn 0.692145 -6.309835E-08 0.721761
vn 0.9156709 3.475599E-07 0.4019337
vn 0.9997826 7.05276E-07 0.02094239
vn 0.9316984 9.556287E-07 -0.3632369
vn 0.721761 1.060509E-06 -0.692144
vn 0.4019333 1.003924E-06 -0.91567
vn 0.02094167 7.945105E-07 -0.9997818
vn -0.3632379 4.641497E-07 -0.931698
vn -0.692145 6.309835E-08 -0.721761
vn -0.9156709 -3.475599E-07 -0.4019337
vn -0.9997826 -7.05276E-07 -0.02094239
vn -0.9316984 -9.556287E-07 0.3632369
vn -0.721761 -1.060509E-06 0.692144
vn -0.4019333 -1.003924E-06 0.91567
vn -0.02094167 -7.945105E-07 0.9997818
vn 0.3632379 -4.641497E-07 0.931698
vn -0.692145 6.309835E-08 -0.721761
vn -0.915671 -3.4756E-07 -0.4019336
vn -0.915671 -3.4756E-07 -0.4019336
vn -0.692145 6.309835E-08 -0.721761
vn -0.9997826 -7.05276E-07 -0.02094239
vn -0.9997826 -7.05276E-07 -0.02094239
vn -0.9316984 -9.556287E-07 0.3632369
vn -0.9316984 -9.556287E-07 0.3632369
vn -0.721761 -1.060509E-06 0.692144
vn -0.721761 -1.060509E-06 0.692144
vn -0.4019333 -1.003924E-06 0.91567
vn -0.4019333 -1.003924E-06 0.91567
vn -0.02094167 -7.945105E-07 0.9997818
vn -0.02094167 -7.945105E-07 0.9997818
vn 0.3632378 -4.641497E-07 0.931698
vn 0.3632378 -4.641497E-07 0.931698
vn 0.692145 -6.309835E-08 0.721761
vn 0.692145 -6.309835E-08 0.721761
vn 0.915671 3.4756E-07 0.4019336
vn 0.915671 3.4756E-07 0.4019336
vn 0.9997826 7.05276E-07 0.02094239
vn 0.9997826 7.05276E-07 0.02094239
vn 0.9316984 9.556287E-07 -0.3632369
vn 0.9316984 9.556287E-07 -0.3632369
vn 0.721761 1.060509E-06 -0.692144
vn 0.721761 1.060509E-06 -0.692144
vn 0.4019333 1.003924E-06 -0.91567
vn 0.4019333 1.003924E-06 -0.91567
vn 0.02094167 7.945105E-07 -0.9997818
vn 0.02094167 7.945105E-07 -0.9997818
vn -0.3632378 4.641497E-07 -0.931698
vn -0.3632378 4.641497E-07 -0.931698
vn 0 1 1.087423E-06
vn 0 1 1.087423E-06
vn 0 1 1.087423E-06
vn 0 1 1.087423E-06
vn 0 1 1.087423E-06
vn 0 1 1.087423E-06
vn 0 1 1.087423E-06
vn 0 1 1.087423E-06
vn 0 1 1.087423E-06
vn 0 1 1.087423E-06
vn 0 1 1.087423E-06
vn 0 1 1.087423E-06
vn 0 1 1.087423E-06
vn 0 1 1.087423E-06
vn 0 1 1.087423E-06
vn 0 1 1.087423E-06
vn 0 1 1.087423E-06
vn 0 1 1.087423E-06
vn 0 1 1.087423E-06
vn 0 1 1.087423E-06
vn 0 1 1.087423E-06
vn 0 1 1.087423E-06
vn 0 1 1.087423E-06
vn 0 1 1.087423E-06
vn 0 1 1.087423E-06
vn 0 1 1.087423E-06
vn 0 1 1.087423E-06
vn 0 1 1.087423E-06
vn 0 1 1.087423E-06
vn 0 1 1.087423E-06
vn 0 1 1.087423E-06
vn 0 1 1.087423E-06
vn 0.692145 -6.309835E-08 0.721761
vn 0.9156709 3.475599E-07 0.4019337
vn 0.9997826 7.05276E-07 0.02094239
vn 0.9316984 9.556287E-07 -0.3632369
vn 0.721761 1.060509E-06 -0.692144
vn 0.4019333 1.003924E-06 -0.91567
vn 0.02094167 7.945105E-07 -0.9997818
vn -0.3632379 4.641497E-07 -0.931698
vn -0.692145 6.309835E-08 -0.721761
vn -0.9156709 -3.475599E-07 -0.4019337
vn -0.9997826 -7.05276E-07 -0.02094239
vn -0.9316984 -9.556287E-07 0.3632369
vn -0.721761 -1.060509E-06 0.692144
vn -0.4019333 -1.003924E-06 0.91567
vn -0.02094167 -7.945105E-07 0.9997818
vn 0.3632379 -4.641497E-07 0.931698
vn -0.692145 6.309835E-08 -0.721761
vn -0.915671 -3.4756E-07 -0.4019336
vn -0.9997826 -7.05276E-07 -0.02094239
vn -0.9316984 -9.556287E-07 0.3632369
vn -0.721761 -1.060509E-06 0.692144
vn -0.4019333 -1.003924E-06 0.91567
vn -0.4019333 -1.003924E-06 0.91567
vn -0.02094167 -7.945105E-07 0.9997818
vn -0.02094167 -7.945105E-07 0.9997818
vn 0.3632378 -4.641497E-07 0.931698
vn 0.3632378 -4.641497E-07 0.931698
vn 0.692145 -6.309835E-08 0.721761
vn 0.915671 3.4756E-07 0.4019336
vn 0.9997826 7.05276E-07 0.02094239
vn 0.9316984 9.556287E-07 -0.3632369
vn 0.721761 1.060509E-06 -0.692144
vn 0.4019333 1.003924E-06 -0.91567
vn 0.02094167 7.945105E-07 -0.9997818
vn -0.3632378 4.641497E-07 -0.931698
vn 0 1 1.087423E-06
vn 0 1 1.087423E-06
vn 0 1 1.087423E-06
vn 0 1 1.087423E-06
vn 0 1 1.087423E-06
vn 0 1 1.087423E-06
vn 0 1 1.087423E-06
vn 0 1 1.087423E-06
vn 0 1 1.087423E-06
vn 0 1 1.087423E-06
vn 0 1 1.087423E-06
vn 0 1 1.087423E-06
vn 0 1 1.087423E-06
vn 0 1 1.087423E-06
vn 0 1 1.087423E-06
vn 0 1 1.087423E-06
vn 0 1 1.087423E-06
vn 0 1 1.087423E-06
vn 0 1 1.087423E-06
vn 0 1 1.087423E-06
vn 0 1 1.087423E-06
vn 0 1 1.087423E-06
vn 0 1 1.087423E-06
vn 0 1 1.087423E-06
vn 0 1 1.087423E-06
vn 0 1 1.087423E-06
vn 0 1 1.087423E-06
vn 0 1 1.087423E-06
vn 0 1 1.087423E-06
vn 0 1 1.087423E-06
vn 0 1 1.087423E-06
vn 0 1 1.087423E-06
vn 0.692145 -6.309835E-08 0.721761
vn 0.9156709 3.475599E-07 0.4019337
vn 0.9997826 7.05276E-07 0.02094239
vn 0.9316984 9.556287E-07 -0.3632369
vn 0.721761 1.060509E-06 -0.692144
vn 0.4019333 1.003924E-06 -0.91567
vn 0.02094167 7.945105E-07 -0.9997818
vn -0.3632379 4.641497E-07 -0.931698
vn -0.692145 6.309835E-08 -0.721761
vn -0.9156709 -3.475599E-07 -0.4019337
vn -0.9997826 -7.05276E-07 -0.02094239
vn -0.9316984 -9.556287E-07 0.3632369
vn -0.721761 -1.060509E-06 0.692144
vn -0.4019333 -1.003924E-06 0.91567
vn -0.02094167 -7.945105E-07 0.9997818
vn 0.3632379 -4.641497E-07 0.931698
vn -0.692145 6.309835E-08 -0.721761
vn -0.915671 -3.4756E-07 -0.4019336
vn -0.915671 -3.4756E-07 -0.4019336
vn -0.9997826 -7.05276E-07 -0.02094239
vn -0.9997826 -7.05276E-07 -0.02094239
vn -0.9316984 -9.556287E-07 0.3632369
vn -0.9316984 -9.556287E-07 0.3632369
vn -0.721761 -1.060509E-06 0.692144
vn -0.4019333 -1.003924E-06 0.91567
vn -0.02094167 -7.945105E-07 0.9997818
vn 0.3632378 -4.641497E-07 0.931698
vn 0.692145 -6.309835E-08 0.721761
vn 0.915671 3.4756E-07 0.4019336
vn 0.9997826 7.05276E-07 0.02094239
vn 0.9316984 9.556287E-07 -0.3632369
vn 0.721761 1.060509E-06 -0.692144
vn 0.4019333 1.003924E-06 -0.91567
vn 0.02094167 7.945105E-07 -0.9997818
vn -0.3632378 4.641497E-07 -0.931698
vn 0 1 1.087423E-06
vn 0 1 1.087423E-06
vn 0 1 1.087423E-06
vn 0 1 1.087423E-06
vn 0 1 1.087423E-06
vn 0 1 1.087423E-06
vn 0 1 1.087423E-06
vn 0 1 1.087423E-06
vn 0 1 1.087423E-06
vn 0 1 1.087423E-06
vn 0 1 1.087423E-06
vn 0 1 1.087423E-06
vn 0 1 1.087423E-06
vn 0 1 1.087423E-06
vn 0 1 1.087423E-06
vn 0 1 1.087423E-06
vn 0 1 1.087423E-06
vn 0 1 1.087423E-06
vn 0 1 1.087423E-06
vn 0 1 1.087423E-06
vn 0 1 1.087423E-06
vn 0 1 1.087423E-06
vn 0 1 1.087423E-06
vn 0 1 1.087423E-06
vn 0 1 1.087423E-06
vn 0 1 1.087423E-06
vn 0 1 1.087423E-06
vn 0 1 1.087423E-06
vn 0 1 1.087423E-06
vn 0 1 1.087423E-06
vn 0 1 1.087423E-06
vn 0 1 1.087423E-06
vn 0.692145 -6.309835E-08 0.721761
vn 0.9156709 3.475599E-07 0.4019337
vn 0.9997826 7.05276E-07 0.02094239
vn 0.9316984 9.556287E-07 -0.3632369
vn 0.721761 1.060509E-06 -0.692144
vn 0.4019333 1.003924E-06 -0.91567
vn 0.02094167 7.945105E-07 -0.9997818
vn -0.3632379 4.641497E-07 -0.931698
vn -0.692145 6.309835E-08 -0.721761
vn -0.9156709 -3.475599E-07 -0.4019337
vn -0.9997826 -7.05276E-07 -0.02094239
vn -0.9316984 -9.556287E-07 0.3632369
vn -0.721761 -1.060509E-06 0.692144
vn -0.4019333 -1.003924E-06 0.91567
vn -0.02094167 -7.945105E-07 0.9997818
vn 0.3632379 -4.641497E-07 0.931698
vn -0.692145 6.309835E-08 -0.721761
vn -0.915671 -3.4756E-07 -0.4019336
vn -0.9997826 -7.05276E-07 -0.02094239
vn -0.9316984 -9.556287E-07 0.3632369
vn -0.721761 -1.060509E-06 0.692144
vn -0.4019333 -1.003924E-06 0.91567
vn -0.4019333 -1.003924E-06 0.91567
vn -0.02094167 -7.945105E-07 0.9997818
vn -0.02094167 -7.945105E-07 0.9997818
vn 0.3632378 -4.641497E-07 0.931698
vn 0.3632378 -4.641497E-07 0.931698
vn 0.692145 -6.309835E-08 0.721761
vn 0.915671 3.4756E-07 0.4019336
vn 0.9997826 7.05276E-07 0.02094239
vn 0.9316984 9.556287E-07 -0.3632369
vn 0.721761 1.060509E-06 -0.692144
vn 0.4019333 1.003924E-06 -0.91567
vn 0.02094167 7.945105E-07 -0.9997818
vn -0.3632378 4.641497E-07 -0.931698
vn 0 1 1.087423E-06
vn 0 1 1.087423E-06
vn 0 1 1.087423E-06
vn 0 1 1.087423E-06
vn 0 1 1.087423E-06
vn 0 1 1.087423E-06
vn 0 1 1.087423E-06
vn 0 1 1.087423E-06
vn 0 1 1.087423E-06
vn 0 1 1.087423E-06
vn 0 1 1.087423E-06
vn 0 1 1.087423E-06
vn 0 1 1.087423E-06
vn 0 1 1.087423E-06
vn 0 1 1.087423E-06
vn 0 1 1.087423E-06
vn 0 1 1.087423E-06
vn 0 1 1.087423E-06
vn 0 1 1.087423E-06
vn 0 1 1.087423E-06
vn 0 1 1.087423E-06
vn 0 1 1.087423E-06
vn 0 1 1.087423E-06
vn 0 1 1.087423E-06
vn 0 1 1.087423E-06
vn 0 1 1.087423E-06
vn 0 1 1.087423E-06
vn 0 1 1.087423E-06
vn 0 1 1.087423E-06
vn 0 1 1.087423E-06
vn 0 1 1.087423E-06
vn 0 1 1.087423E-06
vn 0.692145 -6.309835E-08 0.721761
vn 0.9156709 3.475599E-07 0.4019337
vn 0.9997826 7.05276E-07 0.02094239
vn 0.9316984 9.556287E-07 -0.3632369
vn 0.721761 1.060509E-06 -0.692144
vn 0.4019333 1.003924E-06 -0.91567
vn 0.02094167 7.945105E-07 -0.9997818
vn -0.3632379 4.641497E-07 -0.931698
vn -0.692145 6.309835E-08 -0.721761
vn -0.9156709 -3.475599E-07 -0.4019337
vn -0.9997826 -7.05276E-07 -0.02094239
vn -0.9316984 -9.556287E-07 0.3632369
vn -0.721761 -1.060509E-06 0.692144
vn -0.4019333 -1.003924E-06 0.91567
vn -0.02094167 -7.945105E-07 0.9997818
vn 0.3632379 -4.641497E-07 0.931698
vn -0.692145 6.309835E-08 -0.721761
vn -0.915671 -3.4756E-07 -0.4019336
vn -0.915671 -3.4756E-07 -0.4019336
vn -0.9997826 -7.05276E-07 -0.02094239
vn -0.9997826 -7.05276E-07 -0.02094239
vn -0.9316984 -9.556287E-07 0.3632369
vn -0.9316984 -9.556287E-07 0.3632369
vn -0.721761 -1.060509E-06 0.692144
vn -0.4019333 -1.003924E-06 0.91567
vn -0.02094167 -7.945105E-07 0.9997818
vn 0.3632378 -4.641497E-07 0.931698
vn 0.692145 -6.309835E-08 0.721761
vn 0.915671 3.4756E-07 0.4019336
vn 0.9997826 7.05276E-07 0.02094239
vn 0.9316984 9.556287E-07 -0.3632369
vn 0.721761 1.060509E-06 -0.692144
vn 0.4019333 1.003924E-06 -0.91567
vn 0.02094167 7.945105E-07 -0.9997818
vn -0.3632378 4.641497E-07 -0.931698
vn 0 1 1.087423E-06
vn 0 1 1.087423E-06
vn 0 1 1.087423E-06
vn 0 1 1.087423E-06
vn 0 1 1.087423E-06
vn 0 1 1.087423E-06
vn 0 1 1.087423E-06
vn 0 1 1.087423E-06
vn 0 1 1.087423E-06
vn 0 1 1.087423E-06
vn 0 1 1.087423E-06
vn 0 1 1.087423E-06
vn 0 1 1.087423E-06
vn 0 1 1.087423E-06
vn 0 1 1.087423E-06
vn 0 1 1.087423E-06
vn 0 1 1.087423E-06
vn 0 1 1.087423E-06
vn 0 1 1.087423E-06
vn 0 1 1.087423E-06
vn 0 1 1.087423E-06
vn 0 1 1.087423E-06
vn 0 1 1.087423E-06
vn 0 1 1.087423E-06
vn 0 1 1.087423E-06
vn 0 1 1.087423E-06
vn 0 1 1.087423E-06
vn 0 1 1.087423E-06
vn 0 1 1.087423E-06
vn 0 1 1.087423E-06
vn 0 1 1.087423E-06
vn 0 1 1.087423E-06
vn 0.692145 -6.309835E-08 0.721761
vn 0.9156709 3.475599E-07 0.4019337
vn 0.9997826 7.05276E-07 0.02094239
vn 0.9316984 9.556287E-07 -0.3632369
vn 0.721761 1.060509E-06 -0.692144
vn 0.4019333 1.003924E-06 -0.91567
vn 0.02094167 7.945105E-07 -0.9997818
vn -0.3632379 4.641497E-07 -0.931698
vn -0.692145 6.309835E-08 -0.721761
vn -0.9156709 -3.475599E-07 -0.4019337
vn -0.9997826 -7.05276E-07 -0.02094239
vn -0.9316984 -9.556287E-07 0.3632369
vn -0.721761 -1.060509E-06 0.692144
vn -0.4019333 -1.003924E-06 0.91567
vn -0.02094167 -7.945105E-07 0.9997818
vn 0.3632379 -4.641497E-07 0.931698
vn -0.692145 6.309835E-08 -0.721761
vn -0.915671 -3.4756E-07 -0.4019336
vn -0.915671 -3.4756E-07 -0.4019336
vn -0.692145 6.309835E-08 -0.721761
vn -0.9997826 -7.05276E-07 -0.02094239
vn -0.9997826 -7.05276E-07 -0.02094239
vn -0.9316984 -9.556287E-07 0.3632369
vn -0.9316984 -9.556287E-07 0.3632369
vn -0.721761 -1.060509E-06 0.692144
vn -0.721761 -1.060509E-06 0.692144
vn -0.4019333 -1.003924E-06 0.91567
vn -0.4019333 -1.003924E-06 0.91567
vn -0.02094167 -7.945105E-07 0.9997818
vn -0.02094167 -7.945105E-07 0.9997818
vn 0.3632378 -4.641497E-07 0.931698
vn 0.3632378 -4.641497E-07 0.931698
vn 0.692145 -6.309835E-08 0.721761
vn 0.692145 -6.309835E-08 0.721761
vn 0.915671 3.4756E-07 0.4019336
vn 0.915671 3.4756E-07 0.4019336
vn 0.9997826 7.05276E-07 0.02094239
vn 0.9997826 7.05276E-07 0.02094239
vn 0.9316984 9.556287E-07 -0.3632369
vn 0.9316984 9.556287E-07 -0.3632369
vn 0.721761 1.060509E-06 -0.692144
vn 0.721761 1.060509E-06 -0.692144
vn 0.4019333 1.003924E-06 -0.91567
vn 0.4019333 1.003924E-06 -0.91567
vn 0.02094167 7.945105E-07 -0.9997818
vn 0.02094167 7.945105E-07 -0.9997818
vn -0.3632378 4.641497E-07 -0.931698
vn -0.3632378 4.641497E-07 -0.931698
vn 0 1 1.087423E-06
vn 0 1 1.087423E-06
vn 0 1 1.087423E-06
vn 0 1 1.087423E-06
vn 0 1 1.087423E-06
vn 0 1 1.087423E-06
vn 0 1 1.087423E-06
vn 0 1 1.087423E-06
vn 0 1 1.087423E-06
vn 0 1 1.087423E-06
vn 0 1 1.087423E-06
vn 0 1 1.087423E-06
vn 0 1 1.087423E-06
vn 0 1 1.087423E-06
vn 0 1 1.087423E-06
vn 0 1 1.087423E-06
vn 0 1 1.087423E-06
vn 0 1 1.087423E-06
vn 0 1 1.087423E-06
vn 0 1 1.087423E-06
vn 0 1 1.087423E-06
vn 0 1 1.087423E-06
vn 0 1 1.087423E-06
vn 0 1 1.087423E-06
vn 0 1 1.087423E-06
vn 0 1 1.087423E-06
vn 0 1 1.087423E-06
vn 0 1 1.087423E-06
vn 0 1 1.087423E-06
vn 0 1 1.087423E-06
vn 0 1 1.087423E-06
vn 0 1 1.087423E-06
vt -4 0
vt -4 -1.5308
vt 0 -1.5308
vt 0 0
vt -4 -2.8284
vt 0 -2.8284
vt 1.5308 -4
vt 1.5308 0
vt 0 -4
vt 0 0
vt -1.5308 -4
vt -1.5308 0
vt -4 -2.8284
vt 0 -2.8284
vt -4 -1.5308
vt 0 -1.5308
vt -4 0
vt 0 0
vt -4 1.5308
vt 0 1.5308
vt -4 2.8284
vt 0 2.8284
vt -1.5308 -4
vt -1.5308 0
vt 0 -4
vt 0 0
vt 1.5308 -4
vt 1.5308 0
vt -4 2.8284
vt 0 2.8284
vt -4 1.5308
vt 0 1.5308
vt -4 0
vt -4 -2.2962
vt 0 -2.2962
vt 0 0
vt -4 -4.2426
vt 0 -4.2426
vt 2.2962 -4
vt 2.2962 0
vt 0 -4
vt 0 0
vt -2.2962 -4
vt -2.2962 0
vt -4 -4.2426
vt 0 -4.2426
vt -4 -2.2962
vt 0 -2.2962
vt -4 0
vt 0 0
vt -4 2.2962
vt 0 2.2962
vt -4 4.2426
vt 0 4.2426
vt -2.2962 -4
vt -2.2962 0
vt 0 -4
vt 0 0
vt 2.2962 -4
vt 2.2962 0
vt -4 4.2426
vt 0 4.2426
vt -4 2.2962
vt 0 2.2962
vt -6 0
vt -4 0
vt -3.6956 -1.5308
vt -5.5434 -2.2962
vt -2.8284 -2.8284
vt -4.2426 -4.2426
vt -1.5308 -3.6956
vt -2.2962 -5.5434
vt 0 -4
vt 0 -6
vt 1.5308 -3.6956
vt 2.2962 -5.5434
vt 2.8284 -2.8284
vt 4.2426 -4.2426
vt 3.6956 -1.5308
vt 5.5434 -2.2962
vt 4 0
vt 6 0
vt 3.6956 1.5308
vt 5.5434 2.2962
vt 2.8284 2.8284
vt 4.2426 4.2426
vt 1.5308 3.6956
vt 2.2962 5.5434
vt 0 4
vt 0 6
vt -1.5308 3.6956
vt -2.2962 5.5434
vt -2.8284 2.8284
vt -4.2426 4.2426
vt -3.6956 1.5308
vt -5.5434 2.2962
vt 8 0
vt 8 -2.2962
vt 3 -2.2962
vt 3 0
vt 8 -4.2426
vt 3 -4.2426
vt -2.2962 8
vt -2.2962 3
vt 0 8
vt 0 3
vt 2.2962 8
vt 2.2962 3
vt 8 -4.2426
vt 3 -4.2426
vt 8 -2.2962
vt 3 -2.2962
vt 8 0
vt 3 0
vt 8 2.2962
vt 3 2.2962
vt 8 4.2426
vt 3 4.2426
vt 2.2962 8
vt 2.2962 3
vt 0 8
vt 0 3
vt -2.2962 8
vt -2.2962 3
vt 8 4.2426
vt 3 4.2426
vt 8 2.2962
vt 3 2.2962
vt 8 0
vt 8 -3.0616
vt 3 -3.0616
vt 3 0
vt 8 -5.6568
vt 3 -5.6568
vt -3.0616 8
vt -3.0616 3
vt 0 8
vt 0 3
vt 3.0616 8
vt 3.0616 3
vt 8 -5.6568
vt 3 -5.6568
vt 8 -3.0616
vt 3 -3.0616
vt 8 0
vt 3 0
vt 8 3.0616
vt 3 3.0616
vt 8 5.6568
vt 3 5.6568
vt 3.0616 8
vt 3.0616 3
vt 0 8
vt 0 3
vt -3.0616 8
vt -3.0616 3
vt 8 5.6568
vt 3 5.6568
vt 8 3.0616
vt 3 3.0616
vt -8 0
vt -6 0
vt -5.5434 2.2962
vt -7.3912 3.0616
vt -4.2426 4.2426
vt -5.6568 5.6568
vt -2.2962 5.5434
vt -3.0616 7.3912
vt 0 6
vt 0 8
vt 2.2962 5.5434
vt 3.0616 7.3912
vt 4.2426 4.2426
vt 5.6568 5.6568
vt 5.5434 2.2962
vt 7.3912 3.0616
vt 6 0
vt 8 0
vt 5.5434 -2.2962
vt 7.3912 -3.0616
vt 4.2426 -4.2426
vt 5.6568 -5.6568
vt 2.2962 -5.5434
vt 3.0616 -7.3912
vt 0 -6
vt 0 -8
vt -2.2962 -5.5434
vt -3.0616 -7.3912
vt -4.2426 -4.2426
vt -5.6568 -5.6568
vt -5.5434 -2.2962
vt -7.3912 -3.0616
vt 0 5
vt -1.9135 4.6195
vt -3.827 9.239
vt 0 10
vt -3.5355 3.5355
vt -7.071 7.071
vt -4.6195 1.9135
vt -9.239 3.827
vt -5 0
vt -10 0
vt -4.6195 -1.9135
vt -9.239 -3.827
vt -3.5355 -3.5355
vt -7.071 -7.071
vt -1.9135 -4.6195
vt -3.827 -9.239
vt 0 -5
vt 0 -10
vt 1.9135 -4.6195
vt 3.827 -9.239
vt 3.5355 -3.5355
vt 7.071 -7.071
vt 4.6195 -1.9135
vt 9.239 -3.827
vt 5 0
vt 10 0
vt -6 0
vt -4 0
vt -3.6956 -1.5308
vt -5.5434 -2.2962
vt -2.8284 -2.8284
vt -4.2426 -4.2426
vt -1.5308 -3.6956
vt -2.2962 -5.5434
vt 0 -4
vt 0 -6
vt 1.5308 -3.6956
vt 2.2962 -5.5434
vt 2.8284 -2.8284
vt 4.2426 -4.2426
vt 3.6956 -1.5308
vt 5.5434 -2.2962
vt 4 0
vt 6 0
vt 3.6956 1.5308
vt 5.5434 2.2962
vt 2.8284 2.8284
vt 4.2426 4.2426
vt 1.5308 3.6956
vt 2.2962 5.5434
vt 0 4
vt 0 6
vt -1.5308 3.6956
vt -2.2962 5.5434
vt -2.8284 2.8284
vt -4.2426 4.2426
vt -3.6956 1.5308
vt -5.5434 2.2962
vt 3 0
vt 3 -1.5308
vt 3 -2.8284
vt 1.5308 3
vt 0 3
vt -1.5308 3
vt 3 -2.8284
vt 3 -1.5308
vt 3 0
vt 3 1.5308
vt 3 2.8284
vt -1.5308 3
vt 0 3
vt 1.5308 3
vt 3 2.8284
vt 3 1.5308
vt 1 0
vt 0 0
vt 0 -3.827
vt 1 -3.827
vt 7.071 0
vt 1 -7.071
vt 0 1
vt 0 0
vt -3.827 0
vt -3.827 1
vt 0 7.071
vt -7.071 1
vt 3 7.07107
vt 0 3.826863
vt 3 3.826863
vt 0 0
vt 3 0
vt 0 -3.826863
vt 3 -3.826863
vt 0 -7.07107
vt 3 -7.07107
vt -3.826863 0
vt -3.826863 3
vt 0 0
vt 0 3
vt 3.826863 0
vt 3.826863 3
vt 7.07107 3
vt -5.65684 5.65684
vt -7.391227 3.061482
vt -9.239034 3.826853
vt -7.07105 7.07105
vt -7.999903 0
vt -9.999879 0
vt -7.391227 -3.061482
vt -9.239034 -3.826853
vt -5.65684 -5.65684
vt -7.07105 -7.07105
vt -3.061482 -7.391227
vt -3.826853 -9.239034
vt 0 -7.999903
vt 0 -9.999879
vt 3.061482 -7.391227
vt 3.826853 -9.239034
vt 5.65684 -5.65684
vt 7.07105 -7.07105
vt 8.4 9.099999
vt 9.599999 9.2
vt 7.8 8.099999
vt 10.1 10.7
vt 11.3 10.6
vt 11.9 12.3
vt 12.7 12.2
vt 13.9 14.3
vt 14.5 13.9
vt 16.1 16.5
vt 16.7 16.2
vt 17.8 18.1
vt 18.2 17.8
vt 19.7 19
vt 19.7 19
vt 18.5 17.4
vt 18.2 17.8
vt 17.1 15.9
vt 16.7 16.2
vt 14.9 13.5
vt 14.5 13.9
vt 13.2 11.8
vt 12.7 12.2
vt 11.7 10.2
vt 11.3 10.6
vt 9.8 8.7
vt 9.599999 9.2
vt 7.8 8.099999
vt 8.7 20.3
vt 8 18.2
vt 6.8 19.1
vt 10.6 19.5
vt 10.8 20.9
vt 13.8 20.4
vt 13.9 21.7
vt 16.6 20.6
vt 16.9 21.9
vt 19.2 20.6
vt 20.1 21.7
vt 20.7 20.3
vt 21.5 21.2
vt 20 -0.679
vt 21.2 18.8
vt 22.6 16.3
vt 21.3 15.7
vt 22.3 12.6
vt 20.8 12.6
vt 20.8 8.5
vt 18.8 8.599999
vt 18.4 4.9
vt 17.1 5.7
vt 16.3 3.3
vt 15 4.2
vt 12.8 1.9
vt 12.4 3.1
vt 9.8 1.2
vt 9.5 2.6
vt 5.1 17.6
vt 5.8 16.5
vt 3.6 15.3
vt 4.5 13.8
vt 2.5 12.4
vt 3.7 11.7
vt 1.6 9.7
vt 3 9.4
vt 19.7 19
vt 17.8 18.1
vt 16.1 16.5
vt 13.9 14.3
vt 11.9 12.3
vt 8 18.2
vt 10.1 10.7
vt 9.8 8.7
vt 11.7 10.2
vt 13.2 11.8
vt 14.9 13.5
vt 17.1 15.9
vt 20.8 12.6
vt 18.5 17.4
vt 12.6 -2.2
vt 12.4 -2.8
vt 11.1 -1.5
vt 14 -3.2
vt 14.2 -2.2
vt 15.9 -2.1
vt 15.9 -3.1
vt 17.8 -2.3
vt 17.6 -1.5
vt 19.8 -1.6
vt 19.8 -1.1
vt 21.9 -1.5
vt 22 -1.1
vt 24.1 -1.3
vt 24.1 -1.3
vt 22 -1.1
vt 22 -0.7
vt 19.8 -1.1
vt 19.8 -0.7
vt 17.5 -1
vt 17.6 -1.5
vt 15.8 -1.4
vt 15.9 -2.1
vt 14.2 -2.2
vt 14.2 -1.5
vt 12.6 -2.2
vt 12.7 -1.5
vt 11.1 -1.5
vt 21.4 4.2
vt 20.9 3.5
vt 18.5499 5.1248
vt 18.8 5.5
vt 24 2
vt 23.1 1.5
vt 24.4 -0.2
vt 25.6 0
vt 25.8 -0.8
vt 25.3 -1.7
vt 24.4 -0.2
vt 24.1 -1.3
vt 22.9 -2.9
vt 24.1 -3.3
vt 22.2 -5.4
vt 21 -5.2
vt 19.7 -7.4
vt 18.8 -6.8
vt 16.7 -8.599999
vt 15.9 -7.8
vt 14 -9.099999
vt 13.9 -8
vt 10.9 -8.4
vt 11.3 -7.1
vt 7.071 -7.071
vt 7.9141 -5.8094
vt -7.071 7.071
vt -8.5 10.5
vt -6.9 10.9
vt -8.2 13.7
vt -9.3 13.2
vt -9.4 15
vt -8.099999 15.3
vt -7.1 18.4
vt -8.3 18.7
vt -5.8 22.9
vt -4.8 22.3
vt -3.4 25.5
vt -2.4 24.5
vt -1.2 27
vt -0.4 25.9
vt 0.6 25.9
vt 0 27.6
vt 1 27.5
vt 2.4 26.2
vt 0.6 25.9
vt 2.2 24.1
vt 3.9 24.3
vt 5.3 21.8
vt 3.8 21.4
vt 6.6598 18.8663
vt 5.1 17.6
vt 3.8 21.4
vt -1.3 13.2
vt -1.1 11.3
vt -1.8 13.1
vt -1.9 15.1
vt -1.2 15.1
vt -0.4 17.8
vt -1.1 17.9
vt -0.09999999 21
vt 0.6 21.1
vt 0.6 24.1
vt 0.6 24.1
vt -0.09999999 21
vt -0.7 21
vt -1.7 18
vt -1.1 17.9
vt -2.7 15.2
vt -1.9 15.1
vt -2.5 12.9
vt -1.8 13.1
vt -1.1 11.3
vt 1 23.8
vt 25.9 0
vt 0.6 25.9
vt 0.09999999 24.2
vt 10 0
vt 11.1 -1.5
vt 12.4 -2.8
vt 11.3 -7.1
vt 15.9 -7.8
vt 13.9 -8
vt 14 -3.2
vt 18.8 -6.8
vt 21 -5.2
vt 15.9 -3.1
vt 19.8 -1.6
vt 17.8 -2.3
vt 22.9 -2.9
vt 21.9 -1.5
vt 24.1 -1.3
vt 22 -0.7
vt 20.9 3.5
vt 18.5499 5.1248
vt 19.8 -0.7
vt 12.8 1.9
vt 17.5 -1
vt 15.8 -1.4
vt 14.2 -1.5
vt 9.8 1.2
vt 12.7 -1.5
vt -1.1 11.3
vt 1.6 9.7
vt 3.6 15.3
vt -1.3 13.2
vt -1.2 15.1
vt -0.4 17.8
vt 0.6 21.1
vt 1 23.8
vt 0.09999999 24.2
vt -0.7 21
vt -1.7 18
vt -2.7 15.2
vt -7.1 18.4
vt -2.5 12.9
vt 6.6598 18.8663
vt 6 0
vt 0 6
vt 20 -0.679
vt 21.2 -0.5984
vt 21.2 1.7016
vt 20 1.621
vt -0.5984 21.5
vt -1.0732 20.1
vt 1.2268 20.1
vt 1.7016 21.5
vt -2.3075 16.9
vt -0.0075 16.9
vt -3.0617 13.9
vt -0.7617 13.9
vt -3.2189 10.8
vt -0.9189 10.8
vt -3.0077 8.7
vt -0.7077 8.7
vt -2.4335 6.8
vt 0.1849 6.5956
vt -0.8943 18.4
vt 8.5 -2.2287
vt 8.5 0.0713
vt 5.5 1.4057
vt 12.6 -2.398
vt 12.6 -0.098
vt 16.3 -1.8126
vt 16.3 0.4874
vt 20 -0.679
vt 20 1.621
vt 18.8 5.5
vt 6.5956 18.7594
vt 6.6 14.9
vt 8.7 20.3
vt 20.8 8.5
vt 22.3 12.6
vt 10.8 20.9
vt 22.6 16.3
vt 13.9 21.7
vt 16.9 21.9
vt 21.5 21.2
vt 22.3 20
vt 20.1 21.7
vt 2.8 10.9
vt 3 7.0711
vt 0.5 7.071
vt 1.1 10.9
vt 3.1 14
vt 1.4 14
vt 3.1 16.7
vt 1.4 16.7
vt 2.9 19.7
vt 1.3 19.7
vt 2.9 22.2
vt 1.2 22.2
vt -3.3 3.1
vt -3.3 1.4
vt -1.7 3.2
vt -1.7 1.5
vt -0.8 3.2
vt -0.8 1.5
vt 0 3.2
vt -0.8 3.2
vt -0.8 1.5
vt 0 1.5
vt 2 3
vt 2 1
vt 2.6 21.4
vt 0.6 21.4
vt 2.6 18.8
vt 0.4 18.8
vt 2.75 15.45
vt 2.6 18.8
vt 0.4 18.8
vt 2.1844 15.3986
vt 2.7993 13.7
vt 1.2 0
vt 1.2 0.6
vt 0.6 12.8
vt 0.6 9.8
vt 0 9.8
vt 0.4 12.8
vt 0.1698 16.3
vt 0.0428 16.3
vt 13.7 4.9
vt 5.5 12.2
vt 5.6568 5.6568
vt 11.9 3
vt 8 0
vt 3.0616 7.3912
vt 10.9 -8.4
vt 16.7 -8.599999
vt 15.3986 5.5
vt 14 -9.099999
vt 15.45 5.5
vt 18.8 5.5
vt 19.7 -7.4
vt 21.4 4.2
vt 22.2 -5.4
vt 24.1 -3.3
vt 24 2
vt 25.3 -1.7
vt 25.6 0
vt 25.8 -0.8
vt 18.6 2
vt 18.8663 -0.6375
vt 21.8 0.6
vt 21.8 2.7
vt 24.3 3
vt 24.3 0.9
vt 14.9 2.3
vt 12.2 2.5847
vt 14.9 1.5913
vt 17.6 -0.5635
vt 17.6 -1.2783
vt 15.3 0.2287
vt 15.3 -0.1299
vt 12.4 0.3916
vt 12.4 0.1
vt 9.7 0.553
vt 9.7 0
vt 0 1.6
vt 0.553 1.6
vt 26.2 3.2
vt 26.2 1.1
vt 3.3 1
vt 1.2 1
vt 1.2 0
vt 3.3 0
vt 3.3 1
vt 1.2 1
vt 10.5 3
vt 10.5 0.9
vt 7.071 0.3
vt 7.071 3
vt 13.2 3
vt 13.2 0.9
vt 15 3
vt 15 0.9
vt 18.7 2.7
vt 18.7 0.6
vt 22.9 2.5
vt 22.9 0.4
vt 2.7 -3.4
vt 0.6 -3.4
vt 3 -1.2
vt 0.9 -1.2
vt 1.2 0
vt 3.3 0
vt 0 8
vt -8.5 10.5
vt -3.0616 7.3912
vt -9.3 13.2
vt 6.5 18.6
vt -8.3 18.7
vt -9.4 15
vt 6.6 14.9
vt -5.8 22.9
vt -3.4 25.5
vt 5.3 21.8
vt 3.9 24.3
vt -1.2 27
vt 1 27.5
vt 2.4 26.2
vt 0 27.6
vt 8 0
vt 8 -2.2962
vt 3 -2.2962
vt 3 0
vt 8 -4.2426
vt 3 -4.2426
vt 2.2962 8
vt 2.2962 3
vt 0 8
vt 0 3
vt -2.2962 8
vt -2.2962 3
vt 8 -4.2426
vt 3 -4.2426
vt 8 -2.2962
vt 3 -2.2962
vt 8 0
vt 3 0
vt 8 2.2962
vt 3 2.2962
vt 8 4.2426
vt 3 4.2426
vt -2.2962 8
vt -2.2962 3
vt 0 8
vt 0 3
vt 2.2962 8
vt 2.2962 3
vt 8 4.2426
vt 3 4.2426
vt 8 2.2962
vt 3 2.2962
vt 8 0
vt 8 -3.0616
vt 3 -3.0616
vt 3 0
vt 8 -5.6568
vt 3 -5.6568
vt 3.0616 8
vt 3.0616 3
vt 0 8
vt 0 3
vt -3.0616 8
vt -3.0616 3
vt 8 -5.6568
vt 3 -5.6568
vt 8 -3.0616
vt 3 -3.0616
vt 8 0
vt 3 0
vt 8 3.0616
vt 3 3.0616
vt 8 5.6568
vt 3 5.6568
vt -3.0616 8
vt -3.0616 3
vt 0 8
vt 0 3
vt 3.0616 8
vt 3.0616 3
vt 8 5.6568
vt 3 5.6568
vt 8 3.0616
vt 3 3.0616
vt -8 0
vt -6 0
vt -5.5434 -2.2962
vt -7.3912 -3.0616
vt -4.2426 -4.2426
vt -5.6568 -5.6568
vt -2.2962 -5.5434
vt -3.0616 -7.3912
vt 0 -6
vt 0 -8
vt 2.2962 -5.5434
vt 3.0616 -7.3912
vt 4.2426 -4.2426
vt 5.6568 -5.6568
vt 5.5434 -2.2962
vt 7.3912 -3.0616
vt 6 0
vt 8 0
vt 5.5434 2.2962
vt 7.3912 3.0616
vt 4.2426 4.2426
vt 5.6568 5.6568
vt 2.2962 5.5434
vt 3.0616 7.3912
vt 0 6
vt 0 8
vt -2.2962 5.5434
vt -3.0616 7.3912
vt -4.2426 4.2426
vt -5.6568 5.6568
vt -5.5434 2.2962
vt -7.3912 3.0616
vt 8 60
vt 8 57.7038
vt 3 57.7038
vt 3 60
vt 8 55.7574
vt 3 55.7574
vt 2.2962 8
vt 2.2962 3
vt 0 8
vt 0 3
vt -2.2962 8
vt -2.2962 3
vt 8 55.7574
vt 3 55.7574
vt 8 57.7038
vt 3 57.7038
vt 8 60
vt 3 60
vt 8 62.2962
vt 3 62.2962
vt 8 64.2426
vt 3 64.2426
vt -2.2962 8
vt -2.2962 3
vt 0 8
vt 0 3
vt 2.2962 8
vt 2.2962 3
vt 8 64.2426
vt 3 64.2426
vt 8 62.2962
vt 3 62.2962
vt 8 60
vt 8 56.9384
vt 3 56.9384
vt 3 60
vt 8 54.3432
vt 3 54.3432
vt 3.0616 8
vt 3.0616 3
vt 0 8
vt 0 3
vt -3.0616 8
vt -3.0616 3
vt 8 54.3432
vt 3 54.3432
vt 8 56.9384
vt 3 56.9384
vt 8 60
vt 3 60
vt 8 63.0616
vt 3 63.0616
vt 8 65.6568
vt 3 65.6568
vt -3.0616 8
vt -3.0616 3
vt 0 8
vt 0 3
vt 3.0616 8
vt 3.0616 3
vt 8 65.6568
vt 3 65.6568
vt 8 63.0616
vt 3 63.0616
vt 52 0
vt 54 0
vt 54.4566 -2.2962
vt 52.6088 -3.0616
vt 55.7574 -4.2426
vt 54.3432 -5.6568
vt 57.7038 -5.5434
vt 56.9384 -7.3912
vt 60 -6
vt 60 -8
vt 62.2962 -5.5434
vt 63.0616 -7.3912
vt 64.2426 -4.2426
vt 65.6568 -5.6568
vt 65.5434 -2.2962
vt 67.3912 -3.0616
vt 66 0
vt 68 0
vt 65.5434 2.2962
vt 67.3912 3.0616
vt 64.2426 4.2426
vt 65.6568 5.6568
vt 62.2962 5.5434
vt 63.0616 7.3912
vt 60 6
vt 60 8
vt 57.7038 5.5434
vt 56.9384 7.3912
vt 55.7574 4.2426
vt 54.3432 5.6568
vt 54.4566 2.2962
vt 52.6088 3.0616
vt 0 0
vt 0 -1.5308
vt 3 -1.5308
vt 3 0
vt 0 -2.8284
vt 3 -2.8284
vt 1.5308 0
vt 1.5308 3
vt 0 0
vt 0 3
vt -1.5308 0
vt -1.5308 3
vt 0 -2.8284
vt 3 -2.8284
vt 0 -1.5308
vt 3 -1.5308
vt 0 0
vt 3 0
vt 0 1.5308
vt 3 1.5308
vt 0 2.8284
vt 3 2.8284
vt -1.5308 0
vt -1.5308 3
vt 0 0
vt 0 3
vt 1.5308 0
vt 1.5308 3
vt 0 2.8284
vt 3 2.8284
vt 0 1.5308
vt 3 1.5308
vt 0 20
vt 0 18.4692
vt 3 18.4692
vt 3 20
vt 0 17.1716
vt 3 17.1716
vt 21.5308 0
vt 21.5308 3
vt 20 0
vt 20 3
vt 18.4692 0
vt 18.4692 3
vt 0 17.1716
vt 3 17.1716
vt 0 18.4692
vt 3 18.4692
vt 0 20
vt 3 20
vt 0 21.5308
vt 3 21.5308
vt 0 22.8284
vt 3 22.8284
vt 18.4692 0
vt 18.4692 3
vt 20 0
vt 20 3
vt 21.5308 0
vt 21.5308 3
vt 0 22.8284
vt 3 22.8284
vt 0 21.5308
vt 3 21.5308
vt 0 20
vt 0 18.4692
vt 3 18.4692
vt 3 20
vt 0 17.1716
vt 3 17.1716
vt -18.4692 0
vt -18.4692 3
vt -20 0
vt -20 3
vt -21.5308 0
vt -21.5308 3
vt 0 17.1716
vt 3 17.1716
vt 0 18.4692
vt 3 18.4692
vt 0 20
vt 3 20
vt 0 21.5308
vt 3 21.5308
vt 0 22.8284
vt 3 22.8284
vt -21.5308 0
vt -21.5308 3
vt -20 0
vt -20 3
vt -18.4692 0
vt -18.4692 3
vt 0 22.8284
vt 3 22.8284
vt 0 21.5308
vt 3 21.5308
vt 0 40
vt 0 38.4692
vt 3 38.4692
vt 3 40
vt 0 37.1716
vt 3 37.1716
vt 21.5308 0
vt 21.5308 3
vt 20 0
vt 20 3
vt 18.4692 0
vt 18.4692 3
vt 0 37.1716
vt 3 37.1716
vt 0 38.4692
vt 3 38.4692
vt 0 40
vt 3 40
vt 0 41.5308
vt 3 41.5308
vt 0 42.8284
vt 3 42.8284
vt 18.4692 0
vt 18.4692 3
vt 20 0
vt 20 3
vt 21.5308 0
vt 21.5308 3
vt 0 42.8284
vt 3 42.8284
vt 0 41.5308
vt 3 41.5308
vt 0 40
vt 0 38.4692
vt 3 38.4692
vt 3 40
vt 0 37.1716
vt 3 37.1716
vt -18.4692 0
vt -18.4692 3
vt -20 0
vt -20 3
vt -21.5308 0
vt -21.5308 3
vt 0 37.1716
vt 3 37.1716
vt 0 38.4692
vt 3 38.4692
vt 0 40
vt 3 40
vt 0 41.5308
vt 3 41.5308
vt 0 42.8284
vt 3 42.8284
vt -21.5308 0
vt -21.5308 3
vt -20 0
vt -20 3
vt -18.4692 0
vt -18.4692 3
vt 0 42.8284
vt 3 42.8284
vt 0 41.5308
vt 3 41.5308
vt 0 60
vt 0 58.4692
vt 3 58.4692
vt 3 60
vt 0 57.1716
vt 3 57.1716
vt 1.5308 0
vt 1.5308 3
vt 0 0
vt 0 3
vt -1.5308 0
vt -1.5308 3
vt 0 57.1716
vt 3 57.1716
vt 0 58.4692
vt 3 58.4692
vt 0 60
vt 3 60
vt 0 61.5308
vt 3 61.5308
vt 0 62.8284
vt 3 62.8284
vt -1.5308 0
vt -1.5308 3
vt 0 0
vt 0 3
vt 1.5308 0
vt 1.5308 3
vt 0 62.8284
vt 3 62.8284
vt 0 61.5308
vt 3 61.5308
vt 3 0
vt 0 0
vt 0 -3.827
vt 3 -3.827
vt 0 -7.071
vt 3 -7.071
vt 3.827 0
vt 3.827 3
vt 0 0
vt 0 3
vt -3.827 0
vt -3.827 3
vt 0 -7.071
vt 3 -7.071
vt 0 -3.827
vt 3 -3.827
vt 0 0
vt 3 0
vt 0 3.68
vt 3 3.68
vt -9.28 3
vt -9.28 0
vt -19.67 0
vt -19.67 3
vt -19.67 3
vt -19.67 0
vt -20 0
vt -20 3
vt 3 20
vt 0 20
vt 0 22.2962
vt 3 22.2962
vt 0 24.2426
vt 3 24.2426
vt -17.7038 0
vt -17.7038 3
vt -20 0
vt -20 3
vt -22.2962 0
vt -22.2962 3
vt 0 24.2426
vt 3 24.2426
vt 0 22.2962
vt 3 22.2962
vt 0 20
vt 3 20
vt 0 17.7038
vt 3 17.7038
vt 0 15.7574
vt 3 15.7574
vt -22.2962 0
vt -22.2962 3
vt 0 19.67
vt 3 19.67
vt 3 19.67
vt 0 19.67
vt 0 9.6
vt 3 9.6
vt 3 9.6
vt 0 9.6
vt 0 18.4
vt 3 18.4
vt 3 18.4
vt 0 18.4
vt 0 34.07
vt 3 34.07
vt -19.67 3
vt -19.67 0
vt -20 0
vt -20 3
vt 3 40
vt 0 40
vt 0 42.2962
vt 3 42.2962
vt 0 44.2426
vt 3 44.2426
vt -17.7038 0
vt -17.7038 3
vt -20 0
vt -20 3
vt -22.2962 0
vt -22.2962 3
vt 0 44.2426
vt 3 44.2426
vt 0 42.2962
vt 3 42.2962
vt 0 40
vt 3 40
vt 0 37.7038
vt 3 37.7038
vt 0 35.7574
vt 3 35.7574
vt -22.2962 0
vt -22.2962 3
vt 0 39.67
vt 3 39.67
vt -14.07 3
vt -14.07 0
vt -4 0
vt -4 3
vt 3 29.6
vt 0 29.6
vt 0 53.3
vt 3 53.3
vt -4 3
vt -4 0
vt -5.6 0
vt -5.6 3
vt 0 60
vt 0 56.9384
vt 0 54.3432
vt 0 60
vt 0 63.0616
vt 0 65.6568
vt 3.0616 0
vt 0 0
vt -3.0616 0
vt 0 65.6568
vt 0 63.0616
vt 0 56.9384
vt 0 54.3432
vt 5.6 3
vt 5.6 0
vt 4 0
vt 4 3
vt 3 53.3
vt 0 53.3
vt 0 29.6
vt 3 29.6
vt 4 3
vt 4 0
vt 14.07 0
vt 14.07 3
vt 3 39.67
vt 0 39.67
vt 0 40
vt 3 40
vt 0 42.2962
vt 3 42.2962
vt 0 44.2426
vt 3 44.2426
vt 17.7038 0
vt 17.7038 3
vt 20 0
vt 20 3
vt 22.2962 0
vt 22.2962 3
vt 0 44.2426
vt 3 44.2426
vt 0 42.2962
vt 3 42.2962
vt 0 40
vt 3 40
vt 0 37.7038
vt 3 37.7038
vt 0 35.7574
vt 3 35.7574
vt 22.2962 0
vt 22.2962 3
vt 20 0
vt 20 3
vt 19.67 0
vt 19.67 3
vt 3 34.07
vt 0 34.07
vt 0 18.4
vt 3 18.4
vt 3 18.4
vt 0 18.4
vt 0 9.6
vt 3 9.6
vt 3 9.6
vt 0 9.6
vt 0 19.67
vt 3 19.67
vt 3 19.67
vt 0 19.67
vt 0 20
vt 3 20
vt 0 22.2962
vt 3 22.2962
vt 0 24.2426
vt 3 24.2426
vt 17.7038 0
vt 17.7038 3
vt 20 0
vt 20 3
vt 22.2962 0
vt 22.2962 3
vt 0 24.2426
vt 3 24.2426
vt 0 22.2962
vt 3 22.2962
vt 0 20
vt 3 20
vt 0 17.7038
vt 3 17.7038
vt 0 15.7574
vt 3 15.7574
vt 22.2962 0
vt 22.2962 3
vt 20 0
vt 20 3
vt 19.67 0
vt 19.67 3
vt 19.67 3
vt 19.67 0
vt 9.28 0
vt 9.28 3
vt 3 3.68
vt 0 3.68
vt 19.67 -14.07
vt 9.6 -4
vt 4 -9.6
vt 14.07 -19.67
vt 39.67 -14.07
vt 29.6 -4
vt 18.4 -4
vt 34.07 -19.67
vt 53.3 4
vt 9.6 4
vt 53.3 -4
vt 39.67 14.07
vt 34.07 19.67
vt 18.4 4
vt 29.6 4
vt 19.67 14.07
vt 14.07 19.67
vt 4 9.6
vt -6 0
vt -4 0
vt -3.6956 1.5308
vt -5.5434 2.2962
vt -2.8284 2.8284
vt -4.2426 4.2426
vt -1.5308 3.6956
vt -2.2962 5.5434
vt 0 4
vt 0 6
vt 1.5308 3.6956
vt 2.2962 5.5434
vt 2.8284 2.8284
vt 4.2426 4.2426
vt 3.6956 1.5308
vt 5.5434 2.2962
vt 4 0
vt 6 0
vt 3.6956 -1.5308
vt 5.5434 -2.2962
vt 2.8284 -2.8284
vt 4.2426 -4.2426
vt 1.5308 -3.6956
vt 2.2962 -5.5434
vt 0 -4
vt 0 -6
vt -1.5308 -3.6956
vt -2.2962 -5.5434
vt -2.8284 -2.8284
vt -4.2426 -4.2426
vt -3.6956 -1.5308
vt -5.5434 -2.2962
vt -10 0
vt -8 0
vt -7.3912 3.0616
vt -9.239 3.827
vt -5.6568 5.6568
vt -7.071 7.071
vt -3.0616 7.3912
vt -3.827 9.239
vt 0 8
vt 0 10
vt 3.0616 7.3912
vt 3.827 9.239
vt 5.6568 5.6568
vt 7.071 7.071
vt 7.3912 3.0616
vt 9.239 3.827
vt 8 0
vt 10 0
vt 7.3912 -3.0616
vt 9.239 -3.827
vt 5.6568 -5.6568
vt 7.071 -7.071
vt 3.0616 -7.3912
vt 3.827 -9.239
vt 0 -8
vt 0 -10
vt -3.0616 -7.3912
vt -3.827 -9.239
vt -5.6568 -5.6568
vt -7.071 -7.071
vt -7.3912 -3.0616
vt -9.239 -3.827
vt 14 -20
vt 16 -20
vt 16.3044 -18.4692
vt 14.4566 -17.7038
vt 17.1716 -17.1716
vt 15.7574 -15.7574
vt 18.4692 -16.3044
vt 17.7038 -14.4566
vt 20 -16
vt 20 -14
vt 21.5308 -16.3044
vt 22.2962 -14.4566
vt 22.8284 -17.1716
vt 24.2426 -15.7574
vt 23.6956 -18.4692
vt 25.5434 -17.7038
vt 24 -20
vt 26 -20
vt 23.6956 -21.5308
vt 25.5434 -22.2962
vt 22.8284 -22.8284
vt 24.2426 -24.2426
vt 21.5308 -23.6956
vt 22.2962 -25.5434
vt 20 -24
vt 20 -26
vt 18.4692 -23.6956
vt 17.7038 -25.5434
vt 17.1716 -22.8284
vt 15.7574 -24.2426
vt 16.3044 -21.5308
vt 14.4566 -22.2962
vt 14 20
vt 16 20
vt 16.3044 21.5308
vt 14.4566 22.2962
vt 17.1716 22.8284
vt 15.7574 24.2426
vt 18.4692 23.6956
vt 17.7038 25.5434
vt 20 24
vt 20 26
vt 21.5308 23.6956
vt 22.2962 25.5434
vt 22.8284 22.8284
vt 24.2426 24.2426
vt 23.6956 21.5308
vt 25.5434 22.2962
vt 24 20
vt 26 20
vt 23.6956 18.4692
vt 25.5434 17.7038
vt 22.8284 17.1716
vt 24.2426 15.7574
vt 21.5308 16.3044
vt 22.2962 14.4566
vt 20 16
vt 20 14
vt 18.4692 16.3044
vt 17.7038 14.4566
vt 17.1716 17.1716
vt 15.7574 15.7574
vt 16.3044 18.4692
vt 14.4566 17.7038
vt 34 -20
vt 36 -20
vt 36.3044 -18.4692
vt 34.4566 -17.7038
vt 37.1716 -17.1716
vt 35.7574 -15.7574
vt 38.4692 -16.3044
vt 37.7038 -14.4566
vt 40 -16
vt 40 -14
vt 41.5308 -16.3044
vt 42.2962 -14.4566
vt 42.8284 -17.1716
vt 44.2426 -15.7574
vt 43.6956 -18.4692
vt 45.5434 -17.7038
vt 44 -20
vt 46 -20
vt 43.6956 -21.5308
vt 45.5434 -22.2962
vt 42.8284 -22.8284
vt 44.2426 -24.2426
vt 41.5308 -23.6956
vt 42.2962 -25.5434
vt 40 -24
vt 40 -26
vt 38.4692 -23.6956
vt 37.7038 -25.5434
vt 37.1716 -22.8284
vt 35.7574 -24.2426
vt 36.3044 -21.5308
vt 34.4566 -22.2962
vt 34 20
vt 36 20
vt 36.3044 21.5308
vt 34.4566 22.2962
vt 37.1716 22.8284
vt 35.7574 24.2426
vt 38.4692 23.6956
vt 37.7038 25.5434
vt 40 24
vt 40 26
vt 41.5308 23.6956
vt 42.2962 25.5434
vt 42.8284 22.8284
vt 44.2426 24.2426
vt 43.6956 21.5308
vt 45.5434 22.2962
vt 44 20
vt 46 20
vt 43.6956 18.4692
vt 45.5434 17.7038
vt 42.8284 17.1716
vt 44.2426 15.7574
vt 41.5308 16.3044
vt 42.2962 14.4566
vt 40 16
vt 40 14
vt 38.4692 16.3044
vt 37.7038 14.4566
vt 37.1716 17.1716
vt 35.7574 15.7574
vt 36.3044 18.4692
vt 34.4566 17.7038
vt 54 0
vt 56 0
vt 56.3044 1.5308
vt 54.4566 2.2962
vt 57.1716 2.8284
vt 55.7574 4.2426
vt 58.4692 3.6956
vt 57.7038 5.5434
vt 60 4
vt 60 6
vt 61.5308 3.6956
vt 62.2962 5.5434
vt 62.8284 2.8284
vt 64.2426 4.2426
vt 63.6956 1.5308
vt 65.5434 2.2962
vt 64 0
vt 66 0
vt 63.6956 -1.5308
vt 65.5434 -2.2962
vt 62.8284 -2.8284
vt 64.2426 -4.2426
vt 61.5308 -3.6956
vt 62.2962 -5.5434
vt 60 -4
vt 60 -6
vt 58.4692 -3.6956
vt 57.7038 -5.5434
vt 57.1716 -2.8284
vt 55.7574 -4.2426
vt 56.3044 -1.5308
vt 54.4566 -2.2962
vt 19.67 -14.07
vt 14.07 -19.67
vt 4 -9.6
vt 9.6 -4
vt 39.67 -14.07
vt 34.07 -19.67
vt 18.4 -4
vt 29.6 -4
vt 53.3 4
vt 53.3 -4
vt 9.6 4
vt 39.67 14.07
vt 29.6 4
vt 18.4 4
vt 34.07 19.67
vt 19.67 14.07
vt 4 9.6
vt 14.07 19.67
vt -8 0
vt -6 0
vt -5.5434 -2.2962
vt -7.3912 -3.0616
vt -4.2426 -4.2426
vt -5.6568 -5.6568
vt -2.2962 -5.5434
vt -3.0616 -7.3912
vt 0 -6
vt 0 -8
vt 2.2962 -5.5434
vt 3.0616 -7.3912
vt 4.2426 -4.2426
vt 5.6568 -5.6568
vt 5.5434 -2.2962
vt 7.3912 -3.0616
vt 6 0
vt 8 0
vt 5.5434 2.2962
vt 7.3912 3.0616
vt 4.2426 4.2426
vt 5.6568 5.6568
vt 2.2962 5.5434
vt 3.0616 7.3912
vt 0 6
vt 0 8
vt -2.2962 5.5434
vt -3.0616 7.3912
vt -4.2426 4.2426
vt -5.6568 5.6568
vt -5.5434 2.2962
vt -7.3912 3.0616
vt -10 0
vt -9.239 -3.827
vt -7.071 -7.071
vt -3.827 -9.239
vt 0 -10
vt 3.827 -9.239
vt 7.071 -7.071
vt 9.239 -3.827
vt 10 0
vt 9.239 3.827
vt 7.071 7.071
vt 3.827 9.239
vt 0 10
vt -3.827 9.239
vt -7.071 7.071
vt -9.239 3.827
vt 52 0
vt 54 0
vt 54.4566 -2.2962
vt 52.6088 -3.0616
vt 55.7574 -4.2426
vt 54.3432 -5.6568
vt 57.7038 -5.5434
vt 56.9384 -7.3912
vt 60 -6
vt 60 -8
vt 62.2962 -5.5434
vt 63.0616 -7.3912
vt 64.2426 -4.2426
vt 65.6568 -5.6568
vt 65.5434 -2.2962
vt 67.3912 -3.0616
vt 66 0
vt 68 0
vt 65.5434 2.2962
vt 67.3912 3.0616
vt 64.2426 4.2426
vt 65.6568 5.6568
vt 62.2962 5.5434
vt 63.0616 7.3912
vt 60 6
vt 60 8
vt 57.7038 5.5434
vt 56.9384 7.3912
vt 55.7574 4.2426
vt 54.3432 5.6568
vt 54.4566 2.2962
vt 52.6088 3.0616
vt -4 0
vt -4 -1.5308
vt -4 -2.8284
vt 1.5308 -4
vt 0 -4
vt -1.5308 -4
vt -4 -2.8284
vt -4 -1.5308
vt -4 0
vt -4 1.5308
vt -4 2.8284
vt -1.5308 -4
vt 0 -4
vt 1.5308 -4
vt -4 2.8284
vt -4 1.5308
vt -4 0
vt -4 -2.2962
vt 0 -2.2962
vt 0 0
vt -4 -4.2426
vt 0 -4.2426
vt 2.2962 -4
vt 2.2962 0
vt 0 -4
vt 0 0
vt -2.2962 -4
vt -2.2962 0
vt -4 -4.2426
vt 0 -4.2426
vt -4 -2.2962
vt 0 -2.2962
vt -4 0
vt 0 0
vt -4 2.2962
vt 0 2.2962
vt -4 4.2426
vt 0 4.2426
vt -2.2962 -4
vt -2.2962 0
vt 0 -4
vt 0 0
vt 2.2962 -4
vt 2.2962 0
vt -4 4.2426
vt 0 4.2426
vt -4 2.2962
vt 0 2.2962
vt -6 0
vt -4 0
vt -3.6956 -1.5308
vt -5.5434 -2.2962
vt -2.8284 -2.8284
vt -4.2426 -4.2426
vt -1.5308 -3.6956
vt -2.2962 -5.5434
vt 0 -4
vt 0 -6
vt 1.5308 -3.6956
vt 2.2962 -5.5434
vt 2.8284 -2.8284
vt 4.2426 -4.2426
vt 3.6956 -1.5308
vt 5.5434 -2.2962
vt 4 0
vt 6 0
vt 3.6956 1.5308
vt 5.5434 2.2962
vt 2.8284 2.8284
vt 4.2426 4.2426
vt 1.5308 3.6956
vt 2.2962 5.5434
vt 0 4
vt 0 6
vt -1.5308 3.6956
vt -2.2962 5.5434
vt -2.8284 2.8284
vt -4.2426 4.2426
vt -3.6956 1.5308
vt -5.5434 2.2962
vt -4 20
vt -4 18.4692
vt -4 17.1716
vt 21.5308 -4
vt 20 -4
vt 18.4692 -4
vt -4 17.1716
vt -4 18.4692
vt -4 20
vt -4 21.5308
vt -4 22.8284
vt 18.4692 -4
vt 20 -4
vt 21.5308 -4
vt -4 22.8284
vt -4 21.5308
vt -4 20
vt -4 17.7038
vt -4 15.7574
vt 22.2962 -4
vt 20 -4
vt 17.7038 -4
vt 17.7038 0
vt -4 15.7574
vt 0 15.7574
vt -4 17.7038
vt 0 17.7038
vt -4 20
vt -4 22.2962
vt -4 24.2426
vt 17.7038 -4
vt 20 -4
vt 22.2962 -4
vt -4 24.2426
vt -4 22.2962
vt 14 20
vt 16 20
vt 16.3044 18.4692
vt 14.4566 17.7038
vt 17.1716 17.1716
vt 15.7574 15.7574
vt 18.4692 16.3044
vt 17.7038 14.4566
vt 20 16
vt 20 14
vt 21.5308 16.3044
vt 22.2962 14.4566
vt 22.8284 17.1716
vt 24.2426 15.7574
vt 23.6956 18.4692
vt 25.5434 17.7038
vt 24 20
vt 26 20
vt 23.6956 21.5308
vt 25.5434 22.2962
vt 22.8284 22.8284
vt 24.2426 24.2426
vt 21.5308 23.6956
vt 22.2962 25.5434
vt 20 24
vt 20 26
vt 18.4692 23.6956
vt 17.7038 25.5434
vt 17.1716 22.8284
vt 15.7574 24.2426
vt 16.3044 21.5308
vt 14.4566 22.2962
vt -4 20
vt -4 18.4692
vt -4 17.1716
vt -18.4692 -4
vt -20 -4
vt -21.5308 -4
vt -4 17.1716
vt -4 18.4692
vt -4 20
vt -4 21.5308
vt -4 22.8284
vt -21.5308 -4
vt -20 -4
vt -18.4692 -4
vt -4 22.8284
vt -4 21.5308
vt -4 20
vt -4 17.7038
vt 0 17.7038
vt -4 15.7574
vt 0 15.7574
vt -17.7038 -4
vt -17.7038 0
vt -20 -4
vt -22.2962 -4
vt -4 15.7574
vt -4 17.7038
vt -4 20
vt -4 22.2962
vt -4 24.2426
vt -22.2962 -4
vt -20 -4
vt -17.7038 -4
vt -4 24.2426
vt -4 22.2962
vt 14 -20
vt 16 -20
vt 16.3044 -21.5308
vt 14.4566 -22.2962
vt 17.1716 -22.8284
vt 15.7574 -24.2426
vt 18.4692 -23.6956
vt 17.7038 -25.5434
vt 20 -24
vt 20 -26
vt 21.5308 -23.6956
vt 22.2962 -25.5434
vt 22.8284 -22.8284
vt 24.2426 -24.2426
vt 23.6956 -21.5308
vt 25.5434 -22.2962
vt 24 -20
vt 26 -20
vt 23.6956 -18.4692
vt 25.5434 -17.7038
vt 22.8284 -17.1716
vt 24.2426 -15.7574
vt 21.5308 -16.3044
vt 22.2962 -14.4566
vt 20 -16
vt 20 -14
vt 18.4692 -16.3044
vt 17.7038 -14.4566
vt 17.1716 -17.1716
vt 15.7574 -15.7574
vt 16.3044 -18.4692
vt 14.4566 -17.7038
vt -4 40
vt -4 38.4692
vt -4 37.1716
vt 21.5308 -4
vt 20 -4
vt 18.4692 -4
vt -4 37.1716
vt -4 38.4692
vt -4 40
vt -4 41.5308
vt -4 42.8284
vt 18.4692 -4
vt 20 -4
vt 21.5308 -4
vt -4 42.8284
vt -4 41.5308
vt -4 40
vt -4 37.7038
vt -4 35.7574
vt 22.2962 -4
vt 20 -4
vt 17.7038 -4
vt 17.7038 0
vt -4 35.7574
vt 0 35.7574
vt -4 37.7038
vt 0 37.7038
vt -4 40
vt -4 42.2962
vt -4 44.2426
vt 17.7038 -4
vt 20 -4
vt 22.2962 -4
vt -4 44.2426
vt -4 42.2962
vt 34 20
vt 36 20
vt 36.3044 18.4692
vt 34.4566 17.7038
vt 37.1716 17.1716
vt 35.7574 15.7574
vt 38.4692 16.3044
vt 37.7038 14.4566
vt 40 16
vt 40 14
vt 41.5308 16.3044
vt 42.2962 14.4566
vt 42.8284 17.1716
vt 44.2426 15.7574
vt 43.6956 18.4692
vt 45.5434 17.7038
vt 44 20
vt 46 20
vt 43.6956 21.5308
vt 45.5434 22.2962
vt 42.8284 22.8284
vt 44.2426 24.2426
vt 41.5308 23.6956
vt 42.2962 25.5434
vt 40 24
vt 40 26
vt 38.4692 23.6956
vt 37.7038 25.5434
vt 37.1716 22.8284
vt 35.7574 24.2426
vt 36.3044 21.5308
vt 34.4566 22.2962
vt -4 40
vt -4 38.4692
vt -4 37.1716
vt -18.4692 -4
vt -20 -4
vt -21.5308 -4
vt -4 37.1716
vt -4 38.4692
vt -4 40
vt -4 41.5308
vt -4 42.8284
vt -21.5308 -4
vt -20 -4
vt -18.4692 -4
vt -4 42.8284
vt -4 41.5308
vt -4 40
vt -4 37.7038
vt 0 37.7038
vt -4 35.7574
vt 0 35.7574
vt -17.7038 -4
vt -17.7038 0
vt -20 -4
vt -22.2962 -4
vt -4 35.7574
vt -4 37.7038
vt -4 40
vt -4 42.2962
vt -4 44.2426
vt -22.2962 -4
vt -20 -4
vt -17.7038 -4
vt -4 44.2426
vt -4 42.2962
vt 34 -20
vt 36 -20
vt 36.3044 -21.5308
vt 34.4566 -22.2962
vt 37.1716 -22.8284
vt 35.7574 -24.2426
vt 38.4692 -23.6956
vt 37.7038 -25.5434
vt 40 -24
vt 40 -26
vt 41.5308 -23.6956
vt 42.2962 -25.5434
vt 42.8284 -22.8284
vt 44.2426 -24.2426
vt 43.6956 -21.5308
vt 45.5434 -22.2962
vt 44 -20
vt 46 -20
vt 43.6956 -18.4692
vt 45.5434 -17.7038
vt 42.8284 -17.1716
vt 44.2426 -15.7574
vt 41.5308 -16.3044
vt 42.2962 -14.4566
vt 40 -16
vt 40 -14
vt 38.4692 -16.3044
vt 37.7038 -14.4566
vt 37.1716 -17.1716
vt 35.7574 -15.7574
vt 36.3044 -18.4692
vt 34.4566 -17.7038
vt -4 60
vt -4 58.4692
vt -4 57.1716
vt 1.5308 -4
vt 0 -4
vt -1.5308 -4
vt -4 57.1716
vt -4 58.4692
vt -4 60
vt -4 61.5308
vt -4 62.8284
vt -1.5308 -4
vt 0 -4
vt 1.5308 -4
vt -4 62.8284
vt -4 61.5308
vt -4 60
vt -4 57.7038
vt 0 57.7038
vt 0 60
vt -4 55.7574
vt 0 55.7574
vt 2.2962 -4
vt 2.2962 0
vt 0 -4
vt 0 0
vt -2.2962 -4
vt -2.2962 0
vt -4 55.7574
vt 0 55.7574
vt -4 57.7038
vt 0 57.7038
vt -4 60
vt 0 60
vt -4 62.2962
vt 0 62.2962
vt -4 64.2426
vt 0 64.2426
vt -2.2962 -4
vt -2.2962 0
vt 0 -4
vt 0 0
vt 2.2962 -4
vt 2.2962 0
vt -4 64.2426
vt 0 64.2426
vt -4 62.2962
vt 0 62.2962
vt 54 0
vt 56 0
vt 56.3044 -1.5308
vt 54.4566 -2.2962
vt 57.1716 -2.8284
vt 55.7574 -4.2426
vt 58.4692 -3.6956
vt 57.7038 -5.5434
vt 60 -4
vt 60 -6
vt 61.5308 -3.6956
vt 62.2962 -5.5434
vt 62.8284 -2.8284
vt 64.2426 -4.2426
vt 63.6956 -1.5308
vt 65.5434 -2.2962
vt 64 0
vt 66 0
vt 63.6956 1.5308
vt 65.5434 2.2962
vt 62.8284 2.8284
vt 64.2426 4.2426
vt 61.5308 3.6956
vt 62.2962 5.5434
vt 60 4
vt 60 6
vt 58.4692 3.6956
vt 57.7038 5.5434
vt 57.1716 2.8284
vt 55.7574 4.2426
vt 56.3044 1.5308
vt 54.4566 2.2962
usemtl 2
f 1/1/1 2/2/2 3/3/3
f 1/1/1 3/3/3 4/4/4
f 2/2/2 5/5/5 6/6/6
f 2/2/2 6/6/6 3/3/3
f 5/5/5 7/7/7 8/8/8
f 5/5/5 8/8/8 6/6/6
f 7/7/7 9/9/9 10/10/10
f 7/7/7 10/10/10 8/8/8
f 9/9/9 11/11/11 12/12/12
f 9/9/9 12/12/12 10/10/10
f 11/11/11 13/13/13 14/14/14
f 11/11/11 14/14/14 12/12/12
f 13/13/13 15/15/15 16/16/16
f 13/13/13 16/16/16 14/14/14
f 15/15/15 17/17/17 18/18/18
f 15/15/15 18/18/18 16/16/16
f 17/17/17 19/19/19 20/20/20
f 17/17/17 20/20/20 18/18/18
f 19/19/19 21/21/21 22/22/22
f 19/19/19 22/22/22 20/20/20
f 21/21/21 23/23/23 24/24/24
f 21/21/21 24/24/24 22/22/22
f 23/23/23 25/25/25 26/26/26
f 23/23/23 26/26/26 24/24/24
f 25/25/25 27/27/27 28/28/28
f 25/25/25 28/28/28 26/26/26
f 27/27/27 29/29/29 30/30/30
f 27/27/27 30/30/30 28/28/28
f 29/29/29 31/31/31 32/32/32
f 29/29/29 32/32/32 30/30/30
f 31/31/31 1/1/1 4/4/4
f 31/31/31 4/4/4 32/32/32
f 35/35/35 34/34/34 33/33/33
f 36/36/36 35/35/35 33/33/33
f 38/38/38 37/37/37 34/34/34
f 35/35/35 38/38/38 34/34/34
f 40/40/40 39/39/39 37/37/37
f 38/38/38 40/40/40 37/37/37
f 42/42/42 41/41/41 39/39/39
f 40/40/40 42/42/42 39/39/39
f 44/44/44 43/43/43 41/41/41
f 42/42/42 44/44/44 41/41/41
f 46/46/46 45/45/45 43/43/43
f 44/44/44 46/46/46 43/43/43
f 48/48/48 47/47/47 45/45/45
f 46/46/46 48/48/48 45/45/45
f 50/50/50 49/49/49 47/47/47
f 48/48/48 50/50/50 47/47/47
f 52/52/52 51/51/51 49/49/49
f 50/50/50 52/52/52 49/49/49
f 54/54/54 53/53/53 51/51/51
f 52/52/52 54/54/54 51/51/51
f 56/56/56 55/55/55 53/53/53
f 54/54/54 56/56/56 53/53/53
f 58/58/58 57/57/57 55/55/55
f 56/56/56 58/58/58 55/55/55
f 60/60/60 59/59/59 57/57/57
f 58/58/58 60/60/60 57/57/57
f 62/62/62 61/61/61 59/59/59
f 60/60/60 62/62/62 59/59/59
f 64/64/64 63/63/63 61/61/61
f 62/62/62 64/64/64 61/61/61
f 36/36/36 33/33/33 63/63/63
f 64/64/64 36/36/36 63/63/63
f 67/67/67 66/66/66 65/65/65
f 68/68/68 67/67/67 65/65/65
f 69/69/69 67/67/67 68/68/68
f 70/70/70 69/69/69 68/68/68
f 71/71/71 69/69/69 70/70/70
f 72/72/72 71/71/71 70/70/70
f 73/73/73 71/71/71 72/72/72
f 74/74/74 73/73/73 72/72/72
f 75/75/75 73/73/73 74/74/74
f 76/76/76 75/75/75 74/74/74
f 77/77/77 75/75/75 76/76/76
f 78/78/78 77/77/77 76/76/76
f 79/79/79 77/77/77 78/78/78
f 80/80/80 79/79/79 78/78/78
f 81/81/81 79/79/79 80/80/80
f 82/82/82 81/81/81 80/80/80
f 83/83/83 81/81/81 82/82/82
f 84/84/84 83/83/83 82/82/82
f 85/85/85 83/83/83 84/84/84
f 86/86/86 85/85/85 84/84/84
f 87/87/87 85/85/85 86/86/86
f 88/88/88 87/87/87 86/86/86
f 89/89/89 87/87/87 88/88/88
f 90/90/90 89/89/89 88/88/88
f 91/91/91 89/89/89 90/90/90
f 92/92/92 91/91/91 90/90/90
f 93/93/93 91/91/91 92/92/92
f 94/94/94 93/93/93 92/92/92
f 95/95/95 93/93/93 94/94/94
f 96/96/96 95/95/95 94/94/94
f 66/66/66 95/95/95 96/96/96
f 65/65/65 66/66/66 96/96/96
f 97/97/97 98/98/98 99/99/99
f 97/97/97 99/99/99 100/100/100
f 98/98/98 101/101/101 102/102/102
f 98/98/98 102/102/102 99/99/99
f 101/101/101 103/103/103 104/104/104
f 101/101/101 104/104/104 102/102/102
f 103/103/103 105/105/105 106/106/106
f 103/103/103 106/106/106 104/104/104
f 105/105/105 107/107/107 108/108/108
f 105/105/105 108/108/108 106/106/106
f 107/107/107 109/109/109 110/110/110
f 107/107/107 110/110/110 108/108/108
f 109/109/109 111/111/111 112/112/112
f 109/109/109 112/112/112 110/110/110
f 111/111/111 113/113/113 114/114/114
f 111/111/111 114/114/114 112/112/112
f 113/113/113 115/115/115 116/116/116
f 113/113/113 116/116/116 114/114/114
f 115/115/115 117/117/117 118/118/118
f 115/115/115 118/118/118 116/116/116
f 117/117/117 119/119/119 120/120/120
f 117/117/117 120/120/120 118/118/118
f 119/119/119 121/121/121 122/122/122
f 119/119/119 122/122/122 120/120/120
f 121/121/121 123/123/123 124/124/124
f 121/121/121 124/124/124 122/122/122
f 123/123/123 125/125/125 126/126/126
f 123/123/123 126/126/126 124/124/124
f 125/125/125 127/127/127 128/128/128
f 125/125/125 128/128/128 126/126/126
f 127/127/127 97/97/97 100/100/100
f 127/127/127 100/100/100 128/128/128
f 131/131/131 130/130/130 129/129/129
f 132/132/132 131/131/131 129/129/129
f 134/134/134 133/133/133 130/130/130
f 131/131/131 134/134/134 130/130/130
f 136/136/136 135/135/135 133/133/133
f 134/134/134 136/136/136 133/133/133
f 138/138/138 137/137/137 135/135/135
f 136/136/136 138/138/138 135/135/135
f 140/140/140 139/139/139 137/137/137
f 138/138/138 140/140/140 137/137/137
f 142/142/142 141/141/141 139/139/139
f 140/140/140 142/142/142 139/139/139
f 144/144/144 143/143/143 141/141/141
f 142/142/142 144/144/144 141/141/141
f 146/146/146 145/145/145 143/143/143
f 144/144/144 146/146/146 143/143/143
f 148/148/148 147/147/147 145/145/145
f 146/146/146 148/148/148 145/145/145
f 150/150/150 149/149/149 147/147/147
f 148/148/148 150/150/150 147/147/147
f 152/152/152 151/151/151 149/149/149
f 150/150/150 152/152/152 149/149/149
f 154/154/154 153/153/153 151/151/151
f 152/152/152 154/154/154 151/151/151
f 156/156/156 155/155/155 153/153/153
f 154/154/154 156/156/156 153/153/153
f 158/158/158 157/157/157 155/155/155
f 156/156/156 158/158/158 155/155/155
f 160/160/160 159/159/159 157/157/157
f 158/158/158 160/160/160 157/157/157
f 132/132/132 129/129/129 159/159/159
f 160/160/160 132/132/132 159/159/159
f 163/163/163 162/162/162 161/161/161
f 164/164/164 163/163/163 161/161/161
f 165/165/165 163/163/163 164/164/164
f 166/166/166 165/165/165 164/164/164
f 167/167/167 165/165/165 166/166/166
f 168/168/168 167/167/167 166/166/166
f 169/169/169 167/167/167 168/168/168
f 170/170/170 169/169/169 168/168/168
f 171/171/171 169/169/169 170/170/170
f 172/172/172 171/171/171 170/170/170
f 173/173/173 171/171/171 172/172/172
f 174/174/174 173/173/173 172/172/172
f 175/175/175 173/173/173 174/174/174
f 176/176/176 175/175/175 174/174/174
f 177/177/177 175/175/175 176/176/176
f 178/178/178 177/177/177 176/176/176
f 179/179/179 177/177/177 178/178/178
f 180/180/180 179/179/179 178/178/178
f 181/181/181 179/179/179 180/180/180
f 182/182/182 181/181/181 180/180/180
f 183/183/183 181/181/181 182/182/182
f 184/184/184 183/183/183 182/182/182
f 185/185/185 183/183/183 184/184/184
f 186/186/186 185/185/185 184/184/184
f 187/187/187 185/185/185 186/186/186
f 188/188/188 187/187/187 186/186/186
f 189/189/189 187/187/187 188/188/188
f 190/190/190 189/189/189 188/188/188
f 191/191/191 189/189/189 190/190/190
f 192/192/192 191/191/191 190/190/190
f 162/162/162 191/191/191 192/192/192
f 161/161/161 162/162/162 192/192/192
f 195/195/195 194/194/194 193/193/193
f 196/196/196 195/195/195 193/193/193
f 198/198/198 197/197/197 194/194/194
f 195/195/195 198/198/198 194/194/194
f 200/200/200 199/199/199 197/197/197
f 198/198/198 200/200/200 197/197/197
f 202/202/202 201/201/201 199/199/199
f 200/200/200 202/202/202 199/199/199
f 204/204/204 203/203/203 201/201/201
f 202/202/202 204/204/204 201/201/201
f 206/206/206 205/205/205 203/203/203
f 204/204/204 206/206/206 203/203/203
f 208/208/208 207/207/207 205/205/205
f 206/206/206 208/208/208 205/205/205
f 210/210/210 209/209/209 207/207/207
f 208/208/208 210/210/210 207/207/207
f 212/212/212 211/211/211 209/209/209
f 210/210/210 212/212/212 209/209/209
f 214/214/214 213/213/213 211/211/211
f 212/212/212 214/214/214 211/211/211
f 216/216/216 215/215/215 213/213/213
f 214/214/214 216/216/216 213/213/213
f 218/218/218 217/217/217 215/215/215
f 216/216/216 218/218/218 215/215/215
f 219/219/219 220/220/220 221/221/221
f 219/219/219 221/221/221 222/222/222
f 222/222/222 221/221/221 223/223/223
f 222/222/222 223/223/223 224/224/224
f 224/224/224 223/223/223 225/225/225
f 224/224/224 225/225/225 226/226/226
f 226/226/226 225/225/225 227/227/227
f 226/226/226 227/227/227 228/228/228
f 228/228/228 227/227/227 229/229/229
f 228/228/228 229/229/229 230/230/230
f 230/230/230 229/229/229 231/231/231
f 230/230/230 231/231/231 232/232/232
f 232/232/232 231/231/231 233/233/233
f 232/232/232 233/233/233 234/234/234
f 234/234/234 233/233/233 235/235/235
f 234/234/234 235/235/235 236/236/236
f 236/236/236 235/235/235 237/237/237
f 236/236/236 237/237/237 238/238/238
f 238/238/238 237/237/237 239/239/239
f 238/238/238 239/239/239 240/240/240
f 240/240/240 239/239/239 241/241/241
f 240/240/240 241/241/241 242/242/242
f 242/242/242 241/241/241 243/243/243
f 242/242/242 243/243/243 244/244/244
f 244/244/244 243/243/243 245/245/245
f 244/244/244 245/245/245 246/246/246
f 246/246/246 245/245/245 247/247/247
f 246/246/246 247/247/247 248/248/248
f 248/248/248 247/247/247 249/249/249
f 248/248/248 249/249/249 250/250/250
f 250/250/250 249/249/249 220/220/220
f 250/250/250 220/220/220 219/219/219
f 3/3/3 252/252/252 251/251/251
f 4/4/4 3/3/3 251/251/251
f 6/6/6 253/253/253 252/252/252
f 3/3/3 6/6/6 252/252/252
f 8/8/8 254/254/254 253/253/253
f 6/6/6 8/8/8 253/253/253
f 10/10/10 255/255/255 254/254/254
f 8/8/8 10/10/10 254/254/254
f 12/12/12 256/256/256 255/255/255
f 10/10/10 12/12/12 255/255/255
f 14/14/14 257/257/257 256/256/256
f 12/12/12 14/14/14 256/256/256
f 16/16/16 258/258/258 257/257/257
f 14/14/14 16/16/16 257/257/257
f 18/18/18 259/259/259 258/258/258
f 16/16/16 18/18/18 258/258/258
f 20/20/20 260/260/260 259/259/259
f 18/18/18 20/20/20 259/259/259
f 22/22/22 261/261/261 260/260/260
f 20/20/20 22/22/22 260/260/260
f 24/24/24 262/262/262 261/261/261
f 22/22/22 24/24/24 261/261/261
f 26/26/26 263/263/263 262/262/262
f 24/24/24 26/26/26 262/262/262
f 28/28/28 264/264/264 263/263/263
f 26/26/26 28/28/28 263/263/263
f 30/30/30 265/265/265 264/264/264
f 28/28/28 30/30/30 264/264/264
f 32/32/32 266/266/266 265/265/265
f 30/30/30 32/32/32 265/265/265
f 4/4/4 251/251/251 266/266/266
f 32/32/32 4/4/4 266/266/266
f 269/269/269 268/268/268 267/267/267
f 270/270/270 269/269/269 267/267/267
f 271/271/271 269/269/269 270/270/270
f 272/272/272 271/271/271 270/270/270
f 273/273/273 274/274/274 275/275/275
f 273/273/273 275/275/275 276/276/276
f 276/276/276 275/275/275 277/277/277
f 276/276/276 277/277/277 278/278/278
f 279/279/279 277/277/277 280/280/280
f 279/279/279 280/280/280 281/281/281
f 281/281/281 280/280/280 282/282/282
f 281/281/281 282/282/282 283/283/283
f 283/283/283 282/282/282 284/284/284
f 283/283/283 284/284/284 285/285/285
f 285/285/285 284/284/284 286/286/286
f 285/285/285 286/286/286 287/287/287
f 287/287/287 286/286/286 288/288/288
f 287/287/287 288/288/288 289/289/289
f 289/289/289 288/288/288 290/290/290
f 289/289/289 290/290/290 291/291/291
f 291/291/291 290/290/290 292/292/292
f 291/291/291 292/292/292 293/293/293
f 293/293/293 292/292/292 271/271/271
f 293/293/293 271/271/271 294/294/294
f 295/295/295 296/296/296 297/297/297
f 295/295/295 297/297/297 298/298/298
f 296/296/296 299/299/299 300/300/300
f 296/296/296 300/300/300 297/297/297
f 299/299/299 301/301/301 302/302/302
f 299/299/299 302/302/302 300/300/300
f 301/301/301 303/303/303 304/304/304
f 301/301/301 304/304/304 302/302/302
f 303/303/303 305/305/305 306/306/306
f 303/303/303 306/306/306 304/304/304
f 305/305/305 307/307/307 308/308/308
f 305/305/305 308/308/308 306/306/306
f 307/307/307 309/309/309 310/310/310
f 307/307/307 310/310/310 308/308/308
f 309/309/309 311/311/311 312/312/312
f 309/309/309 312/312/312 310/310/310
f 315/315/315 314/314/314 313/313/313
f 313/313/313 314/314/314 316/316/316
f 314/314/314 317/317/317 316/316/316
f 316/316/316 317/317/317 318/318/318
f 317/317/317 319/319/319 318/318/318
f 318/318/318 319/319/319 320/320/320
f 319/319/319 321/321/321 320/320/320
f 320/320/320 321/321/321 322/322/322
f 321/321/321 323/323/323 322/322/322
f 322/322/322 323/323/323 324/324/324
f 323/323/323 325/325/325 324/324/324
f 324/324/324 325/325/325 326/326/326
f 329/329/329 328/328/328 327/327/327
f 330/330/330 328/328/328 329/329/329
f 331/331/331 330/330/330 329/329/329
f 332/332/332 330/330/330 331/331/331
f 333/333/333 332/332/332 331/331/331
f 334/334/334 332/332/332 333/333/333
f 335/335/335 334/334/334 333/333/333
f 336/336/336 334/334/334 335/335/335
f 337/337/337 336/336/336 335/335/335
f 338/338/338 336/336/336 337/337/337
f 339/339/339 338/338/338 337/337/337
f 340/340/340 338/338/338 339/339/339
f 343/343/343 342/342/342 341/341/341
f 342/342/342 344/344/344 341/341/341
f 341/341/341 344/344/344 345/345/345
f 344/344/344 346/346/346 345/345/345
f 345/345/345 346/346/346 347/347/347
f 346/346/346 348/348/348 347/347/347
f 347/347/347 348/348/348 349/349/349
f 348/348/348 350/350/350 349/349/349
f 349/349/349 350/350/350 351/351/351
f 350/350/350 352/352/352 351/351/351
f 351/351/351 352/352/352 353/353/353
f 352/352/352 354/354/354 353/353/353
f 352/352/352 355/355/355 354/354/354
f 355/355/355 356/356/356 354/354/354
f 355/355/355 357/357/357 356/356/356
f 357/357/357 358/358/358 356/356/356
f 359/359/359 358/358/358 357/357/357
f 359/359/359 360/360/360 358/358/358
f 361/361/361 360/360/360 359/359/359
f 362/362/362 360/360/360 361/361/361
f 363/363/363 362/362/362 361/361/361
f 364/364/364 362/362/362 363/363/363
f 365/365/365 364/364/364 363/363/363
f 366/366/366 364/364/364 365/365/365
f 367/367/367 366/366/366 365/365/365
f 368/368/368 366/366/366 367/367/367
f 369/369/369 368/368/368 367/367/367
f 370/370/370 342/342/342 343/343/343
f 370/370/370 371/371/371 342/342/342
f 372/372/372 371/371/371 370/370/370
f 372/372/372 373/373/373 371/371/371
f 374/374/374 373/373/373 372/372/372
f 374/374/374 375/375/375 373/373/373
f 376/376/376 375/375/375 374/374/374
f 376/376/376 377/377/377 375/375/375
f 355/355/355 352/352/352 350/350/350
f 350/350/350 378/378/378 355/355/355
f 378/378/378 350/350/350 348/348/348
f 348/348/348 379/379/379 378/378/378
f 346/346/346 379/379/379 348/348/348
f 346/346/346 380/380/380 379/379/379
f 344/344/344 380/380/380 346/346/346
f 344/344/344 381/381/381 380/380/380
f 342/342/342 381/381/381 344/344/344
f 342/342/342 382/382/382 381/381/381
f 371/371/371 382/382/382 383/383/383
f 371/371/371 384/384/384 382/382/382
f 373/373/373 384/384/384 371/371/371
f 373/373/373 313/313/313 384/384/384
f 375/375/375 313/313/313 373/373/373
f 375/375/375 315/315/315 313/313/313
f 377/377/377 315/315/315 375/375/375
f 377/377/377 369/369/369 315/315/315
f 315/315/315 369/369/369 367/367/367
f 315/315/315 367/367/367 385/385/385
f 385/385/385 367/367/367 365/365/365
f 385/385/385 365/365/365 386/386/386
f 386/386/386 365/365/365 363/363/363
f 386/386/386 363/363/363 387/387/387
f 387/387/387 363/363/363 361/361/361
f 387/387/387 361/361/361 388/388/388
f 361/361/361 390/390/390 389/389/389
f 388/388/388 361/361/361 389/389/389
f 359/359/359 357/357/357 391/391/391
f 391/391/391 389/389/389 359/359/359
f 357/357/357 355/355/355 378/378/378
f 378/378/378 391/391/391 357/357/357
f 394/394/394 393/393/393 392/392/392
f 393/393/393 395/395/395 392/392/392
f 392/392/392 395/395/395 396/396/396
f 395/395/395 398/398/398 397/397/397
f 396/396/396 395/395/395 397/397/397
f 397/397/397 398/398/398 399/399/399
f 397/397/397 399/399/399 400/400/400
f 400/400/400 399/399/399 401/401/401
f 400/400/400 401/401/401 402/402/402
f 402/402/402 401/401/401 403/403/403
f 402/402/402 403/403/403 404/404/404
f 403/403/403 405/405/405 404/404/404
f 408/408/408 407/407/407 406/406/406
f 408/408/408 410/410/410 409/409/409
f 407/407/407 408/408/408 409/409/409
f 411/411/411 409/409/409 410/410/410
f 411/411/411 412/412/412 409/409/409
f 413/413/413 412/412/412 411/411/411
f 413/413/413 414/414/414 412/412/412
f 413/413/413 416/416/416 415/415/415
f 414/414/414 413/413/413 415/415/415
f 416/416/416 418/418/418 417/417/417
f 415/415/415 416/416/416 417/417/417
f 419/419/419 417/417/417 418/418/418
f 422/422/422 421/421/421 420/420/420
f 420/420/420 423/423/423 422/422/422
f 421/421/421 425/425/425 424/424/424
f 424/424/424 420/420/420 421/421/421
f 425/425/425 426/426/426 424/424/424
f 424/424/424 426/426/426 427/427/427
f 426/426/426 428/428/428 427/427/427
f 430/430/430 429/429/429 428/428/428
f 431/431/431 429/429/429 430/430/430
f 429/429/429 431/431/431 432/432/432
f 433/433/433 429/429/429 432/432/432
f 434/434/434 433/433/433 432/432/432
f 435/435/435 434/434/434 432/432/432
f 436/436/436 434/434/434 435/435/435
f 437/437/437 436/436/436 435/435/435
f 438/438/438 436/436/436 437/437/437
f 439/439/439 438/438/438 437/437/437
f 440/440/440 438/438/438 439/439/439
f 441/441/441 440/440/440 439/439/439
f 442/442/442 440/440/440 441/441/441
f 442/442/442 441/441/441 443/443/443
f 444/444/444 442/442/442 443/443/443
f 444/444/444 443/443/443 445/445/445
f 448/448/448 447/447/447 446/446/446
f 447/447/447 448/448/448 449/449/449
f 449/449/449 450/450/450 447/447/447
f 451/451/451 450/450/450 449/449/449
f 451/451/451 449/449/449 452/452/452
f 451/451/451 452/452/452 453/453/453
f 454/454/454 451/451/451 453/453/453
f 454/454/454 453/453/453 455/455/455
f 453/453/453 456/456/456 455/455/455
f 455/455/455 456/456/456 457/457/457
f 456/456/456 458/458/458 457/457/457
f 457/457/457 458/458/458 459/459/459
f 458/458/458 460/460/460 459/459/459
f 459/459/459 460/460/460 461/461/461
f 461/461/461 462/462/462 459/459/459
f 461/461/461 463/463/463 462/462/462
f 465/465/465 464/464/464 463/463/463
f 465/465/465 466/466/466 464/464/464
f 466/466/466 467/467/467 464/464/464
f 466/466/466 469/469/469 468/468/468
f 468/468/468 467/467/467 466/466/466
f 472/472/472 471/471/471 470/470/470
f 475/475/475 474/474/474 473/473/473
f 476/476/476 475/475/475 473/473/473
f 476/476/476 473/473/473 477/477/477
f 476/476/476 477/477/477 478/478/478
f 479/479/479 476/476/476 478/478/478
f 479/479/479 478/478/478 480/480/480
f 478/478/478 481/481/481 480/480/480
f 480/480/480 481/481/481 482/482/482
f 485/485/485 484/484/484 483/483/483
f 486/486/486 484/484/484 485/485/485
f 486/486/486 487/487/487 484/484/484
f 488/488/488 487/487/487 486/486/486
f 488/488/488 489/489/489 487/487/487
f 488/488/488 490/490/490 489/489/489
f 490/490/490 491/491/491 489/489/489
f 490/490/490 492/492/492 491/491/491
f 482/482/482 481/481/481 493/493/493
f 494/494/494 482/482/482 493/493/493
f 496/496/496 483/483/483 495/495/495
f 485/485/485 483/483/483 496/496/496
f 445/445/445 498/498/498 497/497/497
f 445/445/445 500/500/500 499/499/499
f 499/499/499 498/498/498 445/445/445
f 500/500/500 502/502/502 501/501/501
f 501/501/501 499/499/499 500/500/500
f 499/499/499 501/501/501 503/503/503
f 503/503/503 501/501/501 504/504/504
f 503/503/503 504/504/504 398/398/398
f 506/506/506 504/504/504 505/505/505
f 398/398/398 505/505/505 399/399/399
f 508/508/508 505/505/505 507/507/507
f 507/507/507 505/505/505 509/509/509
f 507/507/507 509/509/509 510/510/510
f 510/510/510 509/509/509 511/511/511
f 512/512/512 511/511/511 426/426/426
f 512/512/512 426/426/426 425/425/425
f 421/421/421 512/512/512 425/425/425
f 514/514/514 512/512/512 513/513/513
f 514/514/514 515/515/515 512/512/512
f 515/515/515 514/514/514 516/516/516
f 517/517/517 515/515/515 516/516/516
f 516/516/516 518/518/518 517/517/517
f 516/516/516 519/519/519 518/518/518
f 520/520/520 497/497/497 516/516/516
f 497/497/497 519/519/519 516/516/516
f 497/497/497 521/521/521 519/519/519
f 497/497/497 498/498/498 521/521/521
f 446/446/446 523/523/523 522/522/522
f 446/446/446 522/522/522 490/490/490
f 524/524/524 522/522/522 523/523/523
f 524/524/524 525/525/525 522/522/522
f 524/524/524 526/526/526 525/525/525
f 526/526/526 524/524/524 527/527/527
f 527/527/527 524/524/524 471/471/471
f 471/471/471 528/528/528 527/527/527
f 528/528/528 471/471/471 469/469/469
f 469/469/469 529/529/529 528/528/528
f 529/529/529 469/469/469 466/466/466
f 465/465/465 529/529/529 466/466/466
f 460/460/460 530/530/530 461/461/461
f 458/458/458 530/530/530 460/460/460
f 458/458/458 531/531/531 530/530/530
f 456/456/456 531/531/531 458/458/458
f 456/456/456 532/532/532 531/531/531
f 453/453/453 532/532/532 456/456/456
f 453/453/453 533/533/533 532/532/532
f 533/533/533 534/534/534 452/452/452
f 533/533/533 452/452/452 449/449/449
f 535/535/535 533/533/533 449/449/449
f 535/535/535 449/449/449 448/448/448
f 535/535/535 448/448/448 446/446/446
f 536/536/536 468/468/468 469/469/469
f 538/538/538 537/537/537 218/218/218
f 196/196/196 538/538/538 218/218/218
f 368/368/368 376/376/376 196/196/196
f 218/218/218 368/368/368 196/196/196
f 369/369/369 377/377/377 376/376/376
f 368/368/368 369/369/369 376/376/376
f 541/541/541 540/540/540 539/539/539
f 542/542/542 541/541/541 539/539/539
f 545/545/545 544/544/544 543/543/543
f 546/546/546 545/545/545 543/543/543
f 548/548/548 547/547/547 544/544/544
f 545/545/545 548/548/548 544/544/544
f 550/550/550 549/549/549 547/547/547
f 548/548/548 550/550/550 547/547/547
f 552/552/552 551/551/551 549/549/549
f 550/550/550 552/552/552 549/549/549
f 554/554/554 553/553/553 551/551/551
f 552/552/552 554/554/554 551/551/551
f 554/554/554 556/556/556 555/555/555
f 555/555/555 553/553/553 554/554/554
f 559/559/559 558/558/558 557/557/557
f 560/560/560 559/559/559 557/557/557
f 562/562/562 561/561/561 558/558/558
f 559/559/559 562/562/562 558/558/558
f 564/564/564 563/563/563 561/561/561
f 562/562/562 564/564/564 561/561/561
f 566/566/566 565/565/565 563/563/563
f 564/564/564 566/566/566 563/563/563
f 569/569/569 568/568/568 567/567/567
f 567/567/567 568/568/568 570/570/570
f 571/571/571 567/567/567 570/570/570
f 570/570/570 572/572/572 571/571/571
f 572/572/572 570/570/570 573/573/573
f 573/573/573 574/574/574 572/572/572
f 574/574/574 573/573/573 575/575/575
f 575/575/575 576/576/576 574/574/574
f 574/574/574 576/576/576 577/577/577
f 578/578/578 574/574/574 577/577/577
f 579/579/579 577/577/577 576/576/576
f 582/582/582 581/581/581 580/580/580
f 583/583/583 582/582/582 580/580/580
f 583/583/583 580/580/580 584/584/584
f 585/585/585 583/583/583 584/584/584
f 585/585/585 584/584/584 586/586/586
f 587/587/587 585/585/585 586/586/586
f 587/587/587 586/586/586 588/588/588
f 589/589/589 587/587/587 588/588/588
f 589/589/589 588/588/588 590/590/590
f 591/591/591 589/589/589 590/590/590
f 591/591/591 590/590/590 592/592/592
f 593/593/593 591/591/591 592/592/592
f 593/593/593 592/592/592 594/594/594
f 595/595/595 593/593/593 594/594/594
f 595/595/595 594/594/594 596/596/596
f 597/597/597 595/595/595 596/596/596
f 600/600/600 599/599/599 598/598/598
f 601/601/601 600/600/600 598/598/598
f 601/601/601 598/598/598 602/602/602
f 603/603/603 601/601/601 602/602/602
f 603/603/603 602/602/602 604/604/604
f 605/605/605 603/603/603 604/604/604
f 605/605/605 604/604/604 606/606/606
f 607/607/607 605/605/605 606/606/606
f 610/610/610 609/609/609 608/608/608
f 611/611/611 610/610/610 608/608/608
f 612/612/612 611/611/611 608/608/608
f 273/273/273 614/614/614 613/613/613
f 274/274/274 273/273/273 613/613/613
f 617/617/617 616/616/616 615/615/615
f 618/618/618 617/617/617 615/615/615
f 618/618/618 615/615/615 619/619/619
f 620/620/620 618/618/618 619/619/619
f 557/557/557 620/620/620 619/619/619
f 619/619/619 560/560/560 557/557/557
f 623/623/623 622/622/622 621/621/621
f 624/624/624 623/623/623 621/621/621
f 623/623/623 624/624/624 625/625/625
f 626/626/626 622/622/622 623/623/623
f 312/312/312 311/311/311 625/625/625
f 312/312/312 625/625/625 627/627/627
f 627/627/627 625/625/625 624/624/624
f 624/624/624 621/621/621 628/628/628
f 567/567/567 629/629/629 622/622/622
f 569/569/569 567/567/567 622/622/622
f 622/622/622 629/629/629 621/621/621
f 630/630/630 627/627/627 624/624/624
f 628/628/628 630/630/630 624/624/624
f 628/628/628 621/621/621 631/631/631
f 628/628/628 631/631/631 632/632/632
f 633/633/633 628/628/628 632/632/632
f 633/633/633 632/632/632 634/634/634
f 634/634/634 635/635/635 633/633/633
f 634/634/634 637/637/637 636/636/636
f 635/635/635 634/634/634 636/636/636
f 637/637/637 639/639/639 638/638/638
f 636/636/636 637/637/637 638/638/638
f 638/638/638 639/639/639 640/640/640
f 643/643/643 642/642/642 641/641/641
f 641/641/641 644/644/644 643/643/643
f 643/643/643 644/644/644 645/645/645
f 646/646/646 643/643/643 645/645/645
f 649/649/649 648/648/648 647/647/647
f 642/642/642 649/649/649 647/647/647
f 647/647/647 641/641/641 642/642/642
f 555/555/555 556/556/556 650/650/650
f 650/650/650 651/651/651 555/555/555
f 651/651/651 650/650/650 652/652/652
f 653/653/653 651/651/651 652/652/652
f 653/653/653 652/652/652 654/654/654
f 655/655/655 653/653/653 654/654/654
f 655/655/655 654/654/654 656/656/656
f 657/657/657 655/655/655 656/656/656
f 267/267/267 268/268/268 658/658/658
f 659/659/659 267/267/267 658/658/658
f 646/646/646 645/645/645 660/660/660
f 661/661/661 646/646/646 660/660/660
f 661/661/661 660/660/660 662/662/662
f 663/663/663 661/661/661 662/662/662
f 666/666/666 665/665/665 664/664/664
f 667/667/667 666/666/666 664/664/664
f 670/670/670 669/669/669 668/668/668
f 671/671/671 670/670/670 668/668/668
f 669/669/669 673/673/673 672/672/672
f 668/668/668 669/669/669 672/672/672
f 673/673/673 675/675/675 674/674/674
f 672/672/672 673/673/673 674/674/674
f 675/675/675 677/677/677 676/676/676
f 674/674/674 675/675/675 676/676/676
f 677/677/677 679/679/679 678/678/678
f 676/676/676 677/677/677 678/678/678
f 679/679/679 681/681/681 680/680/680
f 678/678/678 679/679/679 680/680/680
f 681/681/681 683/683/683 682/682/682
f 680/680/680 681/681/681 682/682/682
f 682/682/682 683/683/683 684/684/684
f 685/685/685 682/682/682 684/684/684
f 298/298/298 687/687/687 686/686/686
f 688/688/688 298/298/298 686/686/686
f 626/626/626 686/686/686 622/622/622
f 295/295/295 298/298/298 688/688/688
f 687/687/687 622/622/622 686/686/686
f 622/622/622 687/687/687 689/689/689
f 622/622/622 689/689/689 690/690/690
f 689/689/689 692/692/692 691/691/691
f 690/690/690 693/693/693 622/622/622
f 691/691/691 690/690/690 689/689/689
f 691/691/691 694/694/694 690/690/690
f 690/690/690 694/694/694 695/695/695
f 695/695/695 696/696/696 690/690/690
f 695/695/695 697/697/697 696/696/696
f 697/697/697 695/695/695 698/698/698
f 697/697/697 698/698/698 699/699/699
f 700/700/700 697/697/697 699/699/699
f 699/699/699 698/698/698 701/701/701
f 704/704/704 703/703/703 702/702/702
f 705/705/705 704/704/704 702/702/702
f 707/707/707 706/706/706 703/703/703
f 704/704/704 707/707/707 703/703/703
f 709/709/709 708/708/708 706/706/706
f 707/707/707 709/709/709 706/706/706
f 711/711/711 710/710/710 708/708/708
f 709/709/709 711/711/711 708/708/708
f 713/713/713 712/712/712 710/710/710
f 711/711/711 713/713/713 710/710/710
f 715/715/715 714/714/714 712/712/712
f 713/713/713 715/715/715 712/712/712
f 717/717/717 716/716/716 714/714/714
f 715/715/715 717/717/717 714/714/714
f 719/719/719 718/718/718 716/716/716
f 717/717/717 719/719/719 716/716/716
f 721/721/721 720/720/720 718/718/718
f 719/719/719 721/721/721 718/718/718
f 723/723/723 722/722/722 720/720/720
f 721/721/721 723/723/723 720/720/720
f 725/725/725 724/724/724 722/722/722
f 723/723/723 725/725/725 722/722/722
f 727/727/727 726/726/726 724/724/724
f 725/725/725 727/727/727 724/724/724
f 729/729/729 728/728/728 726/726/726
f 727/727/727 729/729/729 726/726/726
f 731/731/731 730/730/730 728/728/728
f 729/729/729 731/731/731 728/728/728
f 733/733/733 732/732/732 730/730/730
f 731/731/731 733/733/733 730/730/730
f 705/705/705 702/702/702 732/732/732
f 733/733/733 705/705/705 732/732/732
f 734/734/734 735/735/735 736/736/736
f 734/734/734 736/736/736 737/737/737
f 735/735/735 738/738/738 739/739/739
f 735/735/735 739/739/739 736/736/736
f 738/738/738 740/740/740 741/741/741
f 738/738/738 741/741/741 739/739/739
f 740/740/740 742/742/742 743/743/743
f 740/740/740 743/743/743 741/741/741
f 742/742/742 744/744/744 745/745/745
f 742/742/742 745/745/745 743/743/743
f 744/744/744 746/746/746 747/747/747
f 744/744/744 747/747/747 745/745/745
f 746/746/746 748/748/748 749/749/749
f 746/746/746 749/749/749 747/747/747
f 748/748/748 750/750/750 751/751/751
f 748/748/748 751/751/751 749/749/749
f 750/750/750 752/752/752 753/753/753
f 750/750/750 753/753/753 751/751/751
f 752/752/752 754/754/754 755/755/755
f 752/752/752 755/755/755 753/753/753
f 754/754/754 756/756/756 757/757/757
f 754/754/754 757/757/757 755/755/755
f 756/756/756 758/758/758 759/759/759
f 756/756/756 759/759/759 757/757/757
f 758/758/758 760/760/760 761/761/761
f 758/758/758 761/761/761 759/759/759
f 760/760/760 762/762/762 763/763/763
f 760/760/760 763/763/763 761/761/761
f 762/762/762 764/764/764 765/765/765
f 762/762/762 765/765/765 763/763/763
f 764/764/764 734/734/734 737/737/737
f 764/764/764 737/737/737 765/765/765
f 766/766/766 767/767/767 768/768/768
f 766/766/766 768/768/768 769/769/769
f 769/769/769 768/768/768 770/770/770
f 769/769/769 770/770/770 771/771/771
f 771/771/771 770/770/770 772/772/772
f 771/771/771 772/772/772 773/773/773
f 773/773/773 772/772/772 774/774/774
f 773/773/773 774/774/774 775/775/775
f 775/775/775 774/774/774 776/776/776
f 775/775/775 776/776/776 777/777/777
f 777/777/777 776/776/776 778/778/778
f 777/777/777 778/778/778 779/779/779
f 779/779/779 778/778/778 780/780/780
f 779/779/779 780/780/780 781/781/781
f 781/781/781 780/780/780 782/782/782
f 781/781/781 782/782/782 783/783/783
f 783/783/783 782/782/782 784/784/784
f 783/783/783 784/784/784 785/785/785
f 785/785/785 784/784/784 786/786/786
f 785/785/785 786/786/786 787/787/787
f 787/787/787 786/786/786 788/788/788
f 787/787/787 788/788/788 789/789/789
f 789/789/789 788/788/788 790/790/790
f 789/789/789 790/790/790 791/791/791
f 791/791/791 790/790/790 792/792/792
f 791/791/791 792/792/792 793/793/793
f 793/793/793 792/792/792 794/794/794
f 793/793/793 794/794/794 795/795/795
f 795/795/795 794/794/794 796/796/796
f 795/795/795 796/796/796 797/797/797
f 797/797/797 796/796/796 767/767/767
f 797/797/797 767/767/767 766/766/766
f 800/800/800 799/799/799 798/798/798
f 801/801/801 800/800/800 798/798/798
f 803/803/803 802/802/802 799/799/799
f 800/800/800 803/803/803 799/799/799
f 805/805/805 804/804/804 802/802/802
f 803/803/803 805/805/805 802/802/802
f 807/807/807 806/806/806 804/804/804
f 805/805/805 807/807/807 804/804/804
f 809/809/809 808/808/808 806/806/806
f 807/807/807 809/809/809 806/806/806
f 811/811/811 810/810/810 808/808/808
f 809/809/809 811/811/811 808/808/808
f 813/813/813 812/812/812 810/810/810
f 811/811/811 813/813/813 810/810/810
f 815/815/815 814/814/814 812/812/812
f 813/813/813 815/815/815 812/812/812
f 817/817/817 816/816/816 814/814/814
f 815/815/815 817/817/817 814/814/814
f 819/819/819 818/818/818 816/816/816
f 817/817/817 819/819/819 816/816/816
f 821/821/821 820/820/820 818/818/818
f 819/819/819 821/821/821 818/818/818
f 823/823/823 822/822/822 820/820/820
f 821/821/821 823/823/823 820/820/820
f 825/825/825 824/824/824 822/822/822
f 823/823/823 825/825/825 822/822/822
f 827/827/827 826/826/826 824/824/824
f 825/825/825 827/827/827 824/824/824
f 829/829/829 828/828/828 826/826/826
f 827/827/827 829/829/829 826/826/826
f 801/801/801 798/798/798 828/828/828
f 829/829/829 801/801/801 828/828/828
f 830/830/830 831/831/831 832/832/832
f 830/830/830 832/832/832 833/833/833
f 831/831/831 834/834/834 835/835/835
f 831/831/831 835/835/835 832/832/832
f 834/834/834 836/836/836 837/837/837
f 834/834/834 837/837/837 835/835/835
f 836/836/836 838/838/838 839/839/839
f 836/836/836 839/839/839 837/837/837
f 838/838/838 840/840/840 841/841/841
f 838/838/838 841/841/841 839/839/839
f 840/840/840 842/842/842 843/843/843
f 840/840/840 843/843/843 841/841/841
f 842/842/842 844/844/844 845/845/845
f 842/842/842 845/845/845 843/843/843
f 844/844/844 846/846/846 847/847/847
f 844/844/844 847/847/847 845/845/845
f 846/846/846 848/848/848 849/849/849
f 846/846/846 849/849/849 847/847/847
f 848/848/848 850/850/850 851/851/851
f 848/848/848 851/851/851 849/849/849
f 850/850/850 852/852/852 853/853/853
f 850/850/850 853/853/853 851/851/851
f 852/852/852 854/854/854 855/855/855
f 852/852/852 855/855/855 853/853/853
f 854/854/854 856/856/856 857/857/857
f 854/854/854 857/857/857 855/855/855
f 856/856/856 858/858/858 859/859/859
f 856/856/856 859/859/859 857/857/857
f 858/858/858 860/860/860 861/861/861
f 858/858/858 861/861/861 859/859/859
f 860/860/860 830/830/830 833/833/833
f 860/860/860 833/833/833 861/861/861
f 862/862/862 863/863/863 864/864/864
f 862/862/862 864/864/864 865/865/865
f 865/865/865 864/864/864 866/866/866
f 865/865/865 866/866/866 867/867/867
f 867/867/867 866/866/866 868/868/868
f 867/867/867 868/868/868 869/869/869
f 869/869/869 868/868/868 870/870/870
f 869/869/869 870/870/870 871/871/871
f 871/871/871 870/870/870 872/872/872
f 871/871/871 872/872/872 873/873/873
f 873/873/873 872/872/872 874/874/874
f 873/873/873 874/874/874 875/875/875
f 875/875/875 874/874/874 876/876/876
f 875/875/875 876/876/876 877/877/877
f 877/877/877 876/876/876 878/878/878
f 877/877/877 878/878/878 879/879/879
f 879/879/879 878/878/878 880/880/880
f 879/879/879 880/880/880 881/881/881
f 881/881/881 880/880/880 882/882/882
f 881/881/881 882/882/882 883/883/883
f 883/883/883 882/882/882 884/884/884
f 883/883/883 884/884/884 885/885/885
f 885/885/885 884/884/884 886/886/886
f 885/885/885 886/886/886 887/887/887
f 887/887/887 886/886/886 888/888/888
f 887/887/887 888/888/888 889/889/889
f 889/889/889 888/888/888 890/890/890
f 889/889/889 890/890/890 891/891/891
f 891/891/891 890/890/890 892/892/892
f 891/891/891 892/892/892 893/893/893
f 893/893/893 892/892/892 863/863/863
f 893/893/893 863/863/863 862/862/862
f 894/894/894 895/895/895 896/896/896
f 894/894/894 896/896/896 897/897/897
f 895/895/895 898/898/898 899/899/899
f 895/895/895 899/899/899 896/896/896
f 898/898/898 900/900/900 901/901/901
f 898/898/898 901/901/901 899/899/899
f 900/900/900 902/902/902 903/903/903
f 900/900/900 903/903/903 901/901/901
f 902/902/902 904/904/904 905/905/905
f 902/902/902 905/905/905 903/903/903
f 904/904/904 906/906/906 907/907/907
f 904/904/904 907/907/907 905/905/905
f 906/906/906 908/908/908 909/909/909
f 906/906/906 909/909/909 907/907/907
f 908/908/908 910/910/910 911/911/911
f 908/908/908 911/911/911 909/909/909
f 910/910/910 912/912/912 913/913/913
f 910/910/910 913/913/913 911/911/911
f 912/912/912 914/914/914 915/915/915
f 912/912/912 915/915/915 913/913/913
f 914/914/914 916/916/916 917/917/917
f 914/914/914 917/917/917 915/915/915
f 916/916/916 918/918/918 919/919/919
f 916/916/916 919/919/919 917/917/917
f 918/918/918 920/920/920 921/921/921
f 918/918/918 921/921/921 919/919/919
f 920/920/920 922/922/922 923/923/923
f 920/920/920 923/923/923 921/921/921
f 922/922/922 924/924/924 925/925/925
f 922/922/922 925/925/925 923/923/923
f 924/924/924 894/894/894 897/897/897
f 924/924/924 897/897/897 925/925/925
f 926/926/926 927/927/927 928/928/928
f 926/926/926 928/928/928 929/929/929
f 927/927/927 930/930/930 931/931/931
f 927/927/927 931/931/931 928/928/928
f 930/930/930 932/932/932 933/933/933
f 930/930/930 933/933/933 931/931/931
f 932/932/932 934/934/934 935/935/935
f 932/932/932 935/935/935 933/933/933
f 934/934/934 936/936/936 937/937/937
f 934/934/934 937/937/937 935/935/935
f 936/936/936 938/938/938 939/939/939
f 936/936/936 939/939/939 937/937/937
f 938/938/938 940/940/940 941/941/941
f 938/938/938 941/941/941 939/939/939
f 940/940/940 942/942/942 943/943/943
f 940/940/940 943/943/943 941/941/941
f 942/942/942 944/944/944 945/945/945
f 942/942/942 945/945/945 943/943/943
f 944/944/944 946/946/946 947/947/947
f 944/944/944 947/947/947 945/945/945
f 946/946/946 948/948/948 949/949/949
f 946/946/946 949/949/949 947/947/947
f 948/948/948 950/950/950 951/951/951
f 948/948/948 951/951/951 949/949/949
f 950/950/950 952/952/952 953/953/953
f 950/950/950 953/953/953 951/951/951
f 952/952/952 954/954/954 955/955/955
f 952/952/952 955/955/955 953/953/953
f 954/954/954 956/956/956 957/957/957
f 954/954/954 957/957/957 955/955/955
f 956/956/956 926/926/926 929/929/929
f 956/956/956 929/929/929 957/957/957
f 958/958/958 959/959/959 960/960/960
f 958/958/958 960/960/960 961/961/961
f 959/959/959 962/962/962 963/963/963
f 959/959/959 963/963/963 960/960/960
f 962/962/962 964/964/964 965/965/965
f 962/962/962 965/965/965 963/963/963
f 964/964/964 966/966/966 967/967/967
f 964/964/964 967/967/967 965/965/965
f 966/966/966 968/968/968 969/969/969
f 966/966/966 969/969/969 967/967/967
f 968/968/968 970/970/970 971/971/971
f 968/968/968 971/971/971 969/969/969
f 970/970/970 972/972/972 973/973/973
f 970/970/970 973/973/973 971/971/971
f 972/972/972 974/974/974 975/975/975
f 972/972/972 975/975/975 973/973/973
f 974/974/974 976/976/976 977/977/977
f 974/974/974 977/977/977 975/975/975
f 976/976/976 978/978/978 979/979/979
f 976/976/976 979/979/979 977/977/977
f 978/978/978 980/980/980 981/981/981
f 978/978/978 981/981/981 979/979/979
f 980/980/980 982/982/982 983/983/983
f 980/980/980 983/983/983 981/981/981
f 982/982/982 984/984/984 985/985/985
f 982/982/982 985/985/985 983/983/983
f 984/984/984 986/986/986 987/987/987
f 984/984/984 987/987/987 985/985/985
f 986/986/986 988/988/988 989/989/989
f 986/986/986 989/989/989 987/987/987
f 988/988/988 958/958/958 961/961/961
f 988/988/988 961/961/961 989/989/989
f 990/990/990 991/991/991 992/992/992
f 990/990/990 992/992/992 993/993/993
f 991/991/991 994/994/994 995/995/995
f 991/991/991 995/995/995 992/992/992
f 994/994/994 996/996/996 997/997/997
f 994/994/994 997/997/997 995/995/995
f 996/996/996 998/998/998 999/999/999
f 996/996/996 999/999/999 997/997/997
f 998/998/998 1000/1000/1000 1001/1001/1001
f 998/998/998 1001/1001/1001 999/999/999
f 1000/1000/1000 1002/1002/1002 1003/1003/1003
f 1000/1000/1000 1003/1003/1003 1001/1001/1001
f 1002/1002/1002 1004/1004/1004 1005/1005/1005
f 1002/1002/1002 1005/1005/1005 1003/1003/1003
f 1004/1004/1004 1006/1006/1006 1007/1007/1007
f 1004/1004/1004 1007/1007/1007 1005/1005/1005
f 1006/1006/1006 1008/1008/1008 1009/1009/1009
f 1006/1006/1006 1009/1009/1009 1007/1007/1007
f 1008/1008/1008 1010/1010/1010 1011/1011/1011
f 1008/1008/1008 1011/1011/1011 1009/1009/1009
f 1010/1010/1010 1012/1012/1012 1013/1013/1013
f 1010/1010/1010 1013/1013/1013 1011/1011/1011
f 1012/1012/1012 1014/1014/1014 1015/1015/1015
f 1012/1012/1012 1015/1015/1015 1013/1013/1013
f 1014/1014/1014 1016/1016/1016 1017/1017/1017
f 1014/1014/1014 1017/1017/1017 1015/1015/1015
f 1016/1016/1016 1018/1018/1018 1019/1019/1019
f 1016/1016/1016 1019/1019/1019 1017/1017/1017
f 1018/1018/1018 1020/1020/1020 1021/1021/1021
f 1018/1018/1018 1021/1021/1021 1019/1019/1019
f 1020/1020/1020 990/990/990 993/993/993
f 1020/1020/1020 993/993/993 1021/1021/1021
f 1022/1022/1022 1023/1023/1023 1024/1024/1024
f 1022/1022/1022 1024/1024/1024 1025/1025/1025
f 1023/1023/1023 1026/1026/1026 1027/1027/1027
f 1023/1023/1023 1027/1027/1027 1024/1024/1024
f 1026/1026/1026 1028/1028/1028 1029/1029/1029
f 1026/1026/1026 1029/1029/1029 1027/1027/1027
f 1028/1028/1028 1030/1030/1030 1031/1031/1031
f 1028/1028/1028 1031/1031/1031 1029/1029/1029
f 1030/1030/1030 1032/1032/1032 1033/1033/1033
f 1030/1030/1030 1033/1033/1033 1031/1031/1031
f 1032/1032/1032 1034/1034/1034 1035/1035/1035
f 1032/1032/1032 1035/1035/1035 1033/1033/1033
f 1034/1034/1034 1036/1036/1036 1037/1037/1037
f 1034/1034/1034 1037/1037/1037 1035/1035/1035
f 1036/1036/1036 1038/1038/1038 1039/1039/1039
f 1036/1036/1036 1039/1039/1039 1037/1037/1037
f 1038/1038/1038 1040/1040/1040 1041/1041/1041
f 1038/1038/1038 1041/1041/1041 1039/1039/1039
f 1040/1040/1040 1042/1042/1042 1043/1043/1043
f 1040/1040/1040 1043/1043/1043 1041/1041/1041
f 1042/1042/1042 1044/1044/1044 1045/1045/1045
f 1042/1042/1042 1045/1045/1045 1043/1043/1043
f 1044/1044/1044 1046/1046/1046 1047/1047/1047
f 1044/1044/1044 1047/1047/1047 1045/1045/1045
f 1046/1046/1046 1048/1048/1048 1049/1049/1049
f 1046/1046/1046 1049/1049/1049 1047/1047/1047
f 1048/1048/1048 1050/1050/1050 1051/1051/1051
f 1048/1048/1048 1051/1051/1051 1049/1049/1049
f 1050/1050/1050 1052/1052/1052 1053/1053/1053
f 1050/1050/1050 1053/1053/1053 1051/1051/1051
f 1052/1052/1052 1022/1022/1022 1025/1025/1025
f 1052/1052/1052 1025/1025/1025 1053/1053/1053
f 1054/1054/1054 1055/1055/1055 1056/1056/1056
f 1054/1054/1054 1056/1056/1056 1057/1057/1057
f 1055/1055/1055 1058/1058/1058 1059/1059/1059
f 1055/1055/1055 1059/1059/1059 1056/1056/1056
f 1058/1058/1058 1060/1060/1060 1061/1061/1061
f 1058/1058/1058 1061/1061/1061 1059/1059/1059
f 1060/1060/1060 1062/1062/1062 1063/1063/1063
f 1060/1060/1060 1063/1063/1063 1061/1061/1061
f 1062/1062/1062 1064/1064/1064 1065/1065/1065
f 1062/1062/1062 1065/1065/1065 1063/1063/1063
f 1064/1064/1064 1066/1066/1066 1067/1067/1067
f 1064/1064/1064 1067/1067/1067 1065/1065/1065
f 1066/1066/1066 1068/1068/1068 1069/1069/1069
f 1066/1066/1066 1069/1069/1069 1067/1067/1067
f 1068/1068/1068 1070/1070/1070 1071/1071/1071
f 1068/1068/1068 1071/1071/1071 1069/1069/1069
f 1070/1070/1070 1072/1072/1072 1073/1073/1073
f 1070/1070/1070 1073/1073/1073 1071/1071/1071
f 1072/1072/1072 1074/1074/1074 1075/1075/1075
f 1072/1072/1072 1075/1075/1075 1073/1073/1073
f 1074/1074/1074 1076/1076/1076 1077/1077/1077
f 1074/1074/1074 1077/1077/1077 1075/1075/1075
f 1076/1076/1076 1078/1078/1078 1079/1079/1079
f 1076/1076/1076 1079/1079/1079 1077/1077/1077
f 1078/1078/1078 1080/1080/1080 1081/1081/1081
f 1078/1078/1078 1081/1081/1081 1079/1079/1079
f 1080/1080/1080 1082/1082/1082 1083/1083/1083
f 1080/1080/1080 1083/1083/1083 1081/1081/1081
f 1082/1082/1082 1084/1084/1084 1085/1085/1085
f 1082/1082/1082 1085/1085/1085 1083/1083/1083
f 1084/1084/1084 1054/1054/1054 1057/1057/1057
f 1084/1084/1084 1057/1057/1057 1085/1085/1085
f 1088/1088/1088 1087/1087/1087 1086/1086/1086
f 1089/1089/1089 1088/1088/1088 1086/1086/1086
f 1090/1090/1090 1088/1088/1088 1089/1089/1089
f 1091/1091/1091 1090/1090/1090 1089/1089/1089
f 1092/1092/1092 1090/1090/1090 1091/1091/1091
f 1093/1093/1093 1092/1092/1092 1091/1091/1091
f 1094/1094/1094 1092/1092/1092 1093/1093/1093
f 1095/1095/1095 1094/1094/1094 1093/1093/1093
f 1096/1096/1096 1094/1094/1094 1095/1095/1095
f 1097/1097/1097 1096/1096/1096 1095/1095/1095
f 1098/1098/1098 1096/1096/1096 1097/1097/1097
f 1099/1099/1099 1098/1098/1098 1097/1097/1097
f 1100/1100/1100 1098/1098/1098 1099/1099/1099
f 1101/1101/1101 1100/1100/1100 1099/1099/1099
f 1102/1102/1102 1100/1100/1100 1101/1101/1101
f 1103/1103/1103 1102/1102/1102 1101/1101/1101
f 1104/1104/1104 1102/1102/1102 1103/1103/1103
f 1105/1105/1105 1104/1104/1104 1103/1103/1103
f 1108/1108/1108 1107/1107/1107 1106/1106/1106
f 1109/1109/1109 1108/1108/1108 1106/1106/1106
f 1112/1112/1112 1111/1111/1111 1110/1110/1110
f 1113/1113/1113 1112/1112/1112 1110/1110/1110
f 1114/1114/1114 1115/1115/1115 1116/1116/1116
f 1114/1114/1114 1116/1116/1116 1117/1117/1117
f 1117/1117/1117 1116/1116/1116 1118/1118/1118
f 1117/1117/1117 1118/1118/1118 1119/1119/1119
f 1119/1119/1119 1118/1118/1118 1120/1120/1120
f 1119/1119/1119 1120/1120/1120 1121/1121/1121
f 1121/1121/1121 1120/1120/1120 1122/1122/1122
f 1121/1121/1121 1122/1122/1122 1123/1123/1123
f 1123/1123/1123 1122/1122/1122 1124/1124/1124
f 1123/1123/1123 1124/1124/1124 1125/1125/1125
f 1125/1125/1125 1124/1124/1124 1126/1126/1126
f 1125/1125/1125 1126/1126/1126 1127/1127/1127
f 1127/1127/1127 1126/1126/1126 1128/1128/1128
f 1127/1127/1127 1128/1128/1128 1129/1129/1129
f 1129/1129/1129 1128/1128/1128 1130/1130/1130
f 1129/1129/1129 1130/1130/1130 1131/1131/1131
f 1131/1131/1131 1130/1130/1130 1132/1132/1132
f 1131/1131/1131 1132/1132/1132 1133/1133/1133
f 1133/1133/1133 1132/1132/1132 1134/1134/1134
f 1133/1133/1133 1134/1134/1134 1135/1135/1135
f 1135/1135/1135 1134/1134/1134 1136/1136/1136
f 1135/1135/1135 1136/1136/1136 1137/1137/1137
f 1137/1137/1137 1136/1136/1136 1112/1112/1112
f 1137/1137/1137 1112/1112/1112 1113/1113/1113
f 1138/1138/1138 1115/1115/1115 1114/1114/1114
f 1139/1139/1139 1138/1138/1138 1114/1114/1114
f 1142/1142/1142 1141/1141/1141 1140/1140/1140
f 1143/1143/1143 1142/1142/1142 1140/1140/1140
f 1146/1146/1146 1145/1145/1145 1144/1144/1144
f 1147/1147/1147 1146/1146/1146 1144/1144/1144
f 1150/1150/1150 1149/1149/1149 1148/1148/1148
f 1151/1151/1151 1150/1150/1150 1148/1148/1148
f 1154/1154/1154 1153/1153/1153 1152/1152/1152
f 1155/1155/1155 1154/1154/1154 1152/1152/1152
f 1156/1156/1156 1157/1157/1157 1158/1158/1158
f 1156/1156/1156 1158/1158/1158 1159/1159/1159
f 1159/1159/1159 1158/1158/1158 1160/1160/1160
f 1159/1159/1159 1160/1160/1160 1161/1161/1161
f 1161/1161/1161 1160/1160/1160 1162/1162/1162
f 1161/1161/1161 1162/1162/1162 1163/1163/1163
f 1163/1163/1163 1162/1162/1162 1164/1164/1164
f 1163/1163/1163 1164/1164/1164 1165/1165/1165
f 1165/1165/1165 1164/1164/1164 1166/1166/1166
f 1165/1165/1165 1166/1166/1166 1167/1167/1167
f 1167/1167/1167 1166/1166/1166 1168/1168/1168
f 1167/1167/1167 1168/1168/1168 1169/1169/1169
f 1169/1169/1169 1168/1168/1168 1170/1170/1170
f 1169/1169/1169 1170/1170/1170 1171/1171/1171
f 1171/1171/1171 1170/1170/1170 1172/1172/1172
f 1171/1171/1171 1172/1172/1172 1173/1173/1173
f 1173/1173/1173 1172/1172/1172 1174/1174/1174
f 1173/1173/1173 1174/1174/1174 1175/1175/1175
f 1175/1175/1175 1174/1174/1174 1176/1176/1176
f 1175/1175/1175 1176/1176/1176 1177/1177/1177
f 1177/1177/1177 1176/1176/1176 1178/1178/1178
f 1177/1177/1177 1178/1178/1178 1179/1179/1179
f 1179/1179/1179 1178/1178/1178 1154/1154/1154
f 1179/1179/1179 1154/1154/1154 1155/1155/1155
f 1180/1180/1180 1157/1157/1157 1156/1156/1156
f 1181/1181/1181 1180/1180/1180 1156/1156/1156
f 1184/1184/1184 1183/1183/1183 1182/1182/1182
f 1185/1185/1185 1184/1184/1184 1182/1182/1182
f 1188/1188/1188 1187/1187/1187 1186/1186/1186
f 1189/1189/1189 1188/1188/1188 1186/1186/1186
f 1192/1192/1192 1191/1191/1191 1190/1190/1190
f 1193/1193/1193 1192/1192/1192 1190/1190/1190
f 847/847/847 1194/1194/1194 1195/1195/1195
f 847/847/847 1195/1195/1195 845/845/845
f 845/845/845 1195/1195/1195 1196/1196/1196
f 845/845/845 1196/1196/1196 843/843/843
f 833/833/833 1197/1197/1197 1198/1198/1198
f 833/833/833 1198/1198/1198 861/861/861
f 861/861/861 1198/1198/1198 1199/1199/1199
f 861/861/861 1199/1199/1199 859/859/859
f 859/859/859 1199/1199/1199 1200/1200/1200
f 859/859/859 1200/1200/1200 857/857/857
f 857/857/857 1200/1200/1200 1201/1201/1201
f 857/857/857 1201/1201/1201 855/855/855
f 855/855/855 1201/1201/1201 1202/1202/1202
f 855/855/855 1202/1202/1202 853/853/853
f 853/853/853 1202/1202/1202 1203/1203/1203
f 853/853/853 1203/1203/1203 851/851/851
f 851/851/851 1203/1203/1203 1204/1204/1204
f 851/851/851 1204/1204/1204 849/849/849
f 849/849/849 1204/1204/1204 1194/1194/1194
f 849/849/849 1194/1194/1194 847/847/847
f 1205/1205/1205 1197/1197/1197 833/833/833
f 832/832/832 1205/1205/1205 833/833/833
f 1206/1206/1206 1205/1205/1205 832/832/832
f 835/835/835 1206/1206/1206 832/832/832
f 1209/1209/1209 1208/1208/1208 1207/1207/1207
f 1210/1210/1210 1209/1209/1209 1207/1207/1207
f 1213/1213/1213 1212/1212/1212 1211/1211/1211
f 1214/1214/1214 1213/1213/1213 1211/1211/1211
f 1217/1217/1217 1216/1216/1216 1215/1215/1215
f 1218/1218/1218 1217/1217/1217 1215/1215/1215
f 1221/1221/1221 1220/1220/1220 1219/1219/1219
f 1222/1222/1222 1221/1221/1221 1219/1219/1219
f 1223/1223/1223 1221/1221/1221 1222/1222/1222
f 1224/1224/1224 1223/1223/1223 1222/1222/1222
f 1225/1225/1225 1223/1223/1223 1224/1224/1224
f 1226/1226/1226 1225/1225/1225 1224/1224/1224
f 1227/1227/1227 1225/1225/1225 1226/1226/1226
f 1228/1228/1228 1227/1227/1227 1226/1226/1226
f 1229/1229/1229 1227/1227/1227 1228/1228/1228
f 1230/1230/1230 1229/1229/1229 1228/1228/1228
f 1231/1231/1231 1229/1229/1229 1230/1230/1230
f 1232/1232/1232 1231/1231/1231 1230/1230/1230
f 1233/1233/1233 1231/1231/1231 1232/1232/1232
f 1234/1234/1234 1233/1233/1233 1232/1232/1232
f 1235/1235/1235 1233/1233/1233 1234/1234/1234
f 1236/1236/1236 1235/1235/1235 1234/1234/1234
f 1237/1237/1237 1235/1235/1235 1236/1236/1236
f 1238/1238/1238 1237/1237/1237 1236/1236/1236
f 1239/1239/1239 1237/1237/1237 1238/1238/1238
f 1240/1240/1240 1239/1239/1239 1238/1238/1238
f 1241/1241/1241 1239/1239/1239 1240/1240/1240
f 1242/1242/1242 1241/1241/1241 1240/1240/1240
f 1243/1243/1243 1241/1241/1241 1242/1242/1242
f 1244/1244/1244 1243/1243/1243 1242/1242/1242
f 1245/1245/1245 1243/1243/1243 1244/1244/1244
f 1246/1246/1246 1245/1245/1245 1244/1244/1244
f 1247/1247/1247 1245/1245/1245 1246/1246/1246
f 1248/1248/1248 1247/1247/1247 1246/1246/1246
f 1251/1251/1251 1250/1250/1250 1249/1249/1249
f 1252/1252/1252 1251/1251/1251 1249/1249/1249
f 1255/1255/1255 1254/1254/1254 1253/1253/1253
f 1256/1256/1256 1255/1255/1255 1253/1253/1253
f 1259/1259/1259 1258/1258/1258 1257/1257/1257
f 1260/1260/1260 1259/1259/1259 1257/1257/1257
f 1263/1263/1263 1262/1262/1262 1261/1261/1261
f 1264/1264/1264 1263/1263/1263 1261/1261/1261
f 1265/1265/1265 1263/1263/1263 1264/1264/1264
f 1266/1266/1266 1265/1265/1265 1264/1264/1264
f 1267/1267/1267 1265/1265/1265 1266/1266/1266
f 1268/1268/1268 1267/1267/1267 1266/1266/1266
f 1269/1269/1269 1267/1267/1267 1268/1268/1268
f 1270/1270/1270 1269/1269/1269 1268/1268/1268
f 1271/1271/1271 1269/1269/1269 1270/1270/1270
f 1272/1272/1272 1271/1271/1271 1270/1270/1270
f 1273/1273/1273 1271/1271/1271 1272/1272/1272
f 1274/1274/1274 1273/1273/1273 1272/1272/1272
f 1275/1275/1275 1273/1273/1273 1274/1274/1274
f 1276/1276/1276 1275/1275/1275 1274/1274/1274
f 1277/1277/1277 1275/1275/1275 1276/1276/1276
f 1278/1278/1278 1277/1277/1277 1276/1276/1276
f 1279/1279/1279 1277/1277/1277 1278/1278/1278
f 1280/1280/1280 1279/1279/1279 1278/1278/1278
f 1281/1281/1281 1279/1279/1279 1280/1280/1280
f 1282/1282/1282 1281/1281/1281 1280/1280/1280
f 1283/1283/1283 1281/1281/1281 1282/1282/1282
f 1284/1284/1284 1283/1283/1283 1282/1282/1282
f 1285/1285/1285 1283/1283/1283 1284/1284/1284
f 1286/1286/1286 1285/1285/1285 1284/1284/1284
f 1287/1287/1287 1285/1285/1285 1286/1286/1286
f 1288/1288/1288 1287/1287/1287 1286/1286/1286
f 1289/1289/1289 1287/1287/1287 1288/1288/1288
f 1290/1290/1290 1289/1289/1289 1288/1288/1288
f 1293/1293/1293 1292/1292/1292 1291/1291/1291
f 1294/1294/1294 1293/1293/1293 1291/1291/1291
f 1087/1087/1087 1296/1296/1296 1295/1295/1295
f 1086/1086/1086 1087/1087/1087 1295/1295/1295
f 1299/1299/1299 1298/1298/1298 1297/1297/1297
f 1300/1300/1300 1299/1299/1299 1297/1297/1297
f 1303/1303/1303 1302/1302/1302 1301/1301/1301
f 1304/1304/1304 1303/1303/1303 1301/1301/1301
f 1298/1298/1298 1306/1306/1306 1305/1305/1305
f 1307/1307/1307 1298/1298/1298 1305/1305/1305
f 1310/1310/1310 1309/1309/1309 1308/1308/1308
f 1311/1311/1311 1310/1310/1310 1308/1308/1308
f 1314/1314/1314 1313/1313/1313 1312/1312/1312
f 1306/1306/1306 1314/1314/1314 1312/1312/1312
f 1306/1306/1306 1298/1298/1298 1299/1299/1299
f 1314/1314/1314 1306/1306/1306 1299/1299/1299
f 1317/1317/1317 1316/1316/1316 1315/1315/1315
f 1318/1318/1318 1317/1317/1317 1315/1315/1315
f 1319/1319/1319 1317/1317/1317 1318/1318/1318
f 1320/1320/1320 1319/1319/1319 1318/1318/1318
f 1321/1321/1321 1319/1319/1319 1320/1320/1320
f 1322/1322/1322 1321/1321/1321 1320/1320/1320
f 1323/1323/1323 1321/1321/1321 1322/1322/1322
f 1324/1324/1324 1323/1323/1323 1322/1322/1322
f 1325/1325/1325 1323/1323/1323 1324/1324/1324
f 1326/1326/1326 1325/1325/1325 1324/1324/1324
f 1327/1327/1327 1325/1325/1325 1326/1326/1326
f 1328/1328/1328 1327/1327/1327 1326/1326/1326
f 1329/1329/1329 1327/1327/1327 1328/1328/1328
f 1330/1330/1330 1329/1329/1329 1328/1328/1328
f 1331/1331/1331 1329/1329/1329 1330/1330/1330
f 1332/1332/1332 1331/1331/1331 1330/1330/1330
f 1333/1333/1333 1331/1331/1331 1332/1332/1332
f 1334/1334/1334 1333/1333/1333 1332/1332/1332
f 1335/1335/1335 1333/1333/1333 1334/1334/1334
f 1336/1336/1336 1335/1335/1335 1334/1334/1334
f 1337/1337/1337 1335/1335/1335 1336/1336/1336
f 1338/1338/1338 1337/1337/1337 1336/1336/1336
f 1339/1339/1339 1337/1337/1337 1338/1338/1338
f 1340/1340/1340 1339/1339/1339 1338/1338/1338
f 1341/1341/1341 1339/1339/1339 1340/1340/1340
f 1342/1342/1342 1341/1341/1341 1340/1340/1340
f 1343/1343/1343 1341/1341/1341 1342/1342/1342
f 1344/1344/1344 1343/1343/1343 1342/1342/1342
f 1345/1345/1345 1343/1343/1343 1344/1344/1344
f 1346/1346/1346 1345/1345/1345 1344/1344/1344
f 1316/1316/1316 1345/1345/1345 1346/1346/1346
f 1315/1315/1315 1316/1316/1316 1346/1346/1346
f 1349/1349/1349 1348/1348/1348 1347/1347/1347
f 1350/1350/1350 1349/1349/1349 1347/1347/1347
f 1351/1351/1351 1349/1349/1349 1350/1350/1350
f 1352/1352/1352 1351/1351/1351 1350/1350/1350
f 1353/1353/1353 1351/1351/1351 1352/1352/1352
f 1354/1354/1354 1353/1353/1353 1352/1352/1352
f 1355/1355/1355 1353/1353/1353 1354/1354/1354
f 1356/1356/1356 1355/1355/1355 1354/1354/1354
f 1357/1357/1357 1355/1355/1355 1356/1356/1356
f 1358/1358/1358 1357/1357/1357 1356/1356/1356
f 1359/1359/1359 1357/1357/1357 1358/1358/1358
f 1360/1360/1360 1359/1359/1359 1358/1358/1358
f 1361/1361/1361 1359/1359/1359 1360/1360/1360
f 1362/1362/1362 1361/1361/1361 1360/1360/1360
f 1363/1363/1363 1361/1361/1361 1362/1362/1362
f 1364/1364/1364 1363/1363/1363 1362/1362/1362
f 1365/1365/1365 1363/1363/1363 1364/1364/1364
f 1366/1366/1366 1365/1365/1365 1364/1364/1364
f 1367/1367/1367 1365/1365/1365 1366/1366/1366
f 1368/1368/1368 1367/1367/1367 1366/1366/1366
f 1369/1369/1369 1367/1367/1367 1368/1368/1368
f 1370/1370/1370 1369/1369/1369 1368/1368/1368
f 1371/1371/1371 1369/1369/1369 1370/1370/1370
f 1372/1372/1372 1371/1371/1371 1370/1370/1370
f 1373/1373/1373 1371/1371/1371 1372/1372/1372
f 1374/1374/1374 1373/1373/1373 1372/1372/1372
f 1375/1375/1375 1373/1373/1373 1374/1374/1374
f 1376/1376/1376 1375/1375/1375 1374/1374/1374
f 1377/1377/1377 1375/1375/1375 1376/1376/1376
f 1378/1378/1378 1377/1377/1377 1376/1376/1376
f 1348/1348/1348 1377/1377/1377 1378/1378/1378
f 1347/1347/1347 1348/1348/1348 1378/1378/1378
f 1381/1381/1381 1380/1380/1380 1379/1379/1379
f 1382/1382/1382 1381/1381/1381 1379/1379/1379
f 1383/1383/1383 1381/1381/1381 1382/1382/1382
f 1384/1384/1384 1383/1383/1383 1382/1382/1382
f 1385/1385/1385 1383/1383/1383 1384/1384/1384
f 1386/1386/1386 1385/1385/1385 1384/1384/1384
f 1387/1387/1387 1385/1385/1385 1386/1386/1386
f 1388/1388/1388 1387/1387/1387 1386/1386/1386
f 1389/1389/1389 1387/1387/1387 1388/1388/1388
f 1390/1390/1390 1389/1389/1389 1388/1388/1388
f 1391/1391/1391 1389/1389/1389 1390/1390/1390
f 1392/1392/1392 1391/1391/1391 1390/1390/1390
f 1393/1393/1393 1391/1391/1391 1392/1392/1392
f 1394/1394/1394 1393/1393/1393 1392/1392/1392
f 1395/1395/1395 1393/1393/1393 1394/1394/1394
f 1396/1396/1396 1395/1395/1395 1394/1394/1394
f 1397/1397/1397 1395/1395/1395 1396/1396/1396
f 1398/1398/1398 1397/1397/1397 1396/1396/1396
f 1399/1399/1399 1397/1397/1397 1398/1398/1398
f 1400/1400/1400 1399/1399/1399 1398/1398/1398
f 1401/1401/1401 1399/1399/1399 1400/1400/1400
f 1402/1402/1402 1401/1401/1401 1400/1400/1400
f 1403/1403/1403 1401/1401/1401 1402/1402/1402
f 1404/1404/1404 1403/1403/1403 1402/1402/1402
f 1405/1405/1405 1403/1403/1403 1404/1404/1404
f 1406/1406/1406 1405/1405/1405 1404/1404/1404
f 1407/1407/1407 1405/1405/1405 1406/1406/1406
f 1408/1408/1408 1407/1407/1407 1406/1406/1406
f 1409/1409/1409 1407/1407/1407 1408/1408/1408
f 1410/1410/1410 1409/1409/1409 1408/1408/1408
f 1380/1380/1380 1409/1409/1409 1410/1410/1410
f 1379/1379/1379 1380/1380/1380 1410/1410/1410
f 1413/1413/1413 1412/1412/1412 1411/1411/1411
f 1414/1414/1414 1413/1413/1413 1411/1411/1411
f 1415/1415/1415 1413/1413/1413 1414/1414/1414
f 1416/1416/1416 1415/1415/1415 1414/1414/1414
f 1417/1417/1417 1415/1415/1415 1416/1416/1416
f 1418/1418/1418 1417/1417/1417 1416/1416/1416
f 1419/1419/1419 1417/1417/1417 1418/1418/1418
f 1420/1420/1420 1419/1419/1419 1418/1418/1418
f 1421/1421/1421 1419/1419/1419 1420/1420/1420
f 1422/1422/1422 1421/1421/1421 1420/1420/1420
f 1423/1423/1423 1421/1421/1421 1422/1422/1422
f 1424/1424/1424 1423/1423/1423 1422/1422/1422
f 1425/1425/1425 1423/1423/1423 1424/1424/1424
f 1426/1426/1426 1425/1425/1425 1424/1424/1424
f 1427/1427/1427 1425/1425/1425 1426/1426/1426
f 1428/1428/1428 1427/1427/1427 1426/1426/1426
f 1429/1429/1429 1427/1427/1427 1428/1428/1428
f 1430/1430/1430 1429/1429/1429 1428/1428/1428
f 1431/1431/1431 1429/1429/1429 1430/1430/1430
f 1432/1432/1432 1431/1431/1431 1430/1430/1430
f 1433/1433/1433 1431/1431/1431 1432/1432/1432
f 1434/1434/1434 1433/1433/1433 1432/1432/1432
f 1435/1435/1435 1433/1433/1433 1434/1434/1434
f 1436/1436/1436 1435/1435/1435 1434/1434/1434
f 1437/1437/1437 1435/1435/1435 1436/1436/1436
f 1438/1438/1438 1437/1437/1437 1436/1436/1436
f 1439/1439/1439 1437/1437/1437 1438/1438/1438
f 1440/1440/1440 1439/1439/1439 1438/1438/1438
f 1441/1441/1441 1439/1439/1439 1440/1440/1440
f 1442/1442/1442 1441/1441/1441 1440/1440/1440
f 1412/1412/1412 1441/1441/1441 1442/1442/1442
f 1411/1411/1411 1412/1412/1412 1442/1442/1442
f 1445/1445/1445 1444/1444/1444 1443/1443/1443
f 1446/1446/1446 1445/1445/1445 1443/1443/1443
f 1447/1447/1447 1445/1445/1445 1446/1446/1446
f 1448/1448/1448 1447/1447/1447 1446/1446/1446
f 1449/1449/1449 1447/1447/1447 1448/1448/1448
f 1450/1450/1450 1449/1449/1449 1448/1448/1448
f 1451/1451/1451 1449/1449/1449 1450/1450/1450
f 1452/1452/1452 1451/1451/1451 1450/1450/1450
f 1453/1453/1453 1451/1451/1451 1452/1452/1452
f 1454/1454/1454 1453/1453/1453 1452/1452/1452
f 1455/1455/1455 1453/1453/1453 1454/1454/1454
f 1456/1456/1456 1455/1455/1455 1454/1454/1454
f 1457/1457/1457 1455/1455/1455 1456/1456/1456
f 1458/1458/1458 1457/1457/1457 1456/1456/1456
f 1459/1459/1459 1457/1457/1457 1458/1458/1458
f 1460/1460/1460 1459/1459/1459 1458/1458/1458
f 1461/1461/1461 1459/1459/1459 1460/1460/1460
f 1462/1462/1462 1461/1461/1461 1460/1460/1460
f 1463/1463/1463 1461/1461/1461 1462/1462/1462
f 1464/1464/1464 1463/1463/1463 1462/1462/1462
f 1465/1465/1465 1463/1463/1463 1464/1464/1464
f 1466/1466/1466 1465/1465/1465 1464/1464/1464
f 1467/1467/1467 1465/1465/1465 1466/1466/1466
f 1468/1468/1468 1467/1467/1467 1466/1466/1466
f 1469/1469/1469 1467/1467/1467 1468/1468/1468
f 1470/1470/1470 1469/1469/1469 1468/1468/1468
f 1471/1471/1471 1469/1469/1469 1470/1470/1470
f 1472/1472/1472 1471/1471/1471 1470/1470/1470
f 1473/1473/1473 1471/1471/1471 1472/1472/1472
f 1474/1474/1474 1473/1473/1473 1472/1472/1472
f 1444/1444/1444 1473/1473/1473 1474/1474/1474
f 1443/1443/1443 1444/1444/1444 1474/1474/1474
f 1477/1477/1477 1476/1476/1476 1475/1475/1475
f 1478/1478/1478 1477/1477/1477 1475/1475/1475
f 1479/1479/1479 1477/1477/1477 1478/1478/1478
f 1480/1480/1480 1479/1479/1479 1478/1478/1478
f 1481/1481/1481 1479/1479/1479 1480/1480/1480
f 1482/1482/1482 1481/1481/1481 1480/1480/1480
f 1483/1483/1483 1481/1481/1481 1482/1482/1482
f 1484/1484/1484 1483/1483/1483 1482/1482/1482
f 1485/1485/1485 1483/1483/1483 1484/1484/1484
f 1486/1486/1486 1485/1485/1485 1484/1484/1484
f 1487/1487/1487 1485/1485/1485 1486/1486/1486
f 1488/1488/1488 1487/1487/1487 1486/1486/1486
f 1489/1489/1489 1487/1487/1487 1488/1488/1488
f 1490/1490/1490 1489/1489/1489 1488/1488/1488
f 1491/1491/1491 1489/1489/1489 1490/1490/1490
f 1492/1492/1492 1491/1491/1491 1490/1490/1490
f 1493/1493/1493 1491/1491/1491 1492/1492/1492
f 1494/1494/1494 1493/1493/1493 1492/1492/1492
f 1495/1495/1495 1493/1493/1493 1494/1494/1494
f 1496/1496/1496 1495/1495/1495 1494/1494/1494
f 1497/1497/1497 1495/1495/1495 1496/1496/1496
f 1498/1498/1498 1497/1497/1497 1496/1496/1496
f 1499/1499/1499 1497/1497/1497 1498/1498/1498
f 1500/1500/1500 1499/1499/1499 1498/1498/1498
f 1501/1501/1501 1499/1499/1499 1500/1500/1500
f 1502/1502/1502 1501/1501/1501 1500/1500/1500
f 1503/1503/1503 1501/1501/1501 1502/1502/1502
f 1504/1504/1504 1503/1503/1503 1502/1502/1502
f 1505/1505/1505 1503/1503/1503 1504/1504/1504
f 1506/1506/1506 1505/1505/1505 1504/1504/1504
f 1476/1476/1476 1505/1505/1505 1506/1506/1506
f 1475/1475/1475 1476/1476/1476 1506/1506/1506
f 1509/1509/1509 1508/1508/1508 1507/1507/1507
f 1510/1510/1510 1509/1509/1509 1507/1507/1507
f 1511/1511/1511 1509/1509/1509 1510/1510/1510
f 1512/1512/1512 1511/1511/1511 1510/1510/1510
f 1513/1513/1513 1511/1511/1511 1512/1512/1512
f 1514/1514/1514 1513/1513/1513 1512/1512/1512
f 1515/1515/1515 1513/1513/1513 1514/1514/1514
f 1516/1516/1516 1515/1515/1515 1514/1514/1514
f 1517/1517/1517 1515/1515/1515 1516/1516/1516
f 1518/1518/1518 1517/1517/1517 1516/1516/1516
f 1519/1519/1519 1517/1517/1517 1518/1518/1518
f 1520/1520/1520 1519/1519/1519 1518/1518/1518
f 1521/1521/1521 1519/1519/1519 1520/1520/1520
f 1522/1522/1522 1521/1521/1521 1520/1520/1520
f 1523/1523/1523 1521/1521/1521 1522/1522/1522
f 1524/1524/1524 1523/1523/1523 1522/1522/1522
f 1525/1525/1525 1523/1523/1523 1524/1524/1524
f 1526/1526/1526 1525/1525/1525 1524/1524/1524
f 1527/1527/1527 1525/1525/1525 1526/1526/1526
f 1528/1528/1528 1527/1527/1527 1526/1526/1526
f 1529/1529/1529 1527/1527/1527 1528/1528/1528
f 1530/1530/1530 1529/1529/1529 1528/1528/1528
f 1531/1531/1531 1529/1529/1529 1530/1530/1530
f 1532/1532/1532 1531/1531/1531 1530/1530/1530
f 1533/1533/1533 1531/1531/1531 1532/1532/1532
f 1534/1534/1534 1533/1533/1533 1532/1532/1532
f 1535/1535/1535 1533/1533/1533 1534/1534/1534
f 1536/1536/1536 1535/1535/1535 1534/1534/1534
f 1537/1537/1537 1535/1535/1535 1536/1536/1536
f 1538/1538/1538 1537/1537/1537 1536/1536/1536
f 1508/1508/1508 1537/1537/1537 1538/1538/1538
f 1507/1507/1507 1508/1508/1508 1538/1538/1538
f 1541/1541/1541 1540/1540/1540 1539/1539/1539
f 1542/1542/1542 1541/1541/1541 1539/1539/1539
f 1545/1545/1545 1544/1544/1544 1543/1543/1543
f 1546/1546/1546 1545/1545/1545 1543/1543/1543
f 1542/1542/1542 1548/1548/1548 1547/1547/1547
f 1549/1549/1549 1542/1542/1542 1547/1547/1547
f 1552/1552/1552 1551/1551/1551 1550/1550/1550
f 1553/1553/1553 1552/1552/1552 1550/1550/1550
f 1555/1555/1555 1549/1549/1549 1554/1554/1554
f 1556/1556/1556 1555/1555/1555 1554/1554/1554
f 1549/1549/1549 1555/1555/1555 1541/1541/1541
f 1542/1542/1542 1549/1549/1549 1541/1541/1541
f 1559/1559/1559 1558/1558/1558 1557/1557/1557
f 1560/1560/1560 1559/1559/1559 1557/1557/1557
f 1561/1561/1561 1559/1559/1559 1560/1560/1560
f 1562/1562/1562 1561/1561/1561 1560/1560/1560
f 1563/1563/1563 1561/1561/1561 1562/1562/1562
f 1564/1564/1564 1563/1563/1563 1562/1562/1562
f 1565/1565/1565 1563/1563/1563 1564/1564/1564
f 1566/1566/1566 1565/1565/1565 1564/1564/1564
f 1567/1567/1567 1565/1565/1565 1566/1566/1566
f 1568/1568/1568 1567/1567/1567 1566/1566/1566
f 1569/1569/1569 1567/1567/1567 1568/1568/1568
f 1570/1570/1570 1569/1569/1569 1568/1568/1568
f 1571/1571/1571 1569/1569/1569 1570/1570/1570
f 1572/1572/1572 1571/1571/1571 1570/1570/1570
f 1573/1573/1573 1571/1571/1571 1572/1572/1572
f 1574/1574/1574 1573/1573/1573 1572/1572/1572
f 1575/1575/1575 1573/1573/1573 1574/1574/1574
f 1576/1576/1576 1575/1575/1575 1574/1574/1574
f 1577/1577/1577 1575/1575/1575 1576/1576/1576
f 1578/1578/1578 1577/1577/1577 1576/1576/1576
f 1579/1579/1579 1577/1577/1577 1578/1578/1578
f 1580/1580/1580 1579/1579/1579 1578/1578/1578
f 1581/1581/1581 1579/1579/1579 1580/1580/1580
f 1582/1582/1582 1581/1581/1581 1580/1580/1580
f 1583/1583/1583 1581/1581/1581 1582/1582/1582
f 1584/1584/1584 1583/1583/1583 1582/1582/1582
f 1585/1585/1585 1583/1583/1583 1584/1584/1584
f 1586/1586/1586 1585/1585/1585 1584/1584/1584
f 1587/1587/1587 1585/1585/1585 1586/1586/1586
f 1588/1588/1588 1587/1587/1587 1586/1586/1586
f 1558/1558/1558 1587/1587/1587 1588/1588/1588
f 1557/1557/1557 1558/1558/1558 1588/1588/1588
f 1560/1560/1560 1557/1557/1557 1589/1589/1589
f 1590/1590/1590 1560/1560/1560 1589/1589/1589
f 1562/1562/1562 1560/1560/1560 1590/1590/1590
f 1591/1591/1591 1562/1562/1562 1590/1590/1590
f 1564/1564/1564 1562/1562/1562 1591/1591/1591
f 1592/1592/1592 1564/1564/1564 1591/1591/1591
f 1566/1566/1566 1564/1564/1564 1592/1592/1592
f 1593/1593/1593 1566/1566/1566 1592/1592/1592
f 1568/1568/1568 1566/1566/1566 1593/1593/1593
f 1594/1594/1594 1568/1568/1568 1593/1593/1593
f 1570/1570/1570 1568/1568/1568 1594/1594/1594
f 1595/1595/1595 1570/1570/1570 1594/1594/1594
f 1572/1572/1572 1570/1570/1570 1595/1595/1595
f 1596/1596/1596 1572/1572/1572 1595/1595/1595
f 1574/1574/1574 1572/1572/1572 1596/1596/1596
f 1597/1597/1597 1574/1574/1574 1596/1596/1596
f 1576/1576/1576 1574/1574/1574 1597/1597/1597
f 1598/1598/1598 1576/1576/1576 1597/1597/1597
f 1578/1578/1578 1576/1576/1576 1598/1598/1598
f 1599/1599/1599 1578/1578/1578 1598/1598/1598
f 1580/1580/1580 1578/1578/1578 1599/1599/1599
f 1600/1600/1600 1580/1580/1580 1599/1599/1599
f 1582/1582/1582 1580/1580/1580 1600/1600/1600
f 1601/1601/1601 1582/1582/1582 1600/1600/1600
f 1584/1584/1584 1582/1582/1582 1601/1601/1601
f 1602/1602/1602 1584/1584/1584 1601/1601/1601
f 1586/1586/1586 1584/1584/1584 1602/1602/1602
f 1603/1603/1603 1586/1586/1586 1602/1602/1602
f 1588/1588/1588 1586/1586/1586 1603/1603/1603
f 1604/1604/1604 1588/1588/1588 1603/1603/1603
f 1557/1557/1557 1588/1588/1588 1604/1604/1604
f 1589/1589/1589 1557/1557/1557 1604/1604/1604
f 1607/1607/1607 1606/1606/1606 1605/1605/1605
f 1608/1608/1608 1607/1607/1607 1605/1605/1605
f 1609/1609/1609 1607/1607/1607 1608/1608/1608
f 1610/1610/1610 1609/1609/1609 1608/1608/1608
f 1611/1611/1611 1609/1609/1609 1610/1610/1610
f 1612/1612/1612 1611/1611/1611 1610/1610/1610
f 1613/1613/1613 1611/1611/1611 1612/1612/1612
f 1614/1614/1614 1613/1613/1613 1612/1612/1612
f 1615/1615/1615 1613/1613/1613 1614/1614/1614
f 1616/1616/1616 1615/1615/1615 1614/1614/1614
f 1617/1617/1617 1615/1615/1615 1616/1616/1616
f 1618/1618/1618 1617/1617/1617 1616/1616/1616
f 1619/1619/1619 1617/1617/1617 1618/1618/1618
f 1620/1620/1620 1619/1619/1619 1618/1618/1618
f 1621/1621/1621 1619/1619/1619 1620/1620/1620
f 1622/1622/1622 1621/1621/1621 1620/1620/1620
f 1623/1623/1623 1621/1621/1621 1622/1622/1622
f 1624/1624/1624 1623/1623/1623 1622/1622/1622
f 1625/1625/1625 1623/1623/1623 1624/1624/1624
f 1626/1626/1626 1625/1625/1625 1624/1624/1624
f 1627/1627/1627 1625/1625/1625 1626/1626/1626
f 1628/1628/1628 1627/1627/1627 1626/1626/1626
f 1629/1629/1629 1627/1627/1627 1628/1628/1628
f 1630/1630/1630 1629/1629/1629 1628/1628/1628
f 1631/1631/1631 1629/1629/1629 1630/1630/1630
f 1632/1632/1632 1631/1631/1631 1630/1630/1630
f 1633/1633/1633 1631/1631/1631 1632/1632/1632
f 1634/1634/1634 1633/1633/1633 1632/1632/1632
f 1635/1635/1635 1633/1633/1633 1634/1634/1634
f 1636/1636/1636 1635/1635/1635 1634/1634/1634
f 1606/1606/1606 1635/1635/1635 1636/1636/1636
f 1605/1605/1605 1606/1606/1606 1636/1636/1636
f 1637/1637/1637 1638/1638/1638 895/895/895
f 1637/1637/1637 895/895/895 894/894/894
f 1638/1638/1638 1639/1639/1639 898/898/898
f 1638/1638/1638 898/898/898 895/895/895
f 1639/1639/1639 1640/1640/1640 900/900/900
f 1639/1639/1639 900/900/900 898/898/898
f 1640/1640/1640 1641/1641/1641 902/902/902
f 1640/1640/1640 902/902/902 900/900/900
f 1641/1641/1641 1642/1642/1642 904/904/904
f 1641/1641/1641 904/904/904 902/902/902
f 1642/1642/1642 1643/1643/1643 906/906/906
f 1642/1642/1642 906/906/906 904/904/904
f 1643/1643/1643 1644/1644/1644 908/908/908
f 1643/1643/1643 908/908/908 906/906/906
f 1644/1644/1644 1645/1645/1645 910/910/910
f 1644/1644/1644 910/910/910 908/908/908
f 1645/1645/1645 1646/1646/1646 912/912/912
f 1645/1645/1645 912/912/912 910/910/910
f 1646/1646/1646 1647/1647/1647 914/914/914
f 1646/1646/1646 914/914/914 912/912/912
f 1647/1647/1647 1648/1648/1648 916/916/916
f 1647/1647/1647 916/916/916 914/914/914
f 1648/1648/1648 1649/1649/1649 918/918/918
f 1648/1648/1648 918/918/918 916/916/916
f 1649/1649/1649 1650/1650/1650 920/920/920
f 1649/1649/1649 920/920/920 918/918/918
f 1650/1650/1650 1651/1651/1651 922/922/922
f 1650/1650/1650 922/922/922 920/920/920
f 1651/1651/1651 1652/1652/1652 924/924/924
f 1651/1651/1651 924/924/924 922/922/922
f 1652/1652/1652 1637/1637/1637 894/894/894
f 1652/1652/1652 894/894/894 924/924/924
f 1655/1655/1655 1654/1654/1654 1653/1653/1653
f 1656/1656/1656 1655/1655/1655 1653/1653/1653
f 1658/1658/1658 1657/1657/1657 1654/1654/1654
f 1655/1655/1655 1658/1658/1658 1654/1654/1654
f 1660/1660/1660 1659/1659/1659 1657/1657/1657
f 1658/1658/1658 1660/1660/1660 1657/1657/1657
f 1662/1662/1662 1661/1661/1661 1659/1659/1659
f 1660/1660/1660 1662/1662/1662 1659/1659/1659
f 1664/1664/1664 1663/1663/1663 1661/1661/1661
f 1662/1662/1662 1664/1664/1664 1661/1661/1661
f 1666/1666/1666 1665/1665/1665 1663/1663/1663
f 1664/1664/1664 1666/1666/1666 1663/1663/1663
f 1668/1668/1668 1667/1667/1667 1665/1665/1665
f 1666/1666/1666 1668/1668/1668 1665/1665/1665
f 1670/1670/1670 1669/1669/1669 1667/1667/1667
f 1668/1668/1668 1670/1670/1670 1667/1667/1667
f 1672/1672/1672 1671/1671/1671 1669/1669/1669
f 1670/1670/1670 1672/1672/1672 1669/1669/1669
f 1674/1674/1674 1673/1673/1673 1671/1671/1671
f 1672/1672/1672 1674/1674/1674 1671/1671/1671
f 1676/1676/1676 1675/1675/1675 1673/1673/1673
f 1674/1674/1674 1676/1676/1676 1673/1673/1673
f 1678/1678/1678 1677/1677/1677 1675/1675/1675
f 1676/1676/1676 1678/1678/1678 1675/1675/1675
f 1680/1680/1680 1679/1679/1679 1677/1677/1677
f 1678/1678/1678 1680/1680/1680 1677/1677/1677
f 1682/1682/1682 1681/1681/1681 1679/1679/1679
f 1680/1680/1680 1682/1682/1682 1679/1679/1679
f 1684/1684/1684 1683/1683/1683 1681/1681/1681
f 1682/1682/1682 1684/1684/1684 1681/1681/1681
f 1656/1656/1656 1653/1653/1653 1683/1683/1683
f 1684/1684/1684 1656/1656/1656 1683/1683/1683
f 1687/1687/1687 1686/1686/1686 1685/1685/1685
f 1688/1688/1688 1687/1687/1687 1685/1685/1685
f 1689/1689/1689 1687/1687/1687 1688/1688/1688
f 1690/1690/1690 1689/1689/1689 1688/1688/1688
f 1691/1691/1691 1689/1689/1689 1690/1690/1690
f 1692/1692/1692 1691/1691/1691 1690/1690/1690
f 1693/1693/1693 1691/1691/1691 1692/1692/1692
f 1694/1694/1694 1693/1693/1693 1692/1692/1692
f 1695/1695/1695 1693/1693/1693 1694/1694/1694
f 1696/1696/1696 1695/1695/1695 1694/1694/1694
f 1697/1697/1697 1695/1695/1695 1696/1696/1696
f 1698/1698/1698 1697/1697/1697 1696/1696/1696
f 1699/1699/1699 1697/1697/1697 1698/1698/1698
f 1700/1700/1700 1699/1699/1699 1698/1698/1698
f 1701/1701/1701 1699/1699/1699 1700/1700/1700
f 1702/1702/1702 1701/1701/1701 1700/1700/1700
f 1703/1703/1703 1701/1701/1701 1702/1702/1702
f 1704/1704/1704 1703/1703/1703 1702/1702/1702
f 1705/1705/1705 1703/1703/1703 1704/1704/1704
f 1706/1706/1706 1705/1705/1705 1704/1704/1704
f 1707/1707/1707 1705/1705/1705 1706/1706/1706
f 1708/1708/1708 1707/1707/1707 1706/1706/1706
f 1709/1709/1709 1707/1707/1707 1708/1708/1708
f 1710/1710/1710 1709/1709/1709 1708/1708/1708
f 1711/1711/1711 1709/1709/1709 1710/1710/1710
f 1712/1712/1712 1711/1711/1711 1710/1710/1710
f 1713/1713/1713 1711/1711/1711 1712/1712/1712
f 1714/1714/1714 1713/1713/1713 1712/1712/1712
f 1715/1715/1715 1713/1713/1713 1714/1714/1714
f 1716/1716/1716 1715/1715/1715 1714/1714/1714
f 1686/1686/1686 1715/1715/1715 1716/1716/1716
f 1685/1685/1685 1686/1686/1686 1716/1716/1716
f 1717/1717/1717 1718/1718/1718 927/927/927
f 1717/1717/1717 927/927/927 926/926/926
f 1718/1718/1718 1719/1719/1719 930/930/930
f 1718/1718/1718 930/930/930 927/927/927
f 1719/1719/1719 1720/1720/1720 932/932/932
f 1719/1719/1719 932/932/932 930/930/930
f 1720/1720/1720 1721/1721/1721 934/934/934
f 1720/1720/1720 934/934/934 932/932/932
f 1721/1721/1721 1722/1722/1722 936/936/936
f 1721/1721/1721 936/936/936 934/934/934
f 1722/1722/1722 1723/1723/1723 938/938/938
f 1722/1722/1722 938/938/938 936/936/936
f 1723/1723/1723 1724/1724/1724 940/940/940
f 1723/1723/1723 940/940/940 938/938/938
f 1724/1724/1724 1725/1725/1725 942/942/942
f 1724/1724/1724 942/942/942 940/940/940
f 1725/1725/1725 1726/1726/1726 944/944/944
f 1725/1725/1725 944/944/944 942/942/942
f 1726/1726/1726 1727/1727/1727 946/946/946
f 1726/1726/1726 946/946/946 944/944/944
f 1727/1727/1727 1728/1728/1728 948/948/948
f 1727/1727/1727 948/948/948 946/946/946
f 1728/1728/1728 1729/1729/1729 950/950/950
f 1728/1728/1728 950/950/950 948/948/948
f 1729/1729/1729 1730/1730/1730 952/952/952
f 1729/1729/1729 952/952/952 950/950/950
f 1730/1730/1730 1731/1731/1731 954/954/954
f 1730/1730/1730 954/954/954 952/952/952
f 1731/1731/1731 1732/1732/1732 956/956/956
f 1731/1731/1731 956/956/956 954/954/954
f 1732/1732/1732 1717/1717/1717 926/926/926
f 1732/1732/1732 926/926/926 956/956/956
f 1281/1281/1281 1734/1734/1734 1733/1733/1733
f 1279/1279/1279 1281/1281/1281 1733/1733/1733
f 1283/1283/1283 1735/1735/1735 1734/1734/1734
f 1281/1281/1281 1283/1283/1283 1734/1734/1734
f 1285/1285/1285 1736/1736/1736 1735/1735/1735
f 1283/1283/1283 1285/1285/1285 1735/1735/1735
f 1287/1287/1287 1737/1737/1737 1736/1736/1736
f 1285/1285/1285 1287/1287/1287 1736/1736/1736
f 1739/1739/1739 1738/1738/1738 1737/1737/1737
f 1287/1287/1287 1739/1739/1739 1737/1737/1737
f 1741/1741/1741 1740/1740/1740 1738/1738/1738
f 1739/1739/1739 1741/1741/1741 1738/1738/1738
f 1743/1743/1743 1742/1742/1742 1740/1740/1740
f 1741/1741/1741 1743/1743/1743 1740/1740/1740
f 1263/1263/1263 1744/1744/1744 1742/1742/1742
f 1743/1743/1743 1263/1263/1263 1742/1742/1742
f 1265/1265/1265 1745/1745/1745 1744/1744/1744
f 1263/1263/1263 1265/1265/1265 1744/1744/1744
f 1267/1267/1267 1746/1746/1746 1745/1745/1745
f 1265/1265/1265 1267/1267/1267 1745/1745/1745
f 1269/1269/1269 1747/1747/1747 1746/1746/1746
f 1267/1267/1267 1269/1269/1269 1746/1746/1746
f 1271/1271/1271 1748/1748/1748 1747/1747/1747
f 1269/1269/1269 1271/1271/1271 1747/1747/1747
f 1273/1273/1273 1749/1749/1749 1748/1748/1748
f 1271/1271/1271 1273/1273/1273 1748/1748/1748
f 1275/1275/1275 1750/1750/1750 1749/1749/1749
f 1273/1273/1273 1275/1275/1275 1749/1749/1749
f 1277/1277/1277 1751/1751/1751 1750/1750/1750
f 1275/1275/1275 1277/1277/1277 1750/1750/1750
f 1279/1279/1279 1733/1733/1733 1751/1751/1751
f 1277/1277/1277 1279/1279/1279 1751/1751/1751
f 1754/1754/1754 1753/1753/1753 1752/1752/1752
f 1755/1755/1755 1754/1754/1754 1752/1752/1752
f 1756/1756/1756 1754/1754/1754 1755/1755/1755
f 1757/1757/1757 1756/1756/1756 1755/1755/1755
f 1758/1758/1758 1756/1756/1756 1757/1757/1757
f 1759/1759/1759 1758/1758/1758 1757/1757/1757
f 1760/1760/1760 1758/1758/1758 1759/1759/1759
f 1761/1761/1761 1760/1760/1760 1759/1759/1759
f 1762/1762/1762 1760/1760/1760 1761/1761/1761
f 1763/1763/1763 1762/1762/1762 1761/1761/1761
f 1764/1764/1764 1762/1762/1762 1763/1763/1763
f 1765/1765/1765 1764/1764/1764 1763/1763/1763
f 1766/1766/1766 1764/1764/1764 1765/1765/1765
f 1767/1767/1767 1766/1766/1766 1765/1765/1765
f 1768/1768/1768 1766/1766/1766 1767/1767/1767
f 1769/1769/1769 1768/1768/1768 1767/1767/1767
f 1770/1770/1770 1768/1768/1768 1769/1769/1769
f 1771/1771/1771 1770/1770/1770 1769/1769/1769
f 1772/1772/1772 1770/1770/1770 1771/1771/1771
f 1773/1773/1773 1772/1772/1772 1771/1771/1771
f 1774/1774/1774 1772/1772/1772 1773/1773/1773
f 1775/1775/1775 1774/1774/1774 1773/1773/1773
f 1776/1776/1776 1774/1774/1774 1775/1775/1775
f 1777/1777/1777 1776/1776/1776 1775/1775/1775
f 1778/1778/1778 1776/1776/1776 1777/1777/1777
f 1779/1779/1779 1778/1778/1778 1777/1777/1777
f 1780/1780/1780 1778/1778/1778 1779/1779/1779
f 1781/1781/1781 1780/1780/1780 1779/1779/1779
f 1782/1782/1782 1780/1780/1780 1781/1781/1781
f 1783/1783/1783 1782/1782/1782 1781/1781/1781
f 1753/1753/1753 1782/1782/1782 1783/1783/1783
f 1752/1752/1752 1753/1753/1753 1783/1783/1783
f 1784/1784/1784 1785/1785/1785 959/959/959
f 1784/1784/1784 959/959/959 958/958/958
f 1785/1785/1785 1786/1786/1786 962/962/962
f 1785/1785/1785 962/962/962 959/959/959
f 1786/1786/1786 1787/1787/1787 964/964/964
f 1786/1786/1786 964/964/964 962/962/962
f 1787/1787/1787 1788/1788/1788 966/966/966
f 1787/1787/1787 966/966/966 964/964/964
f 1788/1788/1788 1789/1789/1789 968/968/968
f 1788/1788/1788 968/968/968 966/966/966
f 1789/1789/1789 1790/1790/1790 970/970/970
f 1789/1789/1789 970/970/970 968/968/968
f 1790/1790/1790 1791/1791/1791 972/972/972
f 1790/1790/1790 972/972/972 970/970/970
f 1791/1791/1791 1792/1792/1792 974/974/974
f 1791/1791/1791 974/974/974 972/972/972
f 1792/1792/1792 1793/1793/1793 976/976/976
f 1792/1792/1792 976/976/976 974/974/974
f 1793/1793/1793 1794/1794/1794 978/978/978
f 1793/1793/1793 978/978/978 976/976/976
f 1794/1794/1794 1795/1795/1795 980/980/980
f 1794/1794/1794 980/980/980 978/978/978
f 1795/1795/1795 1796/1796/1796 982/982/982
f 1795/1795/1795 982/982/982 980/980/980
f 1796/1796/1796 1797/1797/1797 984/984/984
f 1796/1796/1796 984/984/984 982/982/982
f 1797/1797/1797 1798/1798/1798 986/986/986
f 1797/1797/1797 986/986/986 984/984/984
f 1798/1798/1798 1799/1799/1799 988/988/988
f 1798/1798/1798 988/988/988 986/986/986
f 1799/1799/1799 1784/1784/1784 958/958/958
f 1799/1799/1799 958/958/958 988/988/988
f 1802/1802/1802 1801/1801/1801 1800/1800/1800
f 1115/1115/1115 1802/1802/1802 1800/1800/1800
f 1804/1804/1804 1803/1803/1803 1801/1801/1801
f 1802/1802/1802 1804/1804/1804 1801/1801/1801
f 1806/1806/1806 1805/1805/1805 1803/1803/1803
f 1804/1804/1804 1806/1806/1806 1803/1803/1803
f 1112/1112/1112 1807/1807/1807 1805/1805/1805
f 1806/1806/1806 1112/1112/1112 1805/1805/1805
f 1136/1136/1136 1808/1808/1808 1807/1807/1807
f 1112/1112/1112 1136/1136/1136 1807/1807/1807
f 1134/1134/1134 1809/1809/1809 1808/1808/1808
f 1136/1136/1136 1134/1134/1134 1808/1808/1808
f 1132/1132/1132 1810/1810/1810 1809/1809/1809
f 1134/1134/1134 1132/1132/1132 1809/1809/1809
f 1130/1130/1130 1811/1811/1811 1810/1810/1810
f 1132/1132/1132 1130/1130/1130 1810/1810/1810
f 1128/1128/1128 1812/1812/1812 1811/1811/1811
f 1130/1130/1130 1128/1128/1128 1811/1811/1811
f 1126/1126/1126 1813/1813/1813 1812/1812/1812
f 1128/1128/1128 1126/1126/1126 1812/1812/1812
f 1124/1124/1124 1814/1814/1814 1813/1813/1813
f 1126/1126/1126 1124/1124/1124 1813/1813/1813
f 1122/1122/1122 1815/1815/1815 1814/1814/1814
f 1124/1124/1124 1122/1122/1122 1814/1814/1814
f 1120/1120/1120 1816/1816/1816 1815/1815/1815
f 1122/1122/1122 1120/1120/1120 1815/1815/1815
f 1118/1118/1118 1817/1817/1817 1816/1816/1816
f 1120/1120/1120 1118/1118/1118 1816/1816/1816
f 1116/1116/1116 1818/1818/1818 1817/1817/1817
f 1118/1118/1118 1116/1116/1116 1817/1817/1817
f 1115/1115/1115 1800/1800/1800 1818/1818/1818
f 1116/1116/1116 1115/1115/1115 1818/1818/1818
f 1821/1821/1821 1820/1820/1820 1819/1819/1819
f 1822/1822/1822 1821/1821/1821 1819/1819/1819
f 1823/1823/1823 1821/1821/1821 1822/1822/1822
f 1824/1824/1824 1823/1823/1823 1822/1822/1822
f 1825/1825/1825 1823/1823/1823 1824/1824/1824
f 1826/1826/1826 1825/1825/1825 1824/1824/1824
f 1827/1827/1827 1825/1825/1825 1826/1826/1826
f 1828/1828/1828 1827/1827/1827 1826/1826/1826
f 1829/1829/1829 1827/1827/1827 1828/1828/1828
f 1830/1830/1830 1829/1829/1829 1828/1828/1828
f 1831/1831/1831 1829/1829/1829 1830/1830/1830
f 1832/1832/1832 1831/1831/1831 1830/1830/1830
f 1833/1833/1833 1831/1831/1831 1832/1832/1832
f 1834/1834/1834 1833/1833/1833 1832/1832/1832
f 1835/1835/1835 1833/1833/1833 1834/1834/1834
f 1836/1836/1836 1835/1835/1835 1834/1834/1834
f 1837/1837/1837 1835/1835/1835 1836/1836/1836
f 1838/1838/1838 1837/1837/1837 1836/1836/1836
f 1839/1839/1839 1837/1837/1837 1838/1838/1838
f 1840/1840/1840 1839/1839/1839 1838/1838/1838
f 1841/1841/1841 1839/1839/1839 1840/1840/1840
f 1842/1842/1842 1841/1841/1841 1840/1840/1840
f 1843/1843/1843 1841/1841/1841 1842/1842/1842
f 1844/1844/1844 1843/1843/1843 1842/1842/1842
f 1845/1845/1845 1843/1843/1843 1844/1844/1844
f 1846/1846/1846 1845/1845/1845 1844/1844/1844
f 1847/1847/1847 1845/1845/1845 1846/1846/1846
f 1848/1848/1848 1847/1847/1847 1846/1846/1846
f 1849/1849/1849 1847/1847/1847 1848/1848/1848
f 1850/1850/1850 1849/1849/1849 1848/1848/1848
f 1820/1820/1820 1849/1849/1849 1850/1850/1850
f 1819/1819/1819 1820/1820/1820 1850/1850/1850
f 1851/1851/1851 1852/1852/1852 991/991/991
f 1851/1851/1851 991/991/991 990/990/990
f 1852/1852/1852 1853/1853/1853 994/994/994
f 1852/1852/1852 994/994/994 991/991/991
f 1853/1853/1853 1854/1854/1854 996/996/996
f 1853/1853/1853 996/996/996 994/994/994
f 1854/1854/1854 1855/1855/1855 998/998/998
f 1854/1854/1854 998/998/998 996/996/996
f 1855/1855/1855 1856/1856/1856 1000/1000/1000
f 1855/1855/1855 1000/1000/1000 998/998/998
f 1856/1856/1856 1857/1857/1857 1002/1002/1002
f 1856/1856/1856 1002/1002/1002 1000/1000/1000
f 1857/1857/1857 1858/1858/1858 1004/1004/1004
f 1857/1857/1857 1004/1004/1004 1002/1002/1002
f 1858/1858/1858 1859/1859/1859 1006/1006/1006
f 1858/1858/1858 1006/1006/1006 1004/1004/1004
f 1859/1859/1859 1860/1860/1860 1008/1008/1008
f 1859/1859/1859 1008/1008/1008 1006/1006/1006
f 1860/1860/1860 1861/1861/1861 1010/1010/1010
f 1860/1860/1860 1010/1010/1010 1008/1008/1008
f 1861/1861/1861 1862/1862/1862 1012/1012/1012
f 1861/1861/1861 1012/1012/1012 1010/1010/1010
f 1862/1862/1862 1863/1863/1863 1014/1014/1014
f 1862/1862/1862 1014/1014/1014 1012/1012/1012
f 1863/1863/1863 1864/1864/1864 1016/1016/1016
f 1863/1863/1863 1016/1016/1016 1014/1014/1014
f 1864/1864/1864 1865/1865/1865 1018/1018/1018
f 1864/1864/1864 1018/1018/1018 1016/1016/1016
f 1865/1865/1865 1866/1866/1866 1020/1020/1020
f 1865/1865/1865 1020/1020/1020 1018/1018/1018
f 1866/1866/1866 1851/1851/1851 990/990/990
f 1866/1866/1866 990/990/990 1020/1020/1020
f 1239/1239/1239 1868/1868/1868 1867/1867/1867
f 1237/1237/1237 1239/1239/1239 1867/1867/1867
f 1241/1241/1241 1869/1869/1869 1868/1868/1868
f 1239/1239/1239 1241/1241/1241 1868/1868/1868
f 1243/1243/1243 1870/1870/1870 1869/1869/1869
f 1241/1241/1241 1243/1243/1243 1869/1869/1869
f 1245/1245/1245 1871/1871/1871 1870/1870/1870
f 1243/1243/1243 1245/1245/1245 1870/1870/1870
f 1873/1873/1873 1872/1872/1872 1871/1871/1871
f 1245/1245/1245 1873/1873/1873 1871/1871/1871
f 1875/1875/1875 1874/1874/1874 1872/1872/1872
f 1873/1873/1873 1875/1875/1875 1872/1872/1872
f 1877/1877/1877 1876/1876/1876 1874/1874/1874
f 1875/1875/1875 1877/1877/1877 1874/1874/1874
f 1221/1221/1221 1878/1878/1878 1876/1876/1876
f 1877/1877/1877 1221/1221/1221 1876/1876/1876
f 1223/1223/1223 1879/1879/1879 1878/1878/1878
f 1221/1221/1221 1223/1223/1223 1878/1878/1878
f 1225/1225/1225 1880/1880/1880 1879/1879/1879
f 1223/1223/1223 1225/1225/1225 1879/1879/1879
f 1227/1227/1227 1881/1881/1881 1880/1880/1880
f 1225/1225/1225 1227/1227/1227 1880/1880/1880
f 1229/1229/1229 1882/1882/1882 1881/1881/1881
f 1227/1227/1227 1229/1229/1229 1881/1881/1881
f 1231/1231/1231 1883/1883/1883 1882/1882/1882
f 1229/1229/1229 1231/1231/1231 1882/1882/1882
f 1233/1233/1233 1884/1884/1884 1883/1883/1883
f 1231/1231/1231 1233/1233/1233 1883/1883/1883
f 1235/1235/1235 1885/1885/1885 1884/1884/1884
f 1233/1233/1233 1235/1235/1235 1884/1884/1884
f 1237/1237/1237 1867/1867/1867 1885/1885/1885
f 1235/1235/1235 1237/1237/1237 1885/1885/1885
f 1888/1888/1888 1887/1887/1887 1886/1886/1886
f 1889/1889/1889 1888/1888/1888 1886/1886/1886
f 1890/1890/1890 1888/1888/1888 1889/1889/1889
f 1891/1891/1891 1890/1890/1890 1889/1889/1889
f 1892/1892/1892 1890/1890/1890 1891/1891/1891
f 1893/1893/1893 1892/1892/1892 1891/1891/1891
f 1894/1894/1894 1892/1892/1892 1893/1893/1893
f 1895/1895/1895 1894/1894/1894 1893/1893/1893
f 1896/1896/1896 1894/1894/1894 1895/1895/1895
f 1897/1897/1897 1896/1896/1896 1895/1895/1895
f 1898/1898/1898 1896/1896/1896 1897/1897/1897
f 1899/1899/1899 1898/1898/1898 1897/1897/1897
f 1900/1900/1900 1898/1898/1898 1899/1899/1899
f 1901/1901/1901 1900/1900/1900 1899/1899/1899
f 1902/1902/1902 1900/1900/1900 1901/1901/1901
f 1903/1903/1903 1902/1902/1902 1901/1901/1901
f 1904/1904/1904 1902/1902/1902 1903/1903/1903
f 1905/1905/1905 1904/1904/1904 1903/1903/1903
f 1906/1906/1906 1904/1904/1904 1905/1905/1905
f 1907/1907/1907 1906/1906/1906 1905/1905/1905
f 1908/1908/1908 1906/1906/1906 1907/1907/1907
f 1909/1909/1909 1908/1908/1908 1907/1907/1907
f 1910/1910/1910 1908/1908/1908 1909/1909/1909
f 1911/1911/1911 1910/1910/1910 1909/1909/1909
f 1912/1912/1912 1910/1910/1910 1911/1911/1911
f 1913/1913/1913 1912/1912/1912 1911/1911/1911
f 1914/1914/1914 1912/1912/1912 1913/1913/1913
f 1915/1915/1915 1914/1914/1914 1913/1913/1913
f 1916/1916/1916 1914/1914/1914 1915/1915/1915
f 1917/1917/1917 1916/1916/1916 1915/1915/1915
f 1887/1887/1887 1916/1916/1916 1917/1917/1917
f 1886/1886/1886 1887/1887/1887 1917/1917/1917
f 1918/1918/1918 1919/1919/1919 1023/1023/1023
f 1918/1918/1918 1023/1023/1023 1022/1022/1022
f 1919/1919/1919 1920/1920/1920 1026/1026/1026
f 1919/1919/1919 1026/1026/1026 1023/1023/1023
f 1920/1920/1920 1921/1921/1921 1028/1028/1028
f 1920/1920/1920 1028/1028/1028 1026/1026/1026
f 1921/1921/1921 1922/1922/1922 1030/1030/1030
f 1921/1921/1921 1030/1030/1030 1028/1028/1028
f 1922/1922/1922 1923/1923/1923 1032/1032/1032
f 1922/1922/1922 1032/1032/1032 1030/1030/1030
f 1923/1923/1923 1924/1924/1924 1034/1034/1034
f 1923/1923/1923 1034/1034/1034 1032/1032/1032
f 1924/1924/1924 1925/1925/1925 1036/1036/1036
f 1924/1924/1924 1036/1036/1036 1034/1034/1034
f 1925/1925/1925 1926/1926/1926 1038/1038/1038
f 1925/1925/1925 1038/1038/1038 1036/1036/1036
f 1926/1926/1926 1927/1927/1927 1040/1040/1040
f 1926/1926/1926 1040/1040/1040 1038/1038/1038
f 1927/1927/1927 1928/1928/1928 1042/1042/1042
f 1927/1927/1927 1042/1042/1042 1040/1040/1040
f 1928/1928/1928 1929/1929/1929 1044/1044/1044
f 1928/1928/1928 1044/1044/1044 1042/1042/1042
f 1929/1929/1929 1930/1930/1930 1046/1046/1046
f 1929/1929/1929 1046/1046/1046 1044/1044/1044
f 1930/1930/1930 1931/1931/1931 1048/1048/1048
f 1930/1930/1930 1048/1048/1048 1046/1046/1046
f 1931/1931/1931 1932/1932/1932 1050/1050/1050
f 1931/1931/1931 1050/1050/1050 1048/1048/1048
f 1932/1932/1932 1933/1933/1933 1052/1052/1052
f 1932/1932/1932 1052/1052/1052 1050/1050/1050
f 1933/1933/1933 1918/1918/1918 1022/1022/1022
f 1933/1933/1933 1022/1022/1022 1052/1052/1052
f 1936/1936/1936 1935/1935/1935 1934/1934/1934
f 1157/1157/1157 1936/1936/1936 1934/1934/1934
f 1938/1938/1938 1937/1937/1937 1935/1935/1935
f 1936/1936/1936 1938/1938/1938 1935/1935/1935
f 1940/1940/1940 1939/1939/1939 1937/1937/1937
f 1938/1938/1938 1940/1940/1940 1937/1937/1937
f 1154/1154/1154 1941/1941/1941 1939/1939/1939
f 1940/1940/1940 1154/1154/1154 1939/1939/1939
f 1178/1178/1178 1942/1942/1942 1941/1941/1941
f 1154/1154/1154 1178/1178/1178 1941/1941/1941
f 1176/1176/1176 1943/1943/1943 1942/1942/1942
f 1178/1178/1178 1176/1176/1176 1942/1942/1942
f 1174/1174/1174 1944/1944/1944 1943/1943/1943
f 1176/1176/1176 1174/1174/1174 1943/1943/1943
f 1172/1172/1172 1945/1945/1945 1944/1944/1944
f 1174/1174/1174 1172/1172/1172 1944/1944/1944
f 1170/1170/1170 1946/1946/1946 1945/1945/1945
f 1172/1172/1172 1170/1170/1170 1945/1945/1945
f 1168/1168/1168 1947/1947/1947 1946/1946/1946
f 1170/1170/1170 1168/1168/1168 1946/1946/1946
f 1166/1166/1166 1948/1948/1948 1947/1947/1947
f 1168/1168/1168 1166/1166/1166 1947/1947/1947
f 1164/1164/1164 1949/1949/1949 1948/1948/1948
f 1166/1166/1166 1164/1164/1164 1948/1948/1948
f 1162/1162/1162 1950/1950/1950 1949/1949/1949
f 1164/1164/1164 1162/1162/1162 1949/1949/1949
f 1160/1160/1160 1951/1951/1951 1950/1950/1950
f 1162/1162/1162 1160/1160/1160 1950/1950/1950
f 1158/1158/1158 1952/1952/1952 1951/1951/1951
f 1160/1160/1160 1158/1158/1158 1951/1951/1951
f 1157/1157/1157 1934/1934/1934 1952/1952/1952
f 1158/1158/1158 1157/1157/1157 1952/1952/1952
f 1955/1955/1955 1954/1954/1954 1953/1953/1953
f 1956/1956/1956 1955/1955/1955 1953/1953/1953
f 1957/1957/1957 1955/1955/1955 1956/1956/1956
f 1958/1958/1958 1957/1957/1957 1956/1956/1956
f 1959/1959/1959 1957/1957/1957 1958/1958/1958
f 1960/1960/1960 1959/1959/1959 1958/1958/1958
f 1961/1961/1961 1959/1959/1959 1960/1960/1960
f 1962/1962/1962 1961/1961/1961 1960/1960/1960
f 1963/1963/1963 1961/1961/1961 1962/1962/1962
f 1964/1964/1964 1963/1963/1963 1962/1962/1962
f 1965/1965/1965 1963/1963/1963 1964/1964/1964
f 1966/1966/1966 1965/1965/1965 1964/1964/1964
f 1967/1967/1967 1965/1965/1965 1966/1966/1966
f 1968/1968/1968 1967/1967/1967 1966/1966/1966
f 1969/1969/1969 1967/1967/1967 1968/1968/1968
f 1970/1970/1970 1969/1969/1969 1968/1968/1968
f 1971/1971/1971 1969/1969/1969 1970/1970/1970
f 1972/1972/1972 1971/1971/1971 1970/1970/1970
f 1973/1973/1973 1971/1971/1971 1972/1972/1972
f 1974/1974/1974 1973/1973/1973 1972/1972/1972
f 1975/1975/1975 1973/1973/1973 1974/1974/1974
f 1976/1976/1976 1975/1975/1975 1974/1974/1974
f 1977/1977/1977 1975/1975/1975 1976/1976/1976
f 1978/1978/1978 1977/1977/1977 1976/1976/1976
f 1979/1979/1979 1977/1977/1977 1978/1978/1978
f 1980/1980/1980 1979/1979/1979 1978/1978/1978
f 1981/1981/1981 1979/1979/1979 1980/1980/1980
f 1982/1982/1982 1981/1981/1981 1980/1980/1980
f 1983/1983/1983 1981/1981/1981 1982/1982/1982
f 1984/1984/1984 1983/1983/1983 1982/1982/1982
f 1954/1954/1954 1983/1983/1983 1984/1984/1984
f 1953/1953/1953 1954/1954/1954 1984/1984/1984
f 1985/1985/1985 1986/1986/1986 1055/1055/1055
f 1985/1985/1985 1055/1055/1055 1054/1054/1054
f 1986/1986/1986 1987/1987/1987 1058/1058/1058
f 1986/1986/1986 1058/1058/1058 1055/1055/1055
f 1987/1987/1987 1988/1988/1988 1060/1060/1060
f 1987/1987/1987 1060/1060/1060 1058/1058/1058
f 1988/1988/1988 1989/1989/1989 1062/1062/1062
f 1988/1988/1988 1062/1062/1062 1060/1060/1060
f 1989/1989/1989 1990/1990/1990 1064/1064/1064
f 1989/1989/1989 1064/1064/1064 1062/1062/1062
f 1990/1990/1990 1991/1991/1991 1066/1066/1066
f 1990/1990/1990 1066/1066/1066 1064/1064/1064
f 1991/1991/1991 1992/1992/1992 1068/1068/1068
f 1991/1991/1991 1068/1068/1068 1066/1066/1066
f 1992/1992/1992 1993/1993/1993 1070/1070/1070
f 1992/1992/1992 1070/1070/1070 1068/1068/1068
f 1993/1993/1993 1994/1994/1994 1072/1072/1072
f 1993/1993/1993 1072/1072/1072 1070/1070/1070
f 1994/1994/1994 1995/1995/1995 1074/1074/1074
f 1994/1994/1994 1074/1074/1074 1072/1072/1072
f 1995/1995/1995 1996/1996/1996 1076/1076/1076
f 1995/1995/1995 1076/1076/1076 1074/1074/1074
f 1996/1996/1996 1997/1997/1997 1078/1078/1078
f 1996/1996/1996 1078/1078/1078 1076/1076/1076
f 1997/1997/1997 1998/1998/1998 1080/1080/1080
f 1997/1997/1997 1080/1080/1080 1078/1078/1078
f 1998/1998/1998 1999/1999/1999 1082/1082/1082
f 1998/1998/1998 1082/1082/1082 1080/1080/1080
f 1999/1999/1999 2000/2000/2000 1084/1084/1084
f 1999/1999/1999 1084/1084/1084 1082/1082/1082
f 2000/2000/2000 1985/1985/1985 1054/1054/1054
f 2000/2000/2000 1054/1054/1054 1084/1084/1084
f 2003/2003/2003 2002/2002/2002 2001/2001/2001
f 2004/2004/2004 2003/2003/2003 2001/2001/2001
f 2006/2006/2006 2005/2005/2005 2002/2002/2002
f 2003/2003/2003 2006/2006/2006 2002/2002/2002
f 2008/2008/2008 2007/2007/2007 2005/2005/2005
f 2006/2006/2006 2008/2008/2008 2005/2005/2005
f 2010/2010/2010 2009/2009/2009 2007/2007/2007
f 2008/2008/2008 2010/2010/2010 2007/2007/2007
f 2012/2012/2012 2011/2011/2011 2009/2009/2009
f 2010/2010/2010 2012/2012/2012 2009/2009/2009
f 2014/2014/2014 2013/2013/2013 2011/2011/2011
f 2012/2012/2012 2014/2014/2014 2011/2011/2011
f 2016/2016/2016 2015/2015/2015 2013/2013/2013
f 2014/2014/2014 2016/2016/2016 2013/2013/2013
f 2018/2018/2018 2017/2017/2017 2015/2015/2015
f 2016/2016/2016 2018/2018/2018 2015/2015/2015
f 2020/2020/2020 2019/2019/2019 2017/2017/2017
f 2018/2018/2018 2020/2020/2020 2017/2017/2017
f 2022/2022/2022 2021/2021/2021 2019/2019/2019
f 2020/2020/2020 2022/2022/2022 2019/2019/2019
f 2024/2024/2024 2023/2023/2023 2021/2021/2021
f 2022/2022/2022 2024/2024/2024 2021/2021/2021
f 2026/2026/2026 2025/2025/2025 2023/2023/2023
f 2024/2024/2024 2026/2026/2026 2023/2023/2023
f 2028/2028/2028 2027/2027/2027 2025/2025/2025
f 2026/2026/2026 2028/2028/2028 2025/2025/2025
f 2030/2030/2030 2029/2029/2029 2027/2027/2027
f 2028/2028/2028 2030/2030/2030 2027/2027/2027
f 2032/2032/2032 2031/2031/2031 2029/2029/2029
f 2030/2030/2030 2032/2032/2032 2029/2029/2029
f 2004/2004/2004 2001/2001/2001 2031/2031/2031
f 2032/2032/2032 2004/2004/2004 2031/2031/2031
f 2035/2035/2035 2034/2034/2034 2033/2033/2033
f 2036/2036/2036 2035/2035/2035 2033/2033/2033
f 2037/2037/2037 2035/2035/2035 2036/2036/2036
f 2038/2038/2038 2037/2037/2037 2036/2036/2036
f 2039/2039/2039 2037/2037/2037 2038/2038/2038
f 2040/2040/2040 2039/2039/2039 2038/2038/2038
f 2041/2041/2041 2039/2039/2039 2040/2040/2040
f 2042/2042/2042 2041/2041/2041 2040/2040/2040
f 2043/2043/2043 2041/2041/2041 2042/2042/2042
f 2044/2044/2044 2043/2043/2043 2042/2042/2042
f 2045/2045/2045 2043/2043/2043 2044/2044/2044
f 2046/2046/2046 2045/2045/2045 2044/2044/2044
f 2047/2047/2047 2045/2045/2045 2046/2046/2046
f 2048/2048/2048 2047/2047/2047 2046/2046/2046
f 2049/2049/2049 2047/2047/2047 2048/2048/2048
f 2050/2050/2050 2049/2049/2049 2048/2048/2048
f 2051/2051/2051 2049/2049/2049 2050/2050/2050
f 2052/2052/2052 2051/2051/2051 2050/2050/2050
f 2053/2053/2053 2051/2051/2051 2052/2052/2052
f 2054/2054/2054 2053/2053/2053 2052/2052/2052
f 2055/2055/2055 2053/2053/2053 2054/2054/2054
f 2056/2056/2056 2055/2055/2055 2054/2054/2054
f 2057/2057/2057 2055/2055/2055 2056/2056/2056
f 2058/2058/2058 2057/2057/2057 2056/2056/2056
f 2059/2059/2059 2057/2057/2057 2058/2058/2058
f 2060/2060/2060 2059/2059/2059 2058/2058/2058
f 2061/2061/2061 2059/2059/2059 2060/2060/2060
f 2062/2062/2062 2061/2061/2061 2060/2060/2060
f 2063/2063/2063 2061/2061/2061 2062/2062/2062
f 2064/2064/2064 2063/2063/2063 2062/2062/2062
f 2034/2034/2034 2063/2063/2063 2064/2064/2064
f 2033/2033/2033 2034/2034/2034 2064/2064/2064
